record_id,platform,text_language,intent,price_mention,aspect_labels
bluesky:at://did:plc:2ekiuyc7f2fyrykz4kdyjxav/app.bsky.feed.post/3mpnoqsy4ez24,bluesky,en,AWARENESS,$9.99,price|growing_media
bluesky:at://did:plc:2ekiuyc7f2fyrykz4kdyjxav/app.bsky.feed.post/3mpnoqsy4ez24,bluesky,en,AWARENESS,$12.99,price|growing_media
bluesky:at://did:plc:2ekiuyc7f2fyrykz4kdyjxav/app.bsky.feed.post/3mti5ti4za32o,bluesky,en,UNKNOWN,$46.62,price|hydroponic_kit
bluesky:at://did:plc:2ekiuyc7f2fyrykz4kdyjxav/app.bsky.feed.post/3mti5ti4za32o,bluesky,en,UNKNOWN,$49.95,price|hydroponic_kit
bluesky:at://did:plc:2ekiuyc7f2fyrykz4kdyjxav/app.bsky.feed.post/3mtudux5cx22c,bluesky,en,UNKNOWN,$18.08,price|hydroponic_kit
bluesky:at://did:plc:2ekiuyc7f2fyrykz4kdyjxav/app.bsky.feed.post/3mtudux5cx22c,bluesky,en,UNKNOWN,$22.99,price|hydroponic_kit
bluesky:at://did:plc:2ytoxqd6tqsoce2sqlxr3rfk/app.bsky.feed.post/3lgwxx6tcjk2z,bluesky,en,AWARENESS,$800,price|hydroponic_kit
bluesky:at://did:plc:4fswv5ojqwpaefmbvypogo77/app.bsky.feed.post/3mq2j4yc7uy2u,bluesky,en,AWARENESS,$1.45,price
bluesky:at://did:plc:5f46qfdgr74brjgweip4he3n/app.bsky.feed.post/3mvqw4rprjc2n,bluesky,en,INSPIRATION,$2.99,price
bluesky:at://did:plc:72crln4qpm62pfkzqouoezxz/app.bsky.feed.post/3msjhj5potp2p,bluesky,en,INSPIRATION,$81.08,price|hydroponic_kit
bluesky:at://did:plc:a4vlar75anmzhhobnz7ymp2w/app.bsky.feed.post/3mwqhnvn2k22g,bluesky,en,INSPIRATION,2026 USD,
bluesky:at://did:plc:bkmg4cp372nqtckapso7xy74/app.bsky.feed.post/3lfdynpa5pc2o,bluesky,en,UNKNOWN,$16,price
bluesky:at://did:plc:bzdtzahpcanpp45ae2pqdm2m/app.bsky.feed.post/3mteniojq3k2v,bluesky,en,INFORMATION_SEEKING,$99,price|light|hydroponic_kit
bluesky:at://did:plc:ddkwwmygvai35ieoxu53ge6h/app.bsky.feed.post/3li6gdctjxs25,bluesky,en,PURCHASE_EXPLORATION,$22,price|water|hydroponic_kit
bluesky:at://did:plc:ewgz2ryijnak5m5pkdri7z36/app.bsky.feed.post/3lrepxmj6yp22,bluesky,en,AWARENESS,$745.,price|water|light|automation|software_app|support|hydroponic_kit
bluesky:at://did:plc:ghp7jyzksbjodt7o4733ytve/app.bsky.feed.post/3mppm7c3pno2x,bluesky,en,AWARENESS,$9.99,price|growing_media
bluesky:at://did:plc:ghp7jyzksbjodt7o4733ytve/app.bsky.feed.post/3mppm7c3pno2x,bluesky,en,AWARENESS,$12.99,price|growing_media
bluesky:at://did:plc:ghp7jyzksbjodt7o4733ytve/app.bsky.feed.post/3mppm7c3pno2x,bluesky,en,AWARENESS,$3.00,price|growing_media
bluesky:at://did:plc:ghp7jyzksbjodt7o4733ytve/app.bsky.feed.post/3mtnwjjhob32m,bluesky,en,UNKNOWN,$46.62,price|light|hydroponic_kit
bluesky:at://did:plc:ghp7jyzksbjodt7o4733ytve/app.bsky.feed.post/3mtnwjjhob32m,bluesky,en,UNKNOWN,$49.95,price|light|hydroponic_kit
bluesky:at://did:plc:ghp7jyzksbjodt7o4733ytve/app.bsky.feed.post/3mtnwjjhob32m,bluesky,en,UNKNOWN,$3.33,price|light|hydroponic_kit
bluesky:at://did:plc:hslirr7h6d7livppaxty435b/app.bsky.feed.post/3mdxrr4yeaz2n,bluesky,en,AWARENESS,$39.7,price
bluesky:at://did:plc:ihrszvxnhdpxviukxkqzqul3/app.bsky.feed.post/3msqm6giuu22o,bluesky,en,EXPLICIT_PURCHASE_INTENT,$35,price|hydroponic_kit
bluesky:at://did:plc:iuhdyl3dws3ibsxyclelqd3b/app.bsky.feed.post/3lln4wgramc2p,bluesky,en,AWARENESS,$100,price|hydroponic_kit
bluesky:at://did:plc:lapueehwikkodx2szs3r7gei/app.bsky.feed.post/3muhog2xpzc2j,bluesky,en,AWARENESS,$9,price|light|automation
bluesky:at://did:plc:lkmm2r7zciuu4n25mccrhb26/app.bsky.feed.post/3lmk3md4fpu2t,bluesky,en,EXPLICIT_PURCHASE_INTENT,$16,price|hydroponic_kit
bluesky:at://did:plc:lkmm2r7zciuu4n25mccrhb26/app.bsky.feed.post/3msr3xcv5lc2m,bluesky,en,INSPIRATION,$81,price|hydroponic_kit
bluesky:at://did:plc:lkmm2r7zciuu4n25mccrhb26/app.bsky.feed.post/3msr3xcv5lc2m,bluesky,en,INSPIRATION,$59,price|hydroponic_kit
bluesky:at://did:plc:lkmm2r7zciuu4n25mccrhb26/app.bsky.feed.post/3msr3xcv5lc2m,bluesky,en,INSPIRATION,$81,price|hydroponic_kit
bluesky:at://did:plc:oad6oh7t4odigvrc67n2n7pz/app.bsky.feed.post/3kpfpyuqvyw2j,bluesky,en,UNKNOWN,$25,price
bluesky:at://did:plc:pbo6l7w77egdz7beyucg5a62/app.bsky.feed.post/3ms7lktus4c2d,bluesky,en,INSPIRATION,$55,price
bluesky:at://did:plc:q5gr7epnmft56lwfgsbjt5un/app.bsky.feed.post/3mlwjaohzq22d,bluesky,en,AWARENESS,$5,price|equipment|hydroponic_kit
bluesky:at://did:plc:q5gr7epnmft56lwfgsbjt5un/app.bsky.feed.post/3mlwjaohzq22d,bluesky,en,AWARENESS,$20,price|equipment|hydroponic_kit
bluesky:at://did:plc:qgboggz54xlziavpavtqzmkx/app.bsky.feed.post/3ms55ozfa5k2z,bluesky,en,PURCHASE_EXPLORATION,$100,price|hydroponic_kit
bluesky:at://did:plc:r3v7vp5jq7ufw6mgcnv5x2do/app.bsky.feed.post/3lypme47ofa2f,bluesky,en,AWARENESS,$22,price|equipment|AI|hydroponic_kit
bluesky:at://did:plc:rxjdsdxfbg2w4t743r6samd5/app.bsky.feed.post/3m3d5az4pf22f,bluesky,en,AWARENESS,$60,ease_of_use|price|water
bluesky:at://did:plc:rxjdsdxfbg2w4t743r6samd5/app.bsky.feed.post/3m3odqfvnts2v,bluesky,en,COMPARISON,$150,price|hydroponic_kit
bluesky:at://did:plc:rxjdsdxfbg2w4t743r6samd5/app.bsky.feed.post/3m3odqfvnts2v,bluesky,en,COMPARISON,$150,price|hydroponic_kit
bluesky:at://did:plc:rxjdsdxfbg2w4t743r6samd5/app.bsky.feed.post/3m6dscdld772l,bluesky,en,AWARENESS,$30,ease_of_use|price|nutrients|water|equipment
bluesky:at://did:plc:rxjdsdxfbg2w4t743r6samd5/app.bsky.feed.post/3md7ik5hynm2z,bluesky,en,INFORMATION_SEEKING,$40,ease_of_use|price
bluesky:at://did:plc:rxjdsdxfbg2w4t743r6samd5/app.bsky.feed.post/3md7ik5hynm2z,bluesky,en,INFORMATION_SEEKING,"$15,000,",ease_of_use|price
bluesky:at://did:plc:rxjdsdxfbg2w4t743r6samd5/app.bsky.feed.post/3mdw3d5mj2l26,bluesky,en,AWARENESS,"$1,000",price|maintenance|pH|water|light|sustainability
bluesky:at://did:plc:rxjdsdxfbg2w4t743r6samd5/app.bsky.feed.post/3mdw3d5mj2l26,bluesky,en,AWARENESS,"$10,000",price|maintenance|pH|water|light|sustainability
bluesky:at://did:plc:siessfo5zfyfwqzwnn7pvdqa/app.bsky.feed.post/3mnfktcl4wk2r,bluesky,en,INFORMATION_SEEKING,$650.,ease_of_use|price
bluesky:at://did:plc:siessfo5zfyfwqzwnn7pvdqa/app.bsky.feed.post/3mqrstc6n6s2y,bluesky,en,RECOMMENDATION,$99,price|equipment
bluesky:at://did:plc:siessfo5zfyfwqzwnn7pvdqa/app.bsky.feed.post/3mtniufbn4c23,bluesky,en,INFORMATION_SEEKING,$10,price
bluesky:at://did:plc:ux2eeflheratfrvp3xfbp4zi/app.bsky.feed.post/3m2ccrs4yil2e,bluesky,en,AWARENESS,$9.88,price|oxygen|equipment
bluesky:at://did:plc:ux2eeflheratfrvp3xfbp4zi/app.bsky.feed.post/3m2ccrs4yil2e,bluesky,en,AWARENESS,$14.88,price|oxygen|equipment
bluesky:at://did:plc:vrcsr5hdv3bsi47jqbtjmsxi/app.bsky.feed.post/3mpwy4bvt3r23,bluesky,en,AWARENESS,$9.99,price|growing_media|hydroponic_kit
bluesky:at://did:plc:vrcsr5hdv3bsi47jqbtjmsxi/app.bsky.feed.post/3mpwy4bvt3r23,bluesky,en,AWARENESS,$14.99,price|growing_media|hydroponic_kit
bluesky:at://did:plc:vrcsr5hdv3bsi47jqbtjmsxi/app.bsky.feed.post/3mshqqyly2f2a,bluesky,en,INSPIRATION,$81.08,price|hydroponic_kit
bluesky:at://did:plc:vrcsr5hdv3bsi47jqbtjmsxi/app.bsky.feed.post/3mshqqyly2f2a,bluesky,en,INSPIRATION,$121.65,price|hydroponic_kit
bluesky:at://did:plc:vrcsr5hdv3bsi47jqbtjmsxi/app.bsky.feed.post/3mwzyc3ueka2i,bluesky,en,AWARENESS,$99.,price|light|hydroponic_kit
bluesky:at://did:plc:wneagifrwuz2toczlfxjgz2a/app.bsky.feed.post/3mt3mmpmjrc2v,bluesky,en,UNKNOWN,$19,price|nutrients|hydroponic_kit
bluesky:at://did:plc:wneagifrwuz2toczlfxjgz2a/app.bsky.feed.post/3mt3mmpmjrc2v,bluesky,en,UNKNOWN,$5,price|nutrients|hydroponic_kit
bluesky:at://did:plc:zj2wsjfjjq5wskwrlhisit6g/app.bsky.feed.post/3mt2ytwfcqc2u,bluesky,en,UNKNOWN,$5,price|hydroponic_kit
gardenweb:gw_a14198966,gardenweb,en,PROBLEM_SOLVING,20 bucks,nutrients|plant_health
gardenweb:gw_a14519149,gardenweb,en,UNKNOWN,20 bucks,price|equipment
gardenweb:gw_a14519149,gardenweb,en,UNKNOWN,70 bucks,price|equipment
gardenweb:gw_a15105652,gardenweb,en,RECOMMENDATION,10 bucks,EC_TDS|water
gardenweb:gw_a15161758,gardenweb,en,AWARENESS,$23.50,price|nutrients|plant_health
gardenweb:gw_a15161988,gardenweb,en,INFORMATION_SEEKING,$30,ease_of_use|price|maintenance
gardenweb:gw_a15161988,gardenweb,en,INFORMATION_SEEKING,$50,ease_of_use|price|maintenance
gardenweb:gw_a15164154,gardenweb,en,RECOMMENDATION,$33.14,price|nutrients
gardenweb:gw_a15181334,gardenweb,en,INSPIRATION,$35,price|support
gardenweb:gw_a15184394,gardenweb,en,UNKNOWN,$25,price
gardenweb:gw_a15366439,gardenweb,en,RECOMMENDATION,"$100.00,",price|water
gardenweb:gw_a16415486,gardenweb,en,RECOMMENDATION,$100,price|equipment
gardenweb:gw_a16415513,gardenweb,en,PURCHASE_EXPLORATION,$140,price|temperature|light
gardenweb:gw_a16419517,gardenweb,en,INFORMATION_SEEKING,$150,price|maintenance|nutrients|pH|EC_TDS|water|plant_health|sensors|sustainability
gardenweb:gw_a16424496,gardenweb,en,RECOMMENDATION,$13,price|nutrients|pH|EC_TDS
gardenweb:gw_a16490917,gardenweb,en,RECOMMENDATION,$22.,price|maintenance|water|plant_health
gardenweb:gw_a16517048,gardenweb,en,UNKNOWN,16 dollars,price|equipment
gardenweb:gw_a16530231,gardenweb,en,UNKNOWN,$35,price|nutrients|water|equipment|sensors
gardenweb:gw_a16532290,gardenweb,en,RECOMMENDATION,$12.99,price|nutrients|pH|water|equipment
gardenweb:gw_a16532290,gardenweb,en,RECOMMENDATION,$13.88,price|nutrients|pH|water|equipment
gardenweb:gw_a16613496,gardenweb,en,COMPARISON,$5,price|temperature|equipment|support
gardenweb:gw_a16719762,gardenweb,en,PROBLEM_SOLVING,"$20,",price|light
gardenweb:gw_a16719762,gardenweb,en,PROBLEM_SOLVING,$5,price|light
gardenweb:gw_a16732303,gardenweb,en,RECOMMENDATION,$0.93,price|equipment
gardenweb:gw_a16732303,gardenweb,en,RECOMMENDATION,$18,price|equipment
gardenweb:gw_a16732303,gardenweb,en,RECOMMENDATION,$1.89,price|equipment
gardenweb:gw_a16779568,gardenweb,en,INSPIRATION,$11,price|support
gardenweb:gw_a16804060,gardenweb,en,UNKNOWN,$11.,price|equipment
gardenweb:gw_a16806029,gardenweb,en,UNKNOWN,$60,price|equipment
gardenweb:gw_a16806029,gardenweb,en,UNKNOWN,$1.,price|equipment
gardenweb:gw_a16829598,gardenweb,en,INFORMATION_SEEKING,$10,ease_of_use|price
gardenweb:gw_a16841310,gardenweb,en,RECOMMENDATION,$5,price|nutrients|water
gardenweb:gw_a16852375,gardenweb,en,PROBLEM_SOLVING,$3,price|plant_health
gardenweb:gw_a16852607,gardenweb,en,UNKNOWN,$9,price
gardenweb:gw_a17003185,gardenweb,en,PROBLEM_SOLVING,$150,price|temperature
gardenweb:gw_a17066632,gardenweb,en,PROBLEM_SOLVING,$80,price
gardenweb:gw_a17504334,gardenweb,en,INSPIRATION,$1,price|nutrients|water
gardenweb:gw_a17504334,gardenweb,en,INSPIRATION,$5,price|nutrients|water
gardenweb:gw_a20450565,gardenweb,en,PROBLEM_SOLVING,$1000,price|nutrients|pH|EC_TDS|oxygen|equipment|hydroponic_kit
gardenweb:gw_a21312242,gardenweb,en,RECOMMENDATION,$100,price|water|sustainability
gardenweb:gw_a21736811,gardenweb,en,UNKNOWN,$0.50,price|nutrients
gardenweb:gw_a21736811,gardenweb,en,UNKNOWN,$8,price|nutrients
gardenweb:gw_a21747713,gardenweb,en,UNKNOWN,$0.38,price|nutrients|pH|water|sustainability
gardenweb:gw_a21747989,gardenweb,en,POST_PURCHASE,$13,ease_of_use|price|nutrients|EC_TDS|hydroponic_kit
gardenweb:gw_a21749949,gardenweb,en,AWARENESS,$135,price|maintenance|nutrients|EC_TDS|water
gardenweb:gw_a21749949,gardenweb,en,AWARENESS,$0.54,price|maintenance|nutrients|EC_TDS|water
gardenweb:gw_a21762118,gardenweb,en,INFORMATION_SEEKING,$25.,price|nutrients|sustainability
gardenweb:gw_a21763707,gardenweb,en,RECOMMENDATION,$150,price|nutrients|temperature
gardenweb:gw_a21763707,gardenweb,en,RECOMMENDATION,$3,price|nutrients|temperature
gardenweb:gw_a21770709,gardenweb,en,UNKNOWN,$59,price|nutrients
gardenweb:gw_a22118451,gardenweb,en,UNKNOWN,$60,price|nutrients|equipment
gardenweb:gw_a22119770,gardenweb,en,RECOMMENDATION,"$50,",price|nutrients
gardenweb:gw_a22119770,gardenweb,en,RECOMMENDATION,$40.,price|nutrients
gardenweb:gw_a22573132,gardenweb,en,UNKNOWN,$3.50.,price
gardenweb:gw_a22574514,gardenweb,en,UNKNOWN,$10,price
gardenweb:gw_a25346115,gardenweb,en,PROBLEM_SOLVING,$0.99.,price
gardenweb:gw_a25414358,gardenweb,en,POST_PURCHASE,$20,price|nutrients|water|light|automation|hydroponic_kit
gardenweb:gw_a26323699,gardenweb,en,AWARENESS,$8,ease_of_use|price|water|equipment
gardenweb:gw_a26670851,gardenweb,en,UNKNOWN,$10,ease_of_use|price|nutrients|water|oxygen|equipment|automation
gardenweb:gw_a26827077,gardenweb,en,RECOMMENDATION,$ 10,price|nutrients|pH|water|oxygen|equipment|automation|growing_media|sustainability|support
gardenweb:gw_a26827077,gardenweb,en,RECOMMENDATION,$14,price|nutrients|pH|water|oxygen|equipment|automation|growing_media|sustainability|support
gardenweb:gw_a26827077,gardenweb,en,RECOMMENDATION,$ 10,price|nutrients|pH|water|oxygen|equipment|automation|growing_media|sustainability|support
gardenweb:gw_a26827077,gardenweb,en,RECOMMENDATION,$ 2,price|nutrients|pH|water|oxygen|equipment|automation|growing_media|sustainability|support
gardenweb:gw_a26827077,gardenweb,en,RECOMMENDATION,$5,price|nutrients|pH|water|oxygen|equipment|automation|growing_media|sustainability|support
gardenweb:gw_a7308756,gardenweb,en,COMPARISON,$12.99,ease_of_use|price|water|temperature|plant_health|equipment
gardenweb:gw_a7308822,gardenweb,en,PURCHASE_EXPLORATION,"$2,700.",price
gardenweb:gw_a7308822,gardenweb,en,PURCHASE_EXPLORATION,$600,price
gardenweb:gw_a7308822,gardenweb,en,PURCHASE_EXPLORATION,"$3,000",price
gardenweb:gw_a7308826,gardenweb,en,RECOMMENDATION,$1600,ease_of_use|price|nutrients|water|temperature|equipment|automation|growing_media
gardenweb:gw_a7308869,gardenweb,en,COMPARISON,$5,price|pH|sensors|sustainability
gardenweb:gw_a7308872,gardenweb,en,INSPIRATION,"$60,",price
gardenweb:gw_a7308875,gardenweb,en,UNKNOWN,"$35,",price|pH|sensors
gardenweb:gw_a7309176,gardenweb,en,RECOMMENDATION,$175.,price
gardenweb:gw_a7309197,gardenweb,en,RECOMMENDATION,$8,price|water|equipment|growing_media|support
gardenweb:gw_a7309197,gardenweb,en,RECOMMENDATION,$45,price|water|equipment|growing_media|support
gardenweb:gw_a7309197,gardenweb,en,RECOMMENDATION,$80,price|water|equipment|growing_media|support
gardenweb:gw_a7309197,gardenweb,en,RECOMMENDATION,$10,price|water|equipment|growing_media|support
gardenweb:gw_a7309197,gardenweb,en,RECOMMENDATION,$25,price|water|equipment|growing_media|support
gardenweb:gw_a7309197,gardenweb,en,RECOMMENDATION,"$10,",price|water|equipment|growing_media|support
gardenweb:gw_a7309197,gardenweb,en,RECOMMENDATION,$45,price|water|equipment|growing_media|support
gardenweb:gw_a7309197,gardenweb,en,RECOMMENDATION,$70,price|water|equipment|growing_media|support
gardenweb:gw_a7309197,gardenweb,en,RECOMMENDATION,$20,price|water|equipment|growing_media|support
gardenweb:gw_a7309197,gardenweb,en,RECOMMENDATION,$25,price|water|equipment|growing_media|support
gardenweb:gw_a7309197,gardenweb,en,RECOMMENDATION,$10,price|water|equipment|growing_media|support
gardenweb:gw_a7309197,gardenweb,en,RECOMMENDATION,"$170,",price|water|equipment|growing_media|support
gardenweb:gw_a7309197,gardenweb,en,RECOMMENDATION,$300.,price|water|equipment|growing_media|support
gardenweb:gw_a7309361,gardenweb,en,POST_PURCHASE,$18,price|nutrients
gardenweb:gw_a7309745,gardenweb,en,UNKNOWN,50 dollars,price
gardenweb:gw_a7309973,gardenweb,en,UNKNOWN,$9.00,price|water|equipment
gardenweb:gw_a7310128,gardenweb,en,INSPIRATION,600 dollars,nutrients|light|equipment|sensors|growing_media
gardenweb:gw_a7311608,gardenweb,en,UNKNOWN,$8.04,price|plant_health
gardenweb:gw_a7312538,gardenweb,en,UNKNOWN,$1.50,price
gardenweb:gw_a7312932,gardenweb,en,INSPIRATION,$ 20,price|growing_media
gardenweb:gw_a7312932,gardenweb,en,INSPIRATION,$13,price|growing_media
gardenweb:gw_a7313598,gardenweb,en,RECOMMENDATION,$200,price|nutrients|support
gardenweb:gw_a7313598,gardenweb,en,RECOMMENDATION,$100.,price|nutrients|support
gardenweb:gw_a7313600,gardenweb,en,POST_PURCHASE,20 bucks,
gardenweb:gw_a7313604,gardenweb,en,PURCHASE_EXPLORATION,$30.40,price
gardenweb:gw_a7313604,gardenweb,en,PURCHASE_EXPLORATION,$22.95,price
gardenweb:gw_a7313604,gardenweb,en,PURCHASE_EXPLORATION,$23.10,price
gardenweb:gw_a7313604,gardenweb,en,PURCHASE_EXPLORATION,$18.29,price
gardenweb:gw_a7313606,gardenweb,en,POST_PURCHASE,$25,price
gardenweb:gw_a7313878,gardenweb,en,UNKNOWN,$60.,ease_of_use|price|EC_TDS|temperature|sensors
gardenweb:gw_a7313888,gardenweb,en,RECOMMENDATION,25 bucks,EC_TDS
gardenweb:gw_a7314105,gardenweb,en,INSPIRATION,$100.00,price|equipment|growing_media
gardenweb:gw_a7314122,gardenweb,en,RECOMMENDATION,$15,price|nutrients|pH|water|equipment|growing_media
gardenweb:gw_a7314122,gardenweb,en,RECOMMENDATION,$30,price|nutrients|pH|water|equipment|growing_media
gardenweb:gw_a7314122,gardenweb,en,RECOMMENDATION,$40.,price|nutrients|pH|water|equipment|growing_media
gardenweb:gw_a7314449,gardenweb,en,RECOMMENDATION,$69.00,price
gardenweb:gw_a7314814,gardenweb,en,RECOMMENDATION,$2.39,ease_of_use|price|pH|EC_TDS|water|oxygen|equipment|growing_media
gardenweb:gw_a7314905,gardenweb,en,INFORMATION_SEEKING,"$64,000",price
gardenweb:gw_a7314969,gardenweb,en,UNKNOWN,$7,price
gardenweb:gw_a7315559,gardenweb,en,INSPIRATION,$1,price
gardenweb:gw_a7316713,gardenweb,en,UNKNOWN,$6,price|nutrients|water|oxygen
gardenweb:gw_a7316803,gardenweb,en,UNKNOWN,30 USD,price|equipment
gardenweb:gw_a7316869,gardenweb,en,UNKNOWN,$7.83,price|pH|water|sensors
gardenweb:gw_a7316869,gardenweb,en,UNKNOWN,$22.99,price|pH|water|sensors
gardenweb:gw_a7316872,gardenweb,en,UNKNOWN,$38,ease_of_use|price|nutrients|pH|EC_TDS|temperature
gardenweb:gw_a7316972,gardenweb,en,INSPIRATION,$12,ease_of_use|price|nutrients|water|equipment|automation|growing_media
gardenweb:gw_a7316972,gardenweb,en,INSPIRATION,$15.,ease_of_use|price|nutrients|water|equipment|automation|growing_media
gardenweb:gw_a7317498,gardenweb,en,RECOMMENDATION,$14.95,price|temperature|growing_media
gardenweb:gw_a7318126,gardenweb,en,POST_PURCHASE,$20,price|pH|water|sensors
gardenweb:gw_a7318126,gardenweb,en,POST_PURCHASE,$40.,price|pH|water|sensors
gardenweb:gw_a7318146,gardenweb,en,RECOMMENDATION,$800,price|pH|water|equipment|sensors|automation
gardenweb:gw_a7318146,gardenweb,en,RECOMMENDATION,$80,price|pH|water|equipment|sensors|automation
gardenweb:gw_a7318178,gardenweb,en,UNKNOWN,$200.00,price|pH|EC_TDS|sensors
gardenweb:gw_a7318526,gardenweb,en,RECOMMENDATION,$6,ease_of_use|price|maintenance|water|oxygen|plant_health|equipment|growing_media
gardenweb:gw_a7318526,gardenweb,en,RECOMMENDATION,$20,ease_of_use|price|maintenance|water|oxygen|plant_health|equipment|growing_media
gardenweb:gw_a7318526,gardenweb,en,RECOMMENDATION,$36,ease_of_use|price|maintenance|water|oxygen|plant_health|equipment|growing_media
gardenweb:gw_a7318652,gardenweb,en,RECOMMENDATION,$6,ease_of_use|price|plant_health|growing_media
gardenweb:gw_a7318698,gardenweb,en,RECOMMENDATION,$15,price|nutrients|pH|water|equipment|growing_media
gardenweb:gw_a7318746,gardenweb,en,UNKNOWN,$20,price|maintenance|water|equipment|growing_media
gardenweb:gw_a7318746,gardenweb,en,UNKNOWN,$20,price|maintenance|water|equipment|growing_media
gardenweb:gw_a7318746,gardenweb,en,UNKNOWN,$120,price|maintenance|water|equipment|growing_media
gardenweb:gw_a7318746,gardenweb,en,UNKNOWN,$60,price|maintenance|water|equipment|growing_media
gardenweb:gw_a7318746,gardenweb,en,UNKNOWN,$6,price|maintenance|water|equipment|growing_media
gardenweb:gw_a7318746,gardenweb,en,UNKNOWN,$12.,price|maintenance|water|equipment|growing_media
gardenweb:gw_a7318750,gardenweb,en,RECOMMENDATION,"$2,500",price|maintenance|water|plant_health|growing_media
gardenweb:gw_a7318750,gardenweb,en,RECOMMENDATION,"$3,500",price|maintenance|water|plant_health|growing_media
gardenweb:gw_a7318750,gardenweb,en,RECOMMENDATION,"$10,000.",price|maintenance|water|plant_health|growing_media
gardenweb:gw_a7318781,gardenweb,en,AWARENESS,$4.00,price|maintenance|nutrients|growing_media
gardenweb:gw_a7318790,gardenweb,en,PURCHASE_EXPLORATION,"$10,000",ease_of_use|price|maintenance|nutrients|water|temperature|plant_health|equipment|growing_media|support
gardenweb:gw_a7318790,gardenweb,en,PURCHASE_EXPLORATION,$4.00,ease_of_use|price|maintenance|nutrients|water|temperature|plant_health|equipment|growing_media|support
gardenweb:gw_a7318790,gardenweb,en,PURCHASE_EXPLORATION,$19.95,ease_of_use|price|maintenance|nutrients|water|temperature|plant_health|equipment|growing_media|support
gardenweb:gw_a7319346,gardenweb,en,UNKNOWN,$700.,price|temperature|sustainability
gardenweb:gw_a7319346,gardenweb,en,UNKNOWN,$200,price|temperature|sustainability
gardenweb:gw_a7320233,gardenweb,en,PURCHASE_EXPLORATION,$500,price|temperature
gardenweb:gw_a7321224,gardenweb,en,INSPIRATION,$25,price
gardenweb:gw_a7321231,gardenweb,en,PROBLEM_SOLVING,$30.,price|maintenance|hydroponic_kit
gardenweb:gw_a7321231,gardenweb,en,PROBLEM_SOLVING,$55.,price|maintenance|hydroponic_kit
gardenweb:gw_a7321368,gardenweb,en,POST_PURCHASE,$3,price|support
gardenweb:gw_a7321368,gardenweb,en,POST_PURCHASE,$4,price|support
gardenweb:gw_a7321932,gardenweb,en,UNKNOWN,$15,price|growing_media
gardenweb:gw_a7322465,gardenweb,en,COMPARISON,$300,ease_of_use|price|maintenance|nutrients|EC_TDS|water|plant_health|equipment
gardenweb:gw_a7322478,gardenweb,en,COMPARISON,$50,ease_of_use|price|maintenance|nutrients|EC_TDS|water|oxygen|plant_health|equipment|automation|sustainability
gardenweb:gw_a7322478,gardenweb,en,COMPARISON,"$50,",ease_of_use|price|maintenance|nutrients|EC_TDS|water|oxygen|plant_health|equipment|automation|sustainability
gardenweb:gw_a7322660,gardenweb,en,POST_PURCHASE,"$50,",price|light|growing_media
gardenweb:gw_a7323381,gardenweb,en,RECOMMENDATION,$35.,ease_of_use|price|nutrients|water|equipment|growing_media|sustainability|hydroponic_kit
gardenweb:gw_a7324062,gardenweb,en,COMPARISON,"$2,000.00,",ease_of_use|price|water|equipment
gardenweb:gw_a7324410,gardenweb,en,COMPARISON,$60,ease_of_use|price|nutrients|water|temperature|equipment
gardenweb:gw_a7324410,gardenweb,en,COMPARISON,$39.95,ease_of_use|price|nutrients|water|temperature|equipment
gardenweb:gw_a7324422,gardenweb,en,INSPIRATION,30 dollars,ease_of_use|price|water|temperature|plant_health|equipment|sustainability
gardenweb:gw_a7324439,gardenweb,en,INFORMATION_SEEKING,$50.,price
gardenweb:gw_a7324439,gardenweb,en,INFORMATION_SEEKING,$20.,price
gardenweb:gw_a7324443,gardenweb,en,UNKNOWN,50 bucks,price|water
gardenweb:gw_a7324449,gardenweb,en,INSPIRATION,"$99,",ease_of_use|price|maintenance|equipment
gardenweb:gw_a7324449,gardenweb,en,INSPIRATION,$80,ease_of_use|price|maintenance|equipment
gardenweb:gw_a7324909,gardenweb,en,UNKNOWN,$50,price|pH|EC_TDS|sensors
gardenweb:gw_a7325178,gardenweb,en,UNKNOWN,$30.,price|nutrients|sensors
gardenweb:gw_a7325211,gardenweb,en,COMPARISON,$32,price|water
gardenweb:gw_a7325211,gardenweb,en,COMPARISON,$100.,price|water
gardenweb:gw_a7325211,gardenweb,en,COMPARISON,$200.,price|water
gardenweb:gw_a7325420,gardenweb,en,INFORMATION_SEEKING,$6,price|maintenance|water|oxygen
gardenweb:gw_a7325994,gardenweb,en,POST_PURCHASE,$20,price|nutrients|water|automation|hydroponic_kit
gardenweb:gw_a7326171,gardenweb,en,INSPIRATION,$10,price|water|automation
gardenweb:gw_a7326171,gardenweb,en,INSPIRATION,$15,price|water|automation
gardenweb:gw_a7326502,gardenweb,en,POST_PURCHASE,$ 4.99,price|EC_TDS|water
gardenweb:gw_a7326502,gardenweb,en,POST_PURCHASE,00 dollars,price|EC_TDS|water
gardenweb:gw_a7326516,gardenweb,en,RECOMMENDATION,$5,ease_of_use|price|nutrients
gardenweb:gw_a7327310,gardenweb,en,PROBLEM_SOLVING,$4,price|nutrients|plant_health
gardenweb:gw_a7327310,gardenweb,en,PROBLEM_SOLVING,$4,price|nutrients|plant_health
gardenweb:gw_a7327808,gardenweb,en,UNKNOWN,15 bucks,EC_TDS
gardenweb:gw_a7327904,gardenweb,en,UNKNOWN,RP. 8580,price
gardenweb:gw_a7328206,gardenweb,en,INFORMATION_SEEKING,"$5,000.",price|water
gardenweb:gw_a7328206,gardenweb,en,INFORMATION_SEEKING,"$1,000",price|water
gardenweb:gw_a7328304,gardenweb,en,RECOMMENDATION,$ 239.,ease_of_use|price|maintenance|nutrients|pH|EC_TDS|water|temperature|oxygen|equipment|sensors|automation|sustainability
gardenweb:gw_a7328304,gardenweb,en,RECOMMENDATION,$100,ease_of_use|price|maintenance|nutrients|pH|EC_TDS|water|temperature|oxygen|equipment|sensors|automation|sustainability
gardenweb:gw_a7328304,gardenweb,en,RECOMMENDATION,$10,ease_of_use|price|maintenance|nutrients|pH|EC_TDS|water|temperature|oxygen|equipment|sensors|automation|sustainability
gardenweb:gw_a7328304,gardenweb,en,RECOMMENDATION,$20,ease_of_use|price|maintenance|nutrients|pH|EC_TDS|water|temperature|oxygen|equipment|sensors|automation|sustainability
gardenweb:gw_a7328932,gardenweb,en,RECOMMENDATION,$1,price|water|temperature|equipment
gardenweb:gw_a7328932,gardenweb,en,RECOMMENDATION,$2,price|water|temperature|equipment
gardenweb:gw_a7329069,gardenweb,en,RECOMMENDATION,"$60,",price|maintenance|water|temperature|growing_media
gardenweb:gw_a7329459,gardenweb,en,INSPIRATION,$1.50,price|maintenance
gardenweb:gw_a7329863,gardenweb,en,UNKNOWN,$40,price|EC_TDS|sensors
gardenweb:gw_a7329968,gardenweb,en,UNKNOWN,$0.086,price
gardenweb:gw_a7329968,gardenweb,en,UNKNOWN,$16.51,price
gardenweb:gw_a7330125,gardenweb,en,COMPARISON,$11.95,price|nutrients|water|temperature
gardenweb:gw_a7330125,gardenweb,en,COMPARISON,$6.50,price|nutrients|water|temperature
gardenweb:gw_a7330125,gardenweb,en,COMPARISON,$8.95,price|nutrients|water|temperature
gardenweb:gw_a7330125,gardenweb,en,COMPARISON,$6.00,price|nutrients|water|temperature
gardenweb:gw_a7330125,gardenweb,en,COMPARISON,$20.90,price|nutrients|water|temperature
gardenweb:gw_a7330125,gardenweb,en,COMPARISON,$12.50,price|nutrients|water|temperature
gardenweb:gw_a7330125,gardenweb,en,COMPARISON,$33.40.,price|nutrients|water|temperature
gardenweb:gw_a7330125,gardenweb,en,COMPARISON,$39.95,price|nutrients|water|temperature
gardenweb:gw_a7330125,gardenweb,en,COMPARISON,$6.50,price|nutrients|water|temperature
gardenweb:gw_a7330125,gardenweb,en,COMPARISON,$40.,price|nutrients|water|temperature
gardenweb:gw_a7330125,gardenweb,en,COMPARISON,$110,price|nutrients|water|temperature
gardenweb:gw_a7330125,gardenweb,en,COMPARISON,$120,price|nutrients|water|temperature
gardenweb:gw_a7330125,gardenweb,en,COMPARISON,$120,price|nutrients|water|temperature
gardenweb:gw_a7330125,gardenweb,en,COMPARISON,$130,price|nutrients|water|temperature
gardenweb:gw_a7330135,gardenweb,en,PURCHASE_EXPLORATION,4 USD,price|nutrients|EC_TDS|equipment
gardenweb:gw_a7330135,gardenweb,en,PURCHASE_EXPLORATION,5 USD,price|nutrients|EC_TDS|equipment
gardenweb:gw_a7330139,gardenweb,en,PURCHASE_EXPLORATION,$4.,ease_of_use|price|nutrients
gardenweb:gw_a7330139,gardenweb,en,PURCHASE_EXPLORATION,$7,ease_of_use|price|nutrients
gardenweb:gw_a7330139,gardenweb,en,PURCHASE_EXPLORATION,$130,ease_of_use|price|nutrients
gardenweb:gw_a7330139,gardenweb,en,PURCHASE_EXPLORATION,$40,ease_of_use|price|nutrients
gardenweb:gw_a7330139,gardenweb,en,PURCHASE_EXPLORATION,$130,ease_of_use|price|nutrients
gardenweb:gw_a7330139,gardenweb,en,PURCHASE_EXPLORATION,$6.86,ease_of_use|price|nutrients
gardenweb:gw_a7330153,gardenweb,en,AWARENESS,$25,price|nutrients
gardenweb:gw_a7330153,gardenweb,en,AWARENESS,$35.,price|nutrients
gardenweb:gw_a7330153,gardenweb,en,AWARENESS,$50,price|nutrients
gardenweb:gw_a7330153,gardenweb,en,AWARENESS,$2,price|nutrients
gardenweb:gw_a7330163,gardenweb,en,ABANDONMENT_FRUSTRATION,$79.49,price|nutrients|pH|EC_TDS|water|sensors|hydroponic_kit
gardenweb:gw_a7330163,gardenweb,en,ABANDONMENT_FRUSTRATION,$300,price|nutrients|pH|EC_TDS|water|sensors|hydroponic_kit
gardenweb:gw_a7330163,gardenweb,en,ABANDONMENT_FRUSTRATION,$30.00,price|nutrients|pH|EC_TDS|water|sensors|hydroponic_kit
gardenweb:gw_a7330774,gardenweb,en,INFORMATION_SEEKING,$200,price|nutrients|water|oxygen|equipment|automation|growing_media
gardenweb:gw_a7330901,gardenweb,en,ABANDONMENT_FRUSTRATION,$3,price|nutrients|pH|water
gardenweb:gw_a7330901,gardenweb,en,ABANDONMENT_FRUSTRATION,$10,price|nutrients|pH|water
gardenweb:gw_a7330904,gardenweb,en,RECOMMENDATION,$100,price|water|temperature
gardenweb:gw_a7330904,gardenweb,en,RECOMMENDATION,$30,price|water|temperature
gardenweb:gw_a7330916,gardenweb,en,COMPARISON,"$100,",ease_of_use|price|nutrients|pH|EC_TDS|water|oxygen|sensors
gardenweb:gw_a7331147,gardenweb,en,UNKNOWN,$3.15,price|temperature|plant_health
gardenweb:gw_a7332095,gardenweb,en,RECOMMENDATION,$1500,price|equipment
gardenweb:gw_a7332141,gardenweb,en,RECOMMENDATION,$200,ease_of_use|price|sensors
gardenweb:gw_a7332141,gardenweb,en,RECOMMENDATION,$70,ease_of_use|price|sensors
gardenweb:gw_a7332452,gardenweb,en,PURCHASE_EXPLORATION,$20,ease_of_use|price|nutrients|water|temperature|oxygen|equipment|growing_media
gardenweb:gw_a7332498,gardenweb,en,INFORMATION_SEEKING,$38,price|maintenance|nutrients|pH|water|light
gardenweb:gw_a7332498,gardenweb,en,INFORMATION_SEEKING,$10,price|maintenance|nutrients|pH|water|light
gardenweb:gw_a7332534,gardenweb,en,RECOMMENDATION,$25,price|nutrients|pH|EC_TDS|water|plant_health|sensors|sustainability
gardenweb:gw_a7332534,gardenweb,en,RECOMMENDATION,$1,price|nutrients|pH|EC_TDS|water|plant_health|sensors|sustainability
gardenweb:gw_a7333252,gardenweb,en,RECOMMENDATION,$15,price|water
gardenweb:gw_a7334120,gardenweb,en,POST_PURCHASE,$30,price
gardenweb:gw_a7334542,gardenweb,en,UNKNOWN,$11.95,price
gardenweb:gw_a7335726,gardenweb,en,EXPLICIT_PURCHASE_INTENT,$3.98,price
gardenweb:gw_a7335732,gardenweb,en,INFORMATION_SEEKING,3 bucks,
gardenweb:gw_a7336064,gardenweb,en,UNKNOWN,$30.,price
gardenweb:gw_a7336221,gardenweb,en,UNKNOWN,$20.,price|EC_TDS|sensors
gardenweb:gw_a7336739,gardenweb,en,EXPLICIT_PURCHASE_INTENT,$20,price|equipment|hydroponic_kit
gardenweb:gw_a7336739,gardenweb,en,EXPLICIT_PURCHASE_INTENT,$6,price|equipment|hydroponic_kit
gardenweb:gw_a7336760,gardenweb,en,UNKNOWN,$11.99,price|nutrients|pH|sustainability
gardenweb:gw_a7337161,gardenweb,en,INSPIRATION,$10,price|nutrients|EC_TDS|water|sensors
gardenweb:gw_a7337560,gardenweb,en,PROBLEM_SOLVING,"$30,",price|nutrients|pH|water|temperature|equipment
gardenweb:gw_a7338026,gardenweb,en,UNKNOWN,$8.50,price|support
gardenweb:gw_a7338026,gardenweb,en,UNKNOWN,$12,price|support
gardenweb:gw_a7338026,gardenweb,en,UNKNOWN,$4.00,price|support
gardenweb:gw_a7338026,gardenweb,en,UNKNOWN,$6.00,price|support
gardenweb:gw_a7338026,gardenweb,en,UNKNOWN,"$2.00,",price|support
gardenweb:gw_a7338026,gardenweb,en,UNKNOWN,$2,price|support
gardenweb:gw_a7338149,gardenweb,en,RECOMMENDATION,$15,price
gardenweb:gw_a7338216,gardenweb,en,UNKNOWN,5 dollars,water
gardenweb:gw_a7338219,gardenweb,en,UNKNOWN,30 dollars,ease_of_use|price|water
gardenweb:gw_a7338219,gardenweb,en,UNKNOWN,100 bucks,ease_of_use|price|water
gardenweb:gw_a7338829,gardenweb,en,POST_PURCHASE,$110,price
gardenweb:gw_a7338845,gardenweb,en,EXPLICIT_PURCHASE_INTENT,3 bucks,price|oxygen|equipment|sensors
gardenweb:gw_a7338951,gardenweb,en,UNKNOWN,$12.00,price|plant_health
gardenweb:gw_a7339186,gardenweb,en,POST_PURCHASE,$25,price|nutrients
gardenweb:gw_a7339335,gardenweb,en,COMPARISON,$4,price
gardenweb:gw_a7339498,gardenweb,en,RECOMMENDATION,$450,price|equipment
gardenweb:gw_a7339498,gardenweb,en,RECOMMENDATION,$60,price|equipment
gardenweb:gw_a7339511,gardenweb,en,RECOMMENDATION,"$10,",price|maintenance|pH|water|oxygen|hydroponic_kit
gardenweb:gw_a7339529,gardenweb,en,UNKNOWN,$200,price|pH|EC_TDS|water|temperature
gardenweb:gw_a7339531,gardenweb,en,POST_PURCHASE,$20.,price
gardenweb:gw_a7340028,gardenweb,en,UNKNOWN,$134,price|nutrients|equipment
gardenweb:gw_a7340028,gardenweb,en,UNKNOWN,$109,price|nutrients|equipment
gardenweb:gw_a7340749,gardenweb,en,UNKNOWN,$14,price|growing_media
gardenweb:gw_a7340772,gardenweb,en,UNKNOWN,$14,price
gardenweb:gw_a7340796,gardenweb,en,UNKNOWN,$1.50,price
gardenweb:gw_a7340840,gardenweb,en,INFORMATION_SEEKING,$20,price|growing_media
gardenweb:gw_a7340840,gardenweb,en,INFORMATION_SEEKING,$40,price|growing_media
gardenweb:gw_a7341560,gardenweb,en,COMPARISON,$35,price|water
gardenweb:gw_a7341560,gardenweb,en,COMPARISON,"$25,",price|water
gardenweb:gw_a7341892,gardenweb,en,POST_PURCHASE,"$500,000",price|maintenance
gardenweb:gw_a7342726,gardenweb,en,COMPARISON,$100,ease_of_use|price|nutrients|water|temperature|oxygen|plant_health|equipment|automation|growing_media|sustainability
gardenweb:gw_a7342726,gardenweb,en,COMPARISON,$20,ease_of_use|price|nutrients|water|temperature|oxygen|plant_health|equipment|automation|growing_media|sustainability
gardenweb:gw_a7342726,gardenweb,en,COMPARISON,$25,ease_of_use|price|nutrients|water|temperature|oxygen|plant_health|equipment|automation|growing_media|sustainability
gardenweb:gw_a7342726,gardenweb,en,COMPARISON,$80,ease_of_use|price|nutrients|water|temperature|oxygen|plant_health|equipment|automation|growing_media|sustainability
gardenweb:gw_a7342726,gardenweb,en,COMPARISON,$5,ease_of_use|price|nutrients|water|temperature|oxygen|plant_health|equipment|automation|growing_media|sustainability
gardenweb:gw_a7343089,gardenweb,en,PROBLEM_SOLVING,$22,price|water|temperature|sustainability
gardenweb:gw_a7343089,gardenweb,en,PROBLEM_SOLVING,$28,price|water|temperature|sustainability
gardenweb:gw_a7343115,gardenweb,en,COMPARISON,$800.,ease_of_use|price|water|temperature|software_app
gardenweb:gw_a7343920,gardenweb,en,RECOMMENDATION,$250...,price|nutrients|equipment
gardenweb:gw_a7343934,gardenweb,en,INFORMATION_SEEKING,"$900,",price|nutrients|pH|water|equipment|automation
gardenweb:gw_a7343937,gardenweb,en,UNKNOWN,$1000,ease_of_use|price|nutrients|pH|water|equipment|sensors|automation
gardenweb:gw_a7343937,gardenweb,en,UNKNOWN,$100,ease_of_use|price|nutrients|pH|water|equipment|sensors|automation
gardenweb:gw_a7343980,gardenweb,en,INFORMATION_SEEKING,"$180,",price|equipment
gardenweb:gw_a7343980,gardenweb,en,INFORMATION_SEEKING,$275,price|equipment
gardenweb:gw_a7343984,gardenweb,en,PURCHASE_EXPLORATION,$180,price|water|equipment|growing_media
gardenweb:gw_a7343984,gardenweb,en,PURCHASE_EXPLORATION,$60,price|water|equipment|growing_media
gardenweb:gw_a7344806,gardenweb,en,RECOMMENDATION,$100,price
gardenweb:gw_a7344806,gardenweb,en,RECOMMENDATION,$10,price
gardenweb:gw_a7344961,gardenweb,en,PROBLEM_SOLVING,$25.,price|plant_health|equipment|sustainability
gardenweb:gw_a7345478,gardenweb,en,UNKNOWN,$60.00.,price|pH|EC_TDS|temperature|equipment|sensors
gardenweb:gw_a7346397,gardenweb,en,UNKNOWN,$5,price|equipment|sustainability
gardenweb:gw_a7346670,gardenweb,en,RECOMMENDATION,$500,price|plant_health|equipment
gardenweb:gw_a7346670,gardenweb,en,RECOMMENDATION,$40,price|plant_health|equipment
gardenweb:gw_a7346759,gardenweb,en,RECOMMENDATION,$5,ease_of_use|price|nutrients|water|equipment|growing_media
gardenweb:gw_a7346843,gardenweb,en,RECOMMENDATION,$20,ease_of_use|price|water
gardenweb:gw_a7347030,gardenweb,en,UNKNOWN,$16.,ease_of_use|price|nutrients|water|temperature|equipment|growing_media
gardenweb:gw_a7347822,gardenweb,en,PROBLEM_SOLVING,$298,price|water|temperature|light|automation
gardenweb:gw_a7348985,gardenweb,en,UNKNOWN,$50,price|growing_media
gardenweb:gw_a7349010,gardenweb,en,INFORMATION_SEEKING,$73.93,price|software_app
gardenweb:gw_a7349014,gardenweb,en,INSPIRATION,$195,price
gardenweb:gw_a7349019,gardenweb,en,RECOMMENDATION,$15,ease_of_use|price
gardenweb:gw_a7349024,gardenweb,en,AWARENESS,$23,price
gardenweb:gw_a7349795,gardenweb,en,PROBLEM_SOLVING,$100,ease_of_use|price|maintenance|nutrients|EC_TDS|water|temperature|oxygen|equipment
gardenweb:gw_a7349809,gardenweb,en,RECOMMENDATION,$2,price|nutrients|water|oxygen|plant_health|equipment
gardenweb:gw_a7349809,gardenweb,en,RECOMMENDATION,$2.50,price|nutrients|water|oxygen|plant_health|equipment
gardenweb:gw_a7349809,gardenweb,en,RECOMMENDATION,"$60,",price|nutrients|water|oxygen|plant_health|equipment
gardenweb:gw_a7349809,gardenweb,en,RECOMMENDATION,"$30,",price|nutrients|water|oxygen|plant_health|equipment
gardenweb:gw_a7349809,gardenweb,en,RECOMMENDATION,$45.,price|nutrients|water|oxygen|plant_health|equipment
gardenweb:gw_a7349992,gardenweb,en,RECOMMENDATION,$120,price|water
gardenweb:gw_a7349992,gardenweb,en,RECOMMENDATION,$30,price|water
gardenweb:gw_a7349992,gardenweb,en,RECOMMENDATION,$1,price|water
gardenweb:gw_a7350017,gardenweb,en,RECOMMENDATION,$400,price|nutrients|EC_TDS|water
gardenweb:gw_a7350031,gardenweb,en,PURCHASE_EXPLORATION,$250,price|nutrients|pH|EC_TDS|water|equipment|sustainability
gardenweb:gw_a7350042,gardenweb,en,UNKNOWN,$ 20.00,price|nutrients|pH|EC_TDS|water|equipment|sustainability
gardenweb:gw_a7351222,gardenweb,en,INSPIRATION,$20,price|nutrients|water|oxygen|equipment
gardenweb:gw_a7351222,gardenweb,en,INSPIRATION,$40,price|nutrients|water|oxygen|equipment
gardenweb:gw_a7351232,gardenweb,en,INFORMATION_SEEKING,$20...,price|maintenance
gardenweb:gw_a7351236,gardenweb,en,PURCHASE_EXPLORATION,$20,price|maintenance
gardenweb:gw_a7351236,gardenweb,en,PURCHASE_EXPLORATION,$40,price|maintenance
gardenweb:gw_a7351236,gardenweb,en,PURCHASE_EXPLORATION,$30.,price|maintenance
gardenweb:gw_a7351236,gardenweb,en,PURCHASE_EXPLORATION,$15.,price|maintenance
gardenweb:gw_a7351236,gardenweb,en,PURCHASE_EXPLORATION,$30.,price|maintenance
gardenweb:gw_a7351236,gardenweb,en,PURCHASE_EXPLORATION,$4000,price|maintenance
gardenweb:gw_a7351236,gardenweb,en,PURCHASE_EXPLORATION,$5000,price|maintenance
gardenweb:gw_a7351430,gardenweb,en,PROBLEM_SOLVING,$30,ease_of_use|price|water|temperature|equipment|growing_media
gardenweb:gw_a7351687,gardenweb,en,INFORMATION_SEEKING,$5,price|support
gardenweb:gw_a7352714,gardenweb,en,COMPARISON,$5,ease_of_use|price|water|plant_health|equipment
gardenweb:gw_a7353370,gardenweb,en,UNKNOWN,$30,ease_of_use|price|water
gardenweb:gw_a7353370,gardenweb,en,UNKNOWN,$40,ease_of_use|price|water
gardenweb:gw_a7353380,gardenweb,en,UNKNOWN,$20,ease_of_use|price|maintenance|pH|EC_TDS|plant_health
gardenweb:gw_a7353732,gardenweb,en,UNKNOWN,7 dollars,nutrients|pH|equipment
gardenweb:gw_a7354945,gardenweb,en,INFORMATION_SEEKING,$0.10,price|temperature|plant_health|light|automation|support|hydroponic_kit
gardenweb:gw_a7354945,gardenweb,en,INFORMATION_SEEKING,$125,price|temperature|plant_health|light|automation|support|hydroponic_kit
gardenweb:gw_a7355027,gardenweb,en,RECOMMENDATION,12 bucks,equipment
gardenweb:gw_a7355170,gardenweb,en,RECOMMENDATION,30 dollars,nutrients|automation
gardenweb:gw_a7355177,gardenweb,en,RECOMMENDATION,$15.95,price|nutrients|automation|hydroponic_kit
gardenweb:gw_a7355177,gardenweb,en,RECOMMENDATION,$18.95,price|nutrients|automation|hydroponic_kit
gardenweb:gw_a7355264,gardenweb,en,AWARENESS,$13,price|equipment|hydroponic_kit
gardenweb:gw_a7355264,gardenweb,en,AWARENESS,"$30,",price|equipment|hydroponic_kit
gardenweb:gw_a7356368,gardenweb,en,RECOMMENDATION,$2.,price|nutrients|water|temperature|oxygen|plant_health|equipment|sensors
gardenweb:gw_a7356400,gardenweb,en,PROBLEM_SOLVING,$10,price|nutrients|EC_TDS|water|temperature|plant_health|equipment|sensors
gardenweb:gw_a7356490,gardenweb,en,RECOMMENDATION,$100,ease_of_use|price|maintenance|nutrients|EC_TDS|water|temperature|equipment|sensors|software_app|sustainability|support
gardenweb:gw_a7356490,gardenweb,en,RECOMMENDATION,$130,ease_of_use|price|maintenance|nutrients|EC_TDS|water|temperature|equipment|sensors|software_app|sustainability|support
gardenweb:gw_a7356490,gardenweb,en,RECOMMENDATION,$02.6,ease_of_use|price|maintenance|nutrients|EC_TDS|water|temperature|equipment|sensors|software_app|sustainability|support
gardenweb:gw_a7356499,gardenweb,en,PROBLEM_SOLVING,$130.00,price|nutrients|oxygen|plant_health|automation
gardenweb:gw_a7356499,gardenweb,en,PROBLEM_SOLVING,$0.026,price|nutrients|oxygen|plant_health|automation
gardenweb:gw_a7356552,gardenweb,en,UNKNOWN,$1.29,price|water|oxygen
gardenweb:gw_a7357635,gardenweb,en,ABANDONMENT_FRUSTRATION,6 bucks,ease_of_use|price|nutrients|pH|water|oxygen|plant_health|equipment|automation|growing_media|support
gardenweb:gw_a7357635,gardenweb,en,ABANDONMENT_FRUSTRATION,7 bucks,ease_of_use|price|nutrients|pH|water|oxygen|plant_health|equipment|automation|growing_media|support
gardenweb:gw_a7357635,gardenweb,en,ABANDONMENT_FRUSTRATION,70 bucks,ease_of_use|price|nutrients|pH|water|oxygen|plant_health|equipment|automation|growing_media|support
gardenweb:gw_a7360515,gardenweb,en,INFORMATION_SEEKING,$200,price|water
gardenweb:gw_a7361110,gardenweb,en,RECOMMENDATION,$20,price|nutrients|water|temperature|plant_health|equipment|sustainability
gardenweb:gw_a7361773,gardenweb,en,INSPIRATION,$20,price
gardenweb:gw_a7361834,gardenweb,en,PROBLEM_SOLVING,$10.,price|nutrients|sustainability
gardenweb:gw_a7363153,gardenweb,en,PROBLEM_SOLVING,$5,price
gardenweb:gw_a7363163,gardenweb,en,INSPIRATION,160 bucks,ease_of_use|nutrients|sustainability
gardenweb:gw_a7363178,gardenweb,en,RECOMMENDATION,$50,ease_of_use|price|nutrients|water|equipment|automation
gardenweb:gw_a7363192,gardenweb,en,RECOMMENDATION,$50,price|nutrients
gardenweb:gw_a7363192,gardenweb,en,RECOMMENDATION,$20,price|nutrients
gardenweb:gw_a7363192,gardenweb,en,RECOMMENDATION,$5,price|nutrients
gardenweb:gw_a7363195,gardenweb,en,PROBLEM_SOLVING,$75,price|nutrients|equipment
gardenweb:gw_a7364573,gardenweb,en,EXPLICIT_PURCHASE_INTENT,$400.,price|water
gardenweb:gw_a7364573,gardenweb,en,EXPLICIT_PURCHASE_INTENT,$20,price|water
gardenweb:gw_a7364573,gardenweb,en,EXPLICIT_PURCHASE_INTENT,$8,price|water
gardenweb:gw_a7364573,gardenweb,en,EXPLICIT_PURCHASE_INTENT,$15,price|water
gardenweb:gw_a7364573,gardenweb,en,EXPLICIT_PURCHASE_INTENT,$60.,price|water
gardenweb:gw_a7364573,gardenweb,en,EXPLICIT_PURCHASE_INTENT,$120.,price|water
gardenweb:gw_a7364573,gardenweb,en,EXPLICIT_PURCHASE_INTENT,$200,price|water
gardenweb:gw_a7364573,gardenweb,en,EXPLICIT_PURCHASE_INTENT,$300.,price|water
gardenweb:gw_a7364573,gardenweb,en,EXPLICIT_PURCHASE_INTENT,$100,price|water
gardenweb:gw_a7364578,gardenweb,en,PROBLEM_SOLVING,$75,price|nutrients|EC_TDS|water|sensors
gardenweb:gw_a7364797,gardenweb,en,INFORMATION_SEEKING,$6,price|nutrients|pH|water|automation
gardenweb:gw_a7365143,gardenweb,en,PURCHASE_EXPLORATION,"$60,",price
gardenweb:gw_a7365143,gardenweb,en,PURCHASE_EXPLORATION,$7.50,price
gardenweb:gw_a7365152,gardenweb,en,UNKNOWN,$60.00,ease_of_use|price|temperature
gardenweb:gw_a7365158,gardenweb,en,INFORMATION_SEEKING,$60,price
gardenweb:gw_a7365158,gardenweb,en,INFORMATION_SEEKING,$7.50,price
gardenweb:gw_a7365162,gardenweb,en,RECOMMENDATION,$60,price|nutrients|temperature|oxygen|equipment
gardenweb:gw_a7365167,gardenweb,en,INFORMATION_SEEKING,$60.,ease_of_use|price|nutrients|water|temperature|light|equipment|sustainability
gardenweb:gw_a7365167,gardenweb,en,INFORMATION_SEEKING,$60,ease_of_use|price|nutrients|water|temperature|light|equipment|sustainability
gardenweb:gw_a7365167,gardenweb,en,INFORMATION_SEEKING,$60,ease_of_use|price|nutrients|water|temperature|light|equipment|sustainability
gardenweb:gw_a7365168,gardenweb,en,INFORMATION_SEEKING,$60,price
gardenweb:gw_a7365472,gardenweb,en,AWARENESS,$40,ease_of_use|price|nutrients|water|oxygen|plant_health|equipment|growing_media|sustainability
gardenweb:gw_a7365472,gardenweb,en,AWARENESS,$60,ease_of_use|price|nutrients|water|oxygen|plant_health|equipment|growing_media|sustainability
gardenweb:gw_a7366073,gardenweb,en,RECOMMENDATION,$60,ease_of_use|price|nutrients|water
gardenweb:gw_a7366073,gardenweb,en,RECOMMENDATION,$80.,ease_of_use|price|nutrients|water
gardenweb:gw_a7366550,gardenweb,en,INFORMATION_SEEKING,$100,price|equipment|growing_media
gardenweb:gw_a7366550,gardenweb,en,INFORMATION_SEEKING,$15,price|equipment|growing_media
gardenweb:gw_a7366550,gardenweb,en,INFORMATION_SEEKING,$15,price|equipment|growing_media
gardenweb:gw_a7366550,gardenweb,en,INFORMATION_SEEKING,$8,price|equipment|growing_media
gardenweb:gw_a7366550,gardenweb,en,INFORMATION_SEEKING,$6,price|equipment|growing_media
gardenweb:gw_a7366550,gardenweb,en,INFORMATION_SEEKING,$2,price|equipment|growing_media
gardenweb:gw_a7366550,gardenweb,en,INFORMATION_SEEKING,$6,price|equipment|growing_media
gardenweb:gw_a7366550,gardenweb,en,INFORMATION_SEEKING,$10,price|equipment|growing_media
gardenweb:gw_a7366550,gardenweb,en,INFORMATION_SEEKING,$40,price|equipment|growing_media
gardenweb:gw_a7366550,gardenweb,en,INFORMATION_SEEKING,$102,price|equipment|growing_media
gardenweb:gw_a7366550,gardenweb,en,INFORMATION_SEEKING,$30,price|equipment|growing_media
gardenweb:gw_a7366550,gardenweb,en,INFORMATION_SEEKING,$132,price|equipment|growing_media
gardenweb:gw_a7366550,gardenweb,en,INFORMATION_SEEKING,$15,price|equipment|growing_media
gardenweb:gw_a7366550,gardenweb,en,INFORMATION_SEEKING,$147,price|equipment|growing_media
gardenweb:gw_a7366550,gardenweb,en,INFORMATION_SEEKING,$150,price|equipment|growing_media
gardenweb:gw_a7366557,gardenweb,en,COMPARISON,$6.50,ease_of_use|price|pH|EC_TDS|water|oxygen|equipment|sensors|hydroponic_kit
gardenweb:gw_a7366557,gardenweb,en,COMPARISON,$7.50,ease_of_use|price|pH|EC_TDS|water|oxygen|equipment|sensors|hydroponic_kit
gardenweb:gw_a7366557,gardenweb,en,COMPARISON,$10,ease_of_use|price|pH|EC_TDS|water|oxygen|equipment|sensors|hydroponic_kit
gardenweb:gw_a7366557,gardenweb,en,COMPARISON,$6.00,ease_of_use|price|pH|EC_TDS|water|oxygen|equipment|sensors|hydroponic_kit
gardenweb:gw_a7366557,gardenweb,en,COMPARISON,$8.00,ease_of_use|price|pH|EC_TDS|water|oxygen|equipment|sensors|hydroponic_kit
gardenweb:gw_a7366557,gardenweb,en,COMPARISON,$10,ease_of_use|price|pH|EC_TDS|water|oxygen|equipment|sensors|hydroponic_kit
gardenweb:gw_a7366557,gardenweb,en,COMPARISON,$5.00,ease_of_use|price|pH|EC_TDS|water|oxygen|equipment|sensors|hydroponic_kit
gardenweb:gw_a7366557,gardenweb,en,COMPARISON,$140,ease_of_use|price|pH|EC_TDS|water|oxygen|equipment|sensors|hydroponic_kit
gardenweb:gw_a7366557,gardenweb,en,COMPARISON,$25.00,ease_of_use|price|pH|EC_TDS|water|oxygen|equipment|sensors|hydroponic_kit
gardenweb:gw_a7366557,gardenweb,en,COMPARISON,$200.,ease_of_use|price|pH|EC_TDS|water|oxygen|equipment|sensors|hydroponic_kit
gardenweb:gw_a7366557,gardenweb,en,COMPARISON,$30.00.,ease_of_use|price|pH|EC_TDS|water|oxygen|equipment|sensors|hydroponic_kit
gardenweb:gw_a7366760,gardenweb,en,RECOMMENDATION,$6,price|nutrients|growing_media
gardenweb:gw_a7367588,gardenweb,en,UNKNOWN,$6,ease_of_use|price|nutrients|water|sustainability|support
gardenweb:gw_a7367652,gardenweb,en,RECOMMENDATION,$25,price|temperature
gardenweb:gw_a7368251,gardenweb,en,PROBLEM_SOLVING,$100,price|nutrients|water|plant_health|light|equipment
gardenweb:gw_a7368251,gardenweb,en,PROBLEM_SOLVING,$1,price|nutrients|water|plant_health|light|equipment
gardenweb:gw_a7368372,gardenweb,en,RECOMMENDATION,$100,price|nutrients|water|equipment|automation
gardenweb:gw_a7368372,gardenweb,en,RECOMMENDATION,$20,price|nutrients|water|equipment|automation
gardenweb:gw_a7368372,gardenweb,en,RECOMMENDATION,$50,price|nutrients|water|equipment|automation
gardenweb:gw_a7368372,gardenweb,en,RECOMMENDATION,$60,price|nutrients|water|equipment|automation
gardenweb:gw_a7368372,gardenweb,en,RECOMMENDATION,$20,price|nutrients|water|equipment|automation
gardenweb:gw_a7368372,gardenweb,en,RECOMMENDATION,$25,price|nutrients|water|equipment|automation
gardenweb:gw_a7368372,gardenweb,en,RECOMMENDATION,$20,price|nutrients|water|equipment|automation
gardenweb:gw_a7368372,gardenweb,en,RECOMMENDATION,$250...,price|nutrients|water|equipment|automation
gardenweb:gw_a7368372,gardenweb,en,RECOMMENDATION,$40,price|nutrients|water|equipment|automation
gardenweb:gw_a7369242,gardenweb,en,PROBLEM_SOLVING,25 dollars,price|nutrients|pH
gardenweb:gw_a7369469,gardenweb,en,PROBLEM_SOLVING,$30,price
gardenweb:gw_a7369849,gardenweb,en,INSPIRATION,$9.,ease_of_use|price|water|oxygen|equipment|sustainability
gardenweb:gw_a7369849,gardenweb,en,INSPIRATION,$100,ease_of_use|price|water|oxygen|equipment|sustainability
gardenweb:gw_a7370139,gardenweb,en,INFORMATION_SEEKING,$13,price|nutrients|pH|water
gardenweb:gw_a7370769,gardenweb,en,PROBLEM_SOLVING,$30,ease_of_use|price|nutrients|equipment
gardenweb:gw_a7370994,gardenweb,en,UNKNOWN,RP. 53,price
gardenweb:gw_a7371392,gardenweb,en,INSPIRATION,$40,ease_of_use|price|nutrients
gardenweb:gw_a7371392,gardenweb,en,INSPIRATION,$50,ease_of_use|price|nutrients
gardenweb:gw_a7372005,gardenweb,en,RECOMMENDATION,$20.80,price|nutrients|pH|water
gardenweb:gw_a7372045,gardenweb,en,RECOMMENDATION,$50,price
gardenweb:gw_a7372227,gardenweb,en,INSPIRATION,$6.00,price|nutrients|water|temperature|sustainability
gardenweb:gw_a7372432,gardenweb,en,PURCHASE_EXPLORATION,$1,price
gardenweb:gw_a7372461,gardenweb,en,RECOMMENDATION,$200,price
gardenweb:gw_a7372491,gardenweb,en,COMPARISON,$300.00.,price|maintenance|nutrients|water|temperature|equipment|automation
gardenweb:gw_a7372491,gardenweb,en,COMPARISON,$400.00,price|maintenance|nutrients|water|temperature|equipment|automation
gardenweb:gw_a7372491,gardenweb,en,COMPARISON,"$25.00,",price|maintenance|nutrients|water|temperature|equipment|automation
gardenweb:gw_a7372511,gardenweb,en,RECOMMENDATION,$300,price|water|equipment|growing_media|support
gardenweb:gw_a7373459,gardenweb,en,UNKNOWN,$5,price|nutrients|water|oxygen|equipment
gardenweb:gw_a7373493,gardenweb,en,UNKNOWN,40 bucks,water|oxygen|equipment
gardenweb:gw_a7373807,gardenweb,en,AWARENESS,"$15,",price|maintenance|nutrients|pH|water|plant_health|light|equipment|sensors
gardenweb:gw_a7373807,gardenweb,en,AWARENESS,$7,price|maintenance|nutrients|pH|water|plant_health|light|equipment|sensors
gardenweb:gw_a7373807,gardenweb,en,AWARENESS,$10,price|maintenance|nutrients|pH|water|plant_health|light|equipment|sensors
gardenweb:gw_a7373807,gardenweb,en,AWARENESS,$7.,price|maintenance|nutrients|pH|water|plant_health|light|equipment|sensors
gardenweb:gw_a7374629,gardenweb,en,EXPLICIT_PURCHASE_INTENT,$13,ease_of_use|price|nutrients|water|plant_health
gardenweb:gw_a7375057,gardenweb,en,INFORMATION_SEEKING,$30,price|water|equipment
gardenweb:gw_a7375057,gardenweb,en,INFORMATION_SEEKING,$50,price|water|equipment
gardenweb:gw_a7375060,gardenweb,en,RECOMMENDATION,$32.77,price|nutrients
gardenweb:gw_a7375310,gardenweb,en,RECOMMENDATION,$70,price|equipment|sensors|automation
gardenweb:gw_a7375310,gardenweb,en,RECOMMENDATION,$90,price|equipment|sensors|automation
gardenweb:gw_a7375313,gardenweb,en,RECOMMENDATION,"$30,",price|water|temperature|oxygen|automation
gardenweb:gw_a7375315,gardenweb,en,POST_PURCHASE,$25,price|automation
gardenweb:gw_a7375333,gardenweb,en,RECOMMENDATION,$13.50,ease_of_use|price|nutrients|automation|support
gardenweb:gw_a7375333,gardenweb,en,RECOMMENDATION,$2.45,ease_of_use|price|nutrients|automation|support
gardenweb:gw_a7375717,gardenweb,en,UNKNOWN,$21,ease_of_use|price|plant_health
gardenweb:gw_a7375819,gardenweb,en,UNKNOWN,$40.,price|EC_TDS|sensors
gardenweb:gw_a7376040,gardenweb,en,RECOMMENDATION,$2,price|nutrients|water|equipment|sustainability
gardenweb:gw_a7376191,gardenweb,en,UNKNOWN,$2.,ease_of_use|price|equipment
gardenweb:gw_a7376234,gardenweb,en,POST_PURCHASE,$10.,price|nutrients|water|equipment|sustainability
gardenweb:gw_a7376361,gardenweb,en,UNKNOWN,$5,price|water|oxygen|equipment
gardenweb:gw_a7376364,gardenweb,en,RECOMMENDATION,$9.00,price|water|equipment
gardenweb:gw_a7376949,gardenweb,en,PROBLEM_SOLVING,$5,ease_of_use|price|nutrients|water|oxygen|light|equipment
gardenweb:gw_a7376949,gardenweb,en,PROBLEM_SOLVING,$2.,ease_of_use|price|nutrients|water|oxygen|light|equipment
gardenweb:gw_a7376949,gardenweb,en,PROBLEM_SOLVING,$2,ease_of_use|price|nutrients|water|oxygen|light|equipment
gardenweb:gw_a7376949,gardenweb,en,PROBLEM_SOLVING,$150,ease_of_use|price|nutrients|water|oxygen|light|equipment
gardenweb:gw_a7376954,gardenweb,en,PROBLEM_SOLVING,$5,ease_of_use|price|water|oxygen|light|equipment
gardenweb:gw_a7376954,gardenweb,en,PROBLEM_SOLVING,$2.,ease_of_use|price|water|oxygen|light|equipment
gardenweb:gw_a7376954,gardenweb,en,PROBLEM_SOLVING,$2,ease_of_use|price|water|oxygen|light|equipment
gardenweb:gw_a7376954,gardenweb,en,PROBLEM_SOLVING,$150,ease_of_use|price|water|oxygen|light|equipment
gardenweb:gw_a7376954,gardenweb,en,PROBLEM_SOLVING,$150,ease_of_use|price|water|oxygen|light|equipment
gardenweb:gw_a7376954,gardenweb,en,PROBLEM_SOLVING,$2,ease_of_use|price|water|oxygen|light|equipment
gardenweb:gw_a7376954,gardenweb,en,PROBLEM_SOLVING,$30,ease_of_use|price|water|oxygen|light|equipment
gardenweb:gw_a7376959,gardenweb,en,PURCHASE_EXPLORATION,$150,ease_of_use|price|water|temperature|oxygen|equipment
gardenweb:gw_a7376959,gardenweb,en,PURCHASE_EXPLORATION,$9,ease_of_use|price|water|temperature|oxygen|equipment
gardenweb:gw_a7376959,gardenweb,en,PURCHASE_EXPLORATION,$2.99,ease_of_use|price|water|temperature|oxygen|equipment
gardenweb:gw_a7376959,gardenweb,en,PURCHASE_EXPLORATION,$80,ease_of_use|price|water|temperature|oxygen|equipment
gardenweb:gw_a7376975,gardenweb,en,ABANDONMENT_FRUSTRATION,$6,price|water|oxygen|equipment|sustainability
gardenweb:gw_a7376979,gardenweb,en,PROBLEM_SOLVING,$5,ease_of_use|price|light
gardenweb:gw_a7376979,gardenweb,en,PROBLEM_SOLVING,$2.,ease_of_use|price|light
gardenweb:gw_a7376979,gardenweb,en,PROBLEM_SOLVING,$2,ease_of_use|price|light
gardenweb:gw_a7376979,gardenweb,en,PROBLEM_SOLVING,$150,ease_of_use|price|light
gardenweb:gw_a7376979,gardenweb,en,PROBLEM_SOLVING,$150,ease_of_use|price|light
gardenweb:gw_a7376979,gardenweb,en,PROBLEM_SOLVING,$2,ease_of_use|price|light
gardenweb:gw_a7376979,gardenweb,en,PROBLEM_SOLVING,$30,ease_of_use|price|light
gardenweb:gw_a7377021,gardenweb,en,COMPARISON,$1,ease_of_use|price|water|temperature|oxygen|light|growing_media|sustainability
gardenweb:gw_a7377021,gardenweb,en,COMPARISON,$2,ease_of_use|price|water|temperature|oxygen|light|growing_media|sustainability
gardenweb:gw_a7377021,gardenweb,en,COMPARISON,$3,ease_of_use|price|water|temperature|oxygen|light|growing_media|sustainability
gardenweb:gw_a7377047,gardenweb,en,INFORMATION_SEEKING,$20,ease_of_use|price|water|oxygen|equipment|growing_media|sustainability|support
gardenweb:gw_a7377052,gardenweb,en,RECOMMENDATION,$6,ease_of_use|price|nutrients|water|temperature|oxygen|equipment|growing_media|sustainability
gardenweb:gw_a7377052,gardenweb,en,RECOMMENDATION,$6,ease_of_use|price|nutrients|water|temperature|oxygen|equipment|growing_media|sustainability
gardenweb:gw_a7377060,gardenweb,en,EXPLICIT_PURCHASE_INTENT,$6,ease_of_use|price|nutrients|water|temperature|oxygen|plant_health|equipment|automation|growing_media|sustainability|support
gardenweb:gw_a7377099,gardenweb,en,UNKNOWN,$15.,ease_of_use|price|temperature
gardenweb:gw_a7377247,gardenweb,en,UNKNOWN,$5,price|water|oxygen|equipment|automation|sustainability|hydroponic_kit
gardenweb:gw_a7377725,gardenweb,en,RECOMMENDATION,$4.00,price|water|temperature|light|sustainability
gardenweb:gw_a7377725,gardenweb,en,RECOMMENDATION,$160.,price|water|temperature|light|sustainability
gardenweb:gw_a7377725,gardenweb,en,RECOMMENDATION,$100.,price|water|temperature|light|sustainability
gardenweb:gw_a7377725,gardenweb,en,RECOMMENDATION,$1.25,price|water|temperature|light|sustainability
gardenweb:gw_a7377725,gardenweb,en,RECOMMENDATION,"$1,500.",price|water|temperature|light|sustainability
gardenweb:gw_a7379158,gardenweb,en,POST_PURCHASE,$10.,price|nutrients|pH|water|hydroponic_kit
gardenweb:gw_a7379404,gardenweb,en,UNKNOWN,$30,price|plant_health|equipment
gardenweb:gw_a7379418,gardenweb,en,RECOMMENDATION,$4,price|equipment
gardenweb:gw_a7379418,gardenweb,en,RECOMMENDATION,$8,price|equipment
gardenweb:gw_a7379418,gardenweb,en,RECOMMENDATION,$4,price|equipment
gardenweb:gw_a7379418,gardenweb,en,RECOMMENDATION,$5,price|equipment
gardenweb:gw_a7379429,gardenweb,en,RECOMMENDATION,$100.,ease_of_use|price|water|equipment|sensors
gardenweb:gw_a7379429,gardenweb,en,RECOMMENDATION,$4,ease_of_use|price|water|equipment|sensors
gardenweb:gw_a7379443,gardenweb,en,COMPARISON,$3,price|water|equipment|sustainability
gardenweb:gw_a7379443,gardenweb,en,COMPARISON,$4,price|water|equipment|sustainability
gardenweb:gw_a7379733,gardenweb,en,INFORMATION_SEEKING,$35.00,price|nutrients
gardenweb:gw_a7380677,gardenweb,en,RECOMMENDATION,"$5,000",price|nutrients|plant_health|sustainability
gardenweb:gw_a7380859,gardenweb,en,COMPARISON,$12,price|sustainability
gardenweb:gw_a7381712,gardenweb,en,COMPARISON,$130,ease_of_use|price|nutrients|pH|water|temperature|plant_health|light|growing_media
gardenweb:gw_a7382268,gardenweb,en,UNKNOWN,$66,price|sensors
gardenweb:gw_a7382280,gardenweb,en,RECOMMENDATION,$40,ease_of_use|price|nutrients|water|equipment|automation|hydroponic_kit
gardenweb:gw_a7382280,gardenweb,en,RECOMMENDATION,$150,ease_of_use|price|nutrients|water|equipment|automation|hydroponic_kit
gardenweb:gw_a7382280,gardenweb,en,RECOMMENDATION,$190,ease_of_use|price|nutrients|water|equipment|automation|hydroponic_kit
gardenweb:gw_a7382282,gardenweb,en,PURCHASE_EXPLORATION,$199,price|nutrients|light|growing_media|hydroponic_kit
gardenweb:gw_a7382282,gardenweb,en,PURCHASE_EXPLORATION,$229.,price|nutrients|light|growing_media|hydroponic_kit
gardenweb:gw_a7382374,gardenweb,en,PROBLEM_SOLVING,25 bucks,
gardenweb:gw_a7384193,gardenweb,en,AWARENESS,"$1,000",price|automation
gardenweb:gw_a7384543,gardenweb,en,PROBLEM_SOLVING,5 bucks,price|water|temperature|equipment
gardenweb:gw_a7385064,gardenweb,en,RECOMMENDATION,$80,price|nutrients|EC_TDS|water
gardenweb:gw_a7385071,gardenweb,en,POST_PURCHASE,$150,price
gardenweb:gw_a7385576,gardenweb,en,UNKNOWN,$7,ease_of_use|price|nutrients|sustainability
gardenweb:gw_a7385704,gardenweb,en,UNKNOWN,$105.00,price|equipment
gardenweb:gw_a7387277,gardenweb,en,AWARENESS,$12.,price
gardenweb:gw_a7387277,gardenweb,en,AWARENESS,$6.,price
gardenweb:gw_a7387479,gardenweb,en,RECOMMENDATION,$200,price|maintenance|water|sustainability
gardenweb:gw_a7387773,gardenweb,en,RECOMMENDATION,$54.95,price|nutrients|EC_TDS|water|oxygen|equipment|sensors
gardenweb:gw_a7387773,gardenweb,en,RECOMMENDATION,$5.95,price|nutrients|EC_TDS|water|oxygen|equipment|sensors
gardenweb:gw_a7387773,gardenweb,en,RECOMMENDATION,$60.90.,price|nutrients|EC_TDS|water|oxygen|equipment|sensors
gardenweb:gw_a7387773,gardenweb,en,RECOMMENDATION,$75.00,price|nutrients|EC_TDS|water|oxygen|equipment|sensors
gardenweb:gw_a7387779,gardenweb,en,UNKNOWN,$4,price
gardenweb:gw_a7388369,gardenweb,en,UNKNOWN,30 Bucks,price|maintenance|nutrients|water|oxygen|equipment|sustainability
gardenweb:gw_a7388406,gardenweb,en,RECOMMENDATION,$4.,ease_of_use|price|maintenance|pH|water|equipment
gardenweb:gw_a7388586,gardenweb,en,PURCHASE_EXPLORATION,$218,price|pH|plant_health
gardenweb:gw_a7388854,gardenweb,en,RECOMMENDATION,$13,price|maintenance|water|equipment|support
gardenweb:gw_a7388854,gardenweb,en,RECOMMENDATION,$3.50,price|maintenance|water|equipment|support
gardenweb:gw_a7388865,gardenweb,en,RECOMMENDATION,$15,price|nutrients|pH|water|equipment|automation
gardenweb:gw_a7388865,gardenweb,en,RECOMMENDATION,$25,price|nutrients|pH|water|equipment|automation
gardenweb:gw_a7389342,gardenweb,en,RECOMMENDATION,$15.,ease_of_use|price|equipment|growing_media|sustainability
gardenweb:gw_a7389933,gardenweb,en,PROBLEM_SOLVING,5 bucks,price|maintenance|nutrients|pH|water|equipment
gardenweb:gw_a7389933,gardenweb,en,PROBLEM_SOLVING,$25,price|maintenance|nutrients|pH|water|equipment
gardenweb:gw_a7390019,gardenweb,en,RECOMMENDATION,$3.00.,price
gardenweb:gw_a7390216,gardenweb,en,RECOMMENDATION,$1.06,price|nutrients|water|oxygen|equipment
gardenweb:gw_a7390258,gardenweb,en,INFORMATION_SEEKING,$5,price
gardenweb:gw_a7390259,gardenweb,en,RECOMMENDATION,$150,price|EC_TDS
gardenweb:gw_a7391111,gardenweb,en,RECOMMENDATION,"$20,",price|nutrients|water|equipment|automation|growing_media|support|hydroponic_kit
gardenweb:gw_a7391149,gardenweb,en,PROBLEM_SOLVING,$20,price|water|oxygen|light|sensors|growing_media|support|hydroponic_kit
gardenweb:gw_a7391152,gardenweb,en,AWARENESS,$20,price
gardenweb:gw_a7391880,gardenweb,en,COMPARISON,$274,price|light
gardenweb:gw_a7391880,gardenweb,en,COMPARISON,$140,price|light
gardenweb:gw_a7391977,gardenweb,en,INFORMATION_SEEKING,$30,price|water
gardenweb:gw_a7391977,gardenweb,en,INFORMATION_SEEKING,$40,price|water
gardenweb:gw_a7392729,gardenweb,en,RECOMMENDATION,$15,ease_of_use|price|water|oxygen|equipment|sustainability
gardenweb:gw_a7392729,gardenweb,en,RECOMMENDATION,$2.50,ease_of_use|price|water|oxygen|equipment|sustainability
gardenweb:gw_a7392729,gardenweb,en,RECOMMENDATION,$15.00,ease_of_use|price|water|oxygen|equipment|sustainability
gardenweb:gw_a7392729,gardenweb,en,RECOMMENDATION,$30.00,ease_of_use|price|water|oxygen|equipment|sustainability
gardenweb:gw_a7392729,gardenweb,en,RECOMMENDATION,$2.50,ease_of_use|price|water|oxygen|equipment|sustainability
gardenweb:gw_a7392729,gardenweb,en,RECOMMENDATION,$7.50,ease_of_use|price|water|oxygen|equipment|sustainability
gardenweb:gw_a7392729,gardenweb,en,RECOMMENDATION,$0.75,ease_of_use|price|water|oxygen|equipment|sustainability
gardenweb:gw_a7392729,gardenweb,en,RECOMMENDATION,$5.00,ease_of_use|price|water|oxygen|equipment|sustainability
gardenweb:gw_a7392729,gardenweb,en,RECOMMENDATION,$13.00,ease_of_use|price|water|oxygen|equipment|sustainability
gardenweb:gw_a7392729,gardenweb,en,RECOMMENDATION,$20.00,ease_of_use|price|water|oxygen|equipment|sustainability
gardenweb:gw_a7392729,gardenweb,en,RECOMMENDATION,$3.00,ease_of_use|price|water|oxygen|equipment|sustainability
gardenweb:gw_a7392729,gardenweb,en,RECOMMENDATION,$8.00,ease_of_use|price|water|oxygen|equipment|sustainability
gardenweb:gw_a7392729,gardenweb,en,RECOMMENDATION,$10.00,ease_of_use|price|water|oxygen|equipment|sustainability
gardenweb:gw_a7392729,gardenweb,en,RECOMMENDATION,$12.00,ease_of_use|price|water|oxygen|equipment|sustainability
gardenweb:gw_a7392729,gardenweb,en,RECOMMENDATION,$110,ease_of_use|price|water|oxygen|equipment|sustainability
gardenweb:gw_a7392729,gardenweb,en,RECOMMENDATION,$15,ease_of_use|price|water|oxygen|equipment|sustainability
gardenweb:gw_a7392729,gardenweb,en,RECOMMENDATION,"$200,",ease_of_use|price|water|oxygen|equipment|sustainability
gardenweb:gw_a7392729,gardenweb,en,RECOMMENDATION,$25,ease_of_use|price|water|oxygen|equipment|sustainability
gardenweb:gw_a7392756,gardenweb,en,ABANDONMENT_FRUSTRATION,$360,price|nutrients|water|oxygen|equipment|sustainability
gardenweb:gw_a7392769,gardenweb,en,COMPARISON,$15.,price|water|equipment
gardenweb:gw_a7392769,gardenweb,en,COMPARISON,$10,price|water|equipment
gardenweb:gw_a7392769,gardenweb,en,COMPARISON,$20.,price|water|equipment
gardenweb:gw_a7392769,gardenweb,en,COMPARISON,$30,price|water|equipment
gardenweb:gw_a7392784,gardenweb,en,COMPARISON,$75.,price|pH|water|sensors
gardenweb:gw_a7392796,gardenweb,en,POST_PURCHASE,$30,ease_of_use|price|nutrients|pH|water|sensors
gardenweb:gw_a7392796,gardenweb,en,POST_PURCHASE,$75.,ease_of_use|price|nutrients|pH|water|sensors
gardenweb:gw_a7393368,gardenweb,en,RECOMMENDATION,$50,price|nutrients|EC_TDS|water|sustainability
gardenweb:gw_a7394110,gardenweb,en,RECOMMENDATION,$6,price|pH|EC_TDS|water|plant_health|sensors|hydroponic_kit
gardenweb:gw_a7394110,gardenweb,en,RECOMMENDATION,$40,price|pH|EC_TDS|water|plant_health|sensors|hydroponic_kit
gardenweb:gw_a7394703,gardenweb,en,PROBLEM_SOLVING,"$8,",price|pH|water|oxygen|light
gardenweb:gw_a7394703,gardenweb,en,PROBLEM_SOLVING,"$2,",price|pH|water|oxygen|light
gardenweb:gw_a7394703,gardenweb,en,PROBLEM_SOLVING,$1,price|pH|water|oxygen|light
gardenweb:gw_a7394703,gardenweb,en,PROBLEM_SOLVING,$12,price|pH|water|oxygen|light
gardenweb:gw_a7394703,gardenweb,en,PROBLEM_SOLVING,$150,price|pH|water|oxygen|light
gardenweb:gw_a7395745,gardenweb,en,RECOMMENDATION,$11,price|nutrients
gardenweb:gw_a7396311,gardenweb,en,RECOMMENDATION,$10,price|nutrients|water|oxygen|equipment|automation|hydroponic_kit
gardenweb:gw_a7396311,gardenweb,en,RECOMMENDATION,$10,price|nutrients|water|oxygen|equipment|automation|hydroponic_kit
gardenweb:gw_a7396311,gardenweb,en,RECOMMENDATION,$20,price|nutrients|water|oxygen|equipment|automation|hydroponic_kit
gardenweb:gw_a7396311,gardenweb,en,RECOMMENDATION,$35,price|nutrients|water|oxygen|equipment|automation|hydroponic_kit
gardenweb:gw_a7396311,gardenweb,en,RECOMMENDATION,$100.,price|nutrients|water|oxygen|equipment|automation|hydroponic_kit
gardenweb:gw_a7396311,gardenweb,en,RECOMMENDATION,$15,price|nutrients|water|oxygen|equipment|automation|hydroponic_kit
gardenweb:gw_a7396456,gardenweb,en,RECOMMENDATION,$11,ease_of_use|price|maintenance|nutrients|water|oxygen|plant_health|equipment|sustainability|support
gardenweb:gw_a7396456,gardenweb,en,RECOMMENDATION,$50,ease_of_use|price|maintenance|nutrients|water|oxygen|plant_health|equipment|sustainability|support
gardenweb:gw_a7396456,gardenweb,en,RECOMMENDATION,$65,ease_of_use|price|maintenance|nutrients|water|oxygen|plant_health|equipment|sustainability|support
gardenweb:gw_a7396456,gardenweb,en,RECOMMENDATION,$10,ease_of_use|price|maintenance|nutrients|water|oxygen|plant_health|equipment|sustainability|support
gardenweb:gw_a7396490,gardenweb,en,RECOMMENDATION,$10.,ease_of_use|price|nutrients|plant_health|light|equipment|sustainability
gardenweb:gw_a7396524,gardenweb,en,RECOMMENDATION,$100,price|nutrients|EC_TDS|water|plant_health|sensors|support
gardenweb:gw_a7396524,gardenweb,en,RECOMMENDATION,$6.00,price|nutrients|EC_TDS|water|plant_health|sensors|support
gardenweb:gw_a7396524,gardenweb,en,RECOMMENDATION,$1.00,price|nutrients|EC_TDS|water|plant_health|sensors|support
gardenweb:gw_a7396583,gardenweb,en,RECOMMENDATION,$14.50,ease_of_use|price|maintenance|nutrients|pH|water|sustainability
gardenweb:gw_a7396600,gardenweb,en,RECOMMENDATION,$3,ease_of_use|price|nutrients|EC_TDS|water|temperature
gardenweb:gw_a7396613,gardenweb,en,COMPARISON,$10,price|nutrients|pH|water|support
gardenweb:gw_a7396906,gardenweb,en,RECOMMENDATION,$2,ease_of_use|price|equipment|automation
gardenweb:gw_a7396913,gardenweb,en,UNKNOWN,$20,ease_of_use|price|nutrients|pH|water|equipment|automation
gardenweb:gw_a7396913,gardenweb,en,UNKNOWN,$26,ease_of_use|price|nutrients|pH|water|equipment|automation
gardenweb:gw_a7397140,gardenweb,en,RECOMMENDATION,$0.50,price|plant_health|light
gardenweb:gw_a7397140,gardenweb,en,RECOMMENDATION,$0.07,price|plant_health|light
gardenweb:gw_a7397140,gardenweb,en,RECOMMENDATION,$0.067,price|plant_health|light
gardenweb:gw_a7397145,gardenweb,en,AWARENESS,$100,ease_of_use|price|plant_health
gardenweb:gw_a7397145,gardenweb,en,AWARENESS,$1.25,ease_of_use|price|plant_health
gardenweb:gw_a7397145,gardenweb,en,AWARENESS,$1.50,ease_of_use|price|plant_health
gardenweb:gw_a7397145,gardenweb,en,AWARENESS,$350,ease_of_use|price|plant_health
gardenweb:gw_a7397145,gardenweb,en,AWARENESS,"$3,500",ease_of_use|price|plant_health
gardenweb:gw_a7397145,gardenweb,en,AWARENESS,"$4,400",ease_of_use|price|plant_health
gardenweb:gw_a7397149,gardenweb,en,INFORMATION_SEEKING,$1.38,ease_of_use|price
gardenweb:gw_a7397149,gardenweb,en,INFORMATION_SEEKING,$0.07,ease_of_use|price
gardenweb:gw_a7397156,gardenweb,en,UNKNOWN,$252,price
gardenweb:gw_a7397156,gardenweb,en,UNKNOWN,$1.40,price
gardenweb:gw_a7397168,gardenweb,en,INFORMATION_SEEKING,$1000,price
gardenweb:gw_a7397357,gardenweb,en,UNKNOWN,$5.,price|nutrients|water|temperature
gardenweb:gw_a7397835,gardenweb,en,POST_PURCHASE,$10...,price|growing_media
gardenweb:gw_a7397906,gardenweb,en,PROBLEM_SOLVING,"$200,",ease_of_use|price|water|equipment
gardenweb:gw_a7398872,gardenweb,en,POST_PURCHASE,$5.,price|light
gardenweb:gw_a7398892,gardenweb,en,AWARENESS,$20.00,price|light
gardenweb:gw_a7398892,gardenweb,en,AWARENESS,$1500,price|light
gardenweb:gw_a7399043,gardenweb,en,PROBLEM_SOLVING,$20.,price|pH|water|equipment|sensors|hydroponic_kit
gardenweb:gw_a7399085,gardenweb,en,UNKNOWN,$6,price|nutrients|water|plant_health|equipment
gardenweb:gw_a7399587,gardenweb,en,INSPIRATION,$32,price|nutrients|pH|EC_TDS|sensors
gardenweb:gw_a7400190,gardenweb,en,UNKNOWN,$2,price
gardenweb:gw_a7400810,gardenweb,en,INFORMATION_SEEKING,$1000,price|nutrients|pH|EC_TDS|water|temperature|sensors
gardenweb:gw_a7401460,gardenweb,en,PURCHASE_EXPLORATION,$46.00,price|nutrients|light
gardenweb:gw_a7401460,gardenweb,en,PURCHASE_EXPLORATION,$100,price|nutrients|light
gardenweb:gw_a7401460,gardenweb,en,PURCHASE_EXPLORATION,$160,price|nutrients|light
gardenweb:gw_a7401460,gardenweb,en,PURCHASE_EXPLORATION,$30,price|nutrients|light
gardenweb:gw_a7401460,gardenweb,en,PURCHASE_EXPLORATION,$140,price|nutrients|light
gardenweb:gw_a7401477,gardenweb,en,POST_PURCHASE,$162.50,price
gardenweb:gw_a7401477,gardenweb,en,POST_PURCHASE,$189.00,price
gardenweb:gw_a7401477,gardenweb,en,POST_PURCHASE,$200,price
gardenweb:gw_a7401477,gardenweb,en,POST_PURCHASE,$200,price
gardenweb:gw_a7401504,gardenweb,en,INSPIRATION,$25,price
gardenweb:gw_a7401969,gardenweb,en,UNKNOWN,$4,price|light
gardenweb:gw_a7401969,gardenweb,en,UNKNOWN,$8,price|light
gardenweb:gw_a7401969,gardenweb,en,UNKNOWN,$0.30,price|light
gardenweb:gw_a7401978,gardenweb,en,PURCHASE_EXPLORATION,8 bucks,ease_of_use|price|light|automation|sustainability
gardenweb:gw_a7401978,gardenweb,en,PURCHASE_EXPLORATION,$1000,ease_of_use|price|light|automation|sustainability
gardenweb:gw_a7402022,gardenweb,en,EXPLICIT_PURCHASE_INTENT,$20,price|pH
gardenweb:gw_a7402022,gardenweb,en,EXPLICIT_PURCHASE_INTENT,$10,price|pH
gardenweb:gw_a7402022,gardenweb,en,EXPLICIT_PURCHASE_INTENT,$11,price|pH
gardenweb:gw_a7402287,gardenweb,en,UNKNOWN,$80.00,price|oxygen|plant_health|equipment|sensors|sustainability
gardenweb:gw_a7402287,gardenweb,en,UNKNOWN,25 bucks,price|oxygen|plant_health|equipment|sensors|sustainability
gardenweb:gw_a7402584,gardenweb,en,RECOMMENDATION,"$30,000",price|nutrients|water|temperature|equipment|software_app
gardenweb:gw_a7402584,gardenweb,en,RECOMMENDATION,"$50,000",price|nutrients|water|temperature|equipment|software_app
gardenweb:gw_a7402584,gardenweb,en,RECOMMENDATION,$1000,price|nutrients|water|temperature|equipment|software_app
gardenweb:gw_a7402584,gardenweb,en,RECOMMENDATION,"$6,500",price|nutrients|water|temperature|equipment|software_app
gardenweb:gw_a7402757,gardenweb,en,POST_PURCHASE,$4,price|nutrients|water|equipment|growing_media
gardenweb:gw_a7402770,gardenweb,en,UNKNOWN,$20,price
gardenweb:gw_a7402877,gardenweb,en,RECOMMENDATION,175 bucks,water|growing_media|hydroponic_kit
gardenweb:gw_a7402877,gardenweb,en,RECOMMENDATION,175 bucks,water|growing_media|hydroponic_kit
gardenweb:gw_a7402889,gardenweb,en,UNKNOWN,$50.00,price
gardenweb:gw_a7403139,gardenweb,en,RECOMMENDATION,$1.00,ease_of_use|price|nutrients|EC_TDS|water|temperature|oxygen|plant_health|growing_media|sustainability
gardenweb:gw_a7404166,gardenweb,en,UNKNOWN,$2,price
gardenweb:gw_a7404180,gardenweb,en,RECOMMENDATION,$12.00,ease_of_use|price|nutrients|equipment|growing_media
gardenweb:gw_a7404253,gardenweb,en,RECOMMENDATION,$12,ease_of_use|price|maintenance|nutrients|pH|water|temperature|equipment|sensors|automation|sustainability
gardenweb:gw_a7405333,gardenweb,en,RECOMMENDATION,$110.00,price|hydroponic_kit
gardenweb:gw_a7405627,gardenweb,en,UNKNOWN,$100.,price
gardenweb:gw_a7405723,gardenweb,en,INFORMATION_SEEKING,$4,ease_of_use|price
gardenweb:gw_a7406593,gardenweb,en,UNKNOWN,$1500,price|nutrients|water|oxygen
gardenweb:gw_a7406938,gardenweb,en,PROBLEM_SOLVING,$15,ease_of_use|price|nutrients|water|temperature|growing_media
gardenweb:gw_a7406943,gardenweb,en,PURCHASE_EXPLORATION,$30,price|nutrients|light
gardenweb:gw_a7406970,gardenweb,en,POST_PURCHASE,$29.99.,price|oxygen|equipment|hydroponic_kit
gardenweb:gw_a7407051,gardenweb,en,UNKNOWN,$30.00,price|hydroponic_kit
gardenweb:gw_a7407142,gardenweb,en,RECOMMENDATION,$14.95,ease_of_use|price|nutrients|equipment
gardenweb:gw_a7407142,gardenweb,en,RECOMMENDATION,$11.95,ease_of_use|price|nutrients|equipment
gardenweb:gw_a7408673,gardenweb,en,ABANDONMENT_FRUSTRATION,$5,ease_of_use|price|pH|EC_TDS|sensors|sustainability|hydroponic_kit
gardenweb:gw_q1982824,gardenweb,en,POST_PURCHASE,$350,ease_of_use|price|growing_media|sustainability
gardenweb:gw_q1982824,gardenweb,en,POST_PURCHASE,$200,ease_of_use|price|growing_media|sustainability
gardenweb:gw_q1982824,gardenweb,en,POST_PURCHASE,$350,ease_of_use|price|growing_media|sustainability
gardenweb:gw_q1982858,gardenweb,en,PROBLEM_SOLVING,$75.,price|pH|water|sensors|support
gardenweb:gw_q1982858,gardenweb,en,PROBLEM_SOLVING,$250,price|pH|water|sensors|support
gardenweb:gw_q1982891,gardenweb,en,RECOMMENDATION,$100.,price
gardenweb:gw_q1982896,gardenweb,en,COMPARISON,$300.00.,price|maintenance|nutrients|water|temperature|equipment|automation
gardenweb:gw_q1982896,gardenweb,en,COMPARISON,$400.00,price|maintenance|nutrients|water|temperature|equipment|automation
gardenweb:gw_q1982896,gardenweb,en,COMPARISON,"$25.00,",price|maintenance|nutrients|water|temperature|equipment|automation
gardenweb:gw_q1982928,gardenweb,en,INFORMATION_SEEKING,$18.00,ease_of_use|price|nutrients|pH|water|oxygen|plant_health|equipment|growing_media|sustainability
gardenweb:gw_q1983020,gardenweb,en,RECOMMENDATION,$35,price|nutrients|EC_TDS|sensors
gardenweb:gw_q1983650,gardenweb,en,PROBLEM_SOLVING,12 bucks,ease_of_use
gardenweb:gw_q1984913,gardenweb,en,PROBLEM_SOLVING,$500,price|maintenance
gardenweb:gw_q1984913,gardenweb,en,PROBLEM_SOLVING,$500,price|maintenance
gardenweb:gw_q1985020,gardenweb,en,INFORMATION_SEEKING,$12.99,price
gardenweb:gw_q1985195,gardenweb,en,COMPARISON,$0.27,price|plant_health|equipment|sustainability
gardenweb:gw_q1985195,gardenweb,en,COMPARISON,$3.34,price|plant_health|equipment|sustainability
gardenweb:gw_q1985644,gardenweb,en,COMPARISON,$1.50,ease_of_use|price|nutrients|equipment|sensors|growing_media
gardenweb:gw_q1985800,gardenweb,en,INFORMATION_SEEKING,"$229,",price|maintenance|water|oxygen|plant_health|growing_media
gardenweb:gw_q1985983,gardenweb,en,PURCHASE_EXPLORATION,$30.00,ease_of_use|price|nutrients
gardenweb:gw_q1986409,gardenweb,en,UNKNOWN,$40,price|EC_TDS|sensors
gardenweb:gw_q1986446,gardenweb,en,COMPARISON,$95.00,price|nutrients|sustainability|hydroponic_kit
gardenweb:gw_q1986446,gardenweb,en,COMPARISON,$25,price|nutrients|sustainability|hydroponic_kit
gardenweb:gw_q1986446,gardenweb,en,COMPARISON,$1.00,price|nutrients|sustainability|hydroponic_kit
gardenweb:gw_q1986446,gardenweb,en,COMPARISON,$1.25,price|nutrients|sustainability|hydroponic_kit
gardenweb:gw_q1987060,gardenweb,en,UNKNOWN,$18.,price|pH|sensors
gardenweb:gw_q1987350,gardenweb,en,UNKNOWN,$50.,ease_of_use|price|automation
gardenweb:gw_q1987379,gardenweb,en,AWARENESS,$130,ease_of_use|price|equipment|sensors
gardenweb:gw_q1987379,gardenweb,en,AWARENESS,$485,ease_of_use|price|equipment|sensors
gardenweb:gw_q1987379,gardenweb,en,AWARENESS,$300,ease_of_use|price|equipment|sensors
gardenweb:gw_q1987900,gardenweb,en,INFORMATION_SEEKING,$50,price|pH|EC_TDS|sensors
gardenweb:gw_q1987900,gardenweb,en,INFORMATION_SEEKING,"$60,",price|pH|EC_TDS|sensors
gardenweb:gw_q1989605,gardenweb,en,INFORMATION_SEEKING,$30,price|growing_media
gardenweb:gw_q1989605,gardenweb,en,INFORMATION_SEEKING,$73.93,price|growing_media
gardenweb:gw_q1990770,gardenweb,en,INFORMATION_SEEKING,$1.50,price|pH|EC_TDS|water|oxygen|plant_health|equipment
gardenweb:gw_q1990825,gardenweb,en,INFORMATION_SEEKING,30 bucks,ease_of_use|price|water|plant_health|light|growing_media|support
gardenweb:gw_q1990825,gardenweb,en,INFORMATION_SEEKING,$50,ease_of_use|price|water|plant_health|light|growing_media|support
gardenweb:gw_q1990928,gardenweb,en,PROBLEM_SOLVING,$1.00,ease_of_use|price|nutrients|pH|water|oxygen|growing_media
gardenweb:gw_q1991684,gardenweb,en,INFORMATION_SEEKING,$500.,price|pH|temperature|automation|hydroponic_kit
gardenweb:gw_q1991698,gardenweb,en,INFORMATION_SEEKING,$25,ease_of_use|price|nutrients|water|equipment|automation|growing_media|support
gardenweb:gw_q1991698,gardenweb,en,INFORMATION_SEEKING,$5,ease_of_use|price|nutrients|water|equipment|automation|growing_media|support
gardenweb:gw_q1992002,gardenweb,en,INFORMATION_SEEKING,$60,price|water
gardenweb:gw_q1992002,gardenweb,en,INFORMATION_SEEKING,$60,price|water
gardenweb:gw_q1992791,gardenweb,en,INFORMATION_SEEKING,$3,price|nutrients|pH|water|growing_media|sustainability
gardenweb:gw_q1993124,gardenweb,en,RECOMMENDATION,$10,price|water|equipment
gardenweb:gw_q1993313,gardenweb,en,PROBLEM_SOLVING,"$3,000.",price|nutrients|water|equipment|sustainability
gardenweb:gw_q1993598,gardenweb,en,INFORMATION_SEEKING,$100,price|EC_TDS|sensors
gardenweb:gw_q1993598,gardenweb,en,INFORMATION_SEEKING,$19.95..,price|EC_TDS|sensors
gardenweb:gw_q1993598,gardenweb,en,INFORMATION_SEEKING,$34.95,price|EC_TDS|sensors
gardenweb:gw_q1993841,gardenweb,en,POST_PURCHASE,$10.00,price|water|temperature|equipment|automation|growing_media
gardenweb:gw_q1994037,gardenweb,en,PROBLEM_SOLVING,50 bucks,price|water
gardenweb:gw_q1994107,gardenweb,en,INFORMATION_SEEKING,$10,price|water|equipment|sensors|sustainability
gardenweb:gw_q1994107,gardenweb,en,INFORMATION_SEEKING,$8,price|water|equipment|sensors|sustainability
gardenweb:gw_q1994522,gardenweb,en,ABANDONMENT_FRUSTRATION,$20,price|sustainability|hydroponic_kit
gardenweb:gw_q1994727,gardenweb,en,RECOMMENDATION,60 bucks,water|equipment
gardenweb:gw_q1995001,gardenweb,en,INFORMATION_SEEKING,$44.,price
gardenweb:gw_q1995302,gardenweb,en,RECOMMENDATION,$16.00.,price|water|equipment|sensors
gardenweb:gw_q1995532,gardenweb,en,PROBLEM_SOLVING,$500,price|water
gardenweb:gw_q1995541,gardenweb,en,INFORMATION_SEEKING,$2,price|automation
gardenweb:gw_q1995541,gardenweb,en,INFORMATION_SEEKING,$1,price|automation
gardenweb:gw_q1995573,gardenweb,en,INFORMATION_SEEKING,$230,price|nutrients|pH|water|oxygen|equipment|hydroponic_kit
gardenweb:gw_q1995782,gardenweb,en,INFORMATION_SEEKING,20 bucks,nutrients|water|oxygen|equipment|growing_media|hydroponic_kit
gardenweb:gw_q1995909,gardenweb,en,PROBLEM_SOLVING,"$4,000",price|EC_TDS|water
gardenweb:gw_q1996153,gardenweb,en,POST_PURCHASE,$30,price|nutrients|EC_TDS|water
gardenweb:gw_q1996569,gardenweb,en,RECOMMENDATION,$20.,ease_of_use|price|maintenance|nutrients|water|temperature|oxygen|equipment|growing_media|sustainability
gardenweb:gw_q1996758,gardenweb,en,INFORMATION_SEEKING,$1000,price|equipment
gardenweb:gw_q1996825,gardenweb,en,AWARENESS,$600.,price
gardenweb:gw_q1996952,gardenweb,en,PROBLEM_SOLVING,$30,ease_of_use|price|nutrients|equipment|growing_media|sustainability
gardenweb:gw_q1997100,gardenweb,en,AWARENESS,458 USD,price
gardenweb:gw_q1997155,gardenweb,en,INSPIRATION,$3.50,ease_of_use|price|nutrients|water|oxygen|light|equipment
gardenweb:gw_q1997155,gardenweb,en,INSPIRATION,$8,ease_of_use|price|nutrients|water|oxygen|light|equipment
gardenweb:gw_q1997444,gardenweb,en,POST_PURCHASE,$100,price|light
gardenweb:gw_q1997444,gardenweb,en,POST_PURCHASE,$36,price|light
gardenweb:gw_q1997822,gardenweb,en,INFORMATION_SEEKING,$65,price|growing_media
gardenweb:gw_q1997835,gardenweb,en,PROBLEM_SOLVING,$20,ease_of_use|price|nutrients|water|growing_media|sustainability|hydroponic_kit
gardenweb:gw_q1997863,gardenweb,en,POST_PURCHASE,$40,price|water|automation
gardenweb:gw_q1997986,gardenweb,en,PROBLEM_SOLVING,"$60,",price|nutrients|water|temperature|hydroponic_kit
gardenweb:gw_q1997986,gardenweb,en,PROBLEM_SOLVING,"$30,",price|nutrients|water|temperature|hydroponic_kit
gardenweb:gw_q1998297,gardenweb,en,RECOMMENDATION,$100.,price|nutrients|water|equipment
gardenweb:gw_q1998513,gardenweb,en,INFORMATION_SEEKING,$100,price
gardenweb:gw_q3153369,gardenweb,en,INFORMATION_SEEKING,$0.17,price|nutrients|plant_health
gardenweb:gw_q3153369,gardenweb,en,INFORMATION_SEEKING,$30,price|nutrients|plant_health
gardenweb:gw_q3153369,gardenweb,en,INFORMATION_SEEKING,$0.05,price|nutrients|plant_health
gardenweb:gw_q3199020,gardenweb,en,PROBLEM_SOLVING,$100,price
gardenweb:gw_q3669554,gardenweb,en,PROBLEM_SOLVING,$175,price|light
gardenweb:gw_q4065205,gardenweb,en,EXPLICIT_PURCHASE_INTENT,$5,price|nutrients
gardenweb:gw_q4065205,gardenweb,en,EXPLICIT_PURCHASE_INTENT,$5,price|nutrients
gardenweb:gw_q4496683,gardenweb,en,UNKNOWN,$224.,price|maintenance|nutrients|pH|EC_TDS|water|equipment|automation
gardenweb:gw_q4660484,gardenweb,en,INFORMATION_SEEKING,$50,price|water|temperature|plant_health|equipment|sustainability
gardenweb:gw_q4772541,gardenweb,en,COMPARISON,$8,price|nutrients|water|temperature|oxygen|growing_media|sustainability|support
gardenweb:gw_q5021209,gardenweb,en,POST_PURCHASE,$275,price|water|oxygen|equipment|automation
gardenweb:gw_q5021209,gardenweb,en,POST_PURCHASE,$500,price|water|oxygen|equipment|automation
gardenweb:gw_q5021209,gardenweb,en,POST_PURCHASE,"$550,",price|water|oxygen|equipment|automation
gardenweb:gw_q5021209,gardenweb,en,POST_PURCHASE,"$300,",price|water|oxygen|equipment|automation
gardenweb:gw_q5021209,gardenweb,en,POST_PURCHASE,$500,price|water|oxygen|equipment|automation
gardenweb:gw_q5021209,gardenweb,en,POST_PURCHASE,$275,price|water|oxygen|equipment|automation
gardenweb:gw_q5021209,gardenweb,en,POST_PURCHASE,$15,price|water|oxygen|equipment|automation
gardenweb:gw_q5060128,gardenweb,en,INFORMATION_SEEKING,$52,price
gardenweb:gw_q5060128,gardenweb,en,INFORMATION_SEEKING,$185.,price
gardenweb:gw_q5140011,gardenweb,en,RECOMMENDATION,$100,ease_of_use|price|nutrients|water|oxygen|equipment|sensors|sustainability
gardenweb:gw_q5143647,gardenweb,en,INFORMATION_SEEKING,$8,price|nutrients|pH|EC_TDS|water|oxygen|plant_health|equipment
gardenweb:gw_q5267269,gardenweb,en,INFORMATION_SEEKING,$40,price|equipment|hydroponic_kit
gardenweb:gw_q5611039,gardenweb,en,UNKNOWN,$16.95,price|EC_TDS|water|growing_media
gardenweb:gw_q5611039,gardenweb,en,UNKNOWN,$19.89,price|EC_TDS|water|growing_media
gardenweb:gw_q5611039,gardenweb,en,UNKNOWN,$7.97,price|EC_TDS|water|growing_media
hackernews:10092791,hackernews,en,COMPARISON,$2,price|water|temperature|sustainability
hackernews:10092791,hackernews,en,COMPARISON,$12,price|water|temperature|sustainability
hackernews:11001277,hackernews,en,INFORMATION_SEEKING,$2.7,price|water|light|automation|sustainability
hackernews:11617190,hackernews,en,INFORMATION_SEEKING,$10,ease_of_use|price|maintenance|nutrients|pH|plant_health|equipment|automation|software_app|AI|sustainability
hackernews:11857635,hackernews,en,RECOMMENDATION,$10,price|nutrients|water|automation
hackernews:11857635,hackernews,en,RECOMMENDATION,$15,price|nutrients|water|automation
hackernews:13627154,hackernews,en,PROBLEM_SOLVING,$39,price|water|automation|sustainability|hydroponic_kit
hackernews:13627154,hackernews,en,PROBLEM_SOLVING,$800,price|water|automation|sustainability|hydroponic_kit
hackernews:13627154,hackernews,en,PROBLEM_SOLVING,$85,price|water|automation|sustainability|hydroponic_kit
hackernews:13627154,hackernews,en,PROBLEM_SOLVING,$100,price|water|automation|sustainability|hydroponic_kit
hackernews:14353824,hackernews,en,AWARENESS,"$9,000",price|maintenance|water|plant_health|light|growing_media
hackernews:14353824,hackernews,en,AWARENESS,$37.62,price|maintenance|water|plant_health|light|growing_media
hackernews:14353824,hackernews,en,AWARENESS,$1.64,price|maintenance|water|plant_health|light|growing_media
hackernews:14647230,hackernews,en,AWARENESS,$40,ease_of_use|price|nutrients|water|sensors|automation|sustainability|hydroponic_kit
hackernews:14651298,hackernews,en,AWARENESS,$20,ease_of_use|price|maintenance|nutrients|pH|water|plant_health|equipment|automation|growing_media|sustainability|hydroponic_kit
hackernews:14651298,hackernews,en,AWARENESS,$30.,ease_of_use|price|maintenance|nutrients|pH|water|plant_health|equipment|automation|growing_media|sustainability|hydroponic_kit
hackernews:16513404,hackernews,en,INFORMATION_SEEKING,$3,ease_of_use|price
hackernews:16936588,hackernews,en,PROBLEM_SOLVING,$100,ease_of_use|price|maintenance|plant_health
hackernews:16936588,hackernews,en,PROBLEM_SOLVING,$100,ease_of_use|price|maintenance|plant_health
hackernews:16936588,hackernews,en,PROBLEM_SOLVING,$100,ease_of_use|price|maintenance|plant_health
hackernews:16936588,hackernews,en,PROBLEM_SOLVING,$100,ease_of_use|price|maintenance|plant_health
hackernews:16936588,hackernews,en,PROBLEM_SOLVING,$200,ease_of_use|price|maintenance|plant_health
hackernews:16936588,hackernews,en,PROBLEM_SOLVING,$100,ease_of_use|price|maintenance|plant_health
hackernews:16936588,hackernews,en,PROBLEM_SOLVING,$10,ease_of_use|price|maintenance|plant_health
hackernews:16936588,hackernews,en,PROBLEM_SOLVING,$100,ease_of_use|price|maintenance|plant_health
hackernews:16936588,hackernews,en,PROBLEM_SOLVING,$5,ease_of_use|price|maintenance|plant_health
hackernews:16990547,hackernews,en,POST_PURCHASE,$15,price|sustainability
hackernews:1774258,hackernews,en,INSPIRATION,$1.5,price|temperature|plant_health|equipment
hackernews:17850508,hackernews,en,PURCHASE_EXPLORATION,$3.00,price
hackernews:18219552,hackernews,en,AWARENESS,$4,price
hackernews:18219552,hackernews,en,AWARENESS,$3.99.,price
hackernews:19356546,hackernews,en,PURCHASE_EXPLORATION,$150,ease_of_use|price|maintenance|water|temperature|plant_health|light|equipment|sustainability|hydroponic_kit
hackernews:19356546,hackernews,en,PURCHASE_EXPLORATION,$15000,ease_of_use|price|maintenance|water|temperature|plant_health|light|equipment|sustainability|hydroponic_kit
hackernews:19356546,hackernews,en,PURCHASE_EXPLORATION,"$2,",ease_of_use|price|maintenance|water|temperature|plant_health|light|equipment|sustainability|hydroponic_kit
hackernews:19356546,hackernews,en,PURCHASE_EXPLORATION,$20,ease_of_use|price|maintenance|water|temperature|plant_health|light|equipment|sustainability|hydroponic_kit
hackernews:2025409,hackernews,en,PURCHASE_EXPLORATION,$4,price|plant_health|sustainability
hackernews:2025409,hackernews,en,PURCHASE_EXPLORATION,$0.99,price|plant_health|sustainability
hackernews:2025409,hackernews,en,PURCHASE_EXPLORATION,$8,price|plant_health|sustainability
hackernews:20515515,hackernews,en,RECOMMENDATION,"$10,000",price|nutrients|water|light|equipment|automation|sustainability
hackernews:20516277,hackernews,en,AWARENESS,$15,price|water|sustainability
hackernews:20968827,hackernews,en,AWARENESS,$20.,ease_of_use|price|nutrients|pH|EC_TDS|water|plant_health|equipment|automation|sustainability
hackernews:22416771,hackernews,en,PURCHASE_EXPLORATION,"$2,000",price|water|equipment
hackernews:22416771,hackernews,en,PURCHASE_EXPLORATION,"$2,500",price|water|equipment
hackernews:22416771,hackernews,en,PURCHASE_EXPLORATION,"$1,000",price|water|equipment
hackernews:22416771,hackernews,en,PURCHASE_EXPLORATION,"$2,000.",price|water|equipment
hackernews:22416771,hackernews,en,PURCHASE_EXPLORATION,"$2,000",price|water|equipment
hackernews:22416771,hackernews,en,PURCHASE_EXPLORATION,"$6,000",price|water|equipment
hackernews:22416771,hackernews,en,PURCHASE_EXPLORATION,$6000,price|water|equipment
hackernews:22681130,hackernews,en,AWARENESS,$100.,price|nutrients|water|automation|software_app
hackernews:22724963,hackernews,en,INSPIRATION,$600,ease_of_use|price|equipment|hydroponic_kit
hackernews:22725862,hackernews,en,UNKNOWN,$25.,price
hackernews:23668071,hackernews,en,INFORMATION_SEEKING,$200,price|equipment
hackernews:24169757,hackernews,en,PROBLEM_SOLVING,$25,price|nutrients|pH|water|sensors|automation
hackernews:24169801,hackernews,en,INFORMATION_SEEKING,$9,price|automation
hackernews:24169801,hackernews,en,INFORMATION_SEEKING,$500.,price|automation
hackernews:24377941,hackernews,en,AWARENESS,$36,price|pH|water|sensors
hackernews:24378805,hackernews,en,AWARENESS,$14,price|pH|sensors
hackernews:24662568,hackernews,en,COMPARISON,$5,ease_of_use|price|nutrients|pH|water|temperature|plant_health|sustainability
hackernews:24662568,hackernews,en,COMPARISON,$100,ease_of_use|price|nutrients|pH|water|temperature|plant_health|sustainability
hackernews:24662568,hackernews,en,COMPARISON,$8000,ease_of_use|price|nutrients|pH|water|temperature|plant_health|sustainability
hackernews:24988826,hackernews,en,COMPARISON,$100,ease_of_use|price|equipment|sensors|automation|software_app
hackernews:25429130,hackernews,en,COMPARISON,$250,price
hackernews:25851843,hackernews,en,COMPARISON,$20,ease_of_use|price|pH|temperature|oxygen|light|sustainability
hackernews:26165614,hackernews,en,RECOMMENDATION,$22.6,price
hackernews:26187050,hackernews,en,UNKNOWN,$6,price|plant_health|light|growing_media
hackernews:26189735,hackernews,en,RECOMMENDATION,$15,ease_of_use|price|nutrients|pH|water|temperature|equipment|sensors|automation|growing_media|hydroponic_kit
hackernews:26189735,hackernews,en,RECOMMENDATION,$40,ease_of_use|price|nutrients|pH|water|temperature|equipment|sensors|automation|growing_media|hydroponic_kit
hackernews:31857535,hackernews,en,EXPLICIT_PURCHASE_INTENT,$10,price|water
hackernews:31857535,hackernews,en,EXPLICIT_PURCHASE_INTENT,"$4,",price|water
hackernews:31857535,hackernews,en,EXPLICIT_PURCHASE_INTENT,"$6,",price|water
hackernews:31857535,hackernews,en,EXPLICIT_PURCHASE_INTENT,$10,price|water
hackernews:31858708,hackernews,en,INSPIRATION,$25,price|nutrients|oxygen|equipment
hackernews:31858708,hackernews,en,INSPIRATION,$30,price|nutrients|oxygen|equipment
hackernews:32268324,hackernews,en,PROBLEM_SOLVING,"$100,000",price|plant_health|automation|sustainability
hackernews:32268324,hackernews,en,PROBLEM_SOLVING,2022 dollars,price|plant_health|automation|sustainability
hackernews:32412786,hackernews,en,INFORMATION_SEEKING,$10,price|maintenance|nutrients|pH|water|oxygen|equipment
hackernews:32419159,hackernews,en,ABANDONMENT_FRUSTRATION,$100,price|sustainability
hackernews:32452135,hackernews,en,INFORMATION_SEEKING,"$10,000",ease_of_use|price|nutrients|water|temperature|equipment|automation|sustainability
hackernews:33667542,hackernews,en,POST_PURCHASE,RP2040,ease_of_use|price|equipment|automation|software_app|support
hackernews:33667542,hackernews,en,POST_PURCHASE,$12,ease_of_use|price|equipment|automation|software_app|support
hackernews:33667542,hackernews,en,POST_PURCHASE,$30,ease_of_use|price|equipment|automation|software_app|support
hackernews:34008394,hackernews,en,AWARENESS,$3,price|nutrients|water|plant_health|automation
hackernews:34467426,hackernews,en,AWARENESS,$5,price|support
hackernews:34621827,hackernews,en,AWARENESS,$1,price
hackernews:34960252,hackernews,en,INFORMATION_SEEKING,$60,ease_of_use|price|automation
hackernews:34961008,hackernews,en,INFORMATION_SEEKING,$10,price|light
hackernews:35077438,hackernews,en,AWARENESS,$1,price
hackernews:35464059,hackernews,en,COMPARISON,"$38,",ease_of_use|price|equipment
hackernews:35738121,hackernews,en,INSPIRATION,RP2040,price|nutrients|pH|EC_TDS|water|temperature|plant_health|equipment|automation
hackernews:36298695,hackernews,en,COMPARISON,$100,price|maintenance|water|automation
hackernews:36298695,hackernews,en,COMPARISON,"$400,",price|maintenance|water|automation
hackernews:36298695,hackernews,en,COMPARISON,"$38,000",price|maintenance|water|automation
hackernews:36298695,hackernews,en,COMPARISON,$23,price|maintenance|water|automation
hackernews:36298695,hackernews,en,COMPARISON,"$170,000",price|maintenance|water|automation
hackernews:36298695,hackernews,en,COMPARISON,$25,price|maintenance|water|automation
hackernews:36298695,hackernews,en,COMPARISON,$10,price|maintenance|water|automation
hackernews:36298695,hackernews,en,COMPARISON,$10,price|maintenance|water|automation
hackernews:36298695,hackernews,en,COMPARISON,$10,price|maintenance|water|automation
hackernews:36298695,hackernews,en,COMPARISON,$400,price|maintenance|water|automation
hackernews:36298695,hackernews,en,COMPARISON,$390,price|maintenance|water|automation
hackernews:37457076,hackernews,en,INFORMATION_SEEKING,"$10,000",ease_of_use|price|maintenance|automation|sustainability
hackernews:37457076,hackernews,en,INFORMATION_SEEKING,"$36,000",ease_of_use|price|maintenance|automation|sustainability
hackernews:37457076,hackernews,en,INFORMATION_SEEKING,"$100,000",ease_of_use|price|maintenance|automation|sustainability
hackernews:37457076,hackernews,en,INFORMATION_SEEKING,"$250,000",ease_of_use|price|maintenance|automation|sustainability
hackernews:37457076,hackernews,en,INFORMATION_SEEKING,$100,ease_of_use|price|maintenance|automation|sustainability
hackernews:37457076,hackernews,en,INFORMATION_SEEKING,"$30,000",ease_of_use|price|maintenance|automation|sustainability
hackernews:37457076,hackernews,en,INFORMATION_SEEKING,"$300,000",ease_of_use|price|maintenance|automation|sustainability
hackernews:37457076,hackernews,en,INFORMATION_SEEKING,"$600,000",ease_of_use|price|maintenance|automation|sustainability
hackernews:37457076,hackernews,en,INFORMATION_SEEKING,"$10,000",ease_of_use|price|maintenance|automation|sustainability
hackernews:39358486,hackernews,en,COMPARISON,$3,ease_of_use|price|water|temperature|equipment|automation|software_app|AI
hackernews:39358486,hackernews,en,COMPARISON,$1,ease_of_use|price|water|temperature|equipment|automation|software_app|AI
hackernews:39358486,hackernews,en,COMPARISON,"$750,000",ease_of_use|price|water|temperature|equipment|automation|software_app|AI
hackernews:39358486,hackernews,en,COMPARISON,"$500,000",ease_of_use|price|water|temperature|equipment|automation|software_app|AI
hackernews:39358486,hackernews,en,COMPARISON,"$10,000",ease_of_use|price|water|temperature|equipment|automation|software_app|AI
hackernews:39358486,hackernews,en,COMPARISON,$10,ease_of_use|price|water|temperature|equipment|automation|software_app|AI
hackernews:39358486,hackernews,en,COMPARISON,"$10,000.",ease_of_use|price|water|temperature|equipment|automation|software_app|AI
hackernews:39512857,hackernews,en,COMPARISON,"$5,000.",ease_of_use|price|maintenance|water|temperature|equipment|automation|sustainability|hydroponic_kit
hackernews:39512857,hackernews,en,COMPARISON,$1,ease_of_use|price|maintenance|water|temperature|equipment|automation|sustainability|hydroponic_kit
hackernews:39512857,hackernews,en,COMPARISON,"$5,000",ease_of_use|price|maintenance|water|temperature|equipment|automation|sustainability|hydroponic_kit
hackernews:40800210,hackernews,en,RECOMMENDATION,$100,ease_of_use|price|maintenance|nutrients|water|temperature|light|sensors
hackernews:40800210,hackernews,en,RECOMMENDATION,$150,ease_of_use|price|maintenance|nutrients|water|temperature|light|sensors
hackernews:41153921,hackernews,en,INSPIRATION,$2800,ease_of_use|price|nutrients|plant_health|automation
hackernews:41383495,hackernews,en,INFORMATION_SEEKING,$1000,price|water|temperature|AI
hackernews:41383495,hackernews,en,INFORMATION_SEEKING,$1,price|water|temperature|AI
hackernews:43291411,hackernews,en,INFORMATION_SEEKING,$1,ease_of_use|price|temperature|plant_health|software_app|AI
hackernews:43291411,hackernews,en,INFORMATION_SEEKING,"$10,000",ease_of_use|price|temperature|plant_health|software_app|AI
hackernews:4403665,hackernews,en,AWARENESS,$5,price|water
hackernews:44914807,hackernews,en,RECOMMENDATION,$10,price
hackernews:46550950,hackernews,en,AWARENESS,$1000,price
hackernews:46550950,hackernews,en,AWARENESS,$1,price
hackernews:46619492,hackernews,en,UNKNOWN,$20.,ease_of_use|price|water|temperature|plant_health|equipment
hackernews:47158675,hackernews,en,RECOMMENDATION,$1,ease_of_use|price|maintenance|automation|software_app|AI|support
hackernews:47314283,hackernews,en,POST_PURCHASE,$100,price|nutrients|hydroponic_kit
hackernews:47384628,hackernews,en,COMPARISON,$14,price
hackernews:47397904,hackernews,en,RECOMMENDATION,$10,price|equipment|sensors|automation
hackernews:48011692,hackernews,en,AWARENESS,$5,price|water|temperature|AI
hackernews:49764798,hackernews,en,AWARENESS,$8,ease_of_use|price|water|plant_health|sustainability
hackernews:6364639,hackernews,en,UNKNOWN,"$15,",price|nutrients|pH|EC_TDS|equipment|sensors|sustainability
hackernews:7126768,hackernews,en,PROBLEM_SOLVING,$100,ease_of_use|price|automation
hackernews:7126768,hackernews,en,PROBLEM_SOLVING,"$100,000",ease_of_use|price|automation
hackernews:7126768,hackernews,en,PROBLEM_SOLVING,"$10,000,",ease_of_use|price|automation
hackernews:7126768,hackernews,en,PROBLEM_SOLVING,$100,ease_of_use|price|automation
hackernews:7126768,hackernews,en,PROBLEM_SOLVING,"$50,",ease_of_use|price|automation
hackernews:7126768,hackernews,en,PROBLEM_SOLVING,"$25,",ease_of_use|price|automation
hackernews:7126768,hackernews,en,PROBLEM_SOLVING,$10,ease_of_use|price|automation
hackernews:7409601,hackernews,en,INSPIRATION,$100,price|water
hackernews:7409601,hackernews,en,INSPIRATION,$100,price|water
hackernews:7805187,hackernews,en,RECOMMENDATION,"$3.99,",ease_of_use|price|maintenance|nutrients|pH|water|temperature|sustainability
hackernews:7805187,hackernews,en,RECOMMENDATION,$1.99.,ease_of_use|price|maintenance|nutrients|pH|water|temperature|sustainability
hackernews:8850358,hackernews,en,COMPARISON,$2,ease_of_use|price
hackernews:8850358,hackernews,en,COMPARISON,$15,ease_of_use|price
hackernews:8850358,hackernews,en,COMPARISON,$15,ease_of_use|price
hackernews:8850358,hackernews,en,COMPARISON,$5,ease_of_use|price
hackernews:9331665,hackernews,en,INFORMATION_SEEKING,"$76,000",price|plant_health|light|equipment|sensors|hydroponic_kit
hackernews:9331665,hackernews,en,INFORMATION_SEEKING,$1.25,price|plant_health|light|equipment|sensors|hydroponic_kit
hackernews:9331665,hackernews,en,INFORMATION_SEEKING,$625,price|plant_health|light|equipment|sensors|hydroponic_kit
hackernews:9331665,hackernews,en,INFORMATION_SEEKING,"$32,500",price|plant_health|light|equipment|sensors|hydroponic_kit
hackernews:9331665,hackernews,en,INFORMATION_SEEKING,$2706.25,price|plant_health|light|equipment|sensors|hydroponic_kit
hackernews:9331665,hackernews,en,INFORMATION_SEEKING,$1,price|plant_health|light|equipment|sensors|hydroponic_kit
hackernews:9331665,hackernews,en,INFORMATION_SEEKING,"$76,000",price|plant_health|light|equipment|sensors|hydroponic_kit
hackernews:9331665,hackernews,en,INFORMATION_SEEKING,$1580.80,price|plant_health|light|equipment|sensors|hydroponic_kit
hackernews:9331665,hackernews,en,INFORMATION_SEEKING,$2706.25,price|plant_health|light|equipment|sensors|hydroponic_kit
hackernews:9331665,hackernews,en,INFORMATION_SEEKING,$ 1580.80,price|plant_health|light|equipment|sensors|hydroponic_kit
hackernews:9331665,hackernews,en,INFORMATION_SEEKING,$1125.45,price|plant_health|light|equipment|sensors|hydroponic_kit
lemmy:https://discuss.tchncs.de/post/34016814,lemmy,en,INFORMATION_SEEKING,$10,price|equipment|hydroponic_kit
lemmy:https://ibbit.at/post/113607,lemmy,en,ABANDONMENT_FRUSTRATION,$13.99,ease_of_use|price|nutrients|pH|water|temperature|growing_media|sustainability
lemmy:https://lemm.ee/comment/9907369,lemmy,en,INFORMATION_SEEKING,rp012,ease_of_use|price|sustainability
lemmy:https://lemm.ee/comment/9907369,lemmy,en,INFORMATION_SEEKING,rp01,ease_of_use|price|sustainability
lemmy:https://lemmy.blahaj.zone/comment/22452622,lemmy,en,RECOMMENDATION,$18,price|temperature|plant_health
lemmy:https://lemmy.ca/comment/20250334,lemmy,en,AWARENESS,$300,price
lemmy:https://lemmy.ca/comment/3016274,lemmy,en,AWARENESS,$5,price|equipment|sensors
lemmy:https://lemmy.ca/post/17076388,lemmy,en,AWARENESS,$1.5,ease_of_use|price|water
lemmy:https://lemmy.ca/post/17076388,lemmy,en,AWARENESS,$3,ease_of_use|price|water
lemmy:https://lemmy.cafe/comment/18604589,lemmy,en,AWARENESS,$3,price|hydroponic_kit
lemmy:https://lemmy.cafe/comment/18604589,lemmy,en,AWARENESS,$6,price|hydroponic_kit
lemmy:https://lemmy.dbzer0.com/comment/944601,lemmy,en,AWARENESS,"$10,",price|equipment
lemmy:https://lemmy.sedimentarymountains.com/comment/1553770,lemmy,en,INFORMATION_SEEKING,"$18,000",price|nutrients|temperature|oxygen|automation
lemmy:https://lemmy.world/comment/20046408,lemmy,en,POST_PURCHASE,$100,price
lemmy:https://lemmy.world/comment/23189852,lemmy,en,INSPIRATION,$80.,price|nutrients|sustainability
lemmy:https://lemmy.world/comment/4648658,lemmy,en,PURCHASE_EXPLORATION,$1000,price|maintenance|water|temperature
lemmy:https://lemmy.world/comment/9296713,lemmy,en,INFORMATION_SEEKING,$30,price|nutrients|water|sustainability
lemmy:https://lemmy.world/post/1953789,lemmy,en,COMPARISON,$350,price|equipment
lemmy:https://lemmy.world/post/1953789,lemmy,en,COMPARISON,$50,price|equipment
lemmy:https://lemmy.world/post/1953789,lemmy,en,COMPARISON,$5,price|equipment
lemmy:https://lemmy.world/post/32068636,lemmy,en,AWARENESS,$5,price
lemmy:https://lemmy.world/post/6983676,lemmy,en,AWARENESS,$75,price
lemmy:https://lemmy.world/post/6983676,lemmy,en,AWARENESS,$7.95,price
lemmy:https://pawb.social/comment/12900044,lemmy,en,INSPIRATION,$35,price|light
lemmy:https://pawb.social/comment/17117997,lemmy,en,AWARENESS,$5,price
lemmy:https://piefed.social/comment/9389397,lemmy,en,COMPARISON,$7,price|nutrients|temperature|sustainability
lemmy:https://slrpnk.net/comment/11870743,lemmy,en,RECOMMENDATION,$10,price|nutrients|water|support
lemmy:https://slrpnk.net/comment/11870743,lemmy,en,RECOMMENDATION,"$10,",price|nutrients|water|support
lemmy:https://slrpnk.net/comment/16905061,lemmy,en,PROBLEM_SOLVING,20 bucks,ease_of_use|price|nutrients|pH|EC_TDS|water|oxygen|equipment
lemmy:https://slrpnk.net/post/10157834,lemmy,en,PURCHASE_EXPLORATION,$50,ease_of_use|price|maintenance|nutrients|water|plant_health|equipment|automation|sustainability
lemmy:https://slrpnk.net/post/11733475,lemmy,en,PROBLEM_SOLVING,$31,ease_of_use|price|nutrients|water|temperature|plant_health|equipment|sensors|sustainability
mastodon:https://infosec.exchange/users/tinker/statuses/111217124284445399,mastodon,en,AWARENESS,$3,price|nutrients|water|equipment
mastodon:https://infosec.exchange/users/tinker/statuses/111217159773982455,mastodon,en,INFORMATION_SEEKING,$10,price|nutrients|water|light|equipment|AI|sustainability
mastodon:https://infosec.exchange/users/tinker/statuses/111217159773982455,mastodon,en,INFORMATION_SEEKING,$3,price|nutrients|water|light|equipment|AI|sustainability
mastodon:https://infosec.exchange/users/tinker/statuses/111217159773982455,mastodon,en,INFORMATION_SEEKING,$10,price|nutrients|water|light|equipment|AI|sustainability
mastodon:https://infosec.exchange/users/tinker/statuses/111285902441359459,mastodon,en,INFORMATION_SEEKING,$3,price|maintenance|water|oxygen|equipment
mastodon:https://infosec.exchange/users/tinker/statuses/111321153719012419,mastodon,en,INFORMATION_SEEKING,$11,ease_of_use|price|maintenance|equipment
mastodon:https://infosec.exchange/users/tinker/statuses/111324821910423833,mastodon,en,RECOMMENDATION,$1,price|plant_health|equipment|sustainability
mastodon:https://infosec.exchange/users/tinker/statuses/111325446643672526,mastodon,en,AWARENESS,$10.,price|light|automation
mastodon:https://infosec.exchange/users/tinker/statuses/111325446643672526,mastodon,en,AWARENESS,$1,price|light|automation
mastodon:https://infosec.exchange/users/tinker/statuses/111367310222114354,mastodon,en,INSPIRATION,$10,price|nutrients|light|growing_media
mastodon:https://infosec.exchange/users/tinker/statuses/111367310222114354,mastodon,en,INSPIRATION,$3,price|nutrients|light|growing_media
mastodon:https://infosec.exchange/users/tinker/statuses/111367310222114354,mastodon,en,INSPIRATION,$1,price|nutrients|light|growing_media
mastodon:https://infosec.exchange/users/tinker/statuses/111367310222114354,mastodon,en,INSPIRATION,$11,price|nutrients|light|growing_media
mastodon:https://infosec.exchange/users/tinker/statuses/111367310222114354,mastodon,en,INSPIRATION,$10,price|nutrients|light|growing_media
mastodon:https://infosec.exchange/users/tinker/statuses/111367310222114354,mastodon,en,INSPIRATION,$3,price|nutrients|light|growing_media
mastodon:https://infosec.exchange/users/tinker/statuses/111367310222114354,mastodon,en,INSPIRATION,$17,price|nutrients|light|growing_media
mastodon:https://infosec.exchange/users/tinker/statuses/111367310222114354,mastodon,en,INSPIRATION,$35,price|nutrients|light|growing_media
mastodon:https://infosec.exchange/users/tinker/statuses/111591235275486648,mastodon,en,RECOMMENDATION,$10.,price|maintenance|nutrients|water|light|sensors|growing_media
mastodon:https://infosec.exchange/users/tinker/statuses/111591235275486648,mastodon,en,RECOMMENDATION,$15,price|maintenance|nutrients|water|light|sensors|growing_media
mastodon:https://infosec.exchange/users/tinker/statuses/111591235275486648,mastodon,en,RECOMMENDATION,$20,price|maintenance|nutrients|water|light|sensors|growing_media
mastodon:https://infosec.exchange/users/tinker/statuses/112164392670338644,mastodon,en,INFORMATION_SEEKING,$10,ease_of_use|price|maintenance|equipment|sensors|automation
mastodon:https://infosec.exchange/users/tinker/statuses/112264656409011661,mastodon,en,AWARENESS,$4,price|maintenance
mastodon:https://infosec.exchange/users/tinker/statuses/112265189163691469,mastodon,en,AWARENESS,$3,price|water|equipment
mastodon:https://m.ai6yr.org/users/ai6yr/statuses/112439792700150678,mastodon,en,INFORMATION_SEEKING,$3.25,price|plant_health
mastodon:https://mastodon.social/users/Budget101/statuses/113988525305297807,mastodon,en,RECOMMENDATION,$5,price|water|sustainability
mastodon:https://mastodon.social/users/insanitypeppers/statuses/110827212189685964,mastodon,en,AWARENESS,8 bucks,light|growing_media|hydroponic_kit
mastodon:https://mastodon.social/users/marcusjenkins/statuses/111550721461412782,mastodon,en,AWARENESS,$550,price|equipment
mastodon:https://mastodon.xyz/users/belcher/statuses/113148830300114849,mastodon,en,POST_PURCHASE,$15,price|nutrients|growing_media
mastodon:https://mstdn.games/users/sapphire/statuses/115307586973539536,mastodon,en,POST_PURCHASE,$400,price|water|hydroponic_kit
mastodon:https://mstdn.games/users/sapphire/statuses/115307586973539536,mastodon,en,POST_PURCHASE,$70.,price|water|hydroponic_kit
mastodon:https://noagendasocial.com/users/Klaatu/statuses/109285363847063712,mastodon,en,UNKNOWN,$48.27,price
mastodon:https://noagendasocial.com/users/Klaatu/statuses/110211280770165167,mastodon,en,PROBLEM_SOLVING,$8,price
mastodon:https://noagendasocial.com/users/Klaatu/statuses/110211280770165167,mastodon,en,PROBLEM_SOLVING,$8,price
mastodon:https://noagendasocial.com/users/Klaatu/statuses/110829866308261742,mastodon,en,AWARENESS,$25.91,price|light|hydroponic_kit
mastodon:https://universeodon.com/users/SpaceAgeDruid/statuses/109382693241857673,mastodon,en,INFORMATION_SEEKING,$40.,price|nutrients|water|equipment
mastodon:https://venera.social/objects/85a863ed-2064-3b2b-056b-a32233846410,mastodon,en,AWARENESS,$59.99,price|nutrients
mastodon:https://vive.im/users/afg/statuses/116638883986630510,mastodon,en,AWARENESS,$5,price
mastodon:https://vive.im/users/afg/statuses/116942820106198875,mastodon,en,AWARENESS,$0.92,price
mastodon:https://vive.im/users/afg/statuses/116986474910050411,mastodon,en,INSPIRATION,$78.,price|equipment
mastodon:https://vive.im/users/afg/statuses/116986474910050411,mastodon,en,INSPIRATION,$0.21,price|equipment
mastodon:https://vive.im/users/afg/statuses/117236874830140928,mastodon,en,UNKNOWN,$30,price|software_app|hydroponic_kit
reddit:t1_c34horb,reddit,en,UNKNOWN,$20,price|nutrients
reddit:t1_c4o0pp5,reddit,en,PROBLEM_SOLVING,$60,ease_of_use|price|nutrients|oxygen|equipment|automation|sustainability
reddit:t1_c5j8fjv,reddit,en,RECOMMENDATION,$90,ease_of_use|price|light|equipment
reddit:t1_c5j8fjv,reddit,en,RECOMMENDATION,$20,ease_of_use|price|light|equipment
reddit:t1_c94chdh,reddit,en,RECOMMENDATION,$2500,price|plant_health|equipment|hydroponic_kit
reddit:t1_ccwcyab,reddit,en,RECOMMENDATION,$500,price|light
reddit:t1_cdf0i4r,reddit,en,UNKNOWN,$50,price|water|oxygen|equipment|growing_media|sustainability
reddit:t1_cdf0i4r,reddit,en,UNKNOWN,$10,price|water|oxygen|equipment|growing_media|sustainability
reddit:t1_cdql0j3,reddit,en,PURCHASE_EXPLORATION,$500,price|temperature|light
reddit:t1_cdql0j3,reddit,en,PURCHASE_EXPLORATION,$50,price|temperature|light
reddit:t1_cdql0j3,reddit,en,PURCHASE_EXPLORATION,$100.,price|temperature|light
reddit:t1_cdql0j3,reddit,en,PURCHASE_EXPLORATION,$110,price|temperature|light
reddit:t1_cdql0j3,reddit,en,PURCHASE_EXPLORATION,$30.,price|temperature|light
reddit:t1_cdql0j3,reddit,en,PURCHASE_EXPLORATION,$240,price|temperature|light
reddit:t1_cdql0j3,reddit,en,PURCHASE_EXPLORATION,$100,price|temperature|light
reddit:t1_cdslbzl,reddit,en,COMPARISON,"$250,000",price|light|support
reddit:t1_cktg3j9,reddit,en,UNKNOWN,$3.00,price
reddit:t1_cqfoflq,reddit,en,RECOMMENDATION,$275,price|equipment
reddit:t1_csi54jj,reddit,en,PROBLEM_SOLVING,$600,price|equipment
reddit:t1_d3pgike,reddit,en,INSPIRATION,$30,ease_of_use|price
reddit:t1_d3pgike,reddit,en,INSPIRATION,$60,ease_of_use|price
reddit:t1_d3pgike,reddit,en,INSPIRATION,$100,ease_of_use|price
reddit:t1_d7bogcc,reddit,en,UNKNOWN,$7,price|water|equipment
reddit:t1_djy5d2e,reddit,en,INFORMATION_SEEKING,$10,ease_of_use|price|nutrients|EC_TDS|water|sensors|hydroponic_kit
reddit:t1_e4zezan,reddit,en,INFORMATION_SEEKING,$1,price|nutrients|water|light|equipment
reddit:t1_e4zezan,reddit,en,INFORMATION_SEEKING,$2,price|nutrients|water|light|equipment
reddit:t1_e4zezan,reddit,en,INFORMATION_SEEKING,$375,price|nutrients|water|light|equipment
reddit:t1_e4zezan,reddit,en,INFORMATION_SEEKING,$750,price|nutrients|water|light|equipment
reddit:t1_eblhgey,reddit,en,INFORMATION_SEEKING,400 bucks,equipment|hydroponic_kit
reddit:t1_eblixij,reddit,en,UNKNOWN,$375.,price
reddit:t1_fvl4d38,reddit,en,INSPIRATION,$109.,price|water|hydroponic_kit
reddit:t1_fvl4d38,reddit,en,INSPIRATION,$560.,price|water|hydroponic_kit
reddit:t1_gprwf4m,reddit,en,UNKNOWN,$50,price|maintenance
reddit:t1_gprwf4m,reddit,en,UNKNOWN,$55,price|maintenance
reddit:t1_gprwf4m,reddit,en,UNKNOWN,$30,price|maintenance
reddit:t1_gprwf4m,reddit,en,UNKNOWN,$35,price|maintenance
reddit:t1_gr9pro3,reddit,en,INSPIRATION,$80...,price|light|software_app
reddit:t1_gr9yvql,reddit,en,RECOMMENDATION,$20,price
reddit:t1_gr9yvql,reddit,en,RECOMMENDATION,$80,price
reddit:t1_gr9z38b,reddit,en,INFORMATION_SEEKING,$50.00.,price|light
reddit:t1_gr9z38b,reddit,en,INFORMATION_SEEKING,$35.,price|light
reddit:t1_gr9z38b,reddit,en,INFORMATION_SEEKING,$50.,price|light
reddit:t1_gra6v8l,reddit,en,UNKNOWN,$100,price|plant_health|light
reddit:t1_gra6v8l,reddit,en,UNKNOWN,20 bucks,price|plant_health|light
reddit:t1_grb9n8o,reddit,en,POST_PURCHASE,$30,price|light
reddit:t1_grb9n8o,reddit,en,POST_PURCHASE,$50,price|light
reddit:t1_grc1nil,reddit,en,INSPIRATION,$35,price|equipment
reddit:t1_gre5sxm,reddit,en,UNKNOWN,$10,price|light
reddit:t1_gre5sxm,reddit,en,UNKNOWN,$5,price|light
reddit:t1_gsxdv5f,reddit,en,UNKNOWN,"$10,",price|maintenance|nutrients
reddit:t1_hq25ra7,reddit,en,PROBLEM_SOLVING,$3,price|temperature|light|hydroponic_kit
reddit:t1_igy1fex,reddit,en,UNKNOWN,7 bucks,oxygen|equipment
reddit:t1_igy1fex,reddit,en,UNKNOWN,30 bucks,oxygen|equipment
reddit:t1_igy1fex,reddit,en,UNKNOWN,20 bucks,oxygen|equipment
reddit:t1_igy3ajg,reddit,en,RECOMMENDATION,$120,price|nutrients|pH|equipment|hydroponic_kit
reddit:t1_igy3ajg,reddit,en,RECOMMENDATION,$30,price|nutrients|pH|equipment|hydroponic_kit
reddit:t1_ih13xda,reddit,en,POST_PURCHASE,$30,price|hydroponic_kit
reddit:t1_iy5zbk6,reddit,en,UNKNOWN,$1000,price|nutrients|water|light
reddit:t1_jhb7fxo,reddit,en,UNKNOWN,$250,price
reddit:t1_jhb7fxo,reddit,en,UNKNOWN,$1.7,price
reddit:t1_k2o3p49,reddit,en,COMPARISON,$3,price
reddit:t1_k2o3p49,reddit,en,COMPARISON,4 dollars,price
reddit:t1_kcyyd7l,reddit,en,AWARENESS,"$2,500.",price|water|light|equipment
reddit:t1_mopahmc,reddit,en,RECOMMENDATION,$50,price
reddit:t1_n8a9k4q,reddit,en,PROBLEM_SOLVING,$10,price|sustainability
reddit:t1_nmpvx9o,reddit,en,PURCHASE_EXPLORATION,400 dollars,price|light|automation|hydroponic_kit
reddit:t1_ojeldxg,reddit,en,PURCHASE_EXPLORATION,$290,price|hydroponic_kit
reddit:t1_ojeldxg,reddit,en,PURCHASE_EXPLORATION,$60,price|hydroponic_kit
reddit:t1_ojeldxg,reddit,en,PURCHASE_EXPLORATION,$40,price|hydroponic_kit
reddit:t1_ojeldxg,reddit,en,PURCHASE_EXPLORATION,$200,price|hydroponic_kit
reddit:t3_1000a8h,reddit,en,PROBLEM_SOLVING,$12,price|maintenance|nutrients|pH|water|sensors|sustainability
reddit:t3_107tjzy,reddit,en,PURCHASE_EXPLORATION,$150,ease_of_use|price|plant_health|light
reddit:t3_107tjzy,reddit,en,PURCHASE_EXPLORATION,$200,ease_of_use|price|plant_health|light
reddit:t3_10d3pc,reddit,en,INFORMATION_SEEKING,$1.42,price|pH|hydroponic_kit
reddit:t3_10d3pc,reddit,en,INFORMATION_SEEKING,$100.,price|pH|hydroponic_kit
reddit:t3_10h963,reddit,en,PURCHASE_EXPLORATION,"$300,",price|light
reddit:t3_11j34bn,reddit,en,INFORMATION_SEEKING,$100,price
reddit:t3_11tcy8u,reddit,en,POST_PURCHASE,"$12,",price|maintenance|water|temperature|sustainability
reddit:t3_11tl4mh,reddit,en,UNKNOWN,16 bucks,growing_media
reddit:t3_11wzwua,reddit,en,INFORMATION_SEEKING,$13,price|pH|EC_TDS
reddit:t3_11wzwua,reddit,en,INFORMATION_SEEKING,$100,price|pH|EC_TDS
reddit:t3_121uu2g,reddit,en,PURCHASE_EXPLORATION,$200,ease_of_use|price
reddit:t3_125478x,reddit,en,PROBLEM_SOLVING,$20,price
reddit:t3_14e16vz,reddit,en,COMPARISON,"$300,",price|hydroponic_kit
reddit:t3_14e16vz,reddit,en,COMPARISON,$298,price|hydroponic_kit
reddit:t3_14ha3x3,reddit,en,UNKNOWN,$25,price
reddit:t3_14ipfmd,reddit,en,PROBLEM_SOLVING,$50,price|maintenance|water
reddit:t3_14lqujy,reddit,en,INFORMATION_SEEKING,$275.,price
reddit:t3_14lqujy,reddit,en,INFORMATION_SEEKING,$585,price
reddit:t3_14xbuy,reddit,en,UNKNOWN,$130,price|automation|hydroponic_kit
reddit:t3_15c1jw,reddit,en,PROBLEM_SOLVING,$300,price|hydroponic_kit
reddit:t3_15c1jw,reddit,en,PROBLEM_SOLVING,$500,price|hydroponic_kit
reddit:t3_15mdow,reddit,en,INFORMATION_SEEKING,$57,price|light
reddit:t3_16liezd,reddit,en,POST_PURCHASE,$2,ease_of_use|price|nutrients|temperature|equipment|sensors
reddit:t3_16liezd,reddit,en,POST_PURCHASE,$3,ease_of_use|price|nutrients|temperature|equipment|sensors
reddit:t3_16n1w87,reddit,en,INFORMATION_SEEKING,$75.,price
reddit:t3_16ung7b,reddit,en,RECOMMENDATION,$66.99,price|maintenance|hydroponic_kit
reddit:t3_16ung7b,reddit,en,RECOMMENDATION,$48.11.,price|maintenance|hydroponic_kit
reddit:t3_16w043s,reddit,en,PURCHASE_EXPLORATION,$525.,price|software_app
reddit:t3_1785ivd,reddit,en,PROBLEM_SOLVING,$ 400,price
reddit:t3_17ckgwj,reddit,en,ABANDONMENT_FRUSTRATION,$100,ease_of_use|price
reddit:t3_17v7c1s,reddit,en,INFORMATION_SEEKING,$589,price|hydroponic_kit
reddit:t3_17v7c1s,reddit,en,INFORMATION_SEEKING,$989.,price|hydroponic_kit
reddit:t3_17wx2qf,reddit,en,UNKNOWN,$60,ease_of_use|price
reddit:t3_17wx3su,reddit,en,UNKNOWN,$2600,price|water
reddit:t3_184t3no,reddit,en,INSPIRATION,$5,price
reddit:t3_18dwecv,reddit,en,PROBLEM_SOLVING,$300,ease_of_use|price|hydroponic_kit
reddit:t3_18q80jl,reddit,en,RECOMMENDATION,$40,price|water|temperature|equipment|automation
reddit:t3_18q80jl,reddit,en,RECOMMENDATION,$100,price|water|temperature|equipment|automation
reddit:t3_18qnnoh,reddit,en,RECOMMENDATION,25 bucks,hydroponic_kit
reddit:t3_18sdxgl,reddit,en,PROBLEM_SOLVING,$330.,price
reddit:t3_18tnp62,reddit,en,PURCHASE_EXPLORATION,$120,price
reddit:t3_18tsea,reddit,en,EXPLICIT_PURCHASE_INTENT,$199,price|sensors|hydroponic_kit
reddit:t3_18tsea,reddit,en,EXPLICIT_PURCHASE_INTENT,$65,price|sensors|hydroponic_kit
reddit:t3_198am70,reddit,en,AWARENESS,$8.23,ease_of_use|price|nutrients|pH|water|temperature
reddit:t3_1abmo6,reddit,en,PROBLEM_SOLVING,$400,price|light
reddit:t3_1akng6,reddit,en,AWARENESS,$80,price
reddit:t3_1b6ucg2,reddit,en,AWARENESS,$558.97,price
reddit:t3_1bgo5x9,reddit,en,PURCHASE_EXPLORATION,$2,ease_of_use|price|water|temperature|light|equipment|automation|sustainability
reddit:t3_1bgo5x9,reddit,en,PURCHASE_EXPLORATION,$7,ease_of_use|price|water|temperature|light|equipment|automation|sustainability
reddit:t3_1bjckww,reddit,en,INFORMATION_SEEKING,$1000,price
reddit:t3_1bmno6v,reddit,en,PURCHASE_EXPLORATION,$40.,price|maintenance|hydroponic_kit
reddit:t3_1bmno6v,reddit,en,PURCHASE_EXPLORATION,$90.,price|maintenance|hydroponic_kit
reddit:t3_1br33r6,reddit,en,INFORMATION_SEEKING,$7.,price
reddit:t3_1bzqew5,reddit,en,INFORMATION_SEEKING,"$5,",price|equipment
reddit:t3_1bzqew5,reddit,en,INFORMATION_SEEKING,$35.,price|equipment
reddit:t3_1c91o5u,reddit,en,PROBLEM_SOLVING,20 dollars,price|maintenance|water|plant_health|sustainability
reddit:t3_1c91o5u,reddit,en,PROBLEM_SOLVING,55 dollars,price|maintenance|water|plant_health|sustainability
reddit:t3_1ce43cf,reddit,en,COMPARISON,"$17,",price|nutrients
reddit:t3_1dg6zpu,reddit,en,UNKNOWN,$30.,price|maintenance|hydroponic_kit
reddit:t3_1di0jpd,reddit,en,UNKNOWN,$20,price
reddit:t3_1dj2xdt,reddit,en,RECOMMENDATION,$40,price|hydroponic_kit
reddit:t3_1dlewix,reddit,en,POST_PURCHASE,$9,price|water|hydroponic_kit
reddit:t3_1dnkta4,reddit,en,UNKNOWN,$25,price
reddit:t3_1dq6j35,reddit,en,PROBLEM_SOLVING,$2.39.,price|temperature|plant_health
reddit:t3_1dsc7m6,reddit,en,EXPLICIT_PURCHASE_INTENT,10 bucks,ease_of_use|EC_TDS|water
reddit:t3_1dsxo2l,reddit,en,EXPLICIT_PURCHASE_INTENT,$45,price|hydroponic_kit
reddit:t3_1dsxo2l,reddit,en,EXPLICIT_PURCHASE_INTENT,$55.,price|hydroponic_kit
reddit:t3_1eb78ie,reddit,en,INFORMATION_SEEKING,$68,price|water
reddit:t3_1esve68,reddit,en,RECOMMENDATION,$3000,price|equipment|hydroponic_kit
reddit:t3_1esve68,reddit,en,RECOMMENDATION,$3,price|equipment|hydroponic_kit
reddit:t3_1fgado6,reddit,en,PURCHASE_EXPLORATION,$800,price|maintenance|water|plant_health|sensors|automation|AI|sustainability|hydroponic_kit
reddit:t3_1fgado6,reddit,en,PURCHASE_EXPLORATION,$800,price|maintenance|water|plant_health|sensors|automation|AI|sustainability|hydroponic_kit
reddit:t3_1firazj,reddit,en,RECOMMENDATION,$20,price
reddit:t3_1fmeciw,reddit,en,PURCHASE_EXPLORATION,$630,price
reddit:t3_1fpmz7c,reddit,en,PROBLEM_SOLVING,$150,price
reddit:t3_1g67dl,reddit,en,RECOMMENDATION,50 USD,price|nutrients|water|plant_health|sustainability|hydroponic_kit
reddit:t3_1g67dl,reddit,en,RECOMMENDATION,$75.,price|nutrients|water|plant_health|sustainability|hydroponic_kit
reddit:t3_1g6zpx,reddit,en,INFORMATION_SEEKING,$180,price|maintenance|light|support
reddit:t3_1g6zpx,reddit,en,INFORMATION_SEEKING,$10,price|maintenance|light|support
reddit:t3_1g6zpx,reddit,en,INFORMATION_SEEKING,$10,price|maintenance|light|support
reddit:t3_1g6zpx,reddit,en,INFORMATION_SEEKING,$30,price|maintenance|light|support
reddit:t3_1h2g20,reddit,en,POST_PURCHASE,$75,price|nutrients|water|equipment|sensors|sustainability
reddit:t3_1hp3shs,reddit,en,INFORMATION_SEEKING,$500,price|support|hydroponic_kit
reddit:t3_1hzhnba,reddit,en,INFORMATION_SEEKING,$1,ease_of_use|price|maintenance
reddit:t3_1hzhnba,reddit,en,INFORMATION_SEEKING,$30,ease_of_use|price|maintenance
reddit:t3_1hzhnba,reddit,en,INFORMATION_SEEKING,$150,ease_of_use|price|maintenance
reddit:t3_1hzhnba,reddit,en,INFORMATION_SEEKING,$16,ease_of_use|price|maintenance
reddit:t3_1ig43w3,reddit,en,INFORMATION_SEEKING,$5.79.,price|light
reddit:t3_1ig43w3,reddit,en,INFORMATION_SEEKING,$9.79,price|light
reddit:t3_1itbudf,reddit,en,UNKNOWN,$4,price|equipment|growing_media|hydroponic_kit
reddit:t3_1j0sot,reddit,en,INFORMATION_SEEKING,$75,price
reddit:t3_1jcbac,reddit,en,AWARENESS,$300.,price
reddit:t3_1jju43p,reddit,en,PROBLEM_SOLVING,$300,price|automation|hydroponic_kit
reddit:t3_1jnn6rl,reddit,en,INFORMATION_SEEKING,$350,price|water|equipment|automation
reddit:t3_1jnrtxe,reddit,en,INSPIRATION,$4,price|nutrients|temperature|growing_media
reddit:t3_1jog6ib,reddit,en,INFORMATION_SEEKING,"$65,",price
reddit:t3_1jrmxkq,reddit,en,EXPLICIT_PURCHASE_INTENT,$100,price|water|automation|hydroponic_kit
reddit:t3_1jrmxkq,reddit,en,EXPLICIT_PURCHASE_INTENT,$100,price|water|automation|hydroponic_kit
reddit:t3_1jrmxkq,reddit,en,EXPLICIT_PURCHASE_INTENT,$100,price|water|automation|hydroponic_kit
reddit:t3_1js8xlf,reddit,en,INFORMATION_SEEKING,$15,price|pH|sensors|hydroponic_kit
reddit:t3_1js8xlf,reddit,en,INFORMATION_SEEKING,$100,price|pH|sensors|hydroponic_kit
reddit:t3_1lctvq0,reddit,en,INFORMATION_SEEKING,$349.99.,price
reddit:t3_1lctvq0,reddit,en,INFORMATION_SEEKING,"$399.95,",price
reddit:t3_1lctvq0,reddit,en,INFORMATION_SEEKING,$50,price
reddit:t3_1ldc9r7,reddit,en,INSPIRATION,$10.,price|maintenance|hydroponic_kit
reddit:t3_1lk2bb1,reddit,en,ABANDONMENT_FRUSTRATION,$300,price|equipment|growing_media
reddit:t3_1lk2bb1,reddit,en,ABANDONMENT_FRUSTRATION,$3,price|equipment|growing_media
reddit:t3_1m6uiuv,reddit,en,AWARENESS,$20,ease_of_use|price|maintenance|temperature|light|equipment
reddit:t3_1maphu1,reddit,en,COMPARISON,$15.49,price|growing_media
reddit:t3_1maphu1,reddit,en,COMPARISON,$17.49,price|growing_media
reddit:t3_1maphu1,reddit,en,COMPARISON,$5.52,price|growing_media
reddit:t3_1maphu1,reddit,en,COMPARISON,$8.5,price|growing_media
reddit:t3_1maphu1,reddit,en,COMPARISON,$12.83,price|growing_media
reddit:t3_1maphu1,reddit,en,COMPARISON,$14.28,price|growing_media
reddit:t3_1maphu1,reddit,en,COMPARISON,$12.50,price|growing_media
reddit:t3_1mvin9z,reddit,en,AWARENESS,$10,price
reddit:t3_1mvin9z,reddit,en,AWARENESS,$25,price
reddit:t3_1mvin9z,reddit,en,AWARENESS,$10.,price
reddit:t3_1n6ffp,reddit,en,PURCHASE_EXPLORATION,$110,price|EC_TDS|water|sensors
reddit:t3_1n75isj,reddit,en,POST_PURCHASE,$64,price
reddit:t3_1nczvf1,reddit,en,INFORMATION_SEEKING,$100,price|hydroponic_kit
reddit:t3_1nqgksz,reddit,en,INSPIRATION,80 bucks,equipment
reddit:t3_1nry8wy,reddit,en,AWARENESS,$500,price|water|equipment|automation
reddit:t3_1ns0erz,reddit,en,INFORMATION_SEEKING,$800,ease_of_use|price|maintenance|hydroponic_kit
reddit:t3_1nttpby,reddit,en,RECOMMENDATION,$17,ease_of_use|price|maintenance|nutrients|pH|water|temperature|plant_health|equipment|sustainability
reddit:t3_1nttpby,reddit,en,RECOMMENDATION,$8.48,ease_of_use|price|maintenance|nutrients|pH|water|temperature|plant_health|equipment|sustainability
reddit:t3_1nttpby,reddit,en,RECOMMENDATION,$0.10,ease_of_use|price|maintenance|nutrients|pH|water|temperature|plant_health|equipment|sustainability
reddit:t3_1nttpby,reddit,en,RECOMMENDATION,$0.37,ease_of_use|price|maintenance|nutrients|pH|water|temperature|plant_health|equipment|sustainability
reddit:t3_1nttpby,reddit,en,RECOMMENDATION,$3.50,ease_of_use|price|maintenance|nutrients|pH|water|temperature|plant_health|equipment|sustainability
reddit:t3_1nttpby,reddit,en,RECOMMENDATION,$4.50,ease_of_use|price|maintenance|nutrients|pH|water|temperature|plant_health|equipment|sustainability
reddit:t3_1nttpby,reddit,en,RECOMMENDATION,$16.95,ease_of_use|price|maintenance|nutrients|pH|water|temperature|plant_health|equipment|sustainability
reddit:t3_1omdkcm,reddit,en,INFORMATION_SEEKING,$400,price|plant_health|light
reddit:t3_1p9bf5z,reddit,en,PROBLEM_SOLVING,$205.,price|hydroponic_kit
reddit:t3_1p9pess,reddit,en,UNKNOWN,$30,price|water|hydroponic_kit
reddit:t3_1p9pess,reddit,en,UNKNOWN,$30,price|water|hydroponic_kit
reddit:t3_1pk0tjz,reddit,en,PROBLEM_SOLVING,$10,price|maintenance|temperature|automation|hydroponic_kit
reddit:t3_1pk3gvz,reddit,en,PROBLEM_SOLVING,$500,ease_of_use|price|maintenance|nutrients|water|temperature|light|equipment|automation|sustainability
reddit:t3_1pk3gvz,reddit,en,PROBLEM_SOLVING,$600,ease_of_use|price|maintenance|nutrients|water|temperature|light|equipment|automation|sustainability
reddit:t3_1pk3gvz,reddit,en,PROBLEM_SOLVING,$230,ease_of_use|price|maintenance|nutrients|water|temperature|light|equipment|automation|sustainability
reddit:t3_1pk3gvz,reddit,en,PROBLEM_SOLVING,$10,ease_of_use|price|maintenance|nutrients|water|temperature|light|equipment|automation|sustainability
reddit:t3_1pk3gvz,reddit,en,PROBLEM_SOLVING,$18,ease_of_use|price|maintenance|nutrients|water|temperature|light|equipment|automation|sustainability
reddit:t3_1pk3gvz,reddit,en,PROBLEM_SOLVING,$0.50,ease_of_use|price|maintenance|nutrients|water|temperature|light|equipment|automation|sustainability
reddit:t3_1pkjmtm,reddit,en,COMPARISON,"$40,",price|nutrients|water|light|equipment|automation|software_app|hydroponic_kit
reddit:t3_1pkjmtm,reddit,en,COMPARISON,$200,price|nutrients|water|light|equipment|automation|software_app|hydroponic_kit
reddit:t3_1pt5nf4,reddit,en,COMPARISON,$300.,price|nutrients|pH|EC_TDS|water|temperature|light|equipment|sensors
reddit:t3_1pxqevj,reddit,en,PROBLEM_SOLVING,$40,ease_of_use|price|plant_health|equipment
reddit:t3_1pzsyul,reddit,en,AWARENESS,$50,price|equipment|hydroponic_kit
reddit:t3_1pzsyul,reddit,en,AWARENESS,$75,price|equipment|hydroponic_kit
reddit:t3_1pzsyul,reddit,en,AWARENESS,$100,price|equipment|hydroponic_kit
reddit:t3_1pzsyul,reddit,en,AWARENESS,$100,price|equipment|hydroponic_kit
reddit:t3_1pzsyul,reddit,en,AWARENESS,$100,price|equipment|hydroponic_kit
reddit:t3_1qwylcz,reddit,en,INFORMATION_SEEKING,90 dollars,equipment
reddit:t3_1r9m8vu,reddit,en,INFORMATION_SEEKING,$50,price|water|sustainability
reddit:t3_1r9m8vu,reddit,en,INFORMATION_SEEKING,$3,price|water|sustainability
reddit:t3_1r9m8vu,reddit,en,INFORMATION_SEEKING,$10,price|water|sustainability
reddit:t3_1r9m8vu,reddit,en,INFORMATION_SEEKING,$45,price|water|sustainability
reddit:t3_1r9m8vu,reddit,en,INFORMATION_SEEKING,$800.,price|water|sustainability
reddit:t3_1r9m8vu,reddit,en,INFORMATION_SEEKING,$5,price|water|sustainability
reddit:t3_1r9m8vu,reddit,en,INFORMATION_SEEKING,$200,price|water|sustainability
reddit:t3_1r9m8vu,reddit,en,INFORMATION_SEEKING,$3.2,price|water|sustainability
reddit:t3_1r9m8vu,reddit,en,INFORMATION_SEEKING,$1,price|water|sustainability
reddit:t3_1r9m8vu,reddit,en,INFORMATION_SEEKING,$500,price|water|sustainability
reddit:t3_1retici,reddit,en,INFORMATION_SEEKING,$75,ease_of_use|price|water|equipment|hydroponic_kit
reddit:t3_1retici,reddit,en,INFORMATION_SEEKING,$300,ease_of_use|price|water|equipment|hydroponic_kit
reddit:t3_1retici,reddit,en,INFORMATION_SEEKING,$50,ease_of_use|price|water|equipment|hydroponic_kit
reddit:t3_1retici,reddit,en,INFORMATION_SEEKING,$25,ease_of_use|price|water|equipment|hydroponic_kit
reddit:t3_1retici,reddit,en,INFORMATION_SEEKING,$75,ease_of_use|price|water|equipment|hydroponic_kit
reddit:t3_1rkqpxd,reddit,en,AWARENESS,$25,price|hydroponic_kit
reddit:t3_1rkqpxd,reddit,en,AWARENESS,$25,price|hydroponic_kit
reddit:t3_1rkqpxd,reddit,en,AWARENESS,$15,price|hydroponic_kit
reddit:t3_1rr5r8u,reddit,en,POST_PURCHASE,$9,price|growing_media
reddit:t3_1rr5r8u,reddit,en,POST_PURCHASE,$10,price|growing_media
reddit:t3_1rr5r8u,reddit,en,POST_PURCHASE,$8.,price|growing_media
reddit:t3_1rtvhvu,reddit,en,UNKNOWN,$10,price
reddit:t3_1rty1ms,reddit,en,ABANDONMENT_FRUSTRATION,$25,price|hydroponic_kit
reddit:t3_1s6frjs,reddit,en,INFORMATION_SEEKING,$15.,price
reddit:t3_1s7wwbm,reddit,en,POST_PURCHASE,$30.,ease_of_use|price|maintenance|nutrients|pH|EC_TDS|water|temperature|plant_health|equipment|growing_media
reddit:t3_1s820r9,reddit,en,COMPARISON,$25,ease_of_use|price|nutrients|plant_health|equipment|growing_media
reddit:t3_1s820r9,reddit,en,COMPARISON,$15,ease_of_use|price|nutrients|plant_health|equipment|growing_media
reddit:t3_1s820r9,reddit,en,COMPARISON,$ 8,ease_of_use|price|nutrients|plant_health|equipment|growing_media
reddit:t3_1s820r9,reddit,en,COMPARISON,$16,ease_of_use|price|nutrients|plant_health|equipment|growing_media
reddit:t3_1s820r9,reddit,en,COMPARISON,$11.1,ease_of_use|price|nutrients|plant_health|equipment|growing_media
reddit:t3_1s820r9,reddit,en,COMPARISON,$24.99,ease_of_use|price|nutrients|plant_health|equipment|growing_media
reddit:t3_1s820r9,reddit,en,COMPARISON,$39.99,ease_of_use|price|nutrients|plant_health|equipment|growing_media
reddit:t3_1s820r9,reddit,en,COMPARISON,$59.99,ease_of_use|price|nutrients|plant_health|equipment|growing_media
reddit:t3_1s820r9,reddit,en,COMPARISON,$41.99,ease_of_use|price|nutrients|plant_health|equipment|growing_media
reddit:t3_1s820r9,reddit,en,COMPARISON,$35.00,ease_of_use|price|nutrients|plant_health|equipment|growing_media
reddit:t3_1s9lucj,reddit,en,INFORMATION_SEEKING,$150,price|equipment
reddit:t3_1s9lucj,reddit,en,INFORMATION_SEEKING,$400,price|equipment
reddit:t3_1syqowa,reddit,en,AWARENESS,$70,price|equipment|automation
reddit:t3_1t8wr3b,reddit,en,PROBLEM_SOLVING,$50,price|maintenance|equipment
reddit:t3_1td2bn7,reddit,en,AWARENESS,"$1,060",price|nutrients|light|automation|software_app
reddit:t3_1tg2pjf,reddit,en,UNKNOWN,$30,price|temperature|sustainability|hydroponic_kit
reddit:t3_1tn324m,reddit,en,AWARENESS,$100,price|plant_health|sustainability
reddit:t3_1tudsi,reddit,en,PURCHASE_EXPLORATION,$300,price|temperature|light
reddit:t3_1tudsi,reddit,en,PURCHASE_EXPLORATION,$150,price|temperature|light
reddit:t3_1tudsi,reddit,en,PURCHASE_EXPLORATION,$25,price|temperature|light
reddit:t3_1tudsi,reddit,en,PURCHASE_EXPLORATION,$35,price|temperature|light
reddit:t3_1u63388,reddit,en,PROBLEM_SOLVING,$120,price|hydroponic_kit
reddit:t3_1ugh517,reddit,en,COMPARISON,$84,ease_of_use|price|maintenance|plant_health|equipment|growing_media|sustainability|hydroponic_kit
reddit:t3_1ugh517,reddit,en,COMPARISON,$400,ease_of_use|price|maintenance|plant_health|equipment|growing_media|sustainability|hydroponic_kit
reddit:t3_1uhu247,reddit,en,RECOMMENDATION,$300,price|nutrients|water|temperature|oxygen|plant_health|equipment|AI
reddit:t3_1ujp37l,reddit,en,PROBLEM_SOLVING,$30.,price|hydroponic_kit
reddit:t3_1vso3dr,reddit,en,PROBLEM_SOLVING,$20,price|maintenance|nutrients|pH|EC_TDS|water|temperature|oxygen|plant_health|light|sensors
reddit:t3_1vvmn79,reddit,en,COMPARISON,$200.,price|sustainability|hydroponic_kit
reddit:t3_1vvnflr,reddit,en,INFORMATION_SEEKING,$0.49,ease_of_use|price|equipment|hydroponic_kit
reddit:t3_1w17ppj,reddit,en,EXPLICIT_PURCHASE_INTENT,$7,price|maintenance|light|automation|hydroponic_kit
reddit:t3_1wk6yay,reddit,en,UNKNOWN,$1,price
reddit:t3_1wm9bja,reddit,en,INSPIRATION,$150,price|light|equipment|automation|growing_media
reddit:t3_1wmiy5t,reddit,en,INFORMATION_SEEKING,$17,ease_of_use|price|maintenance|temperature|plant_health|equipment|support
reddit:t3_1wmou1c,reddit,en,INFORMATION_SEEKING,$50,price|water|temperature
reddit:t3_1wqbht5,reddit,en,UNKNOWN,$1,price
reddit:t3_1wsx5n2,reddit,en,UNKNOWN,$15,price|oxygen|equipment|sustainability
reddit:t3_1wtsr47,reddit,en,AWARENESS,$12,price|water|temperature|oxygen|equipment
reddit:t3_1wvw711,reddit,en,COMPARISON,"$1,130",ease_of_use|price|maintenance|equipment|support
reddit:t3_1wvw711,reddit,en,COMPARISON,$790,ease_of_use|price|maintenance|equipment|support
reddit:t3_1wxax13,reddit,en,UNKNOWN,"$2,450",ease_of_use|price|equipment|automation
reddit:t3_1wxoqkb,reddit,en,EXPLICIT_PURCHASE_INTENT,$200...,price|pH|water|temperature|oxygen|plant_health|light|equipment|automation
reddit:t3_1ygu7m,reddit,en,COMPARISON,$60,price|light
reddit:t3_1ygu7m,reddit,en,COMPARISON,$250.,price|light
reddit:t3_1ygu7m,reddit,en,COMPARISON,$150,price|light
reddit:t3_1ygu7m,reddit,en,COMPARISON,$300.,price|light
reddit:t3_1yn366,reddit,en,COMPARISON,$250,price|light
reddit:t3_1yttm2,reddit,en,UNKNOWN,$600...,price|nutrients|pH|automation
reddit:t3_1zunpp,reddit,en,COMPARISON,5 bucks,price|water|equipment|sensors|sustainability
reddit:t3_1zunpp,reddit,en,COMPARISON,3 bucks,price|water|equipment|sensors|sustainability
reddit:t3_20pley,reddit,en,PROBLEM_SOLVING,$15.,price|nutrients|equipment|growing_media
reddit:t3_21f764,reddit,en,PROBLEM_SOLVING,$150.,price
reddit:t3_21m6pf,reddit,en,UNKNOWN,60 dollars,water|equipment
reddit:t3_21m6pf,reddit,en,UNKNOWN,80 dollars,water|equipment
reddit:t3_292fa8,reddit,en,PROBLEM_SOLVING,$75,price|water|automation
reddit:t3_292v7z,reddit,en,UNKNOWN,$14,price|nutrients|light
reddit:t3_2d565z,reddit,en,POST_PURCHASE,$12,price
reddit:t3_2d9ebw,reddit,en,RECOMMENDATION,$300,ease_of_use|price|temperature
reddit:t3_2fgwrp,reddit,en,INFORMATION_SEEKING,$350,price|light
reddit:t3_2fyn1r,reddit,en,INFORMATION_SEEKING,$3,price|light|sensors
reddit:t3_2gsdo9,reddit,en,INFORMATION_SEEKING,$10.99.,price|pH
reddit:t3_2mu820,reddit,en,AWARENESS,$5,price|temperature
reddit:t3_2orvta,reddit,en,PROBLEM_SOLVING,$80,price|pH|EC_TDS|temperature|automation|software_app
reddit:t3_2vmc5o,reddit,en,RECOMMENDATION,$1000.,price|temperature
reddit:t3_2w7spc,reddit,en,INFORMATION_SEEKING,23USD,price|pH|sensors
reddit:t3_2yg5q7,reddit,en,UNKNOWN,$10,price|nutrients|oxygen|equipment
reddit:t3_2yg5q7,reddit,en,UNKNOWN,$10.,price|nutrients|oxygen|equipment
reddit:t3_2zw253,reddit,en,INFORMATION_SEEKING,$80,price|light
reddit:t3_30yywd,reddit,en,PURCHASE_EXPLORATION,50 bucks,nutrients|pH|light
reddit:t3_36744n,reddit,en,INFORMATION_SEEKING,000 USD,price|pH|EC_TDS|water|temperature|equipment|sensors|automation|software_app
reddit:t3_39nu8n,reddit,en,EXPLICIT_PURCHASE_INTENT,$950,price|nutrients|pH|EC_TDS|oxygen|plant_health|equipment|sensors|growing_media|sustainability
reddit:t3_39nu8n,reddit,en,EXPLICIT_PURCHASE_INTENT,$700,price|nutrients|pH|EC_TDS|oxygen|plant_health|equipment|sensors|growing_media|sustainability
reddit:t3_3aveqe,reddit,en,COMPARISON,"$10,",price|nutrients|hydroponic_kit
reddit:t3_3aveqe,reddit,en,COMPARISON,$20,price|nutrients|hydroponic_kit
reddit:t3_3ayhbr,reddit,en,PROBLEM_SOLVING,$10,price|plant_health|sustainability
reddit:t3_3ayhbr,reddit,en,PROBLEM_SOLVING,$15,price|plant_health|sustainability
reddit:t3_3azu8d,reddit,en,PROBLEM_SOLVING,$600,ease_of_use|price|equipment|sustainability
reddit:t3_3baq07,reddit,en,PROBLEM_SOLVING,$50,price
reddit:t3_3baq07,reddit,en,PROBLEM_SOLVING,$150,price
reddit:t3_3d4mmy,reddit,en,POST_PURCHASE,$99,price|light
reddit:t3_3d4mmy,reddit,en,POST_PURCHASE,$159,price|light
reddit:t3_3fbu6q,reddit,en,PURCHASE_EXPLORATION,$45,price|light
reddit:t3_3gh42e,reddit,en,PROBLEM_SOLVING,$99,price|pH|EC_TDS|water
reddit:t3_3hcmgv,reddit,en,PURCHASE_EXPLORATION,$20,price
reddit:t3_3hcmgv,reddit,en,PURCHASE_EXPLORATION,$30.,price
reddit:t3_3hnqy5,reddit,en,INFORMATION_SEEKING,110 dollars,price|plant_health|equipment|sustainability
reddit:t3_3hnqy5,reddit,en,INFORMATION_SEEKING,24 dollars,price|plant_health|equipment|sustainability
reddit:t3_3hnqy5,reddit,en,INFORMATION_SEEKING,110 bucks,price|plant_health|equipment|sustainability
reddit:t3_3hnqy5,reddit,en,INFORMATION_SEEKING,20 dollars,price|plant_health|equipment|sustainability
reddit:t3_3hvi0s,reddit,en,POST_PURCHASE,$2,price|light|automation
reddit:t3_3ky8tg,reddit,en,AWARENESS,$1000,price|water|light|growing_media|sustainability
reddit:t3_3tsfry,reddit,en,COMPARISON,$14,price|pH|water|sensors|hydroponic_kit
reddit:t3_3tsfry,reddit,en,COMPARISON,$20,price|pH|water|sensors|hydroponic_kit
reddit:t3_3tsfry,reddit,en,COMPARISON,$12,price|pH|water|sensors|hydroponic_kit
reddit:t3_3tsfry,reddit,en,COMPARISON,$22,price|pH|water|sensors|hydroponic_kit
reddit:t3_3tsfry,reddit,en,COMPARISON,$50,price|pH|water|sensors|hydroponic_kit
reddit:t3_3tsfry,reddit,en,COMPARISON,$12,price|pH|water|sensors|hydroponic_kit
reddit:t3_3tsfry,reddit,en,COMPARISON,$20,price|pH|water|sensors|hydroponic_kit
reddit:t3_3tssss,reddit,en,INFORMATION_SEEKING,000USD,price|equipment|sustainability
reddit:t3_3v5v8q,reddit,en,COMPARISON,$1000,price|light
reddit:t3_3v853e,reddit,en,RECOMMENDATION,$50,price
reddit:t3_3ybg5c,reddit,en,INFORMATION_SEEKING,$15,ease_of_use|price|temperature|equipment
reddit:t3_3ybg5c,reddit,en,INFORMATION_SEEKING,$15,ease_of_use|price|temperature|equipment
reddit:t3_45s5qs,reddit,en,PROBLEM_SOLVING,$20.,price|maintenance|plant_health|hydroponic_kit
reddit:t3_45xow9,reddit,en,POST_PURCHASE,$89.00,price|pH|sensors|support
reddit:t3_48tf34,reddit,en,INFORMATION_SEEKING,$5.,price
reddit:t3_49okcc,reddit,en,INFORMATION_SEEKING,$150,price|light|growing_media
reddit:t3_49okcc,reddit,en,INFORMATION_SEEKING,$500,price|light|growing_media
reddit:t3_4bktme,reddit,en,INFORMATION_SEEKING,$60,ease_of_use|price|water|equipment|automation
reddit:t3_4bktme,reddit,en,INFORMATION_SEEKING,$24,ease_of_use|price|water|equipment|automation
reddit:t3_4bktme,reddit,en,INFORMATION_SEEKING,$10,ease_of_use|price|water|equipment|automation
reddit:t3_4bktme,reddit,en,INFORMATION_SEEKING,$850,ease_of_use|price|water|equipment|automation
reddit:t3_4bktme,reddit,en,INFORMATION_SEEKING,$25,ease_of_use|price|water|equipment|automation
reddit:t3_4bktme,reddit,en,INFORMATION_SEEKING,$45,ease_of_use|price|water|equipment|automation
reddit:t3_4bktme,reddit,en,INFORMATION_SEEKING,$140,ease_of_use|price|water|equipment|automation
reddit:t3_4bktme,reddit,en,INFORMATION_SEEKING,$60,ease_of_use|price|water|equipment|automation
reddit:t3_4bktme,reddit,en,INFORMATION_SEEKING,$35,ease_of_use|price|water|equipment|automation
reddit:t3_4bktme,reddit,en,INFORMATION_SEEKING,$6,ease_of_use|price|water|equipment|automation
reddit:t3_4bktme,reddit,en,INFORMATION_SEEKING,$1255,ease_of_use|price|water|equipment|automation
reddit:t3_4jrx9a,reddit,en,PURCHASE_EXPLORATION,400 dollars,temperature
reddit:t3_4k6kp2,reddit,id,INFORMATION_SEEKING,"Rp 97,2",price
reddit:t3_4m68bq,reddit,en,PROBLEM_SOLVING,$200,ease_of_use|price|hydroponic_kit
reddit:t3_4pimf5,reddit,en,INFORMATION_SEEKING,$90,price|nutrients|EC_TDS|water|sensors
reddit:t3_4qitf2,reddit,en,INSPIRATION,$2,price|maintenance|plant_health|equipment
reddit:t3_4va6j4,reddit,en,PURCHASE_EXPLORATION,$150,ease_of_use|price|light|equipment|hydroponic_kit
reddit:t3_4wdix0,reddit,en,PROBLEM_SOLVING,$50,ease_of_use|price|light
reddit:t3_4wdix0,reddit,en,PROBLEM_SOLVING,$50,ease_of_use|price|light
reddit:t3_4wdix0,reddit,en,PROBLEM_SOLVING,$22,ease_of_use|price|light
reddit:t3_4ysek0,reddit,en,PURCHASE_EXPLORATION,$5,price|nutrients|plant_health
reddit:t3_50l32s,reddit,en,UNKNOWN,$15,ease_of_use|price|maintenance|pH|EC_TDS|sensors|hydroponic_kit
reddit:t3_50l32s,reddit,en,UNKNOWN,$200,ease_of_use|price|maintenance|pH|EC_TDS|sensors|hydroponic_kit
reddit:t3_51jxtg,reddit,en,INFORMATION_SEEKING,"$1,500",ease_of_use|price|maintenance
reddit:t3_51jxtg,reddit,en,INFORMATION_SEEKING,$1500,ease_of_use|price|maintenance
reddit:t3_51jxtg,reddit,en,INFORMATION_SEEKING,$1500,ease_of_use|price|maintenance
reddit:t3_52k89c,reddit,en,COMPARISON,$25,price|pH
reddit:t3_52k89c,reddit,en,COMPARISON,$8.,price|pH
reddit:t3_54um76,reddit,en,PURCHASE_EXPLORATION,"$2,500",ease_of_use|price|maintenance|water|temperature|plant_health|automation|sustainability
reddit:t3_5c5g77,reddit,en,PROBLEM_SOLVING,$80,price|nutrients|pH|equipment
reddit:t3_5cfcwl,reddit,en,RECOMMENDATION,3 dollars,pH|water|plant_health|light|sensors|support|hydroponic_kit
reddit:t3_5cmr27,reddit,en,RECOMMENDATION,$100,price|nutrients|water|light|equipment|automation|sustainability
reddit:t3_5e8e1s,reddit,en,UNKNOWN,"$200,",price|temperature
reddit:t3_5ewnue,reddit,en,INSPIRATION,$99,price|hydroponic_kit
reddit:t3_5f8u4g,reddit,en,UNKNOWN,$46.99,price|light
reddit:t3_5f8u4g,reddit,en,UNKNOWN,$99.99,price|light
reddit:t3_5fu1mk,reddit,en,EXPLICIT_PURCHASE_INTENT,$92,price|water|hydroponic_kit
reddit:t3_5gubrs,reddit,en,RECOMMENDATION,$209.99,price|temperature|plant_health
reddit:t3_5gubrs,reddit,en,RECOMMENDATION,$209.95,price|temperature|plant_health
reddit:t3_5hz7tf,reddit,en,UNKNOWN,$139.95,price|temperature|plant_health|light|hydroponic_kit
reddit:t3_5hz7tf,reddit,en,UNKNOWN,$139.95.,price|temperature|plant_health|light|hydroponic_kit
reddit:t3_5j7rvr,reddit,en,UNKNOWN,$159.95,price|hydroponic_kit
reddit:t3_5kyxx0,reddit,en,INFORMATION_SEEKING,$10,price|light|equipment
reddit:t3_5rs96o,reddit,en,INFORMATION_SEEKING,"$99.95,",price|hydroponic_kit
reddit:t3_5s1pbp,reddit,en,INSPIRATION,$129.95,price|light
reddit:t3_5sc7p1,reddit,en,RECOMMENDATION,$50,price|light
reddit:t3_5t2qlx,reddit,en,PURCHASE_EXPLORATION,$300,price
reddit:t3_5xte85,reddit,en,COMPARISON,$85,price|light
reddit:t3_5xte85,reddit,en,COMPARISON,$65,price|light
reddit:t3_5yl0xb,reddit,en,PURCHASE_EXPLORATION,$15,price|nutrients
reddit:t3_5yl0xb,reddit,en,PURCHASE_EXPLORATION,$21,price|nutrients
reddit:t3_5yl0xb,reddit,en,PURCHASE_EXPLORATION,$6,price|nutrients
reddit:t3_62khu5,reddit,en,RECOMMENDATION,$50,price|nutrients|water|oxygen|plant_health|sustainability
reddit:t3_62ybkw,reddit,en,PROBLEM_SOLVING,$10,price|hydroponic_kit
reddit:t3_63jpse,reddit,en,UNKNOWN,$10,price|equipment|hydroponic_kit
reddit:t3_63jrif,reddit,en,INSPIRATION,$10,price|equipment|hydroponic_kit
reddit:t3_64s3rw,reddit,en,POST_PURCHASE,$10,price
reddit:t3_64s3rw,reddit,en,POST_PURCHASE,$14,price
reddit:t3_68jiws,reddit,en,INFORMATION_SEEKING,$40,price|nutrients
reddit:t3_6f560w,reddit,en,AWARENESS,$34.99,price
reddit:t3_6f560w,reddit,en,AWARENESS,$109.99,price
reddit:t3_6h1que,reddit,en,COMPARISON,$10,price|temperature|equipment|sustainability
reddit:t3_6h1que,reddit,en,COMPARISON,$5,price|temperature|equipment|sustainability
reddit:t3_6h1que,reddit,en,COMPARISON,$2,price|temperature|equipment|sustainability
reddit:t3_6h1que,reddit,en,COMPARISON,$1,price|temperature|equipment|sustainability
reddit:t3_6h1que,reddit,en,COMPARISON,$11.50,price|temperature|equipment|sustainability
reddit:t3_6h1que,reddit,en,COMPARISON,$30,price|temperature|equipment|sustainability
reddit:t3_6i08k7,reddit,en,AWARENESS,$259.00,price
reddit:t3_6i08k7,reddit,en,AWARENESS,$179.00,price
reddit:t3_6i2o4w,reddit,en,PROBLEM_SOLVING,100 bucks,
reddit:t3_6inrmk,reddit,en,PROBLEM_SOLVING,$20,price|light|equipment
reddit:t3_6inrmk,reddit,en,PROBLEM_SOLVING,$50,price|light|equipment
reddit:t3_6j4erw,reddit,en,RECOMMENDATION,$18,price|nutrients|pH|EC_TDS|water|temperature|equipment|sensors
reddit:t3_6j4erw,reddit,en,RECOMMENDATION,$18.,price|nutrients|pH|EC_TDS|water|temperature|equipment|sensors
reddit:t3_6j90u8,reddit,en,PURCHASE_EXPLORATION,$2,price|light
reddit:t3_6j90u8,reddit,en,PURCHASE_EXPLORATION,$7,price|light
reddit:t3_6kjc4x,reddit,en,COMPARISON,$40,price|light|support
reddit:t3_6ov7s8,reddit,en,COMPARISON,$100,ease_of_use|price|oxygen|light|hydroponic_kit
reddit:t3_6vzqwq,reddit,en,UNKNOWN,$48,price|light
reddit:t3_6w0rck,reddit,en,PROBLEM_SOLVING,$1,ease_of_use|price|light|equipment|support
reddit:t3_6w0rck,reddit,en,PROBLEM_SOLVING,$50,ease_of_use|price|light|equipment|support
reddit:t3_6w0rck,reddit,en,PROBLEM_SOLVING,$10,ease_of_use|price|light|equipment|support
reddit:t3_6yoejp,reddit,en,INFORMATION_SEEKING,250 usd,light|sensors
reddit:t3_6z5dor,reddit,en,RECOMMENDATION,$50,price|temperature|light|equipment|growing_media|sustainability
reddit:t3_6zszka,reddit,en,COMPARISON,$28,ease_of_use|price|maintenance|nutrients|pH|EC_TDS|water|oxygen|plant_health
reddit:t3_6zszka,reddit,en,COMPARISON,78 dollars,ease_of_use|price|maintenance|nutrients|pH|EC_TDS|water|oxygen|plant_health
reddit:t3_704lnm,reddit,en,EXPLICIT_PURCHASE_INTENT,80 dollars,price|water
reddit:t3_730kkw,reddit,en,COMPARISON,$20,price
reddit:t3_730kkw,reddit,en,COMPARISON,$59.95,price
reddit:t3_730kkw,reddit,en,COMPARISON,$39.95,price
reddit:t3_741tqv,reddit,en,PURCHASE_EXPLORATION,$300.,price|hydroponic_kit
reddit:t3_75f36p,reddit,en,UNKNOWN,$50,price|maintenance|sensors|hydroponic_kit
reddit:t3_75f36p,reddit,en,UNKNOWN,$7,price|maintenance|sensors|hydroponic_kit
reddit:t3_7ew6sk,reddit,en,PROBLEM_SOLVING,$260,price|hydroponic_kit
reddit:t3_7ew6sk,reddit,en,PROBLEM_SOLVING,$244,price|hydroponic_kit
reddit:t3_7ew6sk,reddit,en,PROBLEM_SOLVING,$244,price|hydroponic_kit
reddit:t3_7fok8z,reddit,en,PROBLEM_SOLVING,"$150,",ease_of_use|price|nutrients|water|equipment|software_app|sustainability|hydroponic_kit
reddit:t3_7fok8z,reddit,en,PROBLEM_SOLVING,$25,ease_of_use|price|nutrients|water|equipment|software_app|sustainability|hydroponic_kit
reddit:t3_7fok8z,reddit,en,PROBLEM_SOLVING,$100,ease_of_use|price|nutrients|water|equipment|software_app|sustainability|hydroponic_kit
reddit:t3_7fok8z,reddit,en,PROBLEM_SOLVING,$17,ease_of_use|price|nutrients|water|equipment|software_app|sustainability|hydroponic_kit
reddit:t3_7fok8z,reddit,en,PROBLEM_SOLVING,"$100,",ease_of_use|price|nutrients|water|equipment|software_app|sustainability|hydroponic_kit
reddit:t3_7fok8z,reddit,en,PROBLEM_SOLVING,$33,ease_of_use|price|nutrients|water|equipment|software_app|sustainability|hydroponic_kit
reddit:t3_7fok8z,reddit,en,PROBLEM_SOLVING,"$60,",ease_of_use|price|nutrients|water|equipment|software_app|sustainability|hydroponic_kit
reddit:t3_7fok8z,reddit,en,PROBLEM_SOLVING,$20,ease_of_use|price|nutrients|water|equipment|software_app|sustainability|hydroponic_kit
reddit:t3_7fok8z,reddit,en,PROBLEM_SOLVING,"$190,",ease_of_use|price|nutrients|water|equipment|software_app|sustainability|hydroponic_kit
reddit:t3_7fok8z,reddit,en,PROBLEM_SOLVING,$32,ease_of_use|price|nutrients|water|equipment|software_app|sustainability|hydroponic_kit
reddit:t3_7fok8z,reddit,en,PROBLEM_SOLVING,"$150,",ease_of_use|price|nutrients|water|equipment|software_app|sustainability|hydroponic_kit
reddit:t3_7fok8z,reddit,en,PROBLEM_SOLVING,$25,ease_of_use|price|nutrients|water|equipment|software_app|sustainability|hydroponic_kit
reddit:t3_7fok8z,reddit,en,PROBLEM_SOLVING,"$230,",ease_of_use|price|nutrients|water|equipment|software_app|sustainability|hydroponic_kit
reddit:t3_7fok8z,reddit,en,PROBLEM_SOLVING,$38,ease_of_use|price|nutrients|water|equipment|software_app|sustainability|hydroponic_kit
reddit:t3_7fok8z,reddit,en,PROBLEM_SOLVING,"$185,",ease_of_use|price|nutrients|water|equipment|software_app|sustainability|hydroponic_kit
reddit:t3_7fok8z,reddit,en,PROBLEM_SOLVING,$31,ease_of_use|price|nutrients|water|equipment|software_app|sustainability|hydroponic_kit
reddit:t3_7fok8z,reddit,en,PROBLEM_SOLVING,"$220,",ease_of_use|price|nutrients|water|equipment|software_app|sustainability|hydroponic_kit
reddit:t3_7fok8z,reddit,en,PROBLEM_SOLVING,$32,ease_of_use|price|nutrients|water|equipment|software_app|sustainability|hydroponic_kit
reddit:t3_7fok8z,reddit,en,PROBLEM_SOLVING,"$176,",ease_of_use|price|nutrients|water|equipment|software_app|sustainability|hydroponic_kit
reddit:t3_7fok8z,reddit,en,PROBLEM_SOLVING,$25,ease_of_use|price|nutrients|water|equipment|software_app|sustainability|hydroponic_kit
reddit:t3_7fok8z,reddit,en,PROBLEM_SOLVING,"$600,",ease_of_use|price|nutrients|water|equipment|software_app|sustainability|hydroponic_kit
reddit:t3_7fok8z,reddit,en,PROBLEM_SOLVING,$25,ease_of_use|price|nutrients|water|equipment|software_app|sustainability|hydroponic_kit
reddit:t3_7fok8z,reddit,en,PROBLEM_SOLVING,"$480,",ease_of_use|price|nutrients|water|equipment|software_app|sustainability|hydroponic_kit
reddit:t3_7fok8z,reddit,en,PROBLEM_SOLVING,$20,ease_of_use|price|nutrients|water|equipment|software_app|sustainability|hydroponic_kit
reddit:t3_7fok8z,reddit,en,PROBLEM_SOLVING,"$280,",ease_of_use|price|nutrients|water|equipment|software_app|sustainability|hydroponic_kit
reddit:t3_7fok8z,reddit,en,PROBLEM_SOLVING,$40,ease_of_use|price|nutrients|water|equipment|software_app|sustainability|hydroponic_kit
reddit:t3_7fok8z,reddit,en,PROBLEM_SOLVING,$140,ease_of_use|price|nutrients|water|equipment|software_app|sustainability|hydroponic_kit
reddit:t3_7fok8z,reddit,en,PROBLEM_SOLVING,"$180,",ease_of_use|price|nutrients|water|equipment|software_app|sustainability|hydroponic_kit
reddit:t3_7fok8z,reddit,en,PROBLEM_SOLVING,$26,ease_of_use|price|nutrients|water|equipment|software_app|sustainability|hydroponic_kit
reddit:t3_7fok8z,reddit,en,PROBLEM_SOLVING,$90,ease_of_use|price|nutrients|water|equipment|software_app|sustainability|hydroponic_kit
reddit:t3_7fok8z,reddit,en,PROBLEM_SOLVING,"$350,",ease_of_use|price|nutrients|water|equipment|software_app|sustainability|hydroponic_kit
reddit:t3_7fok8z,reddit,en,PROBLEM_SOLVING,$39,ease_of_use|price|nutrients|water|equipment|software_app|sustainability|hydroponic_kit
reddit:t3_7fok8z,reddit,en,PROBLEM_SOLVING,$175,ease_of_use|price|nutrients|water|equipment|software_app|sustainability|hydroponic_kit
reddit:t3_7fok8z,reddit,en,PROBLEM_SOLVING,"$245,",ease_of_use|price|nutrients|water|equipment|software_app|sustainability|hydroponic_kit
reddit:t3_7fok8z,reddit,en,PROBLEM_SOLVING,$27,ease_of_use|price|nutrients|water|equipment|software_app|sustainability|hydroponic_kit
reddit:t3_7fok8z,reddit,en,PROBLEM_SOLVING,$123,ease_of_use|price|nutrients|water|equipment|software_app|sustainability|hydroponic_kit
reddit:t3_7fok8z,reddit,en,PROBLEM_SOLVING,"$400,",ease_of_use|price|nutrients|water|equipment|software_app|sustainability|hydroponic_kit
reddit:t3_7fok8z,reddit,en,PROBLEM_SOLVING,$45,ease_of_use|price|nutrients|water|equipment|software_app|sustainability|hydroponic_kit
reddit:t3_7fok8z,reddit,en,PROBLEM_SOLVING,$200,ease_of_use|price|nutrients|water|equipment|software_app|sustainability|hydroponic_kit
reddit:t3_7fok8z,reddit,en,PROBLEM_SOLVING,"$280,",ease_of_use|price|nutrients|water|equipment|software_app|sustainability|hydroponic_kit
reddit:t3_7fok8z,reddit,en,PROBLEM_SOLVING,$31,ease_of_use|price|nutrients|water|equipment|software_app|sustainability|hydroponic_kit
reddit:t3_7fok8z,reddit,en,PROBLEM_SOLVING,$140,ease_of_use|price|nutrients|water|equipment|software_app|sustainability|hydroponic_kit
reddit:t3_7fok8z,reddit,en,PROBLEM_SOLVING,"$850,",ease_of_use|price|nutrients|water|equipment|software_app|sustainability|hydroponic_kit
reddit:t3_7fok8z,reddit,en,PROBLEM_SOLVING,$36,ease_of_use|price|nutrients|water|equipment|software_app|sustainability|hydroponic_kit
reddit:t3_7fok8z,reddit,en,PROBLEM_SOLVING,$106,ease_of_use|price|nutrients|water|equipment|software_app|sustainability|hydroponic_kit
reddit:t3_7fok8z,reddit,en,PROBLEM_SOLVING,"$560,",ease_of_use|price|nutrients|water|equipment|software_app|sustainability|hydroponic_kit
reddit:t3_7fok8z,reddit,en,PROBLEM_SOLVING,$24,ease_of_use|price|nutrients|water|equipment|software_app|sustainability|hydroponic_kit
reddit:t3_7fok8z,reddit,en,PROBLEM_SOLVING,$70,ease_of_use|price|nutrients|water|equipment|software_app|sustainability|hydroponic_kit
reddit:t3_7gzp1n,reddit,en,EXPLICIT_PURCHASE_INTENT,$10.,price|light|equipment|hydroponic_kit
reddit:t3_7ihtiu,reddit,en,COMPARISON,$12,price|light
reddit:t3_7j5339,reddit,en,INFORMATION_SEEKING,$20,ease_of_use|price|water|oxygen|plant_health|equipment
reddit:t3_7jd8qb,reddit,en,INSPIRATION,$59,price|light|hydroponic_kit
reddit:t3_7kooe1,reddit,en,UNKNOWN,$168,price
reddit:t3_7ky8ve,reddit,en,PURCHASE_EXPLORATION,$209.99,price
reddit:t3_7lzuhf,reddit,en,INFORMATION_SEEKING,$50,price|light
reddit:t3_837mzm,reddit,en,PROBLEM_SOLVING,$15,ease_of_use|price|nutrients|water|oxygen|equipment|sensors|automation|software_app
reddit:t3_837mzm,reddit,en,PROBLEM_SOLVING,$5,ease_of_use|price|nutrients|water|oxygen|equipment|sensors|automation|software_app
reddit:t3_840jej,reddit,en,PURCHASE_EXPLORATION,$130,price|hydroponic_kit
reddit:t3_8b0bil,reddit,en,INFORMATION_SEEKING,$139,price|hydroponic_kit
reddit:t3_8ev09t,reddit,en,INFORMATION_SEEKING,$10,price|nutrients|light|hydroponic_kit
reddit:t3_8nonka,reddit,en,RECOMMENDATION,$1.,price|equipment|sustainability
reddit:t3_8q0gui,reddit,en,INSPIRATION,$99,price|hydroponic_kit
reddit:t3_8rqzgu,reddit,en,INFORMATION_SEEKING,$5,ease_of_use|price|maintenance|nutrients|water|temperature|growing_media
reddit:t3_8tax53,reddit,en,UNKNOWN,$31.79,price
reddit:t3_8tax53,reddit,en,UNKNOWN,$29.20,price
reddit:t3_8tehwi,reddit,en,RECOMMENDATION,$20,ease_of_use|price|light
reddit:t3_8tgbp1,reddit,en,INFORMATION_SEEKING,$10.99,price|plant_health
reddit:t3_8u95sp,reddit,en,UNKNOWN,$60,price|hydroponic_kit
reddit:t3_8zmehs,reddit,en,UNKNOWN,"$10,",price|hydroponic_kit
reddit:t3_97f25y,reddit,en,PROBLEM_SOLVING,$15.,price|hydroponic_kit
reddit:t3_9ejq3z,reddit,en,PURCHASE_EXPLORATION,$80,price|light|hydroponic_kit
reddit:t3_9ejq3z,reddit,en,PURCHASE_EXPLORATION,$120,price|light|hydroponic_kit
reddit:t3_9ejq3z,reddit,en,PURCHASE_EXPLORATION,150 dollars,price|light|hydroponic_kit
reddit:t3_9ih9e5,reddit,en,INFORMATION_SEEKING,"$50,000",price
reddit:t3_9uta70,reddit,en,INSPIRATION,$639.96,price|support|hydroponic_kit
reddit:t3_9uta70,reddit,en,INSPIRATION,$129.95.,price|support|hydroponic_kit
reddit:t3_9zshd8,reddit,en,PURCHASE_EXPLORATION,"$199,",price|software_app|hydroponic_kit
reddit:t3_9zshd8,reddit,en,PURCHASE_EXPLORATION,$100,price|software_app|hydroponic_kit
reddit:t3_a1n62s,reddit,en,POST_PURCHASE,$90,price|water|light|automation|hydroponic_kit
reddit:t3_a1n62s,reddit,en,POST_PURCHASE,$70,price|water|light|automation|hydroponic_kit
reddit:t3_a7ho2j,reddit,en,INSPIRATION,$89.95,ease_of_use|price|water|temperature
reddit:t3_a7o7cl,reddit,en,COMPARISON,$10,price|light|hydroponic_kit
reddit:t3_a8rc2j,reddit,en,PROBLEM_SOLVING,$68.20,price|nutrients|light|equipment
reddit:t3_a9pgf7,reddit,en,INFORMATION_SEEKING,$30,ease_of_use|price|nutrients|water
reddit:t3_aagl5u,reddit,en,COMPARISON,70 USD,price|automation|hydroponic_kit
reddit:t3_aagl5u,reddit,en,COMPARISON,30 bucks,price|automation|hydroponic_kit
reddit:t3_ah634y,reddit,en,INFORMATION_SEEKING,$2.50,ease_of_use|price|light|growing_media
reddit:t3_aqch2b,reddit,en,PURCHASE_EXPLORATION,$500,price|light|automation
reddit:t3_aqch2b,reddit,en,PURCHASE_EXPLORATION,$500,price|light|automation
reddit:t3_aqch2b,reddit,en,PURCHASE_EXPLORATION,$1500,price|light|automation
reddit:t3_avfgb6,reddit,en,COMPARISON,$100,price|hydroponic_kit
reddit:t3_avqbv4,reddit,en,UNKNOWN,$520,price|hydroponic_kit
reddit:t3_b04c8l,reddit,en,RECOMMENDATION,$20,price|hydroponic_kit
reddit:t3_b04c8l,reddit,en,RECOMMENDATION,$30,price|hydroponic_kit
reddit:t3_b4c44i,reddit,en,PURCHASE_EXPLORATION,$100,ease_of_use|price|software_app|hydroponic_kit
reddit:t3_b4c44i,reddit,en,PURCHASE_EXPLORATION,$230,ease_of_use|price|software_app|hydroponic_kit
reddit:t3_b4c44i,reddit,en,PURCHASE_EXPLORATION,$250,ease_of_use|price|software_app|hydroponic_kit
reddit:t3_b4r82e,reddit,en,PROBLEM_SOLVING,$100,price|pH|EC_TDS|water|automation
reddit:t3_b5zgax,reddit,en,POST_PURCHASE,"$130,",price|pH|EC_TDS|sensors
reddit:t3_b5zgax,reddit,en,POST_PURCHASE,"$75,",price|pH|EC_TDS|sensors
reddit:t3_b5zgax,reddit,en,POST_PURCHASE,$10,price|pH|EC_TDS|sensors
reddit:t3_b6i9wu,reddit,en,UNKNOWN,$172.49,price|hydroponic_kit
reddit:t3_b6zwvq,reddit,en,PROBLEM_SOLVING,$200,price|light
reddit:t3_bkbrz9,reddit,en,UNKNOWN,$15,price|hydroponic_kit
reddit:t3_bp065q,reddit,en,UNKNOWN,$300,price
reddit:t3_bp5ed7,reddit,en,PURCHASE_EXPLORATION,$80,price|light
reddit:t3_bzh9sa,reddit,en,INFORMATION_SEEKING,$150,price|plant_health|light|support|hydroponic_kit
reddit:t3_bzh9sa,reddit,en,INFORMATION_SEEKING,$250,price|plant_health|light|support|hydroponic_kit
reddit:t3_bzh9sa,reddit,en,INFORMATION_SEEKING,$50,price|plant_health|light|support|hydroponic_kit
reddit:t3_c2y1py,reddit,en,COMPARISON,$20,ease_of_use|price|light
reddit:t3_c5hfs0,reddit,en,INSPIRATION,$10,price
reddit:t3_c699s3,reddit,en,PROBLEM_SOLVING,$200,price
reddit:t3_c75pdk,reddit,en,UNKNOWN,$7.99.,price
reddit:t3_cetg1w,reddit,en,PROBLEM_SOLVING,"$5,",ease_of_use|price|nutrients|plant_health|light|equipment|growing_media
reddit:t3_cetg1w,reddit,en,PROBLEM_SOLVING,$20,ease_of_use|price|nutrients|plant_health|light|equipment|growing_media
reddit:t3_cetg1w,reddit,en,PROBLEM_SOLVING,$3.,ease_of_use|price|nutrients|plant_health|light|equipment|growing_media
reddit:t3_d3k0y7,reddit,en,UNKNOWN,$199.95,price|software_app|hydroponic_kit
reddit:t3_d3k2am,reddit,en,UNKNOWN,$199.95,price|software_app|hydroponic_kit
reddit:t3_d3k46x,reddit,en,UNKNOWN,$199.95,price|software_app
reddit:t3_e7ogfa,reddit,en,EXPLICIT_PURCHASE_INTENT,"$99,",price|hydroponic_kit
reddit:t3_e7ogfa,reddit,en,EXPLICIT_PURCHASE_INTENT,$213,price|hydroponic_kit
reddit:t3_eauq6x,reddit,en,RECOMMENDATION,$100.,price|light
reddit:t3_eecey1,reddit,en,INSPIRATION,$100,price|hydroponic_kit
reddit:t3_eegtci,reddit,en,INFORMATION_SEEKING,$80,price
reddit:t3_ehkypy,reddit,en,PROBLEM_SOLVING,60 bucks,price|nutrients|growing_media
reddit:t3_ei8t5f,reddit,en,INSPIRATION,$25,price|EC_TDS|water|temperature|sensors|automation
reddit:t3_ei8t5f,reddit,en,INSPIRATION,$25,price|EC_TDS|water|temperature|sensors|automation
reddit:t3_f78f0a,reddit,en,INFORMATION_SEEKING,$19.97,price|support|hydroponic_kit
reddit:t3_f9erwy,reddit,en,UNKNOWN,$129.99,price
reddit:t3_f9euxt,reddit,en,UNKNOWN,$179.99,price
reddit:t3_fbah2c,reddit,en,UNKNOWN,$199.95,price|hydroponic_kit
reddit:t3_fcf3xl,reddit,en,COMPARISON,$34.99,price|nutrients|automation|hydroponic_kit
reddit:t3_fcf3xl,reddit,en,COMPARISON,$26,price|nutrients|automation|hydroponic_kit
reddit:t3_fcf3xl,reddit,en,COMPARISON,$10,price|nutrients|automation|hydroponic_kit
reddit:t3_fpwapg,reddit,en,INFORMATION_SEEKING,$22,price|light|sustainability|support
reddit:t3_fpwapg,reddit,en,INFORMATION_SEEKING,$10.75,price|light|sustainability|support
reddit:t3_fpwapg,reddit,en,INFORMATION_SEEKING,"$22,",price|light|sustainability|support
reddit:t3_fqvbjz,reddit,en,PURCHASE_EXPLORATION,$2500,price|light|sensors|hydroponic_kit
reddit:t3_fqvbjz,reddit,en,PURCHASE_EXPLORATION,$3000,price|light|sensors|hydroponic_kit
reddit:t3_fqvbjz,reddit,en,PURCHASE_EXPLORATION,$100,price|light|sensors|hydroponic_kit
reddit:t3_fqvbjz,reddit,en,PURCHASE_EXPLORATION,"$1000,",price|light|sensors|hydroponic_kit
reddit:t3_frizu2,reddit,en,INFORMATION_SEEKING,$40,price|nutrients|water|equipment
reddit:t3_frv5t6,reddit,en,INFORMATION_SEEKING,$80,price|light
reddit:t3_frv5t6,reddit,en,INFORMATION_SEEKING,$40,price|light
reddit:t3_frx1dn,reddit,en,PURCHASE_EXPLORATION,$45,price|pH|EC_TDS|water|temperature|oxygen|light|equipment|sensors|automation|software_app|growing_media|sustainability
reddit:t3_frx1dn,reddit,en,PURCHASE_EXPLORATION,$1,price|pH|EC_TDS|water|temperature|oxygen|light|equipment|sensors|automation|software_app|growing_media|sustainability
reddit:t3_frx1dn,reddit,en,PURCHASE_EXPLORATION,$25,price|pH|EC_TDS|water|temperature|oxygen|light|equipment|sensors|automation|software_app|growing_media|sustainability
reddit:t3_frx1dn,reddit,en,PURCHASE_EXPLORATION,$40,price|pH|EC_TDS|water|temperature|oxygen|light|equipment|sensors|automation|software_app|growing_media|sustainability
reddit:t3_frx1dn,reddit,en,PURCHASE_EXPLORATION,$10,price|pH|EC_TDS|water|temperature|oxygen|light|equipment|sensors|automation|software_app|growing_media|sustainability
reddit:t3_frx1dn,reddit,en,PURCHASE_EXPLORATION,$20,price|pH|EC_TDS|water|temperature|oxygen|light|equipment|sensors|automation|software_app|growing_media|sustainability
reddit:t3_frx1dn,reddit,en,PURCHASE_EXPLORATION,$10,price|pH|EC_TDS|water|temperature|oxygen|light|equipment|sensors|automation|software_app|growing_media|sustainability
reddit:t3_frx1dn,reddit,en,PURCHASE_EXPLORATION,$10,price|pH|EC_TDS|water|temperature|oxygen|light|equipment|sensors|automation|software_app|growing_media|sustainability
reddit:t3_frx1dn,reddit,en,PURCHASE_EXPLORATION,$20,price|pH|EC_TDS|water|temperature|oxygen|light|equipment|sensors|automation|software_app|growing_media|sustainability
reddit:t3_frx1dn,reddit,en,PURCHASE_EXPLORATION,$40,price|pH|EC_TDS|water|temperature|oxygen|light|equipment|sensors|automation|software_app|growing_media|sustainability
reddit:t3_frx1dn,reddit,en,PURCHASE_EXPLORATION,$20,price|pH|EC_TDS|water|temperature|oxygen|light|equipment|sensors|automation|software_app|growing_media|sustainability
reddit:t3_frx1dn,reddit,en,PURCHASE_EXPLORATION,$240,price|pH|EC_TDS|water|temperature|oxygen|light|equipment|sensors|automation|software_app|growing_media|sustainability
reddit:t3_fs0rar,reddit,en,INFORMATION_SEEKING,$800.,price|light|automation
reddit:t3_fs28n8,reddit,en,COMPARISON,$400,ease_of_use|price|light|equipment|hydroponic_kit
reddit:t3_fs4kgo,reddit,en,PURCHASE_EXPLORATION,$9.65,ease_of_use|price|nutrients|temperature|light|sensors|growing_media|hydroponic_kit
reddit:t3_fs4kgo,reddit,en,PURCHASE_EXPLORATION,$11.47,ease_of_use|price|nutrients|temperature|light|sensors|growing_media|hydroponic_kit
reddit:t3_fs4kgo,reddit,en,PURCHASE_EXPLORATION,$23.59,ease_of_use|price|nutrients|temperature|light|sensors|growing_media|hydroponic_kit
reddit:t3_fs4kgo,reddit,en,PURCHASE_EXPLORATION,$38.99,ease_of_use|price|nutrients|temperature|light|sensors|growing_media|hydroponic_kit
reddit:t3_fs4kgo,reddit,en,PURCHASE_EXPLORATION,$28.97,ease_of_use|price|nutrients|temperature|light|sensors|growing_media|hydroponic_kit
reddit:t3_g2w83g,reddit,id,EXPLICIT_PURCHASE_INTENT,3juta,hydroponic_kit
reddit:t3_hgtj6e,reddit,en,PROBLEM_SOLVING,$400,price|hydroponic_kit
reddit:t3_isxfdg,reddit,en,UNKNOWN,$129,price|hydroponic_kit
reddit:t3_isxfdg,reddit,en,UNKNOWN,$129.,price|hydroponic_kit
reddit:t3_iwnyh6,reddit,en,RECOMMENDATION,$20,price
reddit:t3_izm23i,reddit,en,COMPARISON,$20,price
reddit:t3_j0tbud,reddit,en,COMPARISON,$90,price|hydroponic_kit
reddit:t3_j0u3sw,reddit,en,UNKNOWN,$260,price|hydroponic_kit
reddit:t3_j130xw,reddit,en,UNKNOWN,$240,price|hydroponic_kit
reddit:t3_j130xw,reddit,en,UNKNOWN,$30,price|hydroponic_kit
reddit:t3_j1n4yj,reddit,en,PROBLEM_SOLVING,23 dollars,water|plant_health|equipment|hydroponic_kit
reddit:t3_j2b0ut,reddit,en,INFORMATION_SEEKING,$20,price|oxygen|hydroponic_kit
reddit:t3_jrqqst,reddit,en,RECOMMENDATION,$800,ease_of_use|price|maintenance|nutrients|sustainability|hydroponic_kit
reddit:t3_knt4op,reddit,en,INFORMATION_SEEKING,$150,price|light
reddit:t3_knt5og,reddit,en,UNKNOWN,$150,price
reddit:t3_l91jh,reddit,en,EXPLICIT_PURCHASE_INTENT,"$1,000",price|maintenance|water|plant_health|equipment|software_app
reddit:t3_l91jh,reddit,en,EXPLICIT_PURCHASE_INTENT,"$3,000",price|maintenance|water|plant_health|equipment|software_app
reddit:t3_l91jh,reddit,en,EXPLICIT_PURCHASE_INTENT,$50,price|maintenance|water|plant_health|equipment|software_app
reddit:t3_l91jh,reddit,en,EXPLICIT_PURCHASE_INTENT,$200.,price|maintenance|water|plant_health|equipment|software_app
reddit:t3_m77tai,reddit,en,RECOMMENDATION,$100,price|temperature|light
reddit:t3_mcm50s,reddit,en,COMPARISON,$350,ease_of_use|price|maintenance|water
reddit:t3_me5bb6,reddit,en,RECOMMENDATION,$580,price|hydroponic_kit
reddit:t3_me5bb6,reddit,en,RECOMMENDATION,$600,price|hydroponic_kit
reddit:t3_me5bb6,reddit,en,RECOMMENDATION,$700.,price|hydroponic_kit
reddit:t3_me5bb6,reddit,en,RECOMMENDATION,$580,price|hydroponic_kit
reddit:t3_me5bb6,reddit,en,RECOMMENDATION,$600,price|hydroponic_kit
reddit:t3_me5bb6,reddit,en,RECOMMENDATION,$700,price|hydroponic_kit
reddit:t3_me5bb6,reddit,en,RECOMMENDATION,$600,price|hydroponic_kit
reddit:t3_me5bb6,reddit,en,RECOMMENDATION,$700,price|hydroponic_kit
reddit:t3_me5bb6,reddit,en,RECOMMENDATION,900 bucks,price|hydroponic_kit
reddit:t3_menhf7,reddit,en,COMPARISON,$675,price|light
reddit:t3_menhf7,reddit,en,COMPARISON,$346,price|light
reddit:t3_menhf7,reddit,en,COMPARISON,$396,price|light
reddit:t3_mxx24m,reddit,en,AWARENESS,$15,price
reddit:t3_nl14jr,reddit,en,AWARENESS,$52,price|light|automation|hydroponic_kit
reddit:t3_o2fnf5,reddit,en,RECOMMENDATION,$12,ease_of_use|price|maintenance|nutrients|water|oxygen|equipment|automation|sustainability
reddit:t3_o33qvn,reddit,en,INFORMATION_SEEKING,06 USD,price|nutrients
reddit:t3_o33qvn,reddit,en,INFORMATION_SEEKING,01 USD,price|nutrients
reddit:t3_o33qvn,reddit,en,INFORMATION_SEEKING,40 USD,price|nutrients
reddit:t3_o33qvn,reddit,en,INFORMATION_SEEKING,24 USD,price|nutrients
reddit:t3_o8pehg,reddit,en,COMPARISON,$5.65,ease_of_use|price|water|temperature|oxygen|equipment
reddit:t3_o8pehg,reddit,en,COMPARISON,$5,ease_of_use|price|water|temperature|oxygen|equipment
reddit:t3_ob41cu,reddit,en,INFORMATION_SEEKING,$100,price|equipment
reddit:t3_ob41cu,reddit,en,INFORMATION_SEEKING,$50,price|equipment
reddit:t3_okk024,reddit,en,RECOMMENDATION,$225,price|light
reddit:t3_okk024,reddit,en,RECOMMENDATION,$250,price|light
reddit:t3_pjd55i,reddit,en,RECOMMENDATION,$549,ease_of_use|price|water|sensors|software_app|hydroponic_kit
reddit:t3_pjd55i,reddit,en,RECOMMENDATION,$300,ease_of_use|price|water|sensors|software_app|hydroponic_kit
reddit:t3_po89o5,reddit,en,RECOMMENDATION,$3.23,price|nutrients|water|plant_health|equipment
reddit:t3_po89o5,reddit,en,RECOMMENDATION,$28.38,price|nutrients|water|plant_health|equipment
reddit:t3_po89o5,reddit,en,RECOMMENDATION,$31.61,price|nutrients|water|plant_health|equipment
reddit:t3_po89o5,reddit,en,RECOMMENDATION,$46,price|nutrients|water|plant_health|equipment
reddit:t3_po89o5,reddit,en,RECOMMENDATION,$25,price|nutrients|water|plant_health|equipment
reddit:t3_po89o5,reddit,en,RECOMMENDATION,$41,price|nutrients|water|plant_health|equipment
reddit:t3_prcegm,reddit,en,INFORMATION_SEEKING,$15,price|hydroponic_kit
reddit:t3_ps457x,reddit,en,PURCHASE_EXPLORATION,$100,price|hydroponic_kit
reddit:t3_q02w51,reddit,en,INFORMATION_SEEKING,$2500,price|water
reddit:t3_q14g2k,reddit,en,INFORMATION_SEEKING,$150,price|temperature|equipment|sustainability
reddit:t3_q14g2k,reddit,en,INFORMATION_SEEKING,$900.,price|temperature|equipment|sustainability
reddit:t3_q2f4k,reddit,en,RECOMMENDATION,"$6,",price|light
reddit:t3_q2f4k,reddit,en,RECOMMENDATION,$5,price|light
reddit:t3_rowse2,reddit,en,PURCHASE_EXPLORATION,$25,price|nutrients|water|temperature
reddit:t3_rrmj4r,reddit,en,INFORMATION_SEEKING,$15,price|plant_health
reddit:t3_tc1amo,reddit,en,RECOMMENDATION,100 bucks,price
reddit:t3_tk7x5,reddit,en,INFORMATION_SEEKING,$10,price|nutrients|water|oxygen|plant_health|equipment|growing_media|hydroponic_kit
reddit:t3_tsdgdq,reddit,en,UNKNOWN,$40,price|water
reddit:t3_tt9dkh,reddit,en,RECOMMENDATION,$4.86,price|water|plant_health
reddit:t3_tt9dkh,reddit,en,RECOMMENDATION,$1.33,price|water|plant_health
reddit:t3_tvio5,reddit,en,UNKNOWN,$20.,price|nutrients|equipment
reddit:t3_ud4as7,reddit,en,EXPLICIT_PURCHASE_INTENT,$45,price|hydroponic_kit
reddit:t3_ud4as7,reddit,en,EXPLICIT_PURCHASE_INTENT,$45,price|hydroponic_kit
reddit:t3_uly2au,reddit,en,INFORMATION_SEEKING,$160,price|growing_media
reddit:t3_v8fghk,reddit,en,AWARENESS,$12,price
reddit:t3_v8r29p,reddit,en,RECOMMENDATION,$100,price|nutrients|equipment
reddit:t3_vejmgu,reddit,en,PROBLEM_SOLVING,$80,price
reddit:t3_vejmgu,reddit,en,PROBLEM_SOLVING,$80,price
reddit:t3_xdou18,reddit,en,RECOMMENDATION,$120,price|hydroponic_kit
reddit:t3_xdou18,reddit,en,RECOMMENDATION,$150,price|hydroponic_kit
reddit:t3_xn3c9a,reddit,en,RECOMMENDATION,3USD,nutrients|water|hydroponic_kit
reddit:t3_xnzm0y,reddit,en,INFORMATION_SEEKING,$3,ease_of_use|price|plant_health|hydroponic_kit
reddit:t3_xqnc77,reddit,en,EXPLICIT_PURCHASE_INTENT,$34.99,price
reddit:t3_xqnc77,reddit,en,EXPLICIT_PURCHASE_INTENT,$69.99,price
reddit:t3_xqnc77,reddit,en,EXPLICIT_PURCHASE_INTENT,$34.99,price
reddit:t3_xqxcpu,reddit,en,INSPIRATION,$20,price|light|automation|growing_media|hydroponic_kit
reddit:t3_xri0bu,reddit,en,POST_PURCHASE,$140,price|automation|growing_media
reddit:t3_ynn0g,reddit,en,POST_PURCHASE,$15,price|nutrients|water|temperature|oxygen|equipment|hydroponic_kit
reddit:t3_ynn0g,reddit,en,POST_PURCHASE,$20,price|nutrients|water|temperature|oxygen|equipment|hydroponic_kit
reddit:t3_ynn0g,reddit,en,POST_PURCHASE,$1.50.,price|nutrients|water|temperature|oxygen|equipment|hydroponic_kit
reddit:t3_yppns,reddit,en,PROBLEM_SOLVING,$200.,price|nutrients|water|plant_health|sustainability|support
reddit:t3_zh4tdo,reddit,en,INFORMATION_SEEKING,$200,price|temperature|light|equipment|hydroponic_kit
reddit:t3_zo9lb0,reddit,en,COMPARISON,$250,price
reddit:t3_zo9lb0,reddit,en,COMPARISON,$199,price
reddit:t3_zo9lb0,reddit,en,COMPARISON,$159,price
reddit:t3_zp501c,reddit,en,INSPIRATION,$69.99,price|hydroponic_kit
reddit:t3_zt07je,reddit,en,UNKNOWN,$750,price|software_app
reddit:t3_ztfz94,reddit,en,UNKNOWN,$5000,price
reddit:t3_ztnkzc,reddit,en,UNKNOWN,$750,price|software_app
reddit:t3_zwpohu,reddit,en,PURCHASE_EXPLORATION,"$2,000.00",price|equipment
reddit:t3_zycv3n,reddit,en,UNKNOWN,$379,price
reddit:t3_zyjjpm,reddit,en,RECOMMENDATION,$0.16,ease_of_use|price|water|temperature|light
reddit:t3_zyjjpm,reddit,en,RECOMMENDATION,$8,ease_of_use|price|water|temperature|light
reddit:t3_zyjjpm,reddit,en,RECOMMENDATION,$15,ease_of_use|price|water|temperature|light
reddit:t3_zyl3tp,reddit,en,COMPARISON,$50,price|light|hydroponic_kit
reddit:t3_zyl3tp,reddit,en,COMPARISON,$18.,price|light|hydroponic_kit
stackexchange:a13637,stackexchange,en,RECOMMENDATION,6 USD,ease_of_use|light
stackexchange:a27113,stackexchange,en,UNKNOWN,$37,price|temperature|sensors
stackexchange:a30287,stackexchange,en,PURCHASE_EXPLORATION,$45,price|nutrients|water|oxygen|equipment|growing_media|hydroponic_kit
stackexchange:a9031,stackexchange,en,RECOMMENDATION,$200.00.,price|water|growing_media|support
stackexchange:q30286,stackexchange,en,RECOMMENDATION,$2000,ease_of_use|price|nutrients|pH|water|temperature|equipment|sensors|automation|sustainability|support|hydroponic_kit
stackexchange:q51825,stackexchange,en,RECOMMENDATION,$50,price|nutrients|growing_media|hydroponic_kit
stackexchange:q51825,stackexchange,en,RECOMMENDATION,$40,price|nutrients|growing_media|hydroponic_kit
stackexchange:q51825,stackexchange,en,RECOMMENDATION,$16,price|nutrients|growing_media|hydroponic_kit
stackexchange:q51825,stackexchange,en,RECOMMENDATION,$2,price|nutrients|growing_media|hydroponic_kit
stackexchange:q51825,stackexchange,en,RECOMMENDATION,$9,price|nutrients|growing_media|hydroponic_kit
stackexchange:q51825,stackexchange,en,RECOMMENDATION,$12,price|nutrients|growing_media|hydroponic_kit
stackexchange:q51825,stackexchange,en,RECOMMENDATION,$18,price|nutrients|growing_media|hydroponic_kit
stackexchange:q51825,stackexchange,en,RECOMMENDATION,$19,price|nutrients|growing_media|hydroponic_kit
stackexchange:q51825,stackexchange,en,RECOMMENDATION,$79,price|nutrients|growing_media|hydroponic_kit
youtube:Ugg8ZiCXH0Kip3gCoAEC.8M1z2VlsW1T8bNTA_u3Yja,youtube,en,UNKNOWN,$2,price|equipment
youtube:UggZ5HJ-RY96-XgCoAEC,youtube,en,RECOMMENDATION,$13,price|water|temperature|growing_media
youtube:UggfU9xW7O8Or3gCoAEC.8VHRN_MHIWJ8VHSsKm9bKM,youtube,en,UNKNOWN,"$15,",price|temperature
youtube:UggfU9xW7O8Or3gCoAEC.8VHRN_MHIWJ8VHSsKm9bKM,youtube,en,UNKNOWN,$12.99,price|temperature
youtube:UggfU9xW7O8Or3gCoAEC.8VHRN_MHIWJ8VHSsKm9bKM,youtube,en,UNKNOWN,$45.99,price|temperature
youtube:UghN_J9ivU5xvHgCoAEC,youtube,en,UNKNOWN,$4,price|nutrients|equipment
youtube:UgjHNRFw5LqQYXgCoAEC,youtube,en,RECOMMENDATION,30 bucks,price|temperature|sustainability
youtube:UgjHNRFw5LqQYXgCoAEC.7zPhKDGHlFz7-J_4IPaLYQ,youtube,de,INSPIRATION,$30,price
youtube:Ugw0BDir3HvtoqsGwJx4AaABAg.9YJJUJQMZu_9YKTRMR6OKg,youtube,id,UNKNOWN,75rb,price|EC_TDS
youtube:Ugw0T-0owstvMBb87Cl4AaABAg.9vvRMJ2KpnR9vvRhf9mlgd,youtube,id,UNKNOWN,Rp27.000,price|equipment|sensors
youtube:Ugw0T-0owstvMBb87Cl4AaABAg.9vvRMJ2KpnR9vvRm8ZzME5,youtube,id,UNKNOWN,Rp52.000,price|equipment|sensors
youtube:Ugw0jhodATtjna56usx4AaABAg.9GBGz3G5fav9GBQ-sbkhB7,youtube,id,UNKNOWN,Rp. 2.700.000,price
youtube:Ugw1Nilw15anTWBn8yJ4AaABAg.A09Kv4zyCRDA0Sox42eUcd,youtube,id,UNKNOWN,5 juta,
youtube:Ugw1wH0wjm8ORCh_8C94AaABAg,youtube,id,INFORMATION_SEEKING,30rb,
youtube:Ugw2XF1cd5Md9JF8Wil4AaABAg.9MJWDGZtvgK9gLhzqt0377,youtube,id,UNKNOWN,50rb,price
youtube:Ugw2XF1cd5Md9JF8Wil4AaABAg.9MJWDGZtvgK9gLhzqt0377,youtube,id,UNKNOWN,17rb,price
youtube:Ugw2XF1cd5Md9JF8Wil4AaABAg.9MJWDGZtvgK9gLhzqt0377,youtube,id,UNKNOWN,20 rb,price
youtube:Ugw2XF1cd5Md9JF8Wil4AaABAg.9MJWDGZtvgK9gLhzqt0377,youtube,id,UNKNOWN,70rb,price
youtube:Ugw2XF1cd5Md9JF8Wil4AaABAg.9MJWDGZtvgK9gLhzqt0377,youtube,id,UNKNOWN,85rb,price
youtube:Ugw4DzTVdf0eE5XdnQl4AaABAg.9fCqgfmWR8wAUkMCnfUZdD,youtube,en,UNKNOWN,180 bucks,water
youtube:Ugw4Eg38JYp-OC-5lgt4AaABAg.ATd8ic4UCnuAU9oO33gX3W,youtube,en,UNKNOWN,"$200,",price|water|automation
youtube:Ugw4Eg38JYp-OC-5lgt4AaABAg.ATd8ic4UCnuAU9oO33gX3W,youtube,en,UNKNOWN,"$5,000",price|water|automation
youtube:Ugw4Eg38JYp-OC-5lgt4AaABAg.ATd8ic4UCnuAU9oO33gX3W,youtube,en,UNKNOWN,"$20,000",price|water|automation
youtube:Ugw4S3x02dosA5ed7hl4AaABAg,youtube,en,UNKNOWN,$28.,price|nutrients
youtube:Ugw4WiuBgSvbp0cA02t4AaABAg,youtube,en,INFORMATION_SEEKING,$85,price|hydroponic_kit
youtube:Ugw4wGdUKlp3J_ewo0h4AaABAg.A6lEC11fhJnA6ld8Zb3bdi,youtube,en,UNKNOWN,$30,price
youtube:Ugw4wGdUKlp3J_ewo0h4AaABAg.A6lEC11fhJnA6ld8Zb3bdi,youtube,en,UNKNOWN,$40,price
youtube:Ugw53KXrgEmQmR9hITN4AaABAg,youtube,id,UNKNOWN,100 jt,equipment
youtube:Ugw5XC-oI0BNo-L_8Bh4AaABAg,youtube,id,INFORMATION_SEEKING,rp2,price|nutrients
youtube:Ugw5_oTwcSWu8C15WJp4AaABAg.AOieTPRttH4AOkOoZOJ5MS,youtube,en,INSPIRATION,$75,price|water|equipment|hydroponic_kit
youtube:Ugw5_oTwcSWu8C15WJp4AaABAg.AOieTPRttH4AOkOoZOJ5MS,youtube,en,INSPIRATION,$675,price|water|equipment|hydroponic_kit
youtube:Ugw5cfvZwICMHW5FmKF4AaABAg,youtube,en,INFORMATION_SEEKING,600 bucks,price|hydroponic_kit
youtube:Ugw6R4EjRbRpPKaXlfV4AaABAg.A7BcqXKJg8lAGcTEIxVzwP,youtube,en,UNKNOWN,20 dollars,
youtube:Ugw79C68QNW7s4MRGfJ4AaABAg.9f9MPcTq8ma9g--Ea6Gp-n,youtube,sv,UNKNOWN,50rb,
youtube:Ugw7OkAp6MxSVLfanet4AaABAg.A-f_Kw8bRMGA-iTKbbgp_A,youtube,id,UNKNOWN,100 ribu,
youtube:Ugw7OkAp6MxSVLfanet4AaABAg.A-f_Kw8bRMGA-iTOIpKqtS,youtube,id,UNKNOWN,50 ribu,
youtube:Ugw7o0urjNiJXVpVCeJ4AaABAg,youtube,en,RECOMMENDATION,$800,price
youtube:Ugw7o0urjNiJXVpVCeJ4AaABAg.A3JIQkmCCqYA3JXLxREyoW,youtube,en,RECOMMENDATION,$400,price|software_app|growing_media
youtube:Ugw7o0urjNiJXVpVCeJ4AaABAg.A3JIQkmCCqYA3JXLxREyoW,youtube,en,RECOMMENDATION,$2,price|software_app|growing_media
youtube:Ugw7o0urjNiJXVpVCeJ4AaABAg.A3JIQkmCCqYA3JXLxREyoW,youtube,en,RECOMMENDATION,$390,price|software_app|growing_media
youtube:Ugw7o0urjNiJXVpVCeJ4AaABAg.A3JIQkmCCqYA3JXLxREyoW,youtube,en,RECOMMENDATION,$200,price|software_app|growing_media
youtube:Ugw7o0urjNiJXVpVCeJ4AaABAg.A3JIQkmCCqYA3JXLxREyoW,youtube,en,RECOMMENDATION,$200,price|software_app|growing_media
youtube:Ugw84xhAgcczhIodU8V4AaABAg,youtube,en,RECOMMENDATION,$750,ease_of_use|price
youtube:Ugw84xhAgcczhIodU8V4AaABAg,youtube,en,RECOMMENDATION,$5,ease_of_use|price
youtube:Ugw84xhAgcczhIodU8V4AaABAg,youtube,en,RECOMMENDATION,$4,ease_of_use|price
youtube:Ugw8xC5khM4pPTeEkNl4AaABAg.AXkU9xlQrVCAY-z0ZdV_jm,youtube,en,UNKNOWN,$1,price|maintenance
youtube:Ugw96zCnZvI6amHdg8d4AaABAg,youtube,en,UNKNOWN,$56,price|maintenance|equipment
youtube:Ugw96zCnZvI6amHdg8d4AaABAg,youtube,en,UNKNOWN,$2,price|maintenance|equipment
youtube:UgwApm0gYcc_UkJkYV14AaABAg.9lO7O5q-HpF9qGQx2rl2Dc,youtube,id,RECOMMENDATION,10rb,price|water|equipment|automation
youtube:UgwApm0gYcc_UkJkYV14AaABAg.9lO7O5q-HpF9qGQx2rl2Dc,youtube,id,RECOMMENDATION,20rb,price|water|equipment|automation
youtube:UgwAz5hwJwo8sD3LxLJ4AaABAg.ATOI9Y6jJLOATPW-3EiLVT,youtube,en,UNKNOWN,$12,price|water|oxygen
youtube:UgwC98CR7qk3IxMD7Cd4AaABAg,youtube,en,INFORMATION_SEEKING,$850,price
youtube:UgwDqQhvGTqUOOLm9Bh4AaABAg.9lCXWseBuCX9oCaOeh3rSp,youtube,en,EXPLICIT_PURCHASE_INTENT,"$45,",price|water|equipment|hydroponic_kit
youtube:UgwDqQhvGTqUOOLm9Bh4AaABAg.9lCXWseBuCX9oCaOeh3rSp,youtube,en,EXPLICIT_PURCHASE_INTENT,$99.,price|water|equipment|hydroponic_kit
youtube:UgwFZdcFL73JWQlMs014AaABAg.9gk3LkVsaHJ9q8dwCL0aBD,youtube,en,UNKNOWN,$75,price
youtube:UgwFZdcFL73JWQlMs014AaABAg.9gk3LkVsaHJ9q8dwCL0aBD,youtube,en,UNKNOWN,$250,price
youtube:UgwFzbL8-CzonY72mhV4AaABAg.AJTJAWFyW3vAJTh80MaGAo,youtube,id,AWARENESS,15 ribu,equipment
youtube:UgwG_G7teciF1F6m1Jd4AaABAg,youtube,en,RECOMMENDATION,1000 dollars,
youtube:UgwG_G7teciF1F6m1Jd4AaABAg,youtube,en,RECOMMENDATION,8 dollars,
youtube:UgwHTiP8Mwd_1wGL0Il4AaABAg.AW2QyDNXdJGAW3DaGBhT3q,youtube,en,AWARENESS,$ 8,price|automation
youtube:UgwHVFmBMEPNARBnEFh4AaABAg,youtube,en,UNKNOWN,$150,price
youtube:UgwHzxHkhGHMvxd1mJ54AaABAg,youtube,id,INFORMATION_SEEKING,3jt,price
youtube:UgwInNKq1zEE5GZRLE14AaABAg,youtube,en,UNKNOWN,"$50,",price
youtube:UgwInNKq1zEE5GZRLE14AaABAg,youtube,en,UNKNOWN,$80,price
youtube:UgwIwehHjfUy4bPE92x4AaABAg,youtube,id,INSPIRATION,"Rp 17,500,000",price
youtube:UgwJUpu6Ofi9_jqekkt4AaABAg.9iv8WOXFUpg9mfRG3PB6BA,youtube,id,UNKNOWN,3 juta,
youtube:UgwLIDa8hdPXjhXw8bB4AaABAg.8WRCOHXahqZ8mG-EwUmkRp,youtube,en,UNKNOWN,$500,ease_of_use|price|nutrients|pH|water|equipment
youtube:UgwLIDa8hdPXjhXw8bB4AaABAg.8WRCOHXahqZ8mG-EwUmkRp,youtube,en,UNKNOWN,$1200,ease_of_use|price|nutrients|pH|water|equipment
youtube:UgwLmoAnjj9DNu9_UCZ4AaABAg,youtube,en,UNKNOWN,$9.99,price
youtube:UgwMXG5n7qG2W5ClP7Z4AaABAg.8m9EM_Hhnhq8m9IllfTqrf,youtube,en,UNKNOWN,600 dollars,price
youtube:UgwMXG5n7qG2W5ClP7Z4AaABAg.8m9EM_Hhnhq8mASj9OguYH,youtube,en,UNKNOWN,$600,price
youtube:UgwMfslm4AjC5B7hrFN4AaABAg.AMYlaFl357gAMYmwmOzCrI,youtube,id,UNKNOWN,750rb,
youtube:UgwNmTZzmeqQv-sZ6N54AaABAg,youtube,id,UNKNOWN,7 juta,
youtube:UgwNph_HNqr4jC-XnyN4AaABAg,youtube,en,INFORMATION_SEEKING,"$1,000",price
youtube:UgwOgv5WUvm6K5VhxYJ4AaABAg,youtube,en,AWARENESS,$6,price|temperature
youtube:UgwQXUnpWS-korN6S094AaABAg.A0Gr5Dm7K8yA9CDgfO1olL,youtube,id,INFORMATION_SEEKING,500 rb,nutrients
youtube:UgwQvwZqG0EFyMhY8AZ4AaABAg.8mGcSHxjivw8nPAP77k-70,youtube,en,RECOMMENDATION,$25,price
youtube:UgwQz2o14HkaddbNjLh4AaABAg,youtube,id,AWARENESS,15rb,price
youtube:UgwR5VlrDNHIFTLka9R4AaABAg.9iQXFRis4Bz9iR-9xzlofk,youtube,id,COMPARISON,6jt,
youtube:UgwSog4rj9ybf_Y1HMp4AaABAg,youtube,id,UNKNOWN,20 rb,price|maintenance|nutrients
youtube:UgwTM2UIspCSv8XvxOB4AaABAg,youtube,en,PURCHASE_EXPLORATION,$100,price|equipment
youtube:UgwUSgAWYwwK_pV2UhB4AaABAg.9wfNrN7kJuaA7sBxo0BVUX,youtube,en,UNKNOWN,$7,price|software_app
youtube:UgwUSgAWYwwK_pV2UhB4AaABAg.9wfNrN7kJuaA7sBxo0BVUX,youtube,en,UNKNOWN,$30,price|software_app
youtube:UgwUzFIJQgGDote37gZ4AaABAg,youtube,en,INFORMATION_SEEKING,$25,price
youtube:UgwUzFIJQgGDote37gZ4AaABAg.ARjcTe1HoCGARlef06PjJw,youtube,en,INSPIRATION,$25,price
youtube:UgwUzFIJQgGDote37gZ4AaABAg.ARjcTe1HoCGARqe14G_Cvs,youtube,en,UNKNOWN,"$25,",price
youtube:UgwUzFIJQgGDote37gZ4AaABAg.ARjcTe1HoCGARqe14G_Cvs,youtube,en,UNKNOWN,"$75,",price
youtube:UgwUzFIJQgGDote37gZ4AaABAg.ARjcTe1HoCGARqe14G_Cvs,youtube,en,UNKNOWN,"$100,",price
youtube:UgwUzFIJQgGDote37gZ4AaABAg.ARjcTe1HoCGARqe14G_Cvs,youtube,en,UNKNOWN,$200.,price
youtube:UgwVGXbFhgSW8a69ak14AaABAg.9c4CH2qk9Tk9dKfYab0U0U,youtube,en,UNKNOWN,$50.,ease_of_use|price|oxygen|equipment|growing_media|hydroponic_kit
youtube:UgwVICb2BQk4uOE_f754AaABAg,youtube,en,INFORMATION_SEEKING,$899,price|equipment|sustainability|hydroponic_kit
youtube:UgwVICb2BQk4uOE_f754AaABAg,youtube,en,INFORMATION_SEEKING,$50,price|equipment|sustainability|hydroponic_kit
youtube:UgwVICb2BQk4uOE_f754AaABAg,youtube,en,INFORMATION_SEEKING,$50,price|equipment|sustainability|hydroponic_kit
youtube:UgwVICb2BQk4uOE_f754AaABAg,youtube,en,INFORMATION_SEEKING,$25,price|equipment|sustainability|hydroponic_kit
youtube:UgwVICb2BQk4uOE_f754AaABAg,youtube,en,INFORMATION_SEEKING,$30,price|equipment|sustainability|hydroponic_kit
youtube:UgwVICb2BQk4uOE_f754AaABAg,youtube,en,INFORMATION_SEEKING,$99,price|equipment|sustainability|hydroponic_kit
youtube:UgwVICb2BQk4uOE_f754AaABAg,youtube,en,INFORMATION_SEEKING,$5,price|equipment|sustainability|hydroponic_kit
youtube:UgwVICb2BQk4uOE_f754AaABAg,youtube,en,INFORMATION_SEEKING,$150,price|equipment|sustainability|hydroponic_kit
youtube:UgwVICb2BQk4uOE_f754AaABAg,youtube,en,INFORMATION_SEEKING,$25,price|equipment|sustainability|hydroponic_kit
youtube:UgwVICb2BQk4uOE_f754AaABAg,youtube,en,INFORMATION_SEEKING,$80.,price|equipment|sustainability|hydroponic_kit
youtube:UgwW5e6d2jtJdccjebh4AaABAg,youtube,en,POST_PURCHASE,$20.,price|pH|sensors
youtube:UgwWUnOdbITHnnELSsx4AaABAg.ADJZCKbLPrrADa5gsVznJk,youtube,en,UNKNOWN,$130,price
youtube:UgwWUnOdbITHnnELSsx4AaABAg.ADJZCKbLPrrADa5gsVznJk,youtube,en,UNKNOWN,$260,price
youtube:UgwXo69OOQR5FEpnxK14AaABAg.A8HKbMM00wZAEprAdrKWIR,youtube,da,UNKNOWN,rp8,price
youtube:UgwXoGiQDYM9k9-6Jop4AaABAg.9xdeltHUlXy9xgNdJ3BvPH,youtube,en,COMPARISON,$450,price
youtube:UgwXoGiQDYM9k9-6Jop4AaABAg.9xdeltHUlXy9xgNdJ3BvPH,youtube,en,COMPARISON,$1300,price
youtube:UgwXoGiQDYM9k9-6Jop4AaABAg.9xdeltHUlXy9xgNdJ3BvPH,youtube,en,COMPARISON,$2200,price
youtube:UgwYOOBiNYQnpqIJrdR4AaABAg.9vHokRz0AC89vMWIhsr7os,youtube,en,UNKNOWN,$0.18,price|equipment
youtube:UgwYOOBiNYQnpqIJrdR4AaABAg.9vHokRz0AC89vMWIhsr7os,youtube,en,UNKNOWN,$1.20,price|equipment
youtube:UgwYw90nrEDCYnp0B0V4AaABAg.AHqyst7AC4qAI0G4pP_jC7,youtube,id,UNKNOWN,2jt,price
youtube:UgwZ0UoF85-O_PNSP-p4AaABAg,youtube,en,AWARENESS,$40,price|nutrients|sustainability
youtube:UgwZkR3ETWL_Ri91MTR4AaABAg,youtube,en,INFORMATION_SEEKING,$500,price
youtube:Ugw_tz_Hv9d_nwCt-uN4AaABAg,youtube,en,RECOMMENDATION,$0.40,price|hydroponic_kit
youtube:Ugw_tz_Hv9d_nwCt-uN4AaABAg,youtube,en,RECOMMENDATION,$0.60.,price|hydroponic_kit
youtube:Ugwa-0drXbAdISSNLvp4AaABAg,youtube,en,INFORMATION_SEEKING,$10,ease_of_use|price|water|equipment
youtube:Ugwa-0drXbAdISSNLvp4AaABAg,youtube,en,INFORMATION_SEEKING,$80,ease_of_use|price|water|equipment
youtube:Ugwa-0drXbAdISSNLvp4AaABAg,youtube,en,INFORMATION_SEEKING,$80,ease_of_use|price|water|equipment
youtube:Ugwa3fumG-7wuVEWZX54AaABAg,youtube,en,UNKNOWN,$50,price|hydroponic_kit
youtube:UgwbZucAt3TCrKxdgFR4AaABAg,youtube,id,RECOMMENDATION,5 ribu,
youtube:Ugwc5K6iDjTH8WnB7JJ4AaABAg,youtube,en,INFORMATION_SEEKING,$1350,price
youtube:Ugwc9gCtldKBgXprqiV4AaABAg.9VF3-gpImsn9WjE_hM0M_d,youtube,id,INFORMATION_SEEKING,7juta,equipment
youtube:UgwdM8XYUBUgFPzW3T54AaABAg,youtube,en,UNKNOWN,$30,price
youtube:UgwdWsdTDnO-uXpMRdF4AaABAg.9MEUK5GCDHP9MEi-SEqmZo,youtube,id,UNKNOWN,56 ribu,price
youtube:UgwdcPhNOpafR9vjwj54AaABAg,youtube,id,COMPARISON,100 ribu,price|nutrients
youtube:UgweW0UrkXpxDttuSLV4AaABAg,youtube,en,INSPIRATION,$60,price|hydroponic_kit
youtube:Ugwf1DwzswbDUGlR-WF4AaABAg,youtube,id,ABANDONMENT_FRUSTRATION,10jt,price|nutrients|plant_health
youtube:Ugwf1DwzswbDUGlR-WF4AaABAg.AO_XO7EURorAOjUuPPpGvC,youtube,id,INFORMATION_SEEKING,10 juta,price
youtube:UgwfKT9xwMiMwN55t6p4AaABAg,youtube,id,INFORMATION_SEEKING,3 jt,
youtube:UgwfctpdknD2VvyzbP54AaABAg,youtube,en,UNKNOWN,$3,price
youtube:UgwfyzJZaCUagRoCi8x4AaABAg,youtube,id,UNKNOWN,123 ribu,
youtube:UgwhVgFzb6iYrVSEDiJ4AaABAg.A_DBq1boYDkA_KICISvBNY,youtube,id,UNKNOWN,5jt,
youtube:UgwiMCuTrgCsxobq9Ex4AaABAg.A7FqE24cv1MACwVbFCw0HE,youtube,id,UNKNOWN,22rb,
youtube:UgwiuOMSpneY-BoXegF4AaABAg,youtube,en,UNKNOWN,$7.99,price
youtube:UgwiuOMSpneY-BoXegF4AaABAg,youtube,en,UNKNOWN,$7.99,price
youtube:Ugwj4MXgjIvpGAEHFBJ4AaABAg,youtube,id,INFORMATION_SEEKING,Rp 53.300,price|nutrients|EC_TDS|water
youtube:Ugwjl6F4fXQ3uU18lzp4AaABAg.AGbybJA1UtOAKQiPrwtQpg,youtube,id,UNKNOWN,4 juta,
youtube:Ugwk4FsBn0jns1CIA2R4AaABAg,youtube,en,INFORMATION_SEEKING,3 dollars,price
youtube:Ugwk4FsBn0jns1CIA2R4AaABAg.9uMxRJ_KJOi9uNFOwpaABO,youtube,en,UNKNOWN,$3.50,price
youtube:UgwklHNVpEQyrCxLvPZ4AaABAg,youtube,id,INFORMATION_SEEKING,100rb,price|equipment
youtube:UgwklHNVpEQyrCxLvPZ4AaABAg,youtube,id,INFORMATION_SEEKING,5jt,price|equipment
youtube:Ugwl7ppwcXfcFOFQ6t94AaABAg.A3motGT0G56A3myZs1Bsa8,youtube,en,UNKNOWN,$45,price
youtube:UgwlbzwKsWjSBSJDRrp4AaABAg,youtube,id,UNKNOWN,40 jt,
youtube:UgwmMdUaNo01NlwLsKl4AaABAg,youtube,en,UNKNOWN,800 dollars,
youtube:UgwohH4G0OeBoShEbNx4AaABAg.AauOFvT2oj-AauPmGMCrRK,youtube,id,UNKNOWN,25 ribu,
youtube:Ugwoy-4ShymdDRr7cHl4AaABAg,youtube,en,UNKNOWN,$10,price|equipment
youtube:Ugwoy-4ShymdDRr7cHl4AaABAg.AGbWvdrcOnfAGhpf5LQK1V,youtube,en,INFORMATION_SEEKING,$10,price|equipment
youtube:UgwqCvx5M5hqdi4tm3t4AaABAg,youtube,en,INSPIRATION,$60.,ease_of_use|price|maintenance
youtube:UgwsU1JmJlutfY4MuTt4AaABAg,youtube,en,UNKNOWN,$600.,price|equipment
youtube:UgwsvnIyM27ETVoXYjB4AaABAg,youtube,id,UNKNOWN,7 juta,
youtube:Ugwtd5dnZ8CH4vci6DN4AaABAg,youtube,en,UNKNOWN,$1,price|water|sustainability
youtube:Ugwtq3Eb4JH8pn19UIF4AaABAg.9qtsgq5OQro9sttUY9oz2X,youtube,en,AWARENESS,$150,price
youtube:Ugwu3MybQYhg-P7aq114AaABAg,youtube,id,UNKNOWN,20 ribu,price
youtube:UgwuLYxWynzAY2wCest4AaABAg.AVz8gAD1nsvAWpNZ0_oWAp,youtube,id,UNKNOWN,20rb,
youtube:Ugwv9nv87qcI7rfEv-Z4AaABAg,youtube,id,UNKNOWN,7 juta,
youtube:Ugwvr1-NI8pI7ca8SVd4AaABAg,youtube,id,INFORMATION_SEEKING,36 juta,
youtube:Ugwvr1-NI8pI7ca8SVd4AaABAg,youtube,id,INFORMATION_SEEKING,36 juta,
youtube:Ugwvr1-NI8pI7ca8SVd4AaABAg.A8H6-nrRWCBABOCxEVXCUB,youtube,id,AWARENESS,36 juta,equipment
youtube:Ugwvr1-NI8pI7ca8SVd4AaABAg.A8H6-nrRWCBABOFsOFdZyi,youtube,id,INFORMATION_SEEKING,30ribu,price
youtube:Ugww8U04fmN16rhFqJV4AaABAg,youtube,en,UNKNOWN,1200 bucks,
youtube:Ugww_oL_NveJfBlGWHJ4AaABAg,youtube,en,UNKNOWN,$30,price|hydroponic_kit
youtube:UgwweXOQMdmaFwUZ9Ed4AaABAg.9AW-buRSeDn9AW-z57q0cg,youtube,id,UNKNOWN,47ribu,
youtube:UgwwmbzfuJOi6JbasA94AaABAg,youtube,id,INSPIRATION,2 ribu,
youtube:Ugwxb02na7VDtyLWo8V4AaABAg.98zlTyUO6sF999VKMliw3v,youtube,id,UNKNOWN,50rb,pH|EC_TDS|temperature|equipment
youtube:Ugx0P8D3jB9OfxGK1954AaABAg,youtube,en,UNKNOWN,"$12,",price|water
youtube:Ugx0P8D3jB9OfxGK1954AaABAg,youtube,en,UNKNOWN,"$50,",price|water
youtube:Ugx0P8D3jB9OfxGK1954AaABAg,youtube,en,UNKNOWN,"$8,",price|water
youtube:Ugx0P8D3jB9OfxGK1954AaABAg,youtube,en,UNKNOWN,$200,price|water
youtube:Ugx0P8D3jB9OfxGK1954AaABAg,youtube,en,UNKNOWN,$20,price|water
youtube:Ugx0P8D3jB9OfxGK1954AaABAg,youtube,en,UNKNOWN,$270.,price|water
youtube:Ugx0P8D3jB9OfxGK1954AaABAg,youtube,en,UNKNOWN,$5,price|water
youtube:Ugx0P8D3jB9OfxGK1954AaABAg.AUl6z40T9XzAZtkPHwdIj2,youtube,en,UNKNOWN,$13,price|plant_health
youtube:Ugx0pmY4j05AvHIJA714AaABAg.9jy-tY3Hqx-9jyiP75BoEy,youtube,id,INFORMATION_SEEKING,20rb,price|nutrients|water
youtube:Ugx0pmY4j05AvHIJA714AaABAg.9jy-tY3Hqx-9jzO5ZhPInf,youtube,id,UNKNOWN,30 ribu,price|nutrients|water
youtube:Ugx0pmY4j05AvHIJA714AaABAg.9jy-tY3Hqx-9jzO5ZhPInf,youtube,id,UNKNOWN,20 ribu,price|nutrients|water
youtube:Ugx0tDOgbwVeZhk2e4x4AaABAg,youtube,en,INSPIRATION,$100,price|water|temperature|equipment
youtube:Ugx0tDOgbwVeZhk2e4x4AaABAg,youtube,en,INSPIRATION,$120,price|water|temperature|equipment
youtube:Ugx1D-ymDkq2bNd0uBh4AaABAg,youtube,id,INFORMATION_SEEKING,RP. 11.000,price|nutrients
youtube:Ugx22-SBZt2xphmHhAl4AaABAg,youtube,en,UNKNOWN,$110.00.,price|water|equipment|growing_media
youtube:Ugx2gPaWo2pZDLjIF454AaABAg,youtube,en,RECOMMENDATION,$99,price
youtube:Ugx2gPaWo2pZDLjIF454AaABAg.AMZVIuMVBVQAbI-qBNo9TD,youtube,en,UNKNOWN,$800,price
youtube:Ugx2s0HZZIqqt9USolh4AaABAg,youtube,en,RECOMMENDATION,$30,price|nutrients|pH|water|temperature|oxygen
youtube:Ugx2s0HZZIqqt9USolh4AaABAg,youtube,en,RECOMMENDATION,$50,price|nutrients|pH|water|temperature|oxygen
youtube:Ugx39tD9JCtBtXX8vC14AaABAg,youtube,id,UNKNOWN,7 jt,
youtube:Ugx57hTn1cu3cAO9w2J4AaABAg,youtube,en,UNKNOWN,$10,price
youtube:Ugx5LphPR0LcI7cfySN4AaABAg.9ZUrhLdY90n9faRiofU47U,youtube,id,INFORMATION_SEEKING,rp2,price|nutrients|water
youtube:Ugx5t0r7n8676BwxgZp4AaABAg.AQYPrtOtLvKAQzSW70-3_Y,youtube,id,UNKNOWN,4jt,price
youtube:Ugx6RNhXoMy2TfVCn3l4AaABAg.9WHpz_WlrD09WIaZyg_FfC,youtube,en,RECOMMENDATION,$15,price|maintenance
youtube:Ugx6ap3DHvNLyt57UoB4AaABAg,youtube,en,UNKNOWN,$899,price
youtube:Ugx7nmZuCmo0v8AQSGp4AaABAg.AN35Rm4P5SvANAvugEpi6G,youtube,en,PROBLEM_SOLVING,$97,price|equipment|growing_media
youtube:Ugx7zNrQiDdGcTK9hQl4AaABAg,youtube,id,INFORMATION_SEEKING,1rb,price
youtube:Ugx8gzG063uc2gLb62t4AaABAg.AR_1ZANw9NOARastn0uZ0w,youtube,en,UNKNOWN,"$50,",price|nutrients|water|plant_health|equipment
youtube:Ugx93Fpu4uf-Q2qhKsp4AaABAg.A09_qILN0oDA0BarfqtOng,youtube,id,UNKNOWN,65 rb,price
youtube:UgxCB-iSQNVvwu9NtWt4AaABAg.AClz-VHWIwpADT08sMT7qA,youtube,id,UNKNOWN,Rp 2700,price|nutrients
youtube:UgxCC0k7B49HOX9FuGJ4AaABAg.ADebycNRfq_APwuuKzjTzZ,youtube,id,INFORMATION_SEEKING,100 ribu,price|sensors
youtube:UgxD40We_fNUt-CDnMJ4AaABAg,youtube,id,PURCHASE_EXPLORATION,1 juta,equipment
youtube:UgxD40We_fNUt-CDnMJ4AaABAg,youtube,id,PURCHASE_EXPLORATION,50 rb,equipment
youtube:UgxDHm7kElJhoRD8DuF4AaABAg,youtube,en,UNKNOWN,"$ 3,",price
youtube:UgxE3A9ZaR3fMs-ayIh4AaABAg,youtube,id,UNKNOWN,9 jt,equipment
youtube:UgxGbVMfaGTuJKLFOcR4AaABAg.9rVks5cPqTN9rgyooRFoNB,youtube,id,UNKNOWN,4 juta,
youtube:UgxH495j1I7LaaZbWGB4AaABAg.AQqLEEAzDEYAWlZdXhv8Hi,youtube,id,COMPARISON,5 ribu,ease_of_use|price|nutrients|EC_TDS
youtube:UgxH495j1I7LaaZbWGB4AaABAg.AQqLEEAzDEYAWlZdXhv8Hi,youtube,id,COMPARISON,15 rb,ease_of_use|price|nutrients|EC_TDS
youtube:UgxH495j1I7LaaZbWGB4AaABAg.AQqLEEAzDEYAWlZdXhv8Hi,youtube,id,COMPARISON,5rb,ease_of_use|price|nutrients|EC_TDS
youtube:UgxHtJxtZGJ6gdCJA1B4AaABAg,youtube,en,EXPLICIT_PURCHASE_INTENT,$0.50.,price|growing_media
youtube:UgxIG2OKhYBoroNCvbN4AaABAg.ALxPDl4hTzfASabRFwwzCi,youtube,id,UNKNOWN,25 JT,
youtube:UgxJv4hWrFdVDmp5BXt4AaABAg.9bS6jC7ZP-G9oMnWznxZih,youtube,en,UNKNOWN,$100,price|equipment
youtube:UgxJyM2IQacVNdZqO1d4AaABAg.9sfDJVp512_A36VstRsVl3,youtube,en,UNKNOWN,$85,price|water|equipment
youtube:UgxKnVEYsBBPo97h90B4AaABAg,youtube,en,INSPIRATION,$700,price
youtube:UgxKnVEYsBBPo97h90B4AaABAg,youtube,en,INSPIRATION,$5,price
youtube:UgxLcYr2ZtNBjt9-95R4AaABAg.92keKd06X-g92kpfsK6GYh,youtube,id,AWARENESS,70rb,
youtube:UgxLcYr2ZtNBjt9-95R4AaABAg.92keKd06X-g92kpfsK6GYh,youtube,id,AWARENESS,130rb,
youtube:UgxMtCoKhFkbb1vdfc14AaABAg.9-ph-x0iRqc9-rdUow38va,youtube,id,UNKNOWN,33rb,
youtube:UgxNVfZwP2yK3Cda2AF4AaABAg,youtube,en,UNKNOWN,$1,price|equipment
youtube:UgxOszdrcjbDz-gYWN94AaABAg,youtube,en,RECOMMENDATION,$400,price|water|equipment
youtube:UgxPRqN0UbCYTIac6GV4AaABAg,youtube,en,RECOMMENDATION,$120,price|nutrients|water|oxygen|plant_health|equipment
youtube:UgxPRqN0UbCYTIac6GV4AaABAg,youtube,en,RECOMMENDATION,$70,price|nutrients|water|oxygen|plant_health|equipment
youtube:UgxPRqN0UbCYTIac6GV4AaABAg,youtube,en,RECOMMENDATION,$30,price|nutrients|water|oxygen|plant_health|equipment
youtube:UgxPfDUDx6F3Q8WF9ed4AaABAg,youtube,en,INSPIRATION,$120,price|water
youtube:UgxPrcXs8Iik506S3DJ4AaABAg,youtube,en,INSPIRATION,$2000,ease_of_use|price|maintenance|nutrients|pH|water|oxygen|equipment
youtube:UgxQTb6d_BvlMtb3ELR4AaABAg.A1IkRV8EQnGABl9lStF8am,youtube,id,UNKNOWN,500rb,nutrients
youtube:UgxQmr2CpuUeaKTPI3d4AaABAg,youtube,en,EXPLICIT_PURCHASE_INTENT,$89,price|oxygen|equipment|hydroponic_kit
youtube:UgxQv4LtpjOW6EMNT8l4AaABAg.AY6_F38AO26AY6eBBTciSw,youtube,id,UNKNOWN,90 rb,
youtube:UgxTXzit3tdvMNQZkpp4AaABAg,youtube,en,UNKNOWN,$500,price
youtube:UgxTnpd0m3CcCG72hjR4AaABAg,youtube,id,INFORMATION_SEEKING,1 JT,
youtube:UgxUswML60lnUAUhXxp4AaABAg.9PX9yiXp8YE9PXF5RDpn_b,youtube,en,INSPIRATION,$100,price|sensors
youtube:UgxUswML60lnUAUhXxp4AaABAg.9PX9yiXp8YE9S9HjcO11Xm,youtube,en,RECOMMENDATION,$100,price
youtube:UgxVNbmPY8RdVuVp7Vd4AaABAg,youtube,en,UNKNOWN,$20,price|nutrients|water|equipment|growing_media
youtube:UgxVNbmPY8RdVuVp7Vd4AaABAg,youtube,en,UNKNOWN,$3,price|nutrients|water|equipment|growing_media
youtube:UgxVNbmPY8RdVuVp7Vd4AaABAg,youtube,en,UNKNOWN,$2,price|nutrients|water|equipment|growing_media
youtube:UgxVNbmPY8RdVuVp7Vd4AaABAg,youtube,en,UNKNOWN,$6,price|nutrients|water|equipment|growing_media
youtube:UgxVNbmPY8RdVuVp7Vd4AaABAg,youtube,en,UNKNOWN,$6,price|nutrients|water|equipment|growing_media
youtube:UgxVNbmPY8RdVuVp7Vd4AaABAg,youtube,en,UNKNOWN,$13,price|nutrients|water|equipment|growing_media
youtube:UgxVNbmPY8RdVuVp7Vd4AaABAg,youtube,en,UNKNOWN,$10,price|nutrients|water|equipment|growing_media
youtube:UgxVNbmPY8RdVuVp7Vd4AaABAg,youtube,en,UNKNOWN,$10,price|nutrients|water|equipment|growing_media
youtube:UgxVNbmPY8RdVuVp7Vd4AaABAg,youtube,en,UNKNOWN,$5,price|nutrients|water|equipment|growing_media
youtube:UgxVNbmPY8RdVuVp7Vd4AaABAg,youtube,en,UNKNOWN,$10,price|nutrients|water|equipment|growing_media
youtube:UgxVNbmPY8RdVuVp7Vd4AaABAg,youtube,en,UNKNOWN,$15,price|nutrients|water|equipment|growing_media
youtube:UgxVNbmPY8RdVuVp7Vd4AaABAg,youtube,en,UNKNOWN,$10,price|nutrients|water|equipment|growing_media
youtube:UgxVNbmPY8RdVuVp7Vd4AaABAg,youtube,en,UNKNOWN,$10,price|nutrients|water|equipment|growing_media
youtube:UgxVNbmPY8RdVuVp7Vd4AaABAg,youtube,en,UNKNOWN,$85,price|nutrients|water|equipment|growing_media
youtube:UgxVNbmPY8RdVuVp7Vd4AaABAg,youtube,en,UNKNOWN,$30,price|nutrients|water|equipment|growing_media
youtube:UgxVmjoAjze7q9ts3px4AaABAg,youtube,id,UNKNOWN,300 rb,price|pH|water|equipment
youtube:UgxVmjoAjze7q9ts3px4AaABAg.95AxFZFAPGS989NIr1cg3y,youtube,id,UNKNOWN,180rb,price|pH|EC_TDS|equipment
youtube:UgxVtaSu_AremPWcxQl4AaABAg,youtube,en,PROBLEM_SOLVING,$5,price|water|oxygen|equipment
youtube:UgxVtaSu_AremPWcxQl4AaABAg,youtube,en,PROBLEM_SOLVING,$100,price|water|oxygen|equipment
youtube:UgxVtaSu_AremPWcxQl4AaABAg,youtube,en,PROBLEM_SOLVING,$80,price|water|oxygen|equipment
youtube:UgxVtaSu_AremPWcxQl4AaABAg,youtube,en,PROBLEM_SOLVING,$10,price|water|oxygen|equipment
youtube:UgxVtaSu_AremPWcxQl4AaABAg,youtube,en,PROBLEM_SOLVING,$25,price|water|oxygen|equipment
youtube:UgxVtaSu_AremPWcxQl4AaABAg,youtube,en,PROBLEM_SOLVING,$30,price|water|oxygen|equipment
youtube:UgxVz3AKS_9LUXmKfl14AaABAg,youtube,id,RECOMMENDATION,25 ribu,price|nutrients
youtube:UgxXLDpwf0uSMrrzu_d4AaABAg,youtube,en,EXPLICIT_PURCHASE_INTENT,"$399,",price|hydroponic_kit
youtube:UgxXYEdqlaYC8AdwZCx4AaABAg,youtube,en,COMPARISON,5 dollars,ease_of_use|price|nutrients|EC_TDS|water|oxygen|plant_health|equipment|hydroponic_kit
youtube:UgxYI4_xc6DL2H7vA0t4AaABAg.9pqG3_F_Fis9pte79Wtcpc,youtube,id,UNKNOWN,5 juta,
youtube:UgxYjRcnbAsyrxOd90t4AaABAg,youtube,id,UNKNOWN,3 ribu,price
youtube:UgxZDG8oy5KVRV6EZ8B4AaABAg,youtube,id,INFORMATION_SEEKING,100 rb,price|equipment
youtube:UgxZuzv2HET6Cnaznb94AaABAg.9KxOSm0x7r19KxOpkiGq57,youtube,id,UNKNOWN,Rp 100,price|nutrients|pH
youtube:Ugx_avpjz_9-XRBHMDl4AaABAg,youtube,id,INFORMATION_SEEKING,3jt,price
youtube:Ugx_t1yAoq4DqYpHUuB4AaABAg,youtube,en,INFORMATION_SEEKING,$10,price
youtube:UgxasNlHBFGVPNcA8Sh4AaABAg,youtube,en,UNKNOWN,$500,price
youtube:Ugxb2FzFOxWrEChNvmV4AaABAg.9AQui0gkDwa9AXTFIuusAu,youtube,id,UNKNOWN,Rp. 150.000,price
youtube:Ugxb7FW611fJll05cSJ4AaABAg,youtube,id,UNKNOWN,85rb,price|maintenance
youtube:Ugxb7PurCQp-4t3Yu7t4AaABAg,youtube,en,AWARENESS,$25,price|light
youtube:Ugxb7PurCQp-4t3Yu7t4AaABAg,youtube,en,AWARENESS,$10,price|light
youtube:UgxbepSqzsaRjKwsrgR4AaABAg.AGlMFoK0-mDAI0GQ7b9RMl,youtube,id,UNKNOWN,2jt,
youtube:Ugxbs-l6EmSsZaV6Fxt4AaABAg.9rtWQkWHcrC9ruHZwEUuC1,youtube,en,PURCHASE_EXPLORATION,$2,price
youtube:Ugxbs-l6EmSsZaV6Fxt4AaABAg.9rtWQkWHcrC9ruHZwEUuC1,youtube,en,PURCHASE_EXPLORATION,$5,price
youtube:UgxcbUA4CXWWOcCxtJV4AaABAg,youtube,en,UNKNOWN,$600,price
youtube:UgxdMDe72yq1M2S4C_t4AaABAg,youtube,en,INFORMATION_SEEKING,$1,ease_of_use|price
youtube:UgxdNHIOK2mUMrMXVJZ4AaABAg,youtube,en,INSPIRATION,$10,price
youtube:UgxdNHIOK2mUMrMXVJZ4AaABAg,youtube,en,INSPIRATION,$400,price
youtube:UgxeS5oxse6toa1S4Xl4AaABAg,youtube,id,INSPIRATION,1 jt,
youtube:UgxefXRSLCPhWYJgjAF4AaABAg.9zAYRIvsKwW9zAl0C6NBF7,youtube,tl,UNKNOWN,35rb,
youtube:Ugxf5flBff30TddL0l54AaABAg,youtube,en,UNKNOWN,$5,price|equipment
youtube:Ugxga9kr8z3N6Xxjnb14AaABAg,youtube,en,RECOMMENDATION,$50,price
youtube:Ugxh7pTVOgEZ49X4tGl4AaABAg.9zr_2NJYfm29zraW13iPzv,youtube,id,UNKNOWN,70 rb,price
youtube:UgxhKu2OYwZyp9fFi9x4AaABAg,youtube,en,UNKNOWN,$200,price
youtube:UgxhKu2OYwZyp9fFi9x4AaABAg,youtube,en,UNKNOWN,$5,price
youtube:UgxkR2QvHhPGIzyrxO14AaABAg,youtube,en,EXPLICIT_PURCHASE_INTENT,$12.99,price
youtube:UgxkgSynrl23IVuKrlx4AaABAg.9tvZeJiDkbuAU96L1l_Tml,youtube,en,UNKNOWN,$70.,price
youtube:Ugxks9XAXXTaqjhEaF14AaABAg,youtube,en,UNKNOWN,$3,price
youtube:UgxlEsAUbobXd_HJDul4AaABAg,youtube,en,PURCHASE_EXPLORATION,$1,price|equipment|growing_media
youtube:UgxlXjd6gOXH7dH0jeB4AaABAg,youtube,id,UNKNOWN,rp2,price
youtube:UgxmHHh4OSasjfGeEMZ4AaABAg.APhIElh0WynAPhOLkkb7aR,youtube,en,PURCHASE_EXPLORATION,$100,price|water|temperature|automation|AI
youtube:UgxmIRdBU_L3MH_bR0Z4AaABAg.AEzdn6ZfWGPAGGDt3kpJoJ,youtube,en,PURCHASE_EXPLORATION,500 bucks,price
youtube:UgxmPKvSIK8en65HRYZ4AaABAg.AReGYtpVCezAReSESv92Vf,youtube,en,UNKNOWN,$50,price
youtube:UgxmPKvSIK8en65HRYZ4AaABAg.AReGYtpVCezAU5UmRxs82I,youtube,en,INFORMATION_SEEKING,$50,price
youtube:UgxmggDs7gji1g2TS4d4AaABAg,youtube,en,UNKNOWN,40 bucks,
youtube:UgxmjwjcIjZsgV1A7yR4AaABAg,youtube,id,INFORMATION_SEEKING,8 rb,price|nutrients|water
youtube:UgxmzpAfBAJsBeOoAb94AaABAg,youtube,en,INSPIRATION,$700,price|nutrients|equipment|sustainability
youtube:UgxnAEZ_T2R-KBNSJ114AaABAg,youtube,nl,UNKNOWN,200 dollars,water
youtube:UgxnyRsntcHDUAsjwzp4AaABAg.AT-LBOmu4xyAT07J9TkF-n,youtube,id,UNKNOWN,5jt,price
youtube:Ugxo1jn_RkXc5kAuXz54AaABAg.9SbGt__jSWH9bGjq3Af7gu,youtube,en,UNKNOWN,150 USD,price
youtube:Ugxo4IdzFHsNPnScBNR4AaABAg,youtube,id,INFORMATION_SEEKING,3rb,EC_TDS
youtube:UgxoQxVN2ZO3bplYPGZ4AaABAg,youtube,en,UNKNOWN,$900,price
youtube:UgxoQxVN2ZO3bplYPGZ4AaABAg,youtube,en,UNKNOWN,$5,price
youtube:Ugxor683A2ye94dqojp4AaABAg,youtube,id,INFORMATION_SEEKING,80 juta,price
youtube:Ugxp5MuomBEYSdwictZ4AaABAg.A1e6c8wbX4oA1q6Qd8unh4,youtube,id,UNKNOWN,5 juta,
youtube:Ugxr7FDB-jiwu4wMfrd4AaABAg,youtube,id,INFORMATION_SEEKING,1 jt,nutrients|equipment
youtube:UgxrWuLOuxnC3l2NP5h4AaABAg,youtube,en,INSPIRATION,$20.,price|maintenance|water|equipment
youtube:UgxrWuLOuxnC3l2NP5h4AaABAg,youtube,en,INSPIRATION,$5.,price|maintenance|water|equipment
youtube:Ugxrjqb-fGxFkEQoSqx4AaABAg,youtube,en,INFORMATION_SEEKING,$1800.,price|equipment
youtube:UgxsFzcFiMOFUrqitbh4AaABAg,youtube,en,RECOMMENDATION,$8.99.,ease_of_use|price|equipment|hydroponic_kit
youtube:UgxsiZOYGub_-GksLJ14AaABAg.9v9T-gP5d869v9US12dznK,youtube,id,UNKNOWN,35 ribu,price|nutrients|EC_TDS|water
youtube:Ugxt9tvDaftH-opt5GN4AaABAg,youtube,id,UNKNOWN,Rp.2.000,price
youtube:Ugxt9tvDaftH-opt5GN4AaABAg,youtube,id,UNKNOWN,Rp.3.000,price
youtube:UgxvGmu4mKPpGSffhZ14AaABAg,youtube,en,UNKNOWN,$675,price
youtube:UgxvGmu4mKPpGSffhZ14AaABAg,youtube,en,UNKNOWN,$470,price
youtube:UgxvZXssMVKGp2TaF1V4AaABAg.9R9T26pDelW9_Ur8DQfkHd,youtube,en,UNKNOWN,$12,price
youtube:UgxveLOF4eTLPVb261B4AaABAg,youtube,en,INFORMATION_SEEKING,$15,price
youtube:UgxvvLIzQmsAd83gA_N4AaABAg.9ooZooHUACe9tmyVo40n_f,youtube,id,AWARENESS,3jt,
youtube:UgxvvLIzQmsAd83gA_N4AaABAg.9ooZooHUACe9tmyVo40n_f,youtube,id,AWARENESS,5jt,
youtube:UgxwehS5PoNl_31PL2F4AaABAg,youtube,id,UNKNOWN,100rb,price|EC_TDS
youtube:Ugxwrk3qIAcdbgYP42R4AaABAg,youtube,id,INSPIRATION,5rb,price|nutrients|water|plant_health|growing_media
youtube:Ugxwrk3qIAcdbgYP42R4AaABAg,youtube,id,INSPIRATION,50rb,price|nutrients|water|plant_health|growing_media
youtube:Ugxwrk3qIAcdbgYP42R4AaABAg,youtube,id,INSPIRATION,150rb,price|nutrients|water|plant_health|growing_media
youtube:Ugxwrk3qIAcdbgYP42R4AaABAg,youtube,id,INSPIRATION,10rb,price|nutrients|water|plant_health|growing_media
youtube:UgxyBFXqlMmrHmSH5ed4AaABAg.A2Mu0-lS_liA_YVk-R4b-Y,youtube,id,INFORMATION_SEEKING,856568rb,price
youtube:UgxyU4v-Ps5bzhlGI-p4AaABAg,youtube,en,UNKNOWN,300 dollars,equipment
youtube:UgxyUVKvzAakWW7YItl4AaABAg,youtube,en,UNKNOWN,$500,price
youtube:UgxyUVKvzAakWW7YItl4AaABAg,youtube,en,UNKNOWN,$10,price
youtube:UgxyWfjs_U9Rgrge6Dt4AaABAg,youtube,en,UNKNOWN,800 dollars,sustainability
youtube:UgxyWfjs_U9Rgrge6Dt4AaABAg.Ab3MFAJYnifAbJ0z8hQ92r,youtube,en,UNKNOWN,20 dollars,AI|sustainability
youtube:Ugxzg19oz9eQLtEjc8N4AaABAg,youtube,id,INSPIRATION,"Rp.35.000,",price
youtube:Ugy1frVoqJ6FYqirosF4AaABAg.AVxsa3yqzrVAW3E5KL8_kr,youtube,en,UNKNOWN,$ 8,price|automation
youtube:Ugy1y2-t0Fr-MuBWad94AaABAg.AKhUWP3K7NwAKhgcNhjSQ5,youtube,en,INSPIRATION,$100,price|equipment|hydroponic_kit
youtube:Ugy2FzULcm0wseisjJZ4AaABAg.9BmPpLPs1sK9BnHhC4OTfe,youtube,id,UNKNOWN,47 ribu,
youtube:Ugy2ZtJ338OfSxfZNat4AaABAg.9zzkcQTtfWQA1BNUOuAkG4,youtube,en,UNKNOWN,$350,price|nutrients|growing_media|sustainability
youtube:Ugy2ZtJ338OfSxfZNat4AaABAg.9zzkcQTtfWQA1BQlMt6Yw5,youtube,en,INFORMATION_SEEKING,$350,price
youtube:Ugy3D7NNUdUrYVKVVtV4AaABAg.A8lWMvxo4eSA8vaiErCgXH,youtube,id,UNKNOWN,2 jt,price
youtube:Ugy3NUATUoU_4Jd5wed4AaABAg,youtube,id,INFORMATION_SEEKING,rp. 18.000,price|nutrients
youtube:Ugy4nOPkaAkbRW-g6At4AaABAg,youtube,en,INSPIRATION,$300,price|light|sustainability
youtube:Ugy4nOPkaAkbRW-g6At4AaABAg,youtube,en,INSPIRATION,$20,price|light|sustainability
youtube:Ugy4nOPkaAkbRW-g6At4AaABAg,youtube,en,INSPIRATION,50 bucks,price|light|sustainability
youtube:Ugy5OKc6bGu56RQ1d6l4AaABAg,youtube,en,UNKNOWN,5usd,price|growing_media
youtube:Ugy5iu0zDHFlmASVyXZ4AaABAg,youtube,id,UNKNOWN,3rb,EC_TDS
youtube:Ugy5kNlxCkQvj_z8D854AaABAg,youtube,id,UNKNOWN,100 ribu,
youtube:Ugy5ya3DNWeOsszrBHR4AaABAg,youtube,en,UNKNOWN,$20,price|nutrients
youtube:Ugy6I-AQiSyOrgCKZu94AaABAg,youtube,en,UNKNOWN,$500,price
youtube:Ugy7nqGbX7S4r8KgFfJ4AaABAg,youtube,en,AWARENESS,$1000,price
youtube:Ugy8RdO4p4defBsufD14AaABAg.9867I3rexG39869GTrVpRg,youtube,id,UNKNOWN,47 ribu,
youtube:Ugy8VZK3gcw9RqL3Wit4AaABAg,youtube,en,INSPIRATION,$120,price
youtube:Ugy9tLIwl2zIj-WDo7x4AaABAg,youtube,id,INFORMATION_SEEKING,35rb,price
youtube:UgyA-s2auRsMDf8g4l94AaABAg,youtube,en,RECOMMENDATION,$5,price|sustainability
youtube:UgyA-s2auRsMDf8g4l94AaABAg,youtube,en,RECOMMENDATION,$5,price|sustainability
youtube:UgyA79chJMETzSHP7V54AaABAg,youtube,id,INFORMATION_SEEKING,300 rb,price|plant_health
youtube:UgyAq9THLXR-wsnAW0x4AaABAg,youtube,id,UNKNOWN,100rb,
youtube:UgyBC-f8MjSFLYZ6juV4AaABAg.AWeUOBwkQBBAWpLLKBuvOQ,youtube,id,UNKNOWN,70 juta,price|water|equipment
youtube:UgyDBVsbjbk0urBkeQV4AaABAg,youtube,en,UNKNOWN,$1,price|water|oxygen|equipment
youtube:UgyDBVsbjbk0urBkeQV4AaABAg,youtube,en,UNKNOWN,$10,price|water|oxygen|equipment
youtube:UgyDBVsbjbk0urBkeQV4AaABAg,youtube,en,UNKNOWN,$11,price|water|oxygen|equipment
youtube:UgyDkd6AEh04JGA0Msd4AaABAg.8klkSkdBVOv8rQzUnlyuBe,youtube,en,UNKNOWN,$200,ease_of_use|price|pH|EC_TDS|sensors
youtube:UgyDkd6AEh04JGA0Msd4AaABAg.8klkSkdBVOv8rQzUnlyuBe,youtube,en,UNKNOWN,$30,ease_of_use|price|pH|EC_TDS|sensors
youtube:UgyDkd6AEh04JGA0Msd4AaABAg.8klkSkdBVOv8rQzUnlyuBe,youtube,en,UNKNOWN,$500,ease_of_use|price|pH|EC_TDS|sensors
youtube:UgyEFnYjYj34gFG6mrJ4AaABAg,youtube,en,INSPIRATION,$35,price|equipment|hydroponic_kit
youtube:UgyEL-VIbKcblq64VPp4AaABAg,youtube,id,UNKNOWN,4 juta,
youtube:UgyF-OlnxIbx6hpiIz54AaABAg,youtube,id,INFORMATION_SEEKING,10 juta,price
youtube:UgyFtN-XKjm1uXogr1Z4AaABAg.9v1Ia-HN4wFAJjF7-eKgzC,youtube,en,UNKNOWN,$13,price|hydroponic_kit
youtube:UgyGnQ1A-L4qWQWebwB4AaABAg,youtube,en,UNKNOWN,$70,price|water|temperature|oxygen|plant_health|equipment
youtube:UgyGtBMch_sk5qEB1GZ4AaABAg.A8lcK6L0z8tAFtSI4hgqnK,youtube,id,UNKNOWN,117 rb,price|sensors
youtube:UgyHq98KeHKmh68R5Vd4AaABAg,youtube,en,ABANDONMENT_FRUSTRATION,$550,ease_of_use|price|equipment|sustainability|hydroponic_kit
youtube:UgyHq98KeHKmh68R5Vd4AaABAg,youtube,en,ABANDONMENT_FRUSTRATION,$2348.,ease_of_use|price|equipment|sustainability|hydroponic_kit
youtube:UgyHq98KeHKmh68R5Vd4AaABAg,youtube,en,ABANDONMENT_FRUSTRATION,"$1,500",ease_of_use|price|equipment|sustainability|hydroponic_kit
youtube:UgyIcxn6uk9GY5WO59N4AaABAg.9DcjVgHzrRQ9Fo3d4022U7,youtube,id,UNKNOWN,100rb,
youtube:UgyJo670l3nS5f9Jfhh4AaABAg.942DqKek_vU942fDD_lzSe,youtube,id,INSPIRATION,45ribu,price|equipment
youtube:UgyJo670l3nS5f9Jfhh4AaABAg.942DqKek_vU942fDD_lzSe,youtube,id,INSPIRATION,65ribu,price|equipment
youtube:UgyKsygp_tcTxLXvbrR4AaABAg.9sDJWBLJP9HA1eI56HxKA2,youtube,en,INSPIRATION,$1.78,price|equipment
youtube:UgyKxS12ty70F3bjmuN4AaABAg,youtube,en,UNKNOWN,12 bucks,
youtube:UgyLGba4s7yWdTkT6Yd4AaABAg.9TkxkCi2yRb9gVwNpW9NpG,youtube,en,INFORMATION_SEEKING,"$18,",price|water|plant_health|equipment
youtube:UgyLGba4s7yWdTkT6Yd4AaABAg.9TkxkCi2yRb9gVwNpW9NpG,youtube,en,INFORMATION_SEEKING,$30,price|water|plant_health|equipment
youtube:UgyLGba4s7yWdTkT6Yd4AaABAg.9TkxkCi2yRb9gVwNpW9NpG,youtube,en,INFORMATION_SEEKING,$1,price|water|plant_health|equipment
youtube:UgyLGba4s7yWdTkT6Yd4AaABAg.9TkxkCi2yRb9gVwNpW9NpG,youtube,en,INFORMATION_SEEKING,$3.,price|water|plant_health|equipment
youtube:UgyLwA__6RW5bKi-D1F4AaABAg.AHOHus8iKcGAOJqXc0G82_,youtube,en,UNKNOWN,$350,price
youtube:UgyLwA__6RW5bKi-D1F4AaABAg.AHOHus8iKcGAOJqXc0G82_,youtube,en,UNKNOWN,$100,price
youtube:UgyLwA__6RW5bKi-D1F4AaABAg.AHOHus8iKcGAOJqXc0G82_,youtube,en,UNKNOWN,$350,price
youtube:UgyLwA__6RW5bKi-D1F4AaABAg.AHOHus8iKcGAPpUa9VH7kD,youtube,en,UNKNOWN,$300,price
youtube:UgyM6ItVWnX67dXE_EN4AaABAg.A33GsZ9ZvzLAOF1Zti1F_f,youtube,id,UNKNOWN,25rb,price
youtube:UgyM7-T4EWs58HvaxXJ4AaABAg,youtube,id,UNKNOWN,300rb,price
youtube:UgyMCRdol8RFe9ASjhp4AaABAg,youtube,id,INFORMATION_SEEKING,2jt,price|plant_health|equipment|automation
youtube:UgyMCRdol8RFe9ASjhp4AaABAg,youtube,id,INFORMATION_SEEKING,5jt,price|plant_health|equipment|automation
youtube:UgyMNgo0ONxoAJ-JS8B4AaABAg.9g-_-IjtrRHA77jeHCJcm6,youtube,en,RECOMMENDATION,$30,price|plant_health|equipment
youtube:UgyMTpDzAbL6T6OITVt4AaABAg,youtube,en,COMPARISON,$300,price|light|equipment
youtube:UgyNEhoYzY_D3T9DGDZ4AaABAg,youtube,id,INFORMATION_SEEKING,8 juta,
youtube:UgyNEhoYzY_D3T9DGDZ4AaABAg.AXgred7maBIAXq7XVgAS_0,youtube,id,UNKNOWN,8jt,price
youtube:UgyNEhoYzY_D3T9DGDZ4AaABAg.AXgred7maBIAXq7XVgAS_0,youtube,id,UNKNOWN,8jt,price
youtube:UgyOBcDMzmPyXbXlQ2J4AaABAg,youtube,id,INFORMATION_SEEKING,16 juta,price|nutrients
youtube:UgyOBcDMzmPyXbXlQ2J4AaABAg,youtube,id,INFORMATION_SEEKING,1jt,price|nutrients
youtube:UgyOVVw37EFNO45jbmt4AaABAg,youtube,en,RECOMMENDATION,"$6,",ease_of_use|price|maintenance|water|equipment|sustainability|support
youtube:UgyOVVw37EFNO45jbmt4AaABAg,youtube,en,RECOMMENDATION,$6,ease_of_use|price|maintenance|water|equipment|sustainability|support
youtube:UgyOVVw37EFNO45jbmt4AaABAg,youtube,en,RECOMMENDATION,$12,ease_of_use|price|maintenance|water|equipment|sustainability|support
youtube:UgyOVVw37EFNO45jbmt4AaABAg,youtube,en,RECOMMENDATION,$30,ease_of_use|price|maintenance|water|equipment|sustainability|support
youtube:UgyO_fTSUBeTpnB2EpV4AaABAg.9k1MgCP6iVW9klTrDkTwJU,youtube,en,INSPIRATION,$2,price
youtube:UgyO_fTSUBeTpnB2EpV4AaABAg.9k1MgCP6iVW9klTrDkTwJU,youtube,en,INSPIRATION,$3,price
youtube:UgyO_fTSUBeTpnB2EpV4AaABAg.9k1MgCP6iVW9klTrDkTwJU,youtube,en,INSPIRATION,$5,price
youtube:UgyO_fTSUBeTpnB2EpV4AaABAg.9k1MgCP6iVW9klTrDkTwJU,youtube,en,INSPIRATION,$100,price
youtube:UgyO_fTSUBeTpnB2EpV4AaABAg.9k1MgCP6iVW9s7PGAT8UhL,youtube,en,UNKNOWN,$7,price
youtube:UgyO_fTSUBeTpnB2EpV4AaABAg.9k1MgCP6iVW9vIWG0iWNdx,youtube,en,UNKNOWN,$5,price
youtube:UgyOcp1sYbGDerb08vF4AaABAg.9ukJTSbstkr9wB4ZNO-r-y,youtube,en,UNKNOWN,$1.25,price
youtube:UgyPbUL2Reejf20Lott4AaABAg.9Ko1cf6Vso-9KrkBPUKmz2,youtube,id,INSPIRATION,$250,price
youtube:UgyPbUL2Reejf20Lott4AaABAg.9Ko1cf6Vso-9OHw2GX6PYn,youtube,id,INFORMATION_SEEKING,5 juta,price
youtube:UgyPeXojZR4hEI2RoQN4AaABAg.A6DrTFvZajxA6jO-n8dPJB,youtube,id,UNKNOWN,5 jt,
youtube:UgyPeXojZR4hEI2RoQN4AaABAg.A6DrTFvZajxA7XNDcjtN5O,youtube,id,UNKNOWN,5 jt,
youtube:UgyPxBYN1f4s2Cjr8uJ4AaABAg.9ZODFVWIBmL9ZOMSkvEu1p,youtube,en,INFORMATION_SEEKING,400 bucks,equipment
youtube:UgyPz7HynCf1HzDM_uB4AaABAg,youtube,en,UNKNOWN,20 bucks,
youtube:UgyPz7HynCf1HzDM_uB4AaABAg,youtube,en,UNKNOWN,40 dollars,
youtube:UgyQKi_5K_beURFsbaR4AaABAg.A7-PY_w6vJWA70WJNbVaG4,youtube,id,UNKNOWN,5 juta,
youtube:UgyQKi_5K_beURFsbaR4AaABAg.A7-PY_w6vJWA71ZFB3grsj,youtube,id,INFORMATION_SEEKING,4 jt,
youtube:UgyQyYBRtc6RNBsFRw54AaABAg,youtube,en,PURCHASE_EXPLORATION,$200,price
youtube:UgyQyYBRtc6RNBsFRw54AaABAg,youtube,en,PURCHASE_EXPLORATION,$5,price
youtube:UgyRNUmTPj5WiM3wWBR4AaABAg,youtube,en,INSPIRATION,120 bucks,
youtube:UgyRqtw2faFSsolArl14AaABAg,youtube,en,UNKNOWN,$12.,price|water|equipment
youtube:UgyS4mTY8DiPmMtJQJN4AaABAg,youtube,en,AWARENESS,$5,price|growing_media
youtube:UgySwBch3XnVSQDoLUl4AaABAg,youtube,en,UNKNOWN,$1230,price|nutrients|temperature|plant_health|equipment
youtube:UgySwBch3XnVSQDoLUl4AaABAg,youtube,en,UNKNOWN,$350,price|nutrients|temperature|plant_health|equipment
youtube:UgyT9dm9tF-qj8gqoQh4AaABAg.AT6qW-GipI-ATKmRlmyZdy,youtube,id,UNKNOWN,750rb,price
youtube:UgyTBMegZWjoBdXiRJt4AaABAg.9XfQgqyDxcl9Xk0XR8bJQn,youtube,en,AWARENESS,$25,price|light
youtube:UgyTJ_wzGJel2LKA3u94AaABAg.9mLTfxr67Th9mLl5TxbUJq,youtube,id,UNKNOWN,3 juta,
youtube:UgyTobMXVtWQDKwKTF54AaABAg.A6lETZwxXwxA6lJq3akLxW,youtube,en,UNKNOWN,$12.99,price|water
youtube:UgyUQLqa7US4EuDeSEx4AaABAg,youtube,id,AWARENESS,300rb,equipment
youtube:UgyUQLqa7US4EuDeSEx4AaABAg,youtube,id,AWARENESS,5rb,equipment
youtube:UgyV27XL3GM01jEm2EV4AaABAg,youtube,en,UNKNOWN,$50,price|nutrients
youtube:UgyV27XL3GM01jEm2EV4AaABAg,youtube,en,UNKNOWN,$13,price|nutrients
youtube:UgyV27XL3GM01jEm2EV4AaABAg,youtube,en,UNKNOWN,$50,price|nutrients
youtube:UgyV2O9H3IKISUAzIOR4AaABAg,youtube,en,INFORMATION_SEEKING,$39.,price|nutrients|equipment|software_app
youtube:UgyV2O9H3IKISUAzIOR4AaABAg,youtube,en,INFORMATION_SEEKING,$150,price|nutrients|equipment|software_app
youtube:UgyXmDFEQh15uaDHi914AaABAg,youtube,id,UNKNOWN,2 JT,
youtube:UgyXoZFr3pgZXbtoxf54AaABAg,youtube,en,UNKNOWN,$15,price
youtube:UgyXoZFr3pgZXbtoxf54AaABAg,youtube,en,UNKNOWN,$25,price
youtube:UgyXwqH6CdsXQ45AE5t4AaABAg,youtube,en,INSPIRATION,10 dollars,price|plant_health
youtube:UgyYWRk_Kgbb_dgy0rl4AaABAg,youtube,en,UNKNOWN,$71.77,price
youtube:UgyYWRk_Kgbb_dgy0rl4AaABAg,youtube,en,UNKNOWN,$24,price
youtube:UgyYWRk_Kgbb_dgy0rl4AaABAg.AInpqGqwXKlALy_xMv15lg,youtube,en,UNKNOWN,$400,price
youtube:UgyZGHHzkQkZy0yHeK14AaABAg,youtube,en,PURCHASE_EXPLORATION,"$350,",ease_of_use|price|maintenance|support|hydroponic_kit
youtube:UgyZGHHzkQkZy0yHeK14AaABAg,youtube,en,PURCHASE_EXPLORATION,$200.,ease_of_use|price|maintenance|support|hydroponic_kit
youtube:UgyZGHHzkQkZy0yHeK14AaABAg,youtube,en,PURCHASE_EXPLORATION,$1,ease_of_use|price|maintenance|support|hydroponic_kit
youtube:UgyZWFZlqcOhLl8A4v54AaABAg,youtube,en,INSPIRATION,$1500,ease_of_use|price|equipment|hydroponic_kit
youtube:Ugy_f60msP4KmSEYx6J4AaABAg,youtube,id,UNKNOWN,50 ribu,
youtube:Ugy_f60msP4KmSEYx6J4AaABAg,youtube,id,UNKNOWN,15ribu,
youtube:Ugyac4fqx_ps9vh82y94AaABAg,youtube,en,UNKNOWN,"$374,940,311",price
youtube:Ugybofu2fcKK-Y4PX7R4AaABAg,youtube,en,POST_PURCHASE,$40,price|EC_TDS|water|sensors
youtube:UgycfKuYVEsL2v4zvKN4AaABAg.9qw3SKwdzqJ9qyArvIRy0j,youtube,id,UNKNOWN,40 RB,price
youtube:UgycpHTdMctX4CUJkm94AaABAg,youtube,en,INFORMATION_SEEKING,110 bucks,
youtube:UgydIdTY3oOw8LTgbHx4AaABAg,youtube,en,UNKNOWN,$480,price
youtube:UgydJCYwJm7olr89fZp4AaABAg.9gWY-tv95C39gWkk51Yxy6,youtube,en,INSPIRATION,12 bucks,price|water|oxygen|equipment|sensors
youtube:UgydSYQ5a05Eu-9_dHR4AaABAg.A7ALa1JFs8AAUld4IMwc6c,youtube,en,POST_PURCHASE,$10,price|water|temperature|equipment
youtube:UgydSYQ5a05Eu-9_dHR4AaABAg.A7ALa1JFs8AAUld4IMwc6c,youtube,en,POST_PURCHASE,$50.,price|water|temperature|equipment
youtube:UgydzHKbeY_5ed61H_t4AaABAg,youtube,id,INFORMATION_SEEKING,2jt,
youtube:UgydzHKbeY_5ed61H_t4AaABAg.A372c1fzH1CA6MdooVCyO4,youtube,id,UNKNOWN,2 jt,
youtube:UgyecP5D6KQri4c-yGl4AaABAg.9akd0ZSX0kK9ap_DxtwSRp,youtube,en,RECOMMENDATION,$500,price|nutrients|growing_media
youtube:UgyfyOZ-tJXpNzzTqZl4AaABAg,youtube,en,UNKNOWN,$40,price
youtube:UgygOw9aPIX-3klCqP94AaABAg.9W7kLV8ZC9Q9ge34ejsDp5,youtube,en,UNKNOWN,12 dollars,price|equipment
youtube:UgygRpr-RBAjZMLoz_V4AaABAg.9nLjvMVAY0i9ngLXKJ-MKY,youtube,id,UNKNOWN,3 juta,
youtube:UgygvloyoCH4UfYj7i94AaABAg.AXthjGgkF7DAYLZVUkjHu4,youtube,id,UNKNOWN,11 juta,
youtube:UgyhJV3ZTzj40766xWR4AaABAg,youtube,id,UNKNOWN,55rb,
youtube:UgyhJV3ZTzj40766xWR4AaABAg,youtube,id,UNKNOWN,6juta,
youtube:Ugyig8023RI3lkff0Vt4AaABAg.9DVF5oRgW6W9DW8fbqbG24,youtube,id,UNKNOWN,250jt,
youtube:Ugyig8023RI3lkff0Vt4AaABAg.9DVF5oRgW6W9DW8fbqbG24,youtube,id,UNKNOWN,200jt,
youtube:Ugyig8023RI3lkff0Vt4AaABAg.9DVF5oRgW6W9DW8fbqbG24,youtube,id,UNKNOWN,50jt,
youtube:UgyjDWrpiLGd3UXdX2J4AaABAg.A3C0axg7kGkA_BVyY0m7UA,youtube,id,INFORMATION_SEEKING,13 ribu,price|nutrients
youtube:UgyjSGoA0XuMKAlANVF4AaABAg.9ue9IUqveZr9uf9P9IpIkx,youtube,en,UNKNOWN,$0.18,price|nutrients|equipment
youtube:UgyjSGoA0XuMKAlANVF4AaABAg.9ue9IUqveZr9uf9P9IpIkx,youtube,en,UNKNOWN,$1.20.,price|nutrients|equipment
youtube:Ugyl0dLjZaFG0CVbAkd4AaABAg,youtube,en,UNKNOWN,$2500,price
youtube:Ugyl0dLjZaFG0CVbAkd4AaABAg.AVt7gqZbYcOAVuvZHrKoXY,youtube,en,UNKNOWN,$2299.,price
youtube:UgylITxuJwxgnb1bVjF4AaABAg.A4NDputl3MUA4NSs9rVqaJ,youtube,id,UNKNOWN,8rb,price
youtube:Ugyn0vny94RYJHLn_KB4AaABAg,youtube,id,AWARENESS,85rb,price
youtube:Ugyn81IbhFe3WFw7-zd4AaABAg.9dcgAj3MWMB9vyyYPejPaT,youtube,id,UNKNOWN,2rb,nutrients|EC_TDS
youtube:Ugyn81IbhFe3WFw7-zd4AaABAg.9dcgAj3MWMB9vyyYPejPaT,youtube,id,UNKNOWN,2rb,nutrients|EC_TDS
youtube:Ugyn81IbhFe3WFw7-zd4AaABAg.9dcgAj3MWMB9vyyYPejPaT,youtube,id,UNKNOWN,2rb,nutrients|EC_TDS
youtube:Ugyn81IbhFe3WFw7-zd4AaABAg.9dcgAj3MWMB9vyyYPejPaT,youtube,id,UNKNOWN,3rb,nutrients|EC_TDS
youtube:UgynvkQufD4g5_y5CWl4AaABAg,youtube,en,INSPIRATION,$6.60,price
youtube:UgynvkQufD4g5_y5CWl4AaABAg,youtube,en,INSPIRATION,"$2,550",price
youtube:UgyoZpXVTD1Ex77C0Cx4AaABAg.9R6oTu36Za19R6qPl8KGm5,youtube,en,INSPIRATION,$5.,price|nutrients|water
youtube:Ugyp_Ub76AqjECVtK5d4AaABAg.AV4o5gBhP82AV6AD6GsXv4,youtube,en,UNKNOWN,600 bucks,price|maintenance
youtube:UgypjP7PvzlQvq4B3w94AaABAg.8ubjo2u22G4917o_CJaply,youtube,en,UNKNOWN,$75,price
youtube:UgypjP7PvzlQvq4B3w94AaABAg.8ubjo2u22G4917o_CJaply,youtube,en,UNKNOWN,$400,price
youtube:Ugyq21XOcfJncFba2Jd4AaABAg,youtube,id,INFORMATION_SEEKING,1 juta,
youtube:Ugyq21XOcfJncFba2Jd4AaABAg.A2VfN6Ifmc4A6MeB4c-J3F,youtube,tl,UNKNOWN,2 juta,
youtube:UgyqM5XaAFhVqH7CEQd4AaABAg,youtube,en,INFORMATION_SEEKING,$2.79,price
youtube:Ugyr5cOC2kZvYoOw-Fx4AaABAg,youtube,en,INFORMATION_SEEKING,$40,price
youtube:Ugyr9ybnnN6tqRRfxe94AaABAg,youtube,en,UNKNOWN,$900,price
youtube:Ugyr9ybnnN6tqRRfxe94AaABAg,youtube,en,UNKNOWN,$1400,price
youtube:UgyrHE7TNy3dXN4HqRx4AaABAg.9RUyT72AyPz9RVARc2rqwq,youtube,id,UNKNOWN,50 ribu,
youtube:UgysQiTSfyRnr2aAulB4AaABAg,youtube,en,INSPIRATION,120 dollars,hydroponic_kit
youtube:UgytcIjIo3y19EOj-BR4AaABAg.9ZagNqV5pVGA10J2MS9pub,youtube,en,UNKNOWN,$130.,price
youtube:Ugytl7OvAtZvRbjP4w14AaABAg,youtube,id,UNKNOWN,6 jt,
youtube:UgytxBFQZqzf6cmlySJ4AaABAg,youtube,id,UNKNOWN,2jt,sensors
youtube:UgytxBFQZqzf6cmlySJ4AaABAg.AKd9yrMfmRgAVa1zh7W5M-,youtube,id,PURCHASE_EXPLORATION,2 jt,price|equipment
youtube:Ugyu5dWTnsBip3gveZl4AaABAg.9jejRv9j8q_9jg9eoGuDwT,youtube,id,UNKNOWN,4jt,
youtube:UgyuZSObt98Gab75rPN4AaABAg.9GvtkYn6frO9GzhFfNL_48,youtube,id,UNKNOWN,24 jt,price|sensors
youtube:UgyuZSObt98Gab75rPN4AaABAg.9GvtkYn6frO9J4pQkyIBJ9,youtube,id,UNKNOWN,24 jt,
youtube:UgyvGfwtZXSne423I-14AaABAg.APEqtC_Puw9ASw8KWia0R4,youtube,en,UNKNOWN,$8,price|plant_health
youtube:UgyvGfwtZXSne423I-14AaABAg.APEqtC_Puw9ASw8KWia0R4,youtube,en,UNKNOWN,$12,price|plant_health
youtube:Ugywz5BYT74RqNf6RJB4AaABAg,youtube,en,PURCHASE_EXPLORATION,$300.,price|water|plant_health
youtube:Ugyx4UZZnxuZ2zDudu54AaABAg.9AkDokNG7319AkUnI5Cu_k,youtube,id,AWARENESS,Rp80.000,price|nutrients|water
youtube:UgyxBDGw8tOAGalJR-B4AaABAg,youtube,id,INFORMATION_SEEKING,3 jt,price
youtube:UgyxX78QqU94v10MUfp4AaABAg.9GpxWxx08T09GzimjYPwLb,youtube,id,UNKNOWN,7 jt,price|hydroponic_kit
youtube:UgyxaXZrZyojLPDF_Wt4AaABAg.9ilgbjkzcrm9io3MjhWwHY,youtube,id,UNKNOWN,25 ribu,
youtube:Ugyya_6JKVPgUIzRhvB4AaABAg,youtube,id,UNKNOWN,50rb,price|EC_TDS|water|software_app
youtube:Ugyya_6JKVPgUIzRhvB4AaABAg,youtube,id,UNKNOWN,17rb,price|EC_TDS|water|software_app
youtube:Ugyya_6JKVPgUIzRhvB4AaABAg,youtube,id,UNKNOWN,85rb,price|EC_TDS|water|software_app
youtube:Ugyya_6JKVPgUIzRhvB4AaABAg.9drialRmp519dtk0JEMXON,youtube,id,PURCHASE_EXPLORATION,85 RB,price|nutrients
youtube:Ugyya_6JKVPgUIzRhvB4AaABAg.9drialRmp519dtk0JEMXON,youtube,id,PURCHASE_EXPLORATION,90 RB,price|nutrients
youtube:Ugyya_6JKVPgUIzRhvB4AaABAg.9drialRmp519dtk0JEMXON,youtube,id,PURCHASE_EXPLORATION,15 RB,price|nutrients
youtube:Ugyya_6JKVPgUIzRhvB4AaABAg.9drialRmp519dtk0JEMXON,youtube,id,PURCHASE_EXPLORATION,48 RB,price|nutrients
youtube:Ugyya_6JKVPgUIzRhvB4AaABAg.9drialRmp519dtk0JEMXON,youtube,id,PURCHASE_EXPLORATION,53 RB,price|nutrients
youtube:UgyyewQBi_6GSFtDu6B4AaABAg.9wdaDiN1SaR9wvS4UkxmdG,youtube,en,INSPIRATION,$50,price
youtube:UgyypRxIesLkrZakxJl4AaABAg.A4dK8uOB0IeA6egUg-bn1W,youtube,en,UNKNOWN,$40.,price|plant_health|equipment
youtube:Ugyzgr9c4RDCvClgPSl4AaABAg.9UpycYTpKAT9Yy4tZFKTqr,youtube,en,INFORMATION_SEEKING,8 bucks,price|water|oxygen|equipment
youtube:Ugyzgr9c4RDCvClgPSl4AaABAg.9UpycYTpKAT9Yy4tZFKTqr,youtube,en,INFORMATION_SEEKING,3 bucks,price|water|oxygen|equipment
youtube:Ugz-FRc9kFsbgtgmZmd4AaABAg.A8YZVnGW1blAAFlRYe0FKR,youtube,id,UNKNOWN,6 juta,
youtube:Ugz0Xs7RMNwc51Ts-Ix4AaABAg.9ltki4wbGu09mHo5GWKxHp,youtube,en,UNKNOWN,20 bucks,price|water|oxygen|equipment
youtube:Ugz0gEVD7yXTOdgDYMB4AaABAg.A6l6xrZaRUNAU1O1Nk3fnk,youtube,en,RECOMMENDATION,$3,price|EC_TDS|water|temperature|sensors
youtube:Ugz1BglIKEvbAmc1Ts14AaABAg,youtube,en,UNKNOWN,$1.25,price|plant_health
youtube:Ugz2XCcNo--ubuYbygx4AaABAg,youtube,id,UNKNOWN,1 juta,
youtube:Ugz2aOXa8IakLybWUgV4AaABAg.A8J7dexC1FaADWLbitS_9j,youtube,en,INFORMATION_SEEKING,$100,price
youtube:Ugz2aOXa8IakLybWUgV4AaABAg.A8J7dexC1FaADWLbitS_9j,youtube,en,INFORMATION_SEEKING,$300,price
youtube:Ugz2bYgzThOavgPKjGZ4AaABAg,youtube,id,INFORMATION_SEEKING,25rb,
youtube:Ugz2qcd3aUgK9G2phHV4AaABAg.8mEK22PQUjK8mEpTJ5vlPm,youtube,en,UNKNOWN,500 dollars,water|equipment
youtube:Ugz2z4BZN6Dn3yqFALB4AaABAg.9s5yvYLnkuz9s64VhdCnks,youtube,id,UNKNOWN,7jt,
youtube:Ugz3GG1AHvAJSwZADoB4AaABAg.9pvaN0tzkpo9pxvnRXc54M,youtube,en,INSPIRATION,$325,price|hydroponic_kit
youtube:Ugz3X7U2GWYFEGug24d4AaABAg.9cWDISn_Hqo9cWZtkke-cZ,youtube,en,UNKNOWN,$1000,price|water
youtube:Ugz3XLHvCYwgziHKhOt4AaABAg,youtube,en,RECOMMENDATION,$600,price
youtube:Ugz3naSblcKCtGqGWI94AaABAg.9lEW7oZj5iW9lfIKbenm37,youtube,id,AWARENESS,150 rb,
youtube:Ugz3naSblcKCtGqGWI94AaABAg.9lEW7oZj5iW9lfIKbenm37,youtube,id,AWARENESS,3 jt,
youtube:Ugz4qsi2HEfilsSIuup4AaABAg.ANtpa9e3MvSANtsvMmjWUv,youtube,id,UNKNOWN,200rb,
youtube:Ugz4qsi2HEfilsSIuup4AaABAg.ANtpa9e3MvSANttLREBYt1,youtube,pl,UNKNOWN,3jt,
youtube:Ugz59U7XyKXP8cyGRVB4AaABAg.A0j7Z6QE6w0A1dS4zZ9J6H,youtube,en,UNKNOWN,8 bucks,price
youtube:Ugz59U7XyKXP8cyGRVB4AaABAg.A0j7Z6QE6w0A1dS4zZ9J6H,youtube,en,UNKNOWN,20 bucks,price
youtube:Ugz60uW084kpgMlFyZt4AaABAg.9I5I27-9Wj89I5Q0Mk0LhY,youtube,id,UNKNOWN,20rb,EC_TDS
youtube:Ugz6r4KP6FhZ6iH-GLh4AaABAg,youtube,id,UNKNOWN,60rb,
youtube:Ugz7HNjEvGw9PWn9GSR4AaABAg,youtube,en,RECOMMENDATION,$40,price|nutrients|pH|EC_TDS|water|temperature|oxygen|equipment|automation
youtube:Ugz7HNjEvGw9PWn9GSR4AaABAg,youtube,en,RECOMMENDATION,$40,price|nutrients|pH|EC_TDS|water|temperature|oxygen|equipment|automation
youtube:Ugz7HNjEvGw9PWn9GSR4AaABAg,youtube,en,RECOMMENDATION,$400,price|nutrients|pH|EC_TDS|water|temperature|oxygen|equipment|automation
youtube:Ugz7HNjEvGw9PWn9GSR4AaABAg,youtube,en,RECOMMENDATION,$400,price|nutrients|pH|EC_TDS|water|temperature|oxygen|equipment|automation
youtube:Ugz7YX47b_BOSHSNRgh4AaABAg.9QKxjLAjh-s9QMaqDic0lj,youtube,id,UNKNOWN,1 jt,price
youtube:Ugz8No71SaWGdGHn81N4AaABAg.ARwbv7kJePnAS0L2hNcovb,youtube,en,RECOMMENDATION,rp3717,price
youtube:Ugz8hmTrFWip8Zk0WJd4AaABAg.9mAOJ13aCez9n87YOuOX7l,youtube,en,UNKNOWN,$1,price
youtube:Ugz9i7WQ69B60KKRADB4AaABAg,youtube,id,AWARENESS,40 JT,sustainability
youtube:Ugz9i7WQ69B60KKRADB4AaABAg,youtube,id,AWARENESS,15 JT,sustainability
youtube:Ugz9rs9m2G8NE-TIGkR4AaABAg,youtube,en,UNKNOWN,$60.,price
youtube:UgzBABXPhZ2LSBoXxkF4AaABAg.AM1qANMulI4AM1vDSxk7_N,youtube,id,INSPIRATION,5 jt,price
youtube:UgzBhrW0A0N0bvpJZld4AaABAg.A7MS3Uldsc2ASSChRwf9Is,youtube,en,UNKNOWN,$150,price
youtube:UgzBreVGGI4ygEOCBRl4AaABAg.AUUYAOSxZYhAUYMjdBmnz_,youtube,en,AWARENESS,$88,ease_of_use|price|nutrients
youtube:UgzBreVGGI4ygEOCBRl4AaABAg.AUUYAOSxZYhAUYMjdBmnz_,youtube,en,AWARENESS,$103.,ease_of_use|price|nutrients
youtube:UgzBxvgE4Bk3sklns-14AaABAg.9dJqkOncwUwAFIs1Kd3-KI,youtube,en,POST_PURCHASE,$60,price
youtube:UgzC3mWMG_8VrldLlvF4AaABAg.8xBJooI-8aD8xBMvGmuv5G,youtube,en,UNKNOWN,"$30,",price|water|temperature
youtube:UgzC8hY3AV1Lr4-dteB4AaABAg,youtube,id,AWARENESS,5 ribu,price
youtube:UgzDBMUKvouxxmf5l414AaABAg,youtube,en,UNKNOWN,$5,price|support
youtube:UgzDOlGEeK4R8oTmQaV4AaABAg.AG5M7QCQK5wAGKj1kjWAh8,youtube,en,RECOMMENDATION,900 bucks,price|equipment
youtube:UgzDOlGEeK4R8oTmQaV4AaABAg.AG5M7QCQK5wAGKj1kjWAh8,youtube,en,RECOMMENDATION,900 bucks,price|equipment
youtube:UgzEQUOh6C4kYgxlAFV4AaABAg.ANcZ70CoY4tANfLzfpfOxi,youtube,en,UNKNOWN,$30,price|nutrients
youtube:UgzEax5f3ChGMVL6UWx4AaABAg.9shvvi_a7RB9si1FRtJD1j,youtube,id,UNKNOWN,Rp27.000,price|equipment
youtube:UgzEjYk7xyMJcXXKC-J4AaABAg.8m9dC13JEeM8mC2EGCtaxG,youtube,en,ABANDONMENT_FRUSTRATION,$ 300,price|water|temperature|equipment
youtube:UgzFvGPCX_lpfXVBx_V4AaABAg,youtube,hu,UNKNOWN,5rb,
youtube:UgzGhVW-oBljO7_FKJ54AaABAg,youtube,en,RECOMMENDATION,$500,price|nutrients|pH|equipment
youtube:UgzHRf316cLkV-OIE_d4AaABAg.9GhpWM1skYP9GkMMWe46x2,youtube,id,UNKNOWN,15rb,
youtube:UgzKS8Sf05bjUZdIaGV4AaABAg.99ZURovYlz19BIJ_HLXp8u,youtube,id,INFORMATION_SEEKING,45 rb,nutrients|EC_TDS
youtube:UgzKuYnW3Bk6KDAdsUt4AaABAg,youtube,en,INFORMATION_SEEKING,$40,price
youtube:UgzKuYnW3Bk6KDAdsUt4AaABAg,youtube,en,INFORMATION_SEEKING,$25.,price
youtube:UgzKuYnW3Bk6KDAdsUt4AaABAg,youtube,en,INFORMATION_SEEKING,$21,price
youtube:UgzL1_SC98VUPzRzGJ14AaABAg,youtube,en,AWARENESS,$2.50,price|sustainability
youtube:UgzL5wHKOnESO-Jz84p4AaABAg,youtube,en,RECOMMENDATION,150 bucks,price|water|equipment
youtube:UgzLCH8uQFSUGSjevnZ4AaABAg,youtube,id,UNKNOWN,17 jt,
youtube:UgzLCH8uQFSUGSjevnZ4AaABAg,youtube,id,UNKNOWN,50 jt,
youtube:UgzLMZ-kVzAYOcQ1gWd4AaABAg,youtube,en,UNKNOWN,$9000,price
youtube:UgzO-KpuASnWu6aAX-R4AaABAg.9k8_Xn0kGDq9k8dX4YiT2c,youtube,id,UNKNOWN,55 ribu,
youtube:UgzOHZ5gNIq4H63Hvjp4AaABAg.9L2dUMK1zfUAHHkOtma-2i,youtube,id,UNKNOWN,12rb,
youtube:UgzPOYGN_vVclEF2JWB4AaABAg.9Qk3GDsUGfI9Qk4GxTFOZx,youtube,en,UNKNOWN,"$17,000",price
youtube:UgzPOYGN_vVclEF2JWB4AaABAg.9Qk3GDsUGfI9Qk4GxTFOZx,youtube,en,UNKNOWN,"$3,500",price
youtube:UgzQ4icbJzQZz8Fi7yt4AaABAg,youtube,en,COMPARISON,$350,price|nutrients|equipment
youtube:UgzRb2vWSODkVVdKvg54AaABAg,youtube,en,UNKNOWN,"$1,700",price
youtube:UgzRb2vWSODkVVdKvg54AaABAg,youtube,en,UNKNOWN,$6000,price
youtube:UgzRb2vWSODkVVdKvg54AaABAg.9uyOIvAkuhO9v08p0Iu1AM,youtube,en,UNKNOWN,$10.50.,price
youtube:UgzRb2vWSODkVVdKvg54AaABAg.9uyOIvAkuhO9v08p0Iu1AM,youtube,en,UNKNOWN,$1050,price
youtube:UgzS4x7A2YFLLvLPTeh4AaABAg,youtube,id,UNKNOWN,40 rb,price
youtube:UgzS4x7A2YFLLvLPTeh4AaABAg,youtube,id,UNKNOWN,50 rb,price
youtube:UgzSoPh9jcRokeQTIh54AaABAg,youtube,en,UNKNOWN,$699,price
youtube:UgzSoPh9jcRokeQTIh54AaABAg,youtube,en,UNKNOWN,$30,price
youtube:UgzTllO7M0y7Hbyc5Ah4AaABAg.A1XHnlSE3fxA4iZlO3HaOw,youtube,en,UNKNOWN,$70,price
youtube:UgzTllO7M0y7Hbyc5Ah4AaABAg.A1XHnlSE3fxA9XJwkK2Ede,youtube,en,AWARENESS,$70,price
youtube:UgzTllO7M0y7Hbyc5Ah4AaABAg.A1XHnlSE3fxA9XJwkK2Ede,youtube,en,AWARENESS,$1,price
youtube:UgzU_OcoSxCKy2CHtuV4AaABAg,youtube,en,UNKNOWN,10 dollars,
youtube:UgzUnu2PtSV74BRu2NN4AaABAg,youtube,id,AWARENESS,100 juta,water
youtube:UgzV6sguYWw36kQH0lp4AaABAg,youtube,en,PROBLEM_SOLVING,$2,price|equipment
youtube:UgzVOxZdHD17YlYev394AaABAg.9T3Khwivqgd9T4YcuoME2x,youtube,id,UNKNOWN,40 rb,
youtube:UgzVsQnb15OwOh8vL-N4AaABAg,youtube,en,INFORMATION_SEEKING,$1,price|water|temperature|equipment
youtube:UgzWNVV9XqCrjB2fYjJ4AaABAg,youtube,en,UNKNOWN,$2,price|equipment
youtube:UgzWUbCVIPF-uxnD5D94AaABAg.ABWXG-dzwD8ABXEmuNPjo6,youtube,en,UNKNOWN,$250,price
youtube:UgzWZ0AgSYhLtE-bu1l4AaABAg,youtube,en,RECOMMENDATION,$4.,price
youtube:UgzXyFpLklm0x3KpirF4AaABAg.ANzv5IPTwdBAO0GT20wgow,youtube,id,INFORMATION_SEEKING,3jt,
youtube:UgzXyFpLklm0x3KpirF4AaABAg.ANzv5IPTwdBAO0GT20wgow,youtube,id,INFORMATION_SEEKING,5jt,
youtube:UgzZ41M8JiEOQikXL-t4AaABAg,youtube,en,RECOMMENDATION,$50,price|water|oxygen|equipment
youtube:UgzZ5GstkAOmy_ZRM8t4AaABAg.9R4HHPbkv3o9Thybx_lRbc,youtube,en,UNKNOWN,$10,price
youtube:UgzZruE_Imh3zhspLCl4AaABAg,youtube,en,RECOMMENDATION,3 dollars,
youtube:Ugz_FiKK3jgfGuBtSBp4AaABAg,youtube,en,PURCHASE_EXPLORATION,$800,price
youtube:Ugz_FiKK3jgfGuBtSBp4AaABAg,youtube,en,PURCHASE_EXPLORATION,"$800,",price
youtube:Ugz_FiKK3jgfGuBtSBp4AaABAg.ADCQmngz17dAFleb6p1T97,youtube,en,RECOMMENDATION,$20,price|nutrients|light|equipment
youtube:Ugz_FiKK3jgfGuBtSBp4AaABAg.ADCQmngz17dAFleb6p1T97,youtube,en,RECOMMENDATION,$40,price|nutrients|light|equipment
youtube:Ugz_FiKK3jgfGuBtSBp4AaABAg.ADCQmngz17dAFleb6p1T97,youtube,en,RECOMMENDATION,$100,price|nutrients|light|equipment
youtube:UgzaMeJY8_VCHpCi4x54AaABAg,youtube,en,POST_PURCHASE,10 bucks,price|equipment
youtube:UgzaQU6Kzj_mxmckd6B4AaABAg,youtube,id,INSPIRATION,20jt,
youtube:UgzaQU6Kzj_mxmckd6B4AaABAg.ATayuE2jQ-XATqCy0nVhtC,youtube,id,UNKNOWN,100 ribu,price
youtube:UgzaQU6Kzj_mxmckd6B4AaABAg.ATayuE2jQ-XATqCy0nVhtC,youtube,id,UNKNOWN,12 juta,price
youtube:UgzcuTV4dKO-IEwsJpR4AaABAg.97M9Gimk13S97MpLGVY7BH,youtube,id,UNKNOWN,47 ribu,
youtube:UgzeK6GQeDT2Rmi1bOF4AaABAg,youtube,en,UNKNOWN,30 usd,
youtube:UgzfU3BNdXXIdJ83htx4AaABAg,youtube,en,UNKNOWN,100 dollars,price|hydroponic_kit
youtube:Ugzfn7r8utffuQlVavd4AaABAg,youtube,en,INFORMATION_SEEKING,$27.55,price|equipment
youtube:Ugzgj8WM8_ABmZX4puN4AaABAg,youtube,en,INFORMATION_SEEKING,$2.10,price
youtube:Ugzgj8WM8_ABmZX4puN4AaABAg,youtube,en,INFORMATION_SEEKING,$0.12,price
youtube:Ugzh9tkoL8bqvG7vZY94AaABAg,youtube,en,UNKNOWN,$2000,price
youtube:Ugzhlx3aMRbkuF13A0l4AaABAg.9SiDf8O0G9e9UhzHYS3Fq-,youtube,id,INFORMATION_SEEKING,200rb,maintenance
youtube:UgziVqoxVwrFL5t4-dx4AaABAg,youtube,id,UNKNOWN,9 rb,
youtube:UgziVqoxVwrFL5t4-dx4AaABAg,youtube,id,UNKNOWN,7 rb,
youtube:UgziVqoxVwrFL5t4-dx4AaABAg,youtube,id,UNKNOWN,12 rb,
youtube:UgziVqoxVwrFL5t4-dx4AaABAg,youtube,id,UNKNOWN,25 rb,
youtube:Ugzj5A2uOoVX_57OAtR4AaABAg,youtube,en,UNKNOWN,$100,price
youtube:Ugzj5A2uOoVX_57OAtR4AaABAg.9sdeZ6yqdF19sfCjLNYF8g,youtube,en,UNKNOWN,$15,price|nutrients|water|temperature|sustainability
youtube:Ugzj5A2uOoVX_57OAtR4AaABAg.9sdeZ6yqdF19sfCjLNYF8g,youtube,en,UNKNOWN,$35,price|nutrients|water|temperature|sustainability
youtube:Ugzj5A2uOoVX_57OAtR4AaABAg.9sdeZ6yqdF19sfCjLNYF8g,youtube,en,UNKNOWN,$50,price|nutrients|water|temperature|sustainability
youtube:UgzjDiVc7QKbKFFZBPp4AaABAg.A3JQjh7XnTWA3K-f3Gs8sg,youtube,en,INSPIRATION,$100,price|software_app
youtube:Ugzkmtiu-PDhAvj0dFV4AaABAg,youtube,id,INFORMATION_SEEKING,10jt,
youtube:Ugzm6Nq8IU1oE95jrIh4AaABAg,youtube,en,UNKNOWN,"$52,000.",price
youtube:UgzmDpGebnSGUVAl3Bt4AaABAg.A1SV8AG-SKzA1SquWQHayX,youtube,en,RECOMMENDATION,$50.,price|temperature|growing_media
youtube:UgzmDpGebnSGUVAl3Bt4AaABAg.A1SV8AG-SKzA1SquWQHayX,youtube,en,RECOMMENDATION,$50.,price|temperature|growing_media
youtube:UgzmWA3NWuJZdeuWk5t4AaABAg,youtube,en,POST_PURCHASE,$120,price|water|temperature
youtube:UgzmWA3NWuJZdeuWk5t4AaABAg,youtube,en,POST_PURCHASE,$230,price|water|temperature
youtube:UgzmfTx4CihMi2blO4V4AaABAg,youtube,en,UNKNOWN,800 bucks,water|equipment
youtube:Ugzn15UhS7rrqiCQ8Qh4AaABAg.AVElEEx2c0tAWc9wnL8LtR,youtube,id,AWARENESS,5jt,
youtube:UgznjH10ObQW4DIqXFN4AaABAg.8xlvDh4c9sC92DN7HqK_jc,youtube,id,UNKNOWN,500 rb,
youtube:UgzoqtUcQvFzIIWOUQt4AaABAg,youtube,en,UNKNOWN,$200,price
youtube:Ugzqm3WoTN3J-PJrI7F4AaABAg.ADaAxh-yrewADbjNtKz2jC,youtube,id,UNKNOWN,"Rp1,5",price
youtube:UgzqnbNi5q9DBM5oLUh4AaABAg,youtube,en,RECOMMENDATION,200 bucks,
youtube:Ugzr__Ve78fsOOdxcbZ4AaABAg.A1gbLIqMz-2A3_YcSLDglk,youtube,id,UNKNOWN,5 juta,
youtube:UgzraxKlbNOX3uegI6V4AaABAg.8kqY_OprG7N8kqsblkaCVr,youtube,en,INSPIRATION,"$2,",price
youtube:UgzraxKlbNOX3uegI6V4AaABAg.8kqY_OprG7NAXAtYyrdoUR,youtube,en,RECOMMENDATION,$12.,price
youtube:Ugzs2vE6P8Pu4ODVZRh4AaABAg,youtube,en,UNKNOWN,$50,ease_of_use|price|water|temperature|equipment
youtube:Ugzs2vE6P8Pu4ODVZRh4AaABAg,youtube,en,UNKNOWN,$70.,ease_of_use|price|water|temperature|equipment
youtube:Ugzs2vE6P8Pu4ODVZRh4AaABAg,youtube,en,UNKNOWN,$750.,ease_of_use|price|water|temperature|equipment
youtube:Ugzs65U8gzPUvpjx8BV4AaABAg.9EGWl7Y1dqJ9EGaBL8FwMb,youtube,id,UNKNOWN,100rb,price|equipment
youtube:Ugzs65U8gzPUvpjx8BV4AaABAg.9EGWl7Y1dqJ9EGaBL8FwMb,youtube,id,UNKNOWN,10rb,price|equipment
youtube:UgzsKQ2iDpreUACB_jF4AaABAg,youtube,en,INFORMATION_SEEKING,300 USD,
youtube:UgzsLtwJ9lhzBgcHj054AaABAg,youtube,en,UNKNOWN,$9,price|equipment
youtube:UgzsPVEPGQS_kCA3CSV4AaABAg.9w2Ro-p7_Ro9w3S-4HOZVL,youtube,en,UNKNOWN,$30,price
youtube:UgzsiTVg-tYrFlfEAl94AaABAg.AO5C4vxvzp7AOCKYgnn9f3,youtube,en,UNKNOWN,$200,price|equipment
youtube:UgzsiTVg-tYrFlfEAl94AaABAg.AO5C4vxvzp7AOE24XHeYjt,youtube,en,INFORMATION_SEEKING,$200,price
youtube:UgzsiTVg-tYrFlfEAl94AaABAg.AO5C4vxvzp7AOE2J_tryHB,youtube,en,INFORMATION_SEEKING,$200,price
youtube:UgzunX1ts3Znw87awwd4AaABAg.9kNV_Hrdi-c9kNvbnCwSDW,youtube,id,UNKNOWN,4jt,
youtube:UgzvYmIUf3soxUSZNbx4AaABAg.ASVj5tcKD13AU9oRWmk9yR,youtube,en,UNKNOWN,$100,price|automation
youtube:UgzvYmIUf3soxUSZNbx4AaABAg.ASVj5tcKD13AU9oRWmk9yR,youtube,en,UNKNOWN,$200,price|automation
youtube:UgzvYmIUf3soxUSZNbx4AaABAg.ASVj5tcKD13AU9oRWmk9yR,youtube,en,UNKNOWN,$800,price|automation
youtube:UgzvYmIUf3soxUSZNbx4AaABAg.ASVj5tcKD13AU9oRWmk9yR,youtube,en,UNKNOWN,"$3,000",price|automation
youtube:UgzvYmIUf3soxUSZNbx4AaABAg.ASVj5tcKD13AU9oRWmk9yR,youtube,en,UNKNOWN,"$5,000",price|automation
youtube:UgzvYmIUf3soxUSZNbx4AaABAg.ASVj5tcKD13AU9oRWmk9yR,youtube,en,UNKNOWN,"$20,000",price|automation
youtube:Ugzvwmcket-IjQiF54V4AaABAg.9zxe719OsVrA2eeERMe3in,youtube,id,COMPARISON,250 rb,price|EC_TDS|plant_health
youtube:Ugzvwmcket-IjQiF54V4AaABAg.9zxe719OsVrA2eeERMe3in,youtube,id,COMPARISON,35 rb,price|EC_TDS|plant_health
youtube:Ugzx64ip1G7hAMHfKmh4AaABAg.AO9ujB1hWnZAVBGKGzstr2,youtube,id,UNKNOWN,13rb,EC_TDS|sensors
youtube:UgzyPyzwp1EL-ENQMX54AaABAg.9sL_VGdDaGuA8lI7OsxCIy,youtube,id,INFORMATION_SEEKING,32 ribu,price|equipment
youtube:UgzypOaP3lS3GGrjK2J4AaABAg,youtube,en,UNKNOWN,25 bucks,price|water
youtube:UgzzFOj9McYyL1VBFKR4AaABAg.A17nmAh58KpA183Md0uhjG,youtube,id,UNKNOWN,20rb,
youtube:Ugzzv-GwZk-NXgL-rKh4AaABAg,youtube,en,INFORMATION_SEEKING,"$1,000",price|water
