ts,source,endpoint_class,query_id,page,status,http_status,result_count,retries,latency_ms,note
2026-10-07T18:57:04Z,reddit_arcticshift,test,TEST,,SUCCESS,200,2,0,2457,
2026-10-07T18:58:20Z,stackexchange,search_advanced,SE_tagged,1,SUCCESS,200,100,0,607,
2026-10-07T18:58:20Z,mastodon,tag_timeline,MA_hydroponics,0,SUCCESS,200,40,0,829,
2026-10-07T18:58:21Z,lemmy,search,LE_hydroponic,1,SUCCESS,200,50,0,1046,
2026-10-07T18:58:21Z,bluesky,searchPosts,BS_A_id_00,0,SUCCESS,200,99,0,1168,
2026-10-07T18:58:21Z,hackernews,search,HN_hydroponic,2007-0,SUCCESS,200,0,0,1219,
2026-10-07T18:58:21Z,stackexchange,search_advanced,SE_tagged,2,SUCCESS,200,39,0,355,
2026-10-07T18:58:21Z,bluesky,searchPosts,BS_A_id_00,1,BLOCKED,403,0,0,251,<html><body><h1>403 Forbidden</h1> Request forbidden by administrative rules. </body></html>  
2026-10-07T18:58:21Z,lemmy,search,LE_hydroponic,2,SUCCESS,200,50,0,749,
2026-10-07T18:58:22Z,hackernews,search,HN_hydroponic,2008-0,SUCCESS,200,4,0,1127,
2026-10-07T18:58:22Z,stackexchange,search_advanced,SE_q_hydroponic,1,SUCCESS,200,100,0,368,
2026-10-07T18:58:22Z,mastodon,tag_timeline,MA_hydroponics,1,SUCCESS,200,40,0,1665,
2026-10-07T18:58:22Z,bluesky,searchPosts,BS_A_id_01,0,SUCCESS,200,53,0,560,
2026-10-07T18:58:22Z,lemmy,search,LE_hydroponic,3,SUCCESS,200,50,0,695,
2026-10-07T18:58:22Z,hackernews,search,HN_hydroponic,2009-0,SUCCESS,200,12,0,502,
2026-10-07T18:58:23Z,stackexchange,search_advanced,SE_q_hydroponic,2,SUCCESS,200,39,0,309,
2026-10-07T18:58:23Z,bluesky,searchPosts,BS_A_id_02,0,SUCCESS,200,23,0,299,
2026-10-07T18:58:23Z,mastodon,tag_timeline,MA_hydroponics,2,SUCCESS,200,40,0,839,
2026-10-07T18:58:23Z,lemmy,search,LE_hydroponic,4,SUCCESS,200,50,0,739,
2026-10-07T18:58:24Z,stackexchange,search_advanced,SE_q_hydroponics,1,SUCCESS,200,66,0,450,
2026-10-07T18:58:24Z,hackernews,search,HN_hydroponic,2010-0,SUCCESS,200,27,0,1673,
2026-10-07T18:58:24Z,lemmy,search,LE_hydroponic,5,SUCCESS,200,28,0,701,
2026-10-07T18:58:25Z,bluesky,searchPosts,BS_A_en_00,0,SUCCESS,200,99,0,833,
2026-10-07T18:58:25Z,hackernews,search,HN_hydroponic,2011-0,SUCCESS,200,20,0,543,
2026-10-07T18:58:25Z,mastodon,tag_timeline,MA_hydroponics,3,SUCCESS,200,40,0,1509,
2026-10-07T18:58:25Z,stackexchange,search_advanced,SE_q_kratky,1,SUCCESS,200,6,0,308,
2026-10-07T18:58:25Z,bluesky,searchPosts,BS_A_en_00,1,BLOCKED,403,0,0,249,<html><body><h1>403 Forbidden</h1> Request forbidden by administrative rules. </body></html>  
2026-10-07T18:58:25Z,lemmy,search,LE_hydroponic,1,SUCCESS,200,0,0,594,
2026-10-07T18:58:25Z,hackernews,search,HN_hydroponic,2012-0,SUCCESS,200,48,0,832,
2026-10-07T18:58:26Z,stackexchange,search_advanced,SE_q_aerogarden,1,SUCCESS,200,6,0,324,
2026-10-07T18:58:26Z,hackernews,search,HN_hydroponic,2013-0,SUCCESS,200,33,0,767,
2026-10-07T18:58:26Z,lemmy,search,LE_hydroponic,2,SUCCESS,200,0,0,602,
2026-10-07T18:58:26Z,bluesky,searchPosts,BS_A_en_01,0,SUCCESS,200,97,0,584,
2026-10-07T18:58:27Z,mastodon,tag_timeline,MA_hydroponics,4,SUCCESS,200,40,0,1917,
2026-10-07T18:58:27Z,stackexchange,search_advanced,SE_q_rockwool,1,SUCCESS,200,12,0,335,
2026-10-07T18:58:27Z,bluesky,searchPosts,BS_A_en_01,1,BLOCKED,403,0,0,252,<html><body><h1>403 Forbidden</h1> Request forbidden by administrative rules. </body></html>  
2026-10-07T18:58:27Z,hackernews,search,HN_hydroponic,2014-0,SUCCESS,200,59,0,934,
2026-10-07T18:58:27Z,lemmy,search,LE_hydroponic,3,SUCCESS,200,0,0,775,
2026-10-07T18:58:28Z,mastodon,tag_timeline,MA_hydroponics,5,SUCCESS,200,40,0,1009,
2026-10-07T18:58:28Z,stackexchange,search_advanced,SE_q_nutrient_solution,1,SUCCESS,200,35,0,394,
2026-10-07T18:58:28Z,hackernews,search,HN_hydroponic,2015-0,SUCCESS,200,96,0,1032,
2026-10-07T18:58:28Z,lemmy,search,LE_hydroponic,4,SUCCESS,200,0,0,588,
2026-10-07T18:58:29Z,bluesky,searchPosts,BS_A_en_02,0,SUCCESS,200,95,0,831,
2026-10-07T18:58:29Z,mastodon,tag_timeline,MA_hydroponics,6,SUCCESS,200,40,0,1022,
2026-10-07T18:58:29Z,stackexchange,answers,SE_children,1,SUCCESS,200,100,0,483,
2026-10-07T18:58:29Z,bluesky,searchPosts,BS_A_en_02,1,BLOCKED,403,0,0,299,<html><body><h1>403 Forbidden</h1> Request forbidden by administrative rules. </body></html>  
2026-10-07T18:58:29Z,hackernews,search,HN_hydroponic,2016-0,SUCCESS,200,137,0,919,
2026-10-07T18:58:29Z,lemmy,search,LE_hydroponic,5,SUCCESS,200,0,0,615,
2026-10-07T18:58:29Z,mastodon,tag_timeline,MA_hydroponics,7,SUCCESS,200,40,0,597,
2026-10-07T18:58:30Z,bluesky,searchPosts,BS_B_id_00,0,SUCCESS,200,1,0,347,
2026-10-07T18:58:30Z,stackexchange,answers,SE_children,2,SUCCESS,200,56,0,576,
2026-10-07T18:58:30Z,lemmy,search,LE_hydroponic,6,SUCCESS,200,0,0,592,
2026-10-07T18:58:31Z,mastodon,tag_timeline,MA_hydroponics,8,SUCCESS,200,40,0,995,
2026-10-07T18:58:31Z,stackexchange,comments,SE_children,1,SUCCESS,200,100,0,359,
2026-10-07T18:58:31Z,bluesky,searchPosts,BS_B_id_01,0,SUCCESS,200,12,0,294,
2026-10-07T18:58:31Z,hackernews,search,HN_hydroponic,2017-0,SUCCESS,200,167,0,2114,
2026-10-07T18:58:31Z,lemmy,search,LE_hydroponic,7,SUCCESS,200,0,0,771,
2026-10-07T18:58:32Z,stackexchange,comments,SE_children,2,SUCCESS,200,100,0,364,
2026-10-07T18:58:32Z,mastodon,tag_timeline,MA_hydroponics,9,SUCCESS,200,40,0,1307,
2026-10-07T18:58:32Z,bluesky,searchPosts,BS_B_id_02,0,SUCCESS,200,16,0,359,
2026-10-07T18:58:32Z,lemmy,search,LE_hydroponic,8,SUCCESS,200,0,0,579,
2026-10-07T18:58:33Z,hackernews,search,HN_hydroponic,2018-0,SUCCESS,200,139,0,1247,
2026-10-07T18:58:33Z,mastodon,tag_timeline,MA_hydroponics,10,SUCCESS,200,40,0,664,
2026-10-07T18:58:33Z,stackexchange,comments,SE_children,3,SUCCESS,200,39,0,391,
2026-10-07T18:58:33Z,bluesky,searchPosts,BS_B_id_03,0,SUCCESS,200,20,0,342,
2026-10-07T18:58:33Z,lemmy,search,LE_hydroponic,9,SUCCESS,200,0,0,631,
2026-10-07T18:58:34Z,hackernews,search,HN_hydroponic,2019-0,SUCCESS,200,200,0,1061,
2026-10-07T18:58:34Z,stackexchange,answers,SE_children,1,SUCCESS,200,85,0,392,
2026-10-07T18:58:34Z,mastodon,tag_timeline,MA_hydroponics,11,SUCCESS,200,40,0,1014,
2026-10-07T18:58:34Z,hackernews,search,HN_hydroponic,2019-1,SUCCESS,200,1,0,650,
2026-10-07T18:58:34Z,bluesky,searchPosts,BS_B_en_00,0,SUCCESS,200,38,0,648,
2026-10-07T18:58:35Z,lemmy,search,LE_hydroponic,10,SUCCESS,200,0,0,877,
2026-10-07T18:58:35Z,stackexchange,comments,SE_children,1,SUCCESS,200,100,0,316,
2026-10-07T18:58:35Z,lemmy,search,LE_hydroponic,11,SUCCESS,200,0,0,584,
2026-10-07T18:58:35Z,bluesky,searchPosts,BS_B_en_01,0,SUCCESS,200,38,0,539,
2026-10-07T18:58:36Z,mastodon,tag_timeline,MA_hydroponics,12,SUCCESS,200,40,0,1380,
2026-10-07T18:58:36Z,hackernews,search,HN_hydroponic,2020-0,SUCCESS,200,200,0,1392,
2026-10-07T18:58:36Z,stackexchange,comments,SE_children,2,SUCCESS,200,5,0,293,
2026-10-07T18:58:36Z,lemmy,search,LE_hydroponic,12,SUCCESS,200,0,0,639,
2026-10-07T18:58:36Z,mastodon,tag_timeline,MA_hydroponics,13,SUCCESS,200,40,0,779,
2026-10-07T18:58:36Z,hackernews,search,HN_hydroponic,2020-1,SUCCESS,200,0,0,577,
2026-10-07T18:58:37Z,bluesky,searchPosts,BS_B_en_02,0,SUCCESS,200,99,0,792,
2026-10-07T18:58:37Z,bluesky,searchPosts,BS_B_en_02,1,BLOCKED,403,0,0,275,<html><body><h1>403 Forbidden</h1> Request forbidden by administrative rules. </body></html>  
2026-10-07T18:58:37Z,stackexchange,answer_comments,SE_children,0,SUCCESS,200,100,0,554,
2026-10-07T18:58:37Z,lemmy,search,LE_hydroponic,13,SUCCESS,200,0,0,640,
2026-10-07T18:58:38Z,mastodon,tag_timeline,MA_hydroponics,14,SUCCESS,200,40,0,1254,
2026-10-07T18:58:38Z,stackexchange,answer_comments,SE_children,100,SUCCESS,200,100,0,315,
2026-10-07T18:58:38Z,lemmy,search,LE_hydroponic,14,SUCCESS,200,0,0,390,
2026-10-07T18:58:38Z,hackernews,search,HN_hydroponic,2021-0,SUCCESS,200,200,0,1890,
2026-10-07T18:58:39Z,bluesky,searchPosts,BS_B_en_03,0,SUCCESS,200,95,0,817,
2026-10-07T18:58:39Z,stackexchange,answer_comments,SE_children,200,SUCCESS,200,29,0,328,
2026-10-07T18:58:39Z,bluesky,searchPosts,BS_B_en_03,1,BLOCKED,403,0,0,316,<html><body><h1>403 Forbidden</h1> Request forbidden by administrative rules. </body></html>  
2026-10-07T18:58:39Z,mastodon,tag_timeline,MA_hydroponics,15,SUCCESS,200,40,0,1524,
2026-10-07T18:58:39Z,hackernews,search,HN_hydroponic,2021-1,SUCCESS,200,100,0,1227,
2026-10-07T18:58:40Z,lemmy,search,LE_hydroponics,1,SUCCESS,200,50,0,994,
2026-10-07T18:58:40Z,bluesky,searchPosts,BS_C_id_00,0,SUCCESS,200,0,0,334,
2026-10-07T18:58:40Z,lemmy,search,LE_hydroponics,2,SUCCESS,200,50,0,708,
2026-10-07T18:58:40Z,mastodon,tag_timeline,MA_hydroponics,16,SUCCESS,200,40,0,1091,
2026-10-07T18:58:40Z,hackernews,search,HN_hydroponic,2022-0,SUCCESS,200,195,0,953,
2026-10-07T18:58:41Z,bluesky,searchPosts,BS_C_id_01,0,SUCCESS,200,1,0,290,
2026-10-07T18:58:41Z,lemmy,search,LE_hydroponics,3,SUCCESS,200,11,0,493,
2026-10-07T18:58:41Z,mastodon,tag_timeline,MA_hydroponics,17,SUCCESS,200,40,0,739,
2026-10-07T18:58:42Z,hackernews,search,HN_hydroponic,2023-0,SUCCESS,200,200,0,1423,
2026-10-07T18:58:42Z,bluesky,searchPosts,BS_C_id_02,0,SUCCESS,200,5,0,289,
2026-10-07T18:58:42Z,lemmy,search,LE_hydroponics,1,SUCCESS,200,0,0,778,
2026-10-07T18:58:43Z,hackernews,search,HN_hydroponic,2023-1,SUCCESS,200,75,0,716,
2026-10-07T18:58:43Z,mastodon,tag_timeline,MA_hydroponics,18,SUCCESS,200,40,0,1715,
2026-10-07T18:58:43Z,lemmy,search,LE_hydroponics,2,SUCCESS,200,0,0,621,
2026-10-07T18:58:44Z,bluesky,searchPosts,BS_C_en_00,0,SUCCESS,200,79,0,795,
2026-10-07T18:58:44Z,bluesky,searchPosts,BS_C_en_00,1,BLOCKED,403,0,0,254,<html><body><h1>403 Forbidden</h1> Request forbidden by administrative rules. </body></html>  
2026-10-07T18:58:44Z,lemmy,search,LE_hydroponics,3,SUCCESS,200,0,0,626,
2026-10-07T18:58:45Z,hackernews,search,HN_hydroponic,2024-0,SUCCESS,200,200,0,2098,
2026-10-07T18:58:45Z,bluesky,searchPosts,BS_C_en_01,0,SUCCESS,200,14,0,308,
2026-10-07T18:58:45Z,lemmy,search,LE_hydroponics,4,SUCCESS,200,0,0,591,
2026-10-07T18:58:45Z,hackernews,search,HN_hydroponic,2024-1,SUCCESS,200,13,0,589,
2026-10-07T18:58:46Z,mastodon,tag_timeline,MA_hydroponics,19,SUCCESS,200,40,0,2530,
2026-10-07T18:58:46Z,lemmy,search,LE_hydroponics,5,SUCCESS,200,0,0,612,
2026-10-07T18:58:46Z,bluesky,searchPosts,BS_C_en_02,0,SUCCESS,200,29,0,564,
2026-10-07T18:58:47Z,mastodon,tag_timeline,MA_hydroponic,0,SUCCESS,200,40,0,796,
2026-10-07T18:58:47Z,hackernews,search,HN_hydroponic,2025-0,SUCCESS,200,135,0,1202,
2026-10-07T18:58:47Z,bluesky,searchPosts,BS_D_id_00,0,SUCCESS,200,0,0,272,
2026-10-07T18:58:47Z,lemmy,search,LE_hydroponics,6,SUCCESS,200,0,0,613,
2026-10-07T18:58:47Z,hackernews,search,HN_hydroponic,2026-0,SUCCESS,200,102,0,776,
2026-10-07T18:58:48Z,hackernews,search,HN_hydroponic,2007-0,SUCCESS,200,0,0,438,
2026-10-07T18:58:48Z,mastodon,tag_timeline,MA_hydroponic,1,SUCCESS,200,40,0,1174,
2026-10-07T18:58:48Z,bluesky,searchPosts,BS_D_id_01,0,SUCCESS,200,0,0,289,
2026-10-07T18:58:48Z,lemmy,search,LE_hydroponics,7,SUCCESS,200,0,0,498,
2026-10-07T18:58:48Z,hackernews,search,HN_hydroponic,2008-0,SUCCESS,200,0,0,440,
2026-10-07T18:58:49Z,hackernews,search,HN_hydroponic,2009-0,SUCCESS,200,0,0,428,
2026-10-07T18:58:49Z,bluesky,searchPosts,BS_D_id_02,0,SUCCESS,200,0,0,274,
2026-10-07T18:58:49Z,mastodon,tag_timeline,MA_hydroponic,2,SUCCESS,200,40,0,1379,
2026-10-07T18:58:49Z,lemmy,search,LE_hydroponics,8,SUCCESS,200,0,0,602,
2026-10-07T18:58:49Z,hackernews,search,HN_hydroponic,2010-0,SUCCESS,200,3,0,435,
2026-10-07T18:58:50Z,hackernews,search,HN_hydroponic,2011-0,SUCCESS,200,4,0,431,
2026-10-07T18:58:50Z,bluesky,searchPosts,BS_D_id_03,0,SUCCESS,200,0,0,287,
2026-10-07T18:58:50Z,lemmy,search,LE_hydroponics,9,SUCCESS,200,0,0,440,
2026-10-07T18:58:51Z,hackernews,search,HN_hydroponic,2012-0,SUCCESS,200,5,0,1124,
2026-10-07T18:58:51Z,lemmy,search,LE_hidroponik,1,SUCCESS,200,0,0,324,
2026-10-07T18:58:51Z,bluesky,searchPosts,BS_D_en_00,0,SUCCESS,200,9,0,347,
2026-10-07T18:58:52Z,hackernews,search,HN_hydroponic,2013-0,SUCCESS,200,2,0,521,
2026-10-07T18:58:52Z,lemmy,search,LE_hidroponik,1,SUCCESS,200,0,0,379,
2026-10-07T18:58:52Z,hackernews,search,HN_hydroponic,2014-0,SUCCESS,200,5,0,596,
2026-10-07T18:58:52Z,bluesky,searchPosts,BS_D_en_01,0,SUCCESS,200,35,0,554,
2026-10-07T18:58:52Z,mastodon,tag_timeline,MA_hydroponic,3,SUCCESS,200,40,0,3120,
2026-10-07T18:58:53Z,hackernews,search,HN_hydroponic,2015-0,SUCCESS,200,6,0,582,
2026-10-07T18:58:53Z,bluesky,searchPosts,BS_D_en_02,0,SUCCESS,200,16,0,316,
2026-10-07T18:58:53Z,hackernews,search,HN_hydroponic,2016-0,SUCCESS,200,7,0,431,
2026-10-07T18:58:53Z,mastodon,tag_timeline,MA_hydroponic,4,SUCCESS,200,40,0,770,
2026-10-07T18:58:53Z,lemmy,search,LE_kratky,1,SUCCESS,200,45,0,726,
2026-10-07T18:58:54Z,hackernews,search,HN_hydroponic,2017-0,SUCCESS,200,5,0,527,
2026-10-07T18:58:54Z,mastodon,tag_timeline,MA_hydroponic,5,SUCCESS,200,40,0,764,
2026-10-07T18:58:54Z,hackernews,search,HN_hydroponic,2018-0,SUCCESS,200,6,0,496,
2026-10-07T18:58:54Z,lemmy,search,LE_kratky,1,SUCCESS,200,0,0,617,
2026-10-07T18:58:54Z,bluesky,searchPosts,BS_D_en_03,0,SUCCESS,200,23,0,621,
2026-10-07T18:58:55Z,hackernews,search,HN_hydroponic,2019-0,SUCCESS,200,24,0,639,
2026-10-07T18:58:55Z,lemmy,search,LE_kratky,2,SUCCESS,200,0,0,371,
2026-10-07T18:58:55Z,bluesky,searchPosts,BS_D_en_04,0,SUCCESS,200,4,0,317,
2026-10-07T18:58:55Z,mastodon,tag_timeline,MA_hydroponic,6,SUCCESS,200,4,0,777,
2026-10-07T18:58:55Z,hackernews,search,HN_hydroponic,2020-0,SUCCESS,200,4,0,510,
2026-10-07T18:58:56Z,hackernews,search,HN_hydroponic,2021-0,SUCCESS,200,6,0,434,
2026-10-07T18:58:56Z,bluesky,searchPosts,BS_E_id_00,0,SUCCESS,200,1,0,309,
2026-10-07T18:58:56Z,lemmy,search,LE_aerogarden,1,SUCCESS,200,5,0,662,
2026-10-07T18:58:56Z,mastodon,tag_timeline,MA_hydroponik,0,SUCCESS,200,40,0,978,
2026-10-07T18:58:56Z,hackernews,search,HN_hydroponic,2022-0,SUCCESS,200,6,0,488,
2026-10-07T18:58:57Z,hackernews,search,HN_hydroponic,2023-0,SUCCESS,200,3,0,442,
2026-10-07T18:58:57Z,bluesky,searchPosts,BS_E_id_01,0,SUCCESS,200,0,0,290,
2026-10-07T18:58:57Z,hackernews,search,HN_hydroponic,2024-0,SUCCESS,200,4,0,479,
2026-10-07T18:58:58Z,lemmy,search,LE_aerogarden,1,SUCCESS,200,0,0,803,
2026-10-07T18:58:58Z,mastodon,tag_timeline,MA_hydroponik,1,SUCCESS,200,2,0,1317,
2026-10-07T18:58:58Z,hackernews,search,HN_hydroponic,2025-0,SUCCESS,200,3,0,545,
2026-10-07T18:58:58Z,bluesky,searchPosts,BS_E_id_02,0,SUCCESS,200,0,0,322,
2026-10-07T18:58:59Z,hackernews,search,HN_hydroponic,2026-0,SUCCESS,200,2,0,488,
2026-10-07T18:58:59Z,mastodon,tag_timeline,MA_hidroponik,0,SUCCESS,200,5,0,723,
2026-10-07T18:58:59Z,hackernews,search,HN_hydroponics,2007-0,SUCCESS,200,0,0,450,
2026-10-07T18:58:59Z,bluesky,searchPosts,BS_E_id_03,0,SUCCESS,200,0,0,315,
2026-10-07T18:59:00Z,hackernews,search,HN_hydroponics,2008-0,SUCCESS,200,3,0,479,
2026-10-07T18:59:00Z,mastodon,tag_timeline,MA_aerogarden,0,SUCCESS,200,40,0,831,
2026-10-07T18:59:00Z,hackernews,search,HN_hydroponics,2009-0,SUCCESS,200,9,0,577,
2026-10-07T18:59:00Z,bluesky,searchPosts,BS_E_id_04,0,SUCCESS,200,2,0,282,
2026-10-07T18:59:01Z,mastodon,tag_timeline,MA_aerogarden,1,SUCCESS,200,40,0,721,
2026-10-07T18:59:01Z,hackernews,search,HN_hydroponics,2010-0,SUCCESS,200,21,0,658,
2026-10-07T18:59:01Z,hackernews,search,HN_hydroponics,2011-0,SUCCESS,200,10,0,551,
2026-10-07T18:59:02Z,bluesky,searchPosts,BS_E_id_05,0,SUCCESS,200,99,0,839,
2026-10-07T18:59:02Z,hackernews,search,HN_hydroponics,2012-0,SUCCESS,200,36,0,690,
2026-10-07T18:59:02Z,bluesky,searchPosts,BS_E_id_05,1,BLOCKED,403,0,0,261,<html><body><h1>403 Forbidden</h1> Request forbidden by administrative rules. </body></html>  
2026-10-07T18:59:03Z,lemmy,search,LE_click and grow,1,SUCCESS,200,50,0,4811,
2026-10-07T18:59:03Z,hackernews,search,HN_hydroponics,2013-0,SUCCESS,200,34,0,597,
2026-10-07T18:59:03Z,hackernews,search,HN_hydroponics,2014-0,SUCCESS,200,59,0,736,
2026-10-07T18:59:03Z,bluesky,searchPosts,BS_E_en_00,0,SUCCESS,200,86,0,555,
2026-10-07T18:59:04Z,bluesky,searchPosts,BS_E_en_01,0,SUCCESS,200,34,0,306,
2026-10-07T18:59:04Z,hackernews,search,HN_hydroponics,2015-0,SUCCESS,200,72,0,981,
2026-10-07T18:59:05Z,hackernews,search,HN_hydroponics,2016-0,SUCCESS,200,109,0,691,
2026-10-07T18:59:05Z,bluesky,searchPosts,BS_E_en_02,0,SUCCESS,200,9,0,301,
2026-10-07T18:59:06Z,hackernews,search,HN_hydroponics,2017-0,SUCCESS,200,136,0,748,
2026-10-07T18:59:06Z,mastodon,tag_timeline,MA_aerogarden,2,SUCCESS,200,40,0,5553,
2026-10-07T18:59:07Z,hackernews,search,HN_hydroponics,2018-0,SUCCESS,200,110,0,730,
2026-10-07T18:59:07Z,bluesky,searchPosts,BS_E_en_03,0,SUCCESS,200,94,0,778,
2026-10-07T18:59:07Z,mastodon,tag_timeline,MA_aerogarden,3,SUCCESS,200,28,0,754,
2026-10-07T18:59:07Z,bluesky,searchPosts,BS_E_en_03,1,BLOCKED,403,0,0,306,<html><body><h1>403 Forbidden</h1> Request forbidden by administrative rules. </body></html>  
2026-10-07T18:59:08Z,lemmy,search,LE_click and grow,2,SUCCESS,200,50,0,5169,
2026-10-07T18:59:08Z,hackernews,search,HN_hydroponics,2019-0,SUCCESS,200,133,0,1190,
2026-10-07T18:59:08Z,bluesky,searchPosts,BS_E_en_04,0,SUCCESS,200,1,0,293,
2026-10-07T18:59:09Z,hackernews,search,HN_hydroponics,2020-0,SUCCESS,200,162,0,1074,
2026-10-07T18:59:09Z,bluesky,searchPosts,BS_F_id_00,0,SUCCESS,200,20,0,282,
2026-10-07T18:59:10Z,mastodon,tag_timeline,MA_kratky,0,SUCCESS,200,40,0,2182,
2026-10-07T18:59:10Z,hackernews,search,HN_hydroponics,2021-0,SUCCESS,200,200,0,1049,
2026-10-07T18:59:10Z,bluesky,searchPosts,BS_F_id_01,0,SUCCESS,200,0,0,358,
2026-10-07T18:59:11Z,hackernews,search,HN_hydroponics,2021-1,SUCCESS,200,24,0,692,
2026-10-07T18:59:11Z,mastodon,tag_timeline,MA_kratky,1,SUCCESS,200,40,0,1233,
2026-10-07T18:59:11Z,bluesky,searchPosts,BS_F_id_02,0,SUCCESS,200,0,0,283,
2026-10-07T18:59:11Z,mastodon,tag_timeline,MA_kratky,2,SUCCESS,200,40,0,596,
2026-10-07T18:59:12Z,hackernews,search,HN_hydroponics,2022-0,SUCCESS,200,195,0,827,
2026-10-07T18:59:12Z,bluesky,searchPosts,BS_F_id_03,0,SUCCESS,200,0,0,272,
2026-10-07T18:59:12Z,hackernews,search,HN_hydroponics,2023-0,SUCCESS,200,159,0,804,
2026-10-07T18:59:13Z,lemmy,search,LE_click and grow,3,SUCCESS,200,50,0,5204,
2026-10-07T18:59:13Z,bluesky,searchPosts,BS_F_en_00,0,SUCCESS,200,9,0,365,
2026-10-07T18:59:13Z,hackernews,search,HN_hydroponics,2024-0,SUCCESS,200,99,0,1024,
2026-10-07T18:59:14Z,mastodon,tag_timeline,MA_kratky,3,SUCCESS,200,35,0,1743,
2026-10-07T18:59:14Z,hackernews,search,HN_hydroponics,2025-0,SUCCESS,200,67,0,824,
2026-10-07T18:59:14Z,bluesky,searchPosts,BS_F_en_01,0,SUCCESS,200,22,0,376,
2026-10-07T18:59:15Z,hackernews,search,HN_hydroponics,2026-0,SUCCESS,200,57,0,667,
2026-10-07T18:59:15Z,mastodon,tag_timeline,MA_indoorgardening,0,SUCCESS,200,40,0,1392,
2026-10-07T18:59:15Z,bluesky,searchPosts,BS_F_en_02,0,SUCCESS,200,10,0,325,
2026-10-07T18:59:15Z,hackernews,search,HN_hydroponics,2007-0,SUCCESS,200,0,0,428,
2026-10-07T18:59:16Z,mastodon,tag_timeline,MA_indoorgardening,1,SUCCESS,200,40,0,784,
2026-10-07T18:59:16Z,hackernews,search,HN_hydroponics,2008-0,SUCCESS,200,0,0,481,
2026-10-07T18:59:16Z,hackernews,search,HN_hydroponics,2009-0,SUCCESS,200,0,0,487,
2026-10-07T18:59:17Z,bluesky,searchPosts,BS_F_en_03,0,SUCCESS,200,83,0,843,
2026-10-07T18:59:17Z,hackernews,search,HN_hydroponics,2010-0,SUCCESS,200,2,0,440,
2026-10-07T18:59:17Z,mastodon,tag_timeline,MA_indoorgardening,2,SUCCESS,200,40,0,936,
2026-10-07T18:59:17Z,bluesky,searchPosts,BS_F_en_03,1,BLOCKED,403,0,0,261,<html><body><h1>403 Forbidden</h1> Request forbidden by administrative rules. </body></html>  
2026-10-07T18:59:17Z,hackernews,search,HN_hydroponics,2011-0,SUCCESS,200,3,0,437,
2026-10-07T18:59:18Z,hackernews,search,HN_hydroponics,2012-0,SUCCESS,200,4,0,500,
2026-10-07T18:59:18Z,bluesky,searchPosts,BS_G_id_00,0,SUCCESS,200,1,0,287,
2026-10-07T18:59:18Z,lemmy,search,LE_click and grow,4,SUCCESS,200,50,0,5142,
2026-10-07T18:59:18Z,hackernews,search,HN_hydroponics,2013-0,SUCCESS,200,0,0,414,
2026-10-07T18:59:19Z,hackernews,search,HN_hydroponics,2014-0,SUCCESS,200,4,0,513,
2026-10-07T18:59:19Z,bluesky,searchPosts,BS_G_id_01,0,SUCCESS,200,1,0,276,
2026-10-07T18:59:19Z,hackernews,search,HN_hydroponics,2015-0,SUCCESS,200,2,0,472,
2026-10-07T18:59:20Z,mastodon,tag_timeline,MA_indoorgardening,3,SUCCESS,200,40,0,2738,
2026-10-07T18:59:20Z,hackernews,search,HN_hydroponics,2016-0,SUCCESS,200,5,0,425,
2026-10-07T18:59:20Z,bluesky,searchPosts,BS_G_id_02,0,SUCCESS,200,3,0,280,
2026-10-07T18:59:21Z,hackernews,search,HN_hydroponics,2017-0,SUCCESS,200,4,0,529,
2026-10-07T18:59:21Z,mastodon,tag_timeline,MA_indoorgardening,4,SUCCESS,200,40,0,1097,
2026-10-07T18:59:21Z,hackernews,search,HN_hydroponics,2018-0,SUCCESS,200,4,0,450,
2026-10-07T18:59:21Z,bluesky,searchPosts,BS_G_id_03,0,SUCCESS,200,5,0,290,
2026-10-07T18:59:22Z,hackernews,search,HN_hydroponics,2019-0,SUCCESS,200,16,0,589,
2026-10-07T18:59:22Z,mastodon,tag_timeline,MA_indoorgardening,5,SUCCESS,200,40,0,913,
2026-10-07T18:59:22Z,hackernews,search,HN_hydroponics,2020-0,SUCCESS,200,2,0,519,
2026-10-07T18:59:22Z,bluesky,searchPosts,BS_G_id_04,0,SUCCESS,200,0,0,266,
2026-10-07T18:59:23Z,hackernews,search,HN_hydroponics,2021-0,SUCCESS,200,6,0,423,
2026-10-07T18:59:23Z,lemmy,search,LE_click and grow,5,SUCCESS,200,50,0,4453,
2026-10-07T18:59:23Z,mastodon,tag_timeline,MA_indoorgardening,6,SUCCESS,200,40,0,950,
2026-10-07T18:59:23Z,hackernews,search,HN_hydroponics,2022-0,SUCCESS,200,6,0,461,
2026-10-07T18:59:24Z,hackernews,search,HN_hydroponics,2023-0,SUCCESS,200,3,0,545,
2026-10-07T18:59:24Z,mastodon,tag_timeline,MA_indoorgardening,7,SUCCESS,200,40,0,851,
2026-10-07T18:59:24Z,bluesky,searchPosts,BS_G_en_00,0,SUCCESS,200,82,0,998,
2026-10-07T18:59:24Z,hackernews,search,HN_hydroponics,2024-0,SUCCESS,200,4,0,438,
2026-10-07T18:59:24Z,bluesky,searchPosts,BS_G_en_00,1,BLOCKED,403,0,0,252,<html><body><h1>403 Forbidden</h1> Request forbidden by administrative rules. </body></html>  
2026-10-07T18:59:25Z,mastodon,tag_timeline,MA_indoorgardening,8,SUCCESS,200,40,0,693,
2026-10-07T18:59:25Z,hackernews,search,HN_hydroponics,2025-0,SUCCESS,200,2,0,441,
2026-10-07T18:59:25Z,bluesky,searchPosts,BS_G_en_01,0,SUCCESS,200,39,0,319,
2026-10-07T18:59:26Z,hackernews,search,HN_hydroponics,2026-0,SUCCESS,200,2,0,770,
2026-10-07T18:59:26Z,mastodon,tag_timeline,MA_indoorgardening,9,SUCCESS,200,40,0,898,
2026-10-07T18:59:26Z,hackernews,search,HN_aerogarden,2007-0,SUCCESS,200,0,0,430,
2026-10-07T18:59:26Z,bluesky,searchPosts,BS_G_en_02,0,SUCCESS,200,17,0,300,
2026-10-07T18:59:27Z,hackernews,search,HN_aerogarden,2008-0,SUCCESS,200,1,0,489,
2026-10-07T18:59:27Z,mastodon,tag_timeline,MA_indoorgardening,10,SUCCESS,200,40,0,717,
2026-10-07T18:59:27Z,hackernews,search,HN_aerogarden,2009-0,SUCCESS,200,0,0,500,
2026-10-07T18:59:27Z,bluesky,searchPosts,BS_G_en_03,0,SUCCESS,200,9,0,284,
2026-10-07T18:59:27Z,lemmy,search,LE_click and grow,6,SUCCESS,200,50,0,4552,
2026-10-07T18:59:28Z,hackernews,search,HN_aerogarden,2010-0,SUCCESS,200,1,0,509,
2026-10-07T18:59:28Z,mastodon,tag_timeline,MA_indoorgardening,11,SUCCESS,200,40,0,764,
2026-10-07T18:59:28Z,hackernews,search,HN_aerogarden,2011-0,SUCCESS,200,0,0,473,
2026-10-07T18:59:28Z,hackernews,search,HN_aerogarden,2012-0,SUCCESS,200,0,0,446,
2026-10-07T18:59:29Z,bluesky,searchPosts,BS_G_en_04,0,SUCCESS,200,28,0,546,
2026-10-07T18:59:29Z,mastodon,tag_timeline,MA_indoorgardening,12,SUCCESS,200,40,0,973,
2026-10-07T18:59:29Z,hackernews,search,HN_aerogarden,2013-0,SUCCESS,200,1,0,424,
2026-10-07T18:59:29Z,bluesky,searchPosts,BS_G_en_05,0,SUCCESS,200,4,0,284,
2026-10-07T18:59:29Z,hackernews,search,HN_aerogarden,2014-0,SUCCESS,200,2,0,436,
2026-10-07T18:59:30Z,mastodon,tag_timeline,MA_indoorgardening,13,SUCCESS,200,40,0,1076,
2026-10-07T18:59:30Z,hackernews,search,HN_aerogarden,2015-0,SUCCESS,200,1,0,507,
2026-10-07T18:59:30Z,bluesky,searchPosts,BS_H_id_00,0,SUCCESS,200,0,0,289,
2026-10-07T18:59:31Z,hackernews,search,HN_aerogarden,2016-0,SUCCESS,200,1,0,443,
2026-10-07T18:59:31Z,mastodon,tag_timeline,MA_indoorgardening,14,SUCCESS,200,40,0,936,
2026-10-07T18:59:31Z,hackernews,search,HN_aerogarden,2017-0,SUCCESS,200,5,0,467,
2026-10-07T18:59:32Z,hackernews,search,HN_aerogarden,2018-0,SUCCESS,200,4,0,426,
2026-10-07T18:59:32Z,lemmy,search,LE_click and grow,7,SUCCESS,200,50,0,4182,
2026-10-07T18:59:32Z,bluesky,searchPosts,BS_H_en_00,0,SUCCESS,200,75,0,638,
2026-10-07T18:59:32Z,hackernews,search,HN_aerogarden,2019-0,SUCCESS,200,0,0,428,
2026-10-07T18:59:32Z,mastodon,tag_timeline,MA_indoorgardening,15,SUCCESS,200,40,0,1065,
2026-10-07T18:59:33Z,hackernews,search,HN_aerogarden,2020-0,SUCCESS,200,7,0,679,
2026-10-07T18:59:33Z,bluesky,searchPosts,BS_H_en_01,0,SUCCESS,200,100,0,783,
2026-10-07T18:59:33Z,bluesky,searchPosts,BS_H_en_01,1,BLOCKED,403,0,0,267,<html><body><h1>403 Forbidden</h1> Request forbidden by administrative rules. </body></html>  
2026-10-07T18:59:33Z,hackernews,search,HN_aerogarden,2021-0,SUCCESS,200,7,0,527,
2026-10-07T18:59:34Z,hackernews,search,HN_aerogarden,2022-0,SUCCESS,200,4,0,451,
2026-10-07T18:59:34Z,hackernews,search,HN_aerogarden,2023-0,SUCCESS,200,5,0,594,
2026-10-07T18:59:34Z,bluesky,searchPosts,BS_H_en_02,0,SUCCESS,200,5,0,369,
2026-10-07T18:59:34Z,mastodon,tag_timeline,MA_indoorgardening,16,SUCCESS,200,40,0,2393,
2026-10-07T18:59:35Z,hackernews,search,HN_aerogarden,2024-0,SUCCESS,200,1,0,525,
2026-10-07T18:59:35Z,hackernews,search,HN_aerogarden,2025-0,SUCCESS,200,0,0,433,
2026-10-07T18:59:36Z,bluesky,searchPosts,BS_H_en_03,0,SUCCESS,200,51,0,620,
2026-10-07T18:59:36Z,lemmy,search,LE_click and grow,8,SUCCESS,200,50,0,4183,
2026-10-07T18:59:36Z,mastodon,tag_timeline,MA_indoorgardening,17,SUCCESS,200,37,0,1413,
2026-10-07T18:59:36Z,hackernews,search,HN_aerogarden,2026-0,SUCCESS,200,1,0,806,
2026-10-07T18:59:36Z,bluesky,searchPosts,BS_H_en_03,1,BLOCKED,403,0,0,258,<html><body><h1>403 Forbidden</h1> Request forbidden by administrative rules. </body></html>  
2026-10-07T18:59:37Z,hackernews,search,HN_aerogarden,2007-0,SUCCESS,200,0,0,452,
2026-10-07T18:59:37Z,hackernews,search,HN_aerogarden,2008-0,SUCCESS,200,0,0,481,
2026-10-07T18:59:37Z,mastodon,tag_timeline,MA_hydroponics,0,FAILED,422,0,0,1363,"{""error"":""This method requires an authenticated user""}"
2026-10-07T18:59:37Z,bluesky,searchPosts,BS_I_id_00,0,SUCCESS,200,2,0,322,
2026-10-07T18:59:38Z,mastodon,tag_timeline,MA_hydroponic,0,FAILED,422,0,0,354,"{""error"":""This method requires an authenticated user""}"
2026-10-07T18:59:38Z,hackernews,search,HN_aerogarden,2009-0,SUCCESS,200,0,0,424,
2026-10-07T18:59:38Z,hackernews,search,HN_aerogarden,2010-0,SUCCESS,200,0,0,437,
2026-10-07T18:59:38Z,bluesky,searchPosts,BS_I_id_01,0,SUCCESS,200,0,0,300,
2026-10-07T18:59:39Z,mastodon,tag_timeline,MA_hydroponik,0,FAILED,422,0,0,221,"{""error"":""This method requires an authenticated user""}"
2026-10-07T18:59:39Z,hackernews,search,HN_aerogarden,2011-0,SUCCESS,200,0,0,501,
2026-10-07T18:59:39Z,hackernews,search,HN_aerogarden,2012-0,SUCCESS,200,0,0,497,
2026-10-07T18:59:39Z,bluesky,searchPosts,BS_I_id_02,0,SUCCESS,200,0,0,292,
2026-10-07T18:59:40Z,mastodon,tag_timeline,MA_hidroponik,0,FAILED,422,0,0,219,"{""error"":""This method requires an authenticated user""}"
2026-10-07T18:59:40Z,hackernews,search,HN_aerogarden,2013-0,SUCCESS,200,1,0,512,
2026-10-07T18:59:40Z,lemmy,search,LE_click and grow,9,SUCCESS,200,50,0,4267,
2026-10-07T18:59:40Z,bluesky,searchPosts,BS_I_id_03,0,SUCCESS,200,0,0,284,
2026-10-07T18:59:40Z,hackernews,search,HN_aerogarden,2014-0,SUCCESS,200,1,0,689,
2026-10-07T18:59:41Z,mastodon,tag_timeline,MA_aerogarden,0,FAILED,422,0,0,214,"{""error"":""This method requires an authenticated user""}"
2026-10-07T18:59:41Z,hackernews,search,HN_aerogarden,2015-0,SUCCESS,200,1,0,423,
2026-10-07T18:59:41Z,bluesky,searchPosts,BS_I_id_04,0,SUCCESS,200,0,0,280,
2026-10-07T18:59:41Z,hackernews,search,HN_aerogarden,2016-0,SUCCESS,200,0,0,408,
2026-10-07T18:59:42Z,mastodon,tag_timeline,MA_kratky,0,FAILED,422,0,0,225,"{""error"":""This method requires an authenticated user""}"
2026-10-07T18:59:42Z,hackernews,search,HN_aerogarden,2017-0,SUCCESS,200,0,0,436,
2026-10-07T18:59:42Z,bluesky,searchPosts,BS_I_en_00,0,SUCCESS,200,3,0,303,
2026-10-07T18:59:42Z,hackernews,search,HN_aerogarden,2018-0,SUCCESS,200,0,0,436,
2026-10-07T18:59:43Z,mastodon,tag_timeline,MA_indoorgardening,0,FAILED,422,0,0,217,"{""error"":""This method requires an authenticated user""}"
2026-10-07T18:59:43Z,hackernews,search,HN_aerogarden,2019-0,SUCCESS,200,0,0,463,
2026-10-07T18:59:43Z,hackernews,search,HN_aerogarden,2020-0,SUCCESS,200,0,0,486,
2026-10-07T18:59:44Z,bluesky,searchPosts,BS_I_en_01,0,SUCCESS,200,50,0,610,
2026-10-07T18:59:44Z,hackernews,search,HN_aerogarden,2021-0,SUCCESS,200,0,0,430,
2026-10-07T18:59:44Z,lemmy,search,LE_click and grow,10,SUCCESS,200,50,0,3923,
2026-10-07T18:59:44Z,bluesky,searchPosts,BS_I_en_01,1,BLOCKED,403,0,0,258,<html><body><h1>403 Forbidden</h1> Request forbidden by administrative rules. </body></html>  
2026-10-07T18:59:44Z,mastodon,tag_timeline,MA_hydroponics,0,SUCCESS,200,40,0,1062,
2026-10-07T18:59:44Z,hackernews,search,HN_aerogarden,2022-0,SUCCESS,200,0,0,469,
2026-10-07T18:59:45Z,mastodon,tag_timeline,MA_hydroponics,1,SUCCESS,200,40,0,461,
2026-10-07T18:59:45Z,hackernews,search,HN_aerogarden,2023-0,SUCCESS,200,0,0,432,
2026-10-07T18:59:45Z,bluesky,searchPosts,BS_I_en_02,0,SUCCESS,200,3,0,287,
2026-10-07T18:59:45Z,hackernews,search,HN_aerogarden,2024-0,SUCCESS,200,0,0,414,
2026-10-07T18:59:46Z,mastodon,tag_timeline,MA_hydroponics,2,SUCCESS,200,40,0,516,
2026-10-07T18:59:46Z,hackernews,search,HN_aerogarden,2025-0,SUCCESS,200,0,0,428,
2026-10-07T18:59:46Z,bluesky,searchPosts,BS_I_en_03,0,SUCCESS,200,12,0,291,
2026-10-07T18:59:46Z,hackernews,search,HN_aerogarden,2026-0,SUCCESS,200,0,0,446,
2026-10-07T18:59:47Z,mastodon,tag_timeline,MA_hydroponics,3,SUCCESS,200,40,0,438,
2026-10-07T18:59:47Z,hackernews,search,HN_kratky,2007-0,SUCCESS,200,0,0,475,
2026-10-07T18:59:47Z,hackernews,search,HN_kratky,2008-0,SUCCESS,200,0,0,421,
2026-10-07T18:59:48Z,bluesky,searchPosts,BS_I_en_04,0,SUCCESS,200,50,0,526,
2026-10-07T18:59:48Z,mastodon,tag_timeline,MA_hydroponics,4,SUCCESS,200,40,0,514,
2026-10-07T18:59:48Z,hackernews,search,HN_kratky,2009-0,SUCCESS,200,0,0,486,
2026-10-07T18:59:48Z,lemmy,search,LE_click and grow,11,SUCCESS,200,50,0,4036,
2026-10-07T18:59:48Z,bluesky,searchPosts,BS_J_id_00,0,SUCCESS,200,18,0,298,
2026-10-07T18:59:48Z,hackernews,search,HN_kratky,2010-0,SUCCESS,200,0,0,429,
2026-10-07T18:59:49Z,mastodon,tag_timeline,MA_hydroponics,5,SUCCESS,200,40,0,509,
2026-10-07T18:59:49Z,hackernews,search,HN_kratky,2011-0,SUCCESS,200,1,0,440,
2026-10-07T18:59:49Z,bluesky,searchPosts,BS_J_id_01,0,SUCCESS,200,3,0,276,
2026-10-07T18:59:49Z,hackernews,search,HN_kratky,2012-0,SUCCESS,200,2,0,435,
2026-10-07T18:59:50Z,mastodon,tag_timeline,MA_hydroponics,6,SUCCESS,200,40,0,458,
2026-10-07T18:59:50Z,hackernews,search,HN_kratky,2013-0,SUCCESS,200,1,0,425,
2026-10-07T18:59:51Z,hackernews,search,HN_kratky,2014-0,SUCCESS,200,3,0,590,
2026-10-07T18:59:51Z,mastodon,tag_timeline,MA_hydroponics,7,SUCCESS,200,40,0,471,
2026-10-07T18:59:51Z,bluesky,searchPosts,BS_J_en_00,0,SUCCESS,200,96,0,814,
2026-10-07T18:59:51Z,hackernews,search,HN_kratky,2015-0,SUCCESS,200,0,0,436,
2026-10-07T18:59:51Z,bluesky,searchPosts,BS_J_en_00,1,BLOCKED,403,0,0,251,<html><body><h1>403 Forbidden</h1> Request forbidden by administrative rules. </body></html>  
2026-10-07T18:59:52Z,hackernews,search,HN_kratky,2016-0,SUCCESS,200,0,0,439,
2026-10-07T18:59:52Z,mastodon,tag_timeline,MA_hydroponics,8,SUCCESS,200,40,0,416,
2026-10-07T18:59:52Z,hackernews,search,HN_kratky,2017-0,SUCCESS,200,1,0,462,
2026-10-07T18:59:52Z,bluesky,searchPosts,BS_J_en_01,0,SUCCESS,200,2,0,272,
2026-10-07T18:59:52Z,lemmy,search,LE_click and grow,12,SUCCESS,200,50,0,4156,
2026-10-07T18:59:53Z,hackernews,search,HN_kratky,2018-0,SUCCESS,200,1,0,417,
2026-10-07T18:59:53Z,mastodon,tag_timeline,MA_hydroponics,9,SUCCESS,200,40,0,441,
2026-10-07T18:59:53Z,hackernews,search,HN_kratky,2019-0,SUCCESS,200,8,0,542,
2026-10-07T18:59:53Z,bluesky,searchPosts,BS_J_en_02,0,SUCCESS,200,4,0,361,
2026-10-07T18:59:54Z,hackernews,search,HN_kratky,2020-0,SUCCESS,200,3,0,428,
2026-10-07T18:59:54Z,mastodon,tag_timeline,MA_hydroponics,10,SUCCESS,200,40,0,451,
2026-10-07T18:59:54Z,hackernews,search,HN_kratky,2021-0,SUCCESS,200,4,0,465,
2026-10-07T18:59:54Z,bluesky,searchPosts,BS_J_en_03,0,SUCCESS,200,1,0,286,
2026-10-07T18:59:55Z,hackernews,search,HN_kratky,2022-0,SUCCESS,200,7,0,440,
2026-10-07T18:59:55Z,mastodon,tag_timeline,MA_hydroponics,11,SUCCESS,200,40,0,458,
2026-10-07T18:59:55Z,hackernews,search,HN_kratky,2023-0,SUCCESS,200,5,0,495,
2026-10-07T18:59:55Z,bluesky,searchPosts,BS_K_id_00,0,SUCCESS,200,0,0,312,
2026-10-07T18:59:56Z,hackernews,search,HN_kratky,2024-0,SUCCESS,200,4,0,541,
2026-10-07T18:59:56Z,mastodon,tag_timeline,MA_hydroponics,12,SUCCESS,200,40,0,491,
2026-10-07T18:59:56Z,hackernews,search,HN_kratky,2025-0,SUCCESS,200,2,0,425,
2026-10-07T18:59:56Z,bluesky,searchPosts,BS_K_id_01,0,SUCCESS,200,15,0,284,
2026-10-07T18:59:57Z,lemmy,search,LE_click and grow,13,SUCCESS,200,50,0,4006,
2026-10-07T18:59:57Z,hackernews,search,HN_kratky,2026-0,SUCCESS,200,3,0,577,
2026-10-07T18:59:57Z,mastodon,tag_timeline,MA_hydroponics,13,SUCCESS,200,40,0,547,
2026-10-07T18:59:57Z,hackernews,search,HN_kratky,2007-0,SUCCESS,200,0,0,518,
2026-10-07T18:59:57Z,bluesky,searchPosts,BS_K_id_02,0,SUCCESS,200,11,0,300,
2026-10-07T18:59:58Z,hackernews,search,HN_kratky,2008-0,SUCCESS,200,0,0,426,
2026-10-07T18:59:58Z,mastodon,tag_timeline,MA_hydroponics,14,SUCCESS,200,40,0,454,
2026-10-07T18:59:58Z,hackernews,search,HN_kratky,2009-0,SUCCESS,200,0,0,476,
2026-10-07T18:59:59Z,bluesky,searchPosts,BS_K_en_00,0,SUCCESS,200,77,0,553,
2026-10-07T18:59:59Z,hackernews,search,HN_kratky,2010-0,SUCCESS,200,1,0,454,
2026-10-07T18:59:59Z,mastodon,tag_timeline,MA_hydroponics,15,SUCCESS,200,40,0,476,
2026-10-07T18:59:59Z,hackernews,search,HN_kratky,2011-0,SUCCESS,200,3,0,420,
2026-10-07T18:59:59Z,bluesky,searchPosts,BS_K_en_00,1,BLOCKED,403,0,0,303,<html><body><h1>403 Forbidden</h1> Request forbidden by administrative rules. </body></html>  
2026-10-07T19:00:00Z,hackernews,search,HN_kratky,2012-0,SUCCESS,200,0,0,432,
2026-10-07T19:00:00Z,mastodon,tag_timeline,MA_hydroponics,16,SUCCESS,200,40,0,500,
2026-10-07T19:00:00Z,lemmy,search,LE_click and grow,14,SUCCESS,200,29,0,3721,
2026-10-07T19:00:00Z,hackernews,search,HN_kratky,2013-0,SUCCESS,200,0,0,534,
2026-10-07T19:00:00Z,bluesky,searchPosts,BS_K_en_01,0,SUCCESS,200,0,0,287,
2026-10-07T19:00:01Z,mastodon,tag_timeline,MA_hydroponics,17,SUCCESS,200,40,0,456,
2026-10-07T19:00:01Z,bluesky,searchPosts,BS_K_en_02,0,SUCCESS,200,0,0,276,
2026-10-07T19:00:02Z,lemmy,search,LE_click and grow,1,SUCCESS,200,0,0,1274,
2026-10-07T19:00:02Z,hackernews,search,HN_kratky,2014-0,SUCCESS,200,0,0,1381,
2026-10-07T19:00:02Z,mastodon,tag_timeline,MA_hydroponics,18,SUCCESS,200,40,0,810,
2026-10-07T19:00:02Z,bluesky,searchPosts,BS_K_en_03,0,SUCCESS,200,4,0,295,
2026-10-07T19:00:03Z,lemmy,search,LE_click and grow,2,SUCCESS,200,0,0,894,
2026-10-07T19:00:03Z,hackernews,search,HN_kratky,2015-0,SUCCESS,200,3,0,857,
2026-10-07T19:00:03Z,mastodon,tag_timeline,MA_hydroponics,19,SUCCESS,200,40,0,502,
2026-10-07T19:00:03Z,hackernews,search,HN_kratky,2016-0,SUCCESS,200,0,0,709,
2026-10-07T19:00:03Z,bluesky,searchPosts,BS_L_id_00,0,SUCCESS,200,6,0,283,
2026-10-07T19:00:04Z,lemmy,search,LE_click and grow,3,SUCCESS,200,0,0,1070,
2026-10-07T19:00:04Z,mastodon,tag_timeline,MA_hydroponic,0,SUCCESS,200,40,0,553,
2026-10-07T19:00:04Z,hackernews,search,HN_kratky,2017-0,SUCCESS,200,0,0,857,
2026-10-07T19:00:05Z,bluesky,searchPosts,BS_L_id_01,0,SUCCESS,200,0,0,354,
2026-10-07T19:00:05Z,lemmy,search,LE_click and grow,4,SUCCESS,200,0,0,891,
2026-10-07T19:00:05Z,mastodon,tag_timeline,MA_hydroponic,1,SUCCESS,200,40,0,881,
2026-10-07T19:00:05Z,bluesky,searchPosts,BS_L_id_02,0,SUCCESS,200,32,0,310,
2026-10-07T19:00:06Z,lemmy,search,LE_click and grow,5,SUCCESS,200,0,0,873,
2026-10-07T19:00:06Z,mastodon,tag_timeline,MA_hydroponic,2,SUCCESS,200,40,0,572,
2026-10-07T19:00:06Z,bluesky,searchPosts,BS_L_id_03,0,SUCCESS,200,1,0,290,
2026-10-07T19:00:07Z,lemmy,search,LE_click and grow,6,SUCCESS,200,0,0,895,
2026-10-07T19:00:07Z,mastodon,tag_timeline,MA_hydroponic,3,SUCCESS,200,40,0,711,
2026-10-07T19:00:07Z,bluesky,searchPosts,BS_L_en_00,0,SUCCESS,200,23,0,307,
2026-10-07T19:00:08Z,debug,,,,SUCCESS,200,0,0,3006,
2026-10-07T19:00:08Z,lemmy,search,LE_click and grow,7,SUCCESS,200,0,0,917,
2026-10-07T19:00:08Z,mastodon,tag_timeline,MA_hydroponic,4,SUCCESS,200,19,0,850,
2026-10-07T19:00:09Z,bluesky,searchPosts,BS_L_en_01,0,SUCCESS,200,36,0,563,
2026-10-07T19:00:09Z,lemmy,search,LE_click and grow,8,SUCCESS,200,0,0,1073,
2026-10-07T19:00:09Z,hackernews,search,HN_kratky,2018-0,SUCCESS,200,0,0,4848,
2026-10-07T19:00:10Z,hackernews,search,HN_kratky,2019-0,SUCCESS,200,1,0,618,
2026-10-07T19:00:10Z,bluesky,searchPosts,BS_L_en_02,0,SUCCESS,200,58,0,591,
2026-10-07T19:00:10Z,mastodon,tag_timeline,MA_hydroponik,0,SUCCESS,200,28,0,1267,
2026-10-07T19:00:10Z,lemmy,search,LE_click and grow,9,SUCCESS,200,0,0,939,
2026-10-07T19:00:10Z,mastodon,tag_timeline,MA_hidroponik,0,SUCCESS,200,0,0,250,
2026-10-07T19:00:10Z,hackernews,search,HN_kratky,2020-0,SUCCESS,200,0,0,679,
2026-10-07T19:00:10Z,bluesky,searchPosts,BS_L_en_03,0,SUCCESS,200,39,0,313,
2026-10-07T19:00:11Z,lemmy,search,LE_click and grow,10,SUCCESS,200,0,0,722,
2026-10-07T19:00:11Z,debug,,,,SUCCESS,200,0,0,3296,
2026-10-07T19:00:11Z,lemmy,search,LE_rockwool,1,SUCCESS,200,20,0,400,
2026-10-07T19:00:11Z,bluesky,searchPosts,BS_M_id_00,0,SUCCESS,200,0,0,263,
2026-10-07T19:00:12Z,mastodon,tag_timeline,MA_aerogarden,0,SUCCESS,200,40,0,735,
2026-10-07T19:00:12Z,hackernews,search,HN_kratky,2021-0,SUCCESS,200,0,0,1285,
2026-10-07T19:00:12Z,bluesky,searchPosts,BS_M_id_01,0,SUCCESS,200,0,0,271,
2026-10-07T19:00:12Z,mastodon,tag_timeline,MA_aerogarden,1,SUCCESS,200,40,0,664,
2026-10-07T19:00:13Z,lemmy,search,LE_rockwool,1,SUCCESS,200,0,0,850,
2026-10-07T19:00:13Z,hackernews,search,HN_kratky,2022-0,SUCCESS,200,1,0,1072,
2026-10-07T19:00:13Z,lemmy,search,LE_rockwool,2,SUCCESS,200,0,0,346,
2026-10-07T19:00:13Z,mastodon,tag_timeline,MA_aerogarden,2,SUCCESS,200,40,0,651,
2026-10-07T19:00:13Z,bluesky,searchPosts,BS_M_id_02,0,SUCCESS,200,2,0,274,
2026-10-07T19:00:14Z,hackernews,search,HN_kratky,2023-0,SUCCESS,200,0,0,858,
2026-10-07T19:00:14Z,mastodon,tag_timeline,MA_aerogarden,3,SUCCESS,200,10,0,409,
2026-10-07T19:00:15Z,bluesky,searchPosts,BS_M_en_00,0,SUCCESS,200,1,0,312,
2026-10-07T19:00:15Z,mastodon,tag_timeline,MA_kratky,0,SUCCESS,200,40,0,641,
2026-10-07T19:00:15Z,bluesky,searchPosts,BS_M_en_01,0,SUCCESS,200,2,0,290,
2026-10-07T19:00:16Z,lemmy,search,LE_nutrient solution,1,SUCCESS,200,50,0,1732,
2026-10-07T19:00:16Z,hackernews,search,HN_kratky,2024-0,SUCCESS,200,2,0,2884,
2026-10-07T19:00:16Z,mastodon,tag_timeline,MA_kratky,1,SUCCESS,200,40,0,645,
2026-10-07T19:00:17Z,bluesky,searchPosts,BS_M_en_02,0,SUCCESS,200,2,0,316,
2026-10-07T19:00:17Z,lemmy,search,LE_nutrient solution,2,SUCCESS,200,50,0,1248,
2026-10-07T19:00:18Z,mastodon,tag_timeline,MA_kratky,2,SUCCESS,200,40,0,1083,
2026-10-07T19:00:18Z,bluesky,searchPosts,BS_N_en_00,0,SUCCESS,200,99,0,825,
2026-10-07T19:00:18Z,lemmy,search,LE_nutrient solution,3,SUCCESS,200,36,0,1168,
2026-10-07T19:00:18Z,bluesky,searchPosts,BS_N_en_00,1,BLOCKED,403,0,0,257,<html><body><h1>403 Forbidden</h1> Request forbidden by administrative rules. </body></html>  
2026-10-07T19:00:19Z,mastodon,tag_timeline,MA_kratky,3,SUCCESS,200,40,0,613,
2026-10-07T19:00:19Z,lemmy,search,LE_nutrient solution,1,SUCCESS,200,0,0,1194,
2026-10-07T19:00:19Z,mastodon,tag_timeline,MA_kratky,4,SUCCESS,200,18,0,403,
2026-10-07T19:00:20Z,bluesky,searchPosts,BS_N_en_01,0,SUCCESS,200,97,0,875,
2026-10-07T19:00:20Z,lemmy,search,LE_nutrient solution,2,SUCCESS,200,0,0,900,
2026-10-07T19:00:20Z,bluesky,searchPosts,BS_N_en_01,1,BLOCKED,403,0,0,245,<html><body><h1>403 Forbidden</h1> Request forbidden by administrative rules. </body></html>  
2026-10-07T19:00:21Z,mastodon,tag_timeline,MA_indoorgardening,0,SUCCESS,200,40,0,757,
2026-10-07T19:00:21Z,lemmy,search,LE_nutrient solution,3,SUCCESS,200,0,0,923,
2026-10-07T19:00:22Z,bluesky,searchPosts,BS_N_en_02,0,SUCCESS,200,98,0,562,
2026-10-07T19:00:22Z,mastodon,tag_timeline,MA_indoorgardening,1,SUCCESS,200,40,0,968,
2026-10-07T19:00:22Z,lemmy,search,LE_grow tent lettuce,1,SUCCESS,200,19,0,666,
2026-10-07T19:00:22Z,bluesky,searchPosts,BS_N_en_02,1,BLOCKED,403,0,0,249,<html><body><h1>403 Forbidden</h1> Request forbidden by administrative rules. </body></html>  
2026-10-07T19:00:23Z,lemmy,search,LE_grow tent lettuce,1,SUCCESS,200,0,0,694,
2026-10-07T19:00:23Z,mastodon,tag_timeline,MA_indoorgardening,2,SUCCESS,200,40,0,1110,
2026-10-07T19:00:24Z,mastodon,tag_timeline,MA_indoorgardening,3,SUCCESS,200,40,0,676,
2026-10-07T19:00:24Z,reddit_arcticshift,posts_first,RD_FULL_Hydroponics,first,SUCCESS,200,1,0,3254,
2026-10-07T19:00:24Z,bluesky,searchPosts,BS_N_en_03,0,SUCCESS,200,98,0,822,
2026-10-07T19:00:24Z,hackernews,search,HN_kratky,2025-0,SUCCESS,200,0,0,7714,
2026-10-07T19:00:24Z,bluesky,searchPosts,BS_N_en_03,1,BLOCKED,403,0,0,251,<html><body><h1>403 Forbidden</h1> Request forbidden by administrative rules. </body></html>  
2026-10-07T19:00:25Z,mastodon,tag_timeline,MA_indoorgardening,4,SUCCESS,200,40,0,744,
2026-10-07T19:00:25Z,lemmy,search,LE_indoor garden,1,SUCCESS,200,50,0,2015,
2026-10-07T19:00:26Z,mastodon,tag_timeline,MA_indoorgardening,5,SUCCESS,200,40,0,733,
2026-10-07T19:00:26Z,bluesky,searchPosts,BS_N_en_04,0,SUCCESS,200,100,0,793,
2026-10-07T19:00:26Z,hackernews,search,HN_kratky,2026-0,SUCCESS,200,0,0,2140,
2026-10-07T19:00:26Z,bluesky,searchPosts,BS_N_en_04,1,BLOCKED,403,0,0,253,<html><body><h1>403 Forbidden</h1> Request forbidden by administrative rules. </body></html>  
2026-10-07T19:00:27Z,mastodon,tag_timeline,MA_indoorgardening,6,SUCCESS,200,40,0,520,
2026-10-07T19:00:27Z,lemmy,search,LE_indoor garden,2,SUCCESS,200,45,0,1453,
2026-10-07T19:00:28Z,mastodon,tag_timeline,MA_indoorgardening,7,SUCCESS,200,40,0,477,
2026-10-07T19:00:28Z,lemmy,search,LE_indoor garden,1,SUCCESS,200,0,0,817,
2026-10-07T19:00:28Z,bluesky,searchPosts,BS_N_en_05,0,SUCCESS,200,98,0,788,
2026-10-07T19:00:28Z,bluesky,searchPosts,BS_N_en_05,1,BLOCKED,403,0,0,248,<html><body><h1>403 Forbidden</h1> Request forbidden by administrative rules. </body></html>  
2026-10-07T19:00:29Z,lemmy,search,LE_indoor garden,2,SUCCESS,200,0,0,647,
2026-10-07T19:00:29Z,hackernews,search,HN_click and grow,2007-0,SUCCESS,200,11,0,2278,
2026-10-07T19:00:29Z,mastodon,tag_timeline,MA_indoorgardening,8,SUCCESS,200,40,0,570,
2026-10-07T19:00:30Z,lemmy,search,LE_indoor garden,3,SUCCESS,200,0,0,667,
2026-10-07T19:00:30Z,bluesky,getPostThread,BS_I_en_00,at://did:plc:3s5wtzqrvrsvbxl6afiko2yw/app.bsky.feed.post/3lsrhzmwqo22e,SUCCESS,200,1,0,637,
2026-10-07T19:00:30Z,mastodon,tag_timeline,MA_indoorgardening,9,SUCCESS,200,40,0,981,
2026-10-07T19:00:30Z,hackernews,search,HN_click and grow,2008-0,SUCCESS,200,25,0,1629,
2026-10-07T19:00:31Z,bluesky,getPostThread,BS_N_en_01,at://did:plc:rsvffhpv7qppop53sfuch6ez/app.bsky.feed.post/3mwx5xcxqmk2l,SUCCESS,200,1,0,515,
2026-10-07T19:00:31Z,mastodon,tag_timeline,MA_indoorgardening,10,SUCCESS,200,40,0,851,
2026-10-07T19:00:32Z,bluesky,getPostThread,BS_E_id_05,at://did:plc:t3zshqva4tdctnkokrc4nkqr/app.bsky.feed.post/3mtvxnjla5s2w,SUCCESS,200,1,0,422,
2026-10-07T19:00:32Z,mastodon,tag_timeline,MA_indoorgardening,11,SUCCESS,200,40,0,666,
2026-10-07T19:00:33Z,bluesky,getPostThread,BS_L_en_02,at://did:plc:57umqrzm5wgzlbd3uypazi7u/app.bsky.feed.post/3lbl56pwclc26,SUCCESS,200,1,0,278,
2026-10-07T19:00:33Z,hackernews,search,HN_click and grow,2009-0,SUCCESS,200,40,0,2501,
2026-10-07T19:00:33Z,mastodon,tag_timeline,MA_indoorgardening,12,SUCCESS,200,40,0,656,
2026-10-07T19:00:33Z,lemmy,search,LE_hydroponic,1,SUCCESS,200,50,0,3516,
2026-10-07T19:00:34Z,bluesky,getPostThread,BS_N_en_02,at://did:plc:53pxyzwrw4zx5ft67czyyjyy/app.bsky.feed.post/3mxajvyg5v42h,SUCCESS,200,1,0,302,
2026-10-07T19:00:34Z,mastodon,tag_timeline,MA_indoorgardening,13,SUCCESS,200,34,0,526,
2026-10-07T19:00:34Z,lemmy,search,LE_hydroponic,2,SUCCESS,200,50,0,963,
2026-10-07T19:00:35Z,bluesky,getPostThread,BS_N_en_02,at://did:plc:7kbrpoxrxa6cgegxrhdgihhp/app.bsky.feed.post/3mvlmhwqx2s2b,SUCCESS,200,1,0,276,
2026-10-07T19:00:35Z,hackernews,search,HN_click and grow,2010-0,SUCCESS,200,74,0,2225,
2026-10-07T19:00:35Z,lemmy,search,LE_hydroponic,3,SUCCESS,200,50,0,921,
2026-10-07T19:00:35Z,mastodon,tag_timeline,MA_hydroponics,0,SUCCESS,200,40,0,1271,
2026-10-07T19:00:36Z,bluesky,getPostThread,BS_N_en_00,at://did:plc:irb6w5thw5c6ivhb5efp7hrv/app.bsky.feed.post/3mvqnva7lec2o,SUCCESS,200,1,0,300,
2026-10-07T19:00:36Z,lemmy,search,LE_hydroponic,4,SUCCESS,200,50,0,802,
2026-10-07T19:00:36Z,mastodon,tag_timeline,MA_hydroponics,1,SUCCESS,200,40,0,974,
2026-10-07T19:00:37Z,bluesky,getPostThread,BS_D_en_03,at://did:plc:322zwh2ursu5imkdurhvx3ca/app.bsky.feed.post/3ljzlo3urhs26,SUCCESS,200,1,0,345,
2026-10-07T19:00:37Z,hackernews,search,HN_click and grow,2011-0,SUCCESS,200,121,0,1945,
2026-10-07T19:00:37Z,mastodon,tag_timeline,MA_hydroponics,2,SUCCESS,200,40,0,659,
2026-10-07T19:00:37Z,lemmy,search,LE_hydroponic,5,SUCCESS,200,6,0,739,
2026-10-07T19:00:38Z,bluesky,getPostThread,BS_N_en_05,at://did:plc:ftbhzfzobddpue7mrhngmnxd/app.bsky.feed.post/3mw3zffoou2oq,SUCCESS,200,1,0,269,
2026-10-07T19:00:38Z,hackernews,search,HN_click and grow,2012-0,SUCCESS,200,125,0,1138,
2026-10-07T19:00:38Z,mastodon,tag_timeline,MA_hydroponics,3,SUCCESS,200,40,0,732,
2026-10-07T19:00:38Z,lemmy,search,LE_hydroponic,1,SUCCESS,200,0,0,977,
2026-10-07T19:00:39Z,bluesky,getPostThread,BS_B_en_03,at://did:plc:2kw4m5kbk4ctlhns766sgmbn/app.bsky.feed.post/3mgj3pgsg3c2y,SUCCESS,200,1,0,275,
2026-10-07T19:00:39Z,lemmy,search,LE_hydroponic,2,SUCCESS,200,0,0,486,
2026-10-07T19:00:39Z,mastodon,tag_timeline,MA_hydroponics,4,SUCCESS,200,40,0,640,
2026-10-07T19:00:40Z,bluesky,getPostThread,BS_D_en_03,at://did:plc:w3duaujhxpbew7u4vlk5u3pf/app.bsky.feed.post/3lszqwaix4c24,SUCCESS,200,1,0,270,
2026-10-07T19:00:40Z,lemmy,search,LE_hydroponic,3,SUCCESS,200,0,0,810,
2026-10-07T19:00:40Z,mastodon,tag_timeline,MA_hydroponics,5,SUCCESS,200,40,0,988,
2026-10-07T19:00:41Z,bluesky,getPostThread,BS_N_en_04,at://did:plc:v6endn3ciz75c4n6uavtbn25/app.bsky.feed.post/3msxz57y3e22y,SUCCESS,200,1,0,289,
2026-10-07T19:00:41Z,mastodon,tag_timeline,MA_hydroponics,6,SUCCESS,200,40,0,634,
2026-10-07T19:00:41Z,lemmy,search,LE_hydroponic,4,SUCCESS,200,0,0,750,
2026-10-07T19:00:42Z,bluesky,getPostThread,BS_H_en_00,at://did:plc:53e7awtdposceiors3ltjrlv/app.bsky.feed.post/3mu75tua6hk2n,SUCCESS,200,1,0,270,
2026-10-07T19:00:42Z,hackernews,search,HN_click and grow,2013-0,SUCCESS,200,148,0,3428,
2026-10-07T19:00:42Z,lemmy,search,LE_hydroponic,5,SUCCESS,200,0,0,426,
2026-10-07T19:00:42Z,mastodon,tag_timeline,MA_hydroponics,7,SUCCESS,200,40,0,665,
2026-10-07T19:00:43Z,bluesky,getPostThread,BS_E_id_05,at://did:plc:3ciofzdn6kxemhbroojhkndi/app.bsky.feed.post/3mvzjmxl26k2r,SUCCESS,200,1,0,280,
2026-10-07T19:00:43Z,mastodon,tag_timeline,MA_hydroponics,8,SUCCESS,200,40,0,613,
2026-10-07T19:00:43Z,hackernews,search,HN_click and grow,2014-0,SUCCESS,200,163,0,1469,
2026-10-07T19:00:43Z,lemmy,search,LE_hydroponic,6,SUCCESS,200,0,0,775,
2026-10-07T19:00:44Z,bluesky,getPostThread,BS_I_en_01,at://did:plc:ywiplzemix5mdvuthtweoyqn/app.bsky.feed.post/3mvkrh4rexc2k,SUCCESS,200,1,0,299,
2026-10-07T19:00:44Z,mastodon,tag_timeline,MA_hydroponics,9,SUCCESS,200,40,0,575,
2026-10-07T19:00:44Z,lemmy,search,LE_hydroponic,7,SUCCESS,200,0,0,758,
2026-10-07T19:00:45Z,bluesky,getPostThread,BS_A_en_01,at://did:plc:xblas352qn47trshdhfs7jpg/app.bsky.feed.post/3mrx4mwvp4s2m,SUCCESS,200,1,0,279,
2026-10-07T19:00:45Z,mastodon,tag_timeline,MA_hydroponics,10,SUCCESS,200,40,0,579,
2026-10-07T19:00:45Z,lemmy,search,LE_hydroponic,8,SUCCESS,200,0,0,740,
2026-10-07T19:00:46Z,bluesky,getPostThread,BS_B_en_02,at://did:plc:wmaslshjsrnxxahydqpnhs7w/app.bsky.feed.post/3mimayspsj22k,SUCCESS,200,1,0,263,
2026-10-07T19:00:46Z,lemmy,search,LE_hydroponic,9,SUCCESS,200,0,0,541,
2026-10-07T19:00:46Z,hackernews,search,HN_click and grow,2015-0,SUCCESS,200,160,0,3136,
2026-10-07T19:00:46Z,mastodon,tag_timeline,MA_hydroponics,11,SUCCESS,200,40,0,976,
2026-10-07T19:00:47Z,bluesky,getPostThread,BS_A_en_02,at://did:plc:ssndygopclkwgn2wqgoxbpyk/app.bsky.feed.post/3mvlpm6dilk2i,SUCCESS,200,1,0,299,
2026-10-07T19:00:47Z,mastodon,tag_timeline,MA_hydroponics,12,SUCCESS,200,40,0,582,
2026-10-07T19:00:47Z,lemmy,search,LE_hydroponic,10,SUCCESS,200,0,0,925,
2026-10-07T19:00:48Z,bluesky,getPostThread,BS_B_en_00,at://did:plc:ezlc3zcnelkouur6wmuhbkv5/app.bsky.feed.post/3lcnj2sm7wc2o,SUCCESS,200,1,0,280,
2026-10-07T19:00:48Z,mastodon,tag_timeline,MA_hydroponics,13,SUCCESS,200,40,0,607,
2026-10-07T19:00:48Z,hackernews,search,HN_click and grow,2016-0,SUCCESS,200,137,0,1779,
2026-10-07T19:00:49Z,bluesky,getPostThread,BS_L_en_00,at://did:plc:dyhnuf7rmgv2w55pg3qwavev/app.bsky.feed.post/3lepqkh6a2224,SUCCESS,200,1,0,334,
2026-10-07T19:00:49Z,lemmy,search,LE_hydroponic,11,SUCCESS,200,0,0,1239,
2026-10-07T19:00:49Z,mastodon,tag_timeline,MA_hydroponics,14,SUCCESS,200,40,0,678,
2026-10-07T19:00:50Z,bluesky,getPostThread,BS_N_en_02,at://did:plc:53pxyzwrw4zx5ft67czyyjyy/app.bsky.feed.post/3mw4zd7rohd2a,SUCCESS,200,1,0,277,
2026-10-07T19:00:50Z,lemmy,search,LE_hydroponic,12,SUCCESS,200,0,0,1031,
2026-10-07T19:00:50Z,hackernews,search,HN_click and grow,2017-0,SUCCESS,200,174,0,1622,
2026-10-07T19:00:50Z,mastodon,tag_timeline,MA_hydroponics,15,SUCCESS,200,40,0,529,
2026-10-07T19:00:51Z,bluesky,getPostThread,BS_J_en_00,at://did:plc:53e7awtdposceiors3ltjrlv/app.bsky.feed.post/3mulmpbbmb22z,SUCCESS,200,1,0,270,
2026-10-07T19:00:51Z,mastodon,tag_timeline,MA_hydroponics,16,SUCCESS,200,40,0,578,
2026-10-07T19:00:51Z,hackernews,search,HN_click and grow,2018-0,SUCCESS,200,179,0,1299,
2026-10-07T19:00:51Z,lemmy,search,LE_hydroponic,13,SUCCESS,200,0,0,1493,
2026-10-07T19:00:52Z,bluesky,getPostThread,BS_A_en_00,at://did:plc:3y7v2px7q6pqbu77fgngtq7m/app.bsky.feed.post/3mwo6g2udoc2q,SUCCESS,200,1,0,274,
2026-10-07T19:00:52Z,mastodon,tag_timeline,MA_hydroponics,17,SUCCESS,200,40,0,632,
2026-10-07T19:00:53Z,bluesky,getPostThread,BS_D_en_04,at://did:plc:zxeurowtodsq6crs2yfqa47r/app.bsky.feed.post/3mlec4b63xk26,SUCCESS,200,1,0,284,
2026-10-07T19:00:53Z,lemmy,search,LE_hydroponic,14,SUCCESS,200,0,0,1687,
2026-10-07T19:00:53Z,mastodon,tag_timeline,MA_hydroponics,18,SUCCESS,200,40,0,586,
2026-10-07T19:00:54Z,bluesky,getPostThread,BS_N_en_00,at://did:plc:tpg3qzw3niphci6ne5wdprfr/app.bsky.feed.post/3mstp2nl3bs2c,SUCCESS,200,1,0,303,
2026-10-07T19:00:54Z,lemmy,search,LE_hydroponic,15,SUCCESS,200,0,0,902,
2026-10-07T19:00:54Z,hackernews,search,HN_click and grow,2019-0,SUCCESS,200,200,0,2806,
2026-10-07T19:00:54Z,mastodon,tag_timeline,MA_hydroponics,19,SUCCESS,200,40,0,574,
2026-10-07T19:00:55Z,hackernews,search,HN_click and grow,2019-1,SUCCESS,200,0,0,507,
2026-10-07T19:00:55Z,bluesky,getPostThread,BS_C_en_00,at://did:plc:rxjdsdxfbg2w4t743r6samd5/app.bsky.feed.post/3mkid3rjx7b2g,SUCCESS,200,1,0,269,
2026-10-07T19:00:55Z,mastodon,tag_timeline,MA_hydroponic,0,SUCCESS,200,40,0,652,
2026-10-07T19:00:56Z,bluesky,getPostThread,BS_G_en_00,at://did:plc:rxjdsdxfbg2w4t743r6samd5/app.bsky.feed.post/3m47mphwnrx2a,SUCCESS,200,1,0,289,
2026-10-07T19:00:56Z,hackernews,search,HN_click and grow,2020-0,SUCCESS,200,67,0,1130,
2026-10-07T19:00:56Z,mastodon,tag_timeline,MA_hydroponic,1,SUCCESS,200,40,0,562,
2026-10-07T19:00:57Z,bluesky,getPostThread,BS_A_en_00,at://did:plc:rdwoizey4rgr5p67zfdiqhx2/app.bsky.feed.post/3mwlgrseaxk2n,SUCCESS,200,1,0,275,
2026-10-07T19:00:57Z,hackernews,search,HN_click and grow,2021-0,SUCCESS,200,200,0,1157,
2026-10-07T19:00:57Z,mastodon,tag_timeline,MA_hydroponic,2,SUCCESS,200,40,0,601,
2026-10-07T19:00:58Z,bluesky,getPostThread,BS_E_id_05,at://did:plc:qxxepulgm2w74wj4c2tcr6np/app.bsky.feed.post/3muzey4fcts2d,SUCCESS,200,1,0,272,
2026-10-07T19:00:58Z,hackernews,search,HN_click and grow,2021-1,SUCCESS,200,51,0,1042,
2026-10-07T19:00:58Z,mastodon,tag_timeline,MA_hydroponic,3,SUCCESS,200,40,0,574,
2026-10-07T19:00:59Z,bluesky,getPostThread,BS_H_en_03,at://did:plc:pnpfcceio32k6j3hdbytdnjv/app.bsky.feed.post/3mopltxdqvu24,SUCCESS,200,1,0,289,
2026-10-07T19:00:59Z,lemmy,search,LE_hydroponics,1,SUCCESS,200,50,0,4714,
2026-10-07T19:00:59Z,mastodon,tag_timeline,MA_hydroponic,4,SUCCESS,200,40,0,586,
2026-10-07T19:01:00Z,bluesky,getPostThread,BS_C_en_00,at://did:plc:pj3ofdxridfy32gziupipfgp/app.bsky.feed.post/3mvdkgkcbbk2h,SUCCESS,200,1,0,281,
2026-10-07T19:01:00Z,hackernews,search,HN_click and grow,2022-0,SUCCESS,200,200,0,1901,
2026-10-07T19:01:00Z,lemmy,search,LE_hydroponics,2,SUCCESS,200,50,0,1476,
2026-10-07T19:01:00Z,mastodon,tag_timeline,MA_hydroponic,5,SUCCESS,200,31,0,788,
2026-10-07T19:01:01Z,bluesky,getPostThread,BS_B_en_03,at://did:plc:n2ylkhqdzjykr3mwwdpmhcsd/app.bsky.feed.post/3mmivywfbec2z,SUCCESS,200,1,0,296,
2026-10-07T19:01:01Z,lemmy,search,LE_hydroponics,3,SUCCESS,200,0,0,597,
2026-10-07T19:01:01Z,mastodon,tag_timeline,MA_hydroponik,0,SUCCESS,200,40,0,778,
2026-10-07T19:01:01Z,hackernews,search,HN_click and grow,2022-1,SUCCESS,200,90,0,1309,
2026-10-07T19:01:02Z,bluesky,getPostThread,BS_B_en_00,at://did:plc:m3tak4ivksxq6p47zsfichqh/app.bsky.feed.post/3lc6su7be3k2g,SUCCESS,200,1,0,277,
2026-10-07T19:01:02Z,mastodon,tag_timeline,MA_hydroponik,1,SUCCESS,200,0,0,323,
2026-10-07T19:01:02Z,reddit_arcticshift,posts_search,RD_FULL_Hydroponics,2009-02-01,SUCCESS,200,1,1,1369,
2026-10-07T19:01:03Z,lemmy,search,LE_hydroponics,1,SUCCESS,200,0,0,1545,
2026-10-07T19:01:03Z,mastodon,tag_timeline,MA_hidroponik,0,SUCCESS,200,5,0,367,
2026-10-07T19:01:03Z,bluesky,getPostThread,BS_A_en_02,at://did:plc:lapueehwikkodx2szs3r7gei/app.bsky.feed.post/3mvxdgwhduk2f,SUCCESS,200,1,0,560,
2026-10-07T19:01:04Z,hackernews,search,HN_click and grow,2023-0,SUCCESS,200,200,0,2321,
2026-10-07T19:01:04Z,lemmy,search,LE_hydroponics,2,SUCCESS,200,0,0,782,
2026-10-07T19:01:04Z,bluesky,getPostThread,BS_A_en_02,at://did:plc:lapueehwikkodx2szs3r7gei/app.bsky.feed.post/3mud3cuqekc2p,SUCCESS,200,1,0,279,
2026-10-07T19:01:04Z,mastodon,tag_timeline,MA_aerogarden,0,SUCCESS,200,40,0,606,
2026-10-07T19:01:05Z,bluesky,getPostThread,BS_A_en_00,at://did:plc:irtuz5ga77wkpe3j4c5zjufi/app.bsky.feed.post/3mwbnfnqen22e,SUCCESS,200,1,0,272,
2026-10-07T19:01:05Z,lemmy,search,LE_hydroponics,3,SUCCESS,200,0,0,927,
2026-10-07T19:01:05Z,mastodon,tag_timeline,MA_aerogarden,1,SUCCESS,200,40,0,485,
2026-10-07T19:01:06Z,lemmy,search,LE_hydroponics,4,SUCCESS,200,0,0,760,
2026-10-07T19:01:06Z,bluesky,getPostThread,BS_L_en_02,at://did:plc:ihyqnbwecox3yxu52vay6kov/app.bsky.feed.post/3lfdvgz2xgk2i,SUCCESS,200,1,0,278,
2026-10-07T19:01:06Z,hackernews,search,HN_click and grow,2023-1,SUCCESS,200,65,0,2168,
2026-10-07T19:01:06Z,mastodon,tag_timeline,MA_aerogarden,2,SUCCESS,200,40,0,594,
2026-10-07T19:01:07Z,lemmy,search,LE_hydroponics,5,SUCCESS,200,0,0,737,
2026-10-07T19:01:07Z,bluesky,getPostThread,BS_L_en_03,at://did:plc:i3eskvdqbdx2z46kqiu5of6n/app.bsky.feed.post/3lgvunsu7hs26,SUCCESS,200,1,0,301,
2026-10-07T19:01:07Z,mastodon,tag_timeline,MA_aerogarden,3,SUCCESS,200,21,0,437,
2026-10-07T19:01:08Z,bluesky,getPostThread,BS_H_en_02,at://did:plc:hxpkf2ff66wkjset3g3qj74y/app.bsky.feed.post/3m77433ryo22h,SUCCESS,200,1,0,273,
2026-10-07T19:01:08Z,hackernews,search,HN_click and grow,2024-0,SUCCESS,200,200,0,1894,
2026-10-07T19:01:08Z,mastodon,tag_timeline,MA_kratky,0,SUCCESS,200,40,0,555,
2026-10-07T19:01:09Z,bluesky,getPostThread,BS_I_en_04,at://did:plc:enu4rkotjajnm5pyg5jvvtrf/app.bsky.feed.post/3laqrjggkks2m,SUCCESS,200,1,0,301,
2026-10-07T19:01:09Z,lemmy,search,LE_hydroponics,6,SUCCESS,200,0,0,2144,
2026-10-07T19:01:09Z,mastodon,tag_timeline,MA_kratky,1,SUCCESS,200,40,0,502,
2026-10-07T19:01:10Z,bluesky,getPostThread,BS_B_en_03,at://did:plc:djxw7hbfkacid2ztw26jn6s5/app.bsky.feed.post/3mskkzmcmfk2y,SUCCESS,200,1,0,276,
2026-10-07T19:01:10Z,mastodon,tag_timeline,MA_kratky,2,SUCCESS,200,40,0,506,
2026-10-07T19:01:10Z,hackernews,search,HN_click and grow,2024-1,SUCCESS,200,12,0,2642,
2026-10-07T19:01:11Z,bluesky,getPostThread,BS_E_id_05,at://did:plc:56bctgu46pthtomqspeujmvj/app.bsky.feed.post/3msnpaz2koc22,SUCCESS,200,1,0,301,
2026-10-07T19:01:11Z,mastodon,tag_timeline,MA_kratky,3,SUCCESS,200,40,0,638,
2026-10-07T19:01:12Z,lemmy,search,LE_hydroponics,7,SUCCESS,200,0,0,2499,
2026-10-07T19:01:12Z,hackernews,search,HN_click and grow,2025-0,SUCCESS,200,200,0,1109,
2026-10-07T19:01:12Z,bluesky,getPostThread,BS_F_en_01,at://did:plc:42nqfcif2mrjob6eu7dqllh3/app.bsky.feed.post/3kmadqrm4uy2v,SUCCESS,200,1,0,284,
2026-10-07T19:01:12Z,mastodon,tag_timeline,MA_kratky,4,SUCCESS,200,1,0,269,
2026-10-07T19:01:13Z,hackernews,search,HN_click and grow,2025-1,SUCCESS,200,37,0,968,
2026-10-07T19:01:13Z,bluesky,getPostThread,BS_L_en_03,at://did:plc:2pwkt2ggf7cduvn33jqocmfz/app.bsky.feed.post/3lo3hysphgs2j,SUCCESS,200,1,0,273,
2026-10-07T19:01:13Z,mastodon,tag_timeline,MA_indoorgardening,0,SUCCESS,200,40,0,665,
2026-10-07T19:01:14Z,bluesky,getPostThread,BS_B_en_02,at://did:plc:zftffti3hfudvdawqv53arqn/app.bsky.feed.post/3mucygcrfuc22,SUCCESS,200,1,0,280,
2026-10-07T19:01:14Z,hackernews,search,HN_click and grow,2026-0,SUCCESS,200,183,0,1529,
2026-10-07T19:01:14Z,mastodon,tag_timeline,MA_indoorgardening,1,SUCCESS,200,40,0,753,
2026-10-07T19:01:15Z,bluesky,getPostThread,BS_M_en_01,at://did:plc:z4rfk63vwmi4qka66p2vfgnt/app.bsky.feed.post/3ljbqeofjbk2v,SUCCESS,200,1,0,274,
2026-10-07T19:01:15Z,hackernews,search,HN_click and grow,2007-0,SUCCESS,200,2,0,579,
2026-10-07T19:01:15Z,hackernews,search,HN_click and grow,2008-0,SUCCESS,200,5,0,509,
2026-10-07T19:01:15Z,mastodon,tag_timeline,MA_indoorgardening,2,SUCCESS,200,40,0,812,
2026-10-07T19:01:16Z,lemmy,search,LE_hydroponics,8,SUCCESS,200,0,0,4158,
2026-10-07T19:01:16Z,bluesky,getPostThread,BS_H_en_00,at://did:plc:z2gn6i6xo6agbb3vy4qrnixs/app.bsky.feed.post/3likrwvicxc2i,SUCCESS,200,1,0,278,
2026-10-07T19:01:16Z,mastodon,tag_timeline,MA_indoorgardening,3,SUCCESS,200,40,0,584,
2026-10-07T19:01:16Z,hackernews,search,HN_click and grow,2009-0,SUCCESS,200,5,0,914,
2026-10-07T19:01:17Z,bluesky,getPostThread,BS_N_en_04,at://did:plc:yha3vu6zvte23vo6o36oraji/app.bsky.feed.post/3mtexdidgck23,SUCCESS,200,1,0,267,
2026-10-07T19:01:17Z,mastodon,tag_timeline,MA_indoorgardening,4,SUCCESS,200,40,0,639,
2026-10-07T19:01:18Z,lemmy,search,LE_hydroponics,9,SUCCESS,200,0,0,1858,
2026-10-07T19:01:18Z,bluesky,getPostThread,BS_B_id_01,at://did:plc:yaaakos4owedh2hddehon7za/app.bsky.feed.post/3kx7wdmvblv2v,SUCCESS,200,1,0,290,
2026-10-07T19:01:18Z,hackernews,search,HN_click and grow,2010-0,SUCCESS,200,5,0,2052,
2026-10-07T19:01:18Z,mastodon,tag_timeline,MA_indoorgardening,5,SUCCESS,200,40,0,748,
2026-10-07T19:01:19Z,bluesky,getPostThread,BS_A_en_01,at://did:plc:y4jdbzsonqrryyp44forgofg/app.bsky.feed.post/3mrev64c7x62n,SUCCESS,200,1,0,263,
2026-10-07T19:01:19Z,hackernews,search,HN_click and grow,2011-0,SUCCESS,200,4,0,531,
2026-10-07T19:01:19Z,mastodon,tag_timeline,MA_indoorgardening,6,SUCCESS,200,40,0,607,
2026-10-07T19:01:20Z,hackernews,search,HN_click and grow,2012-0,SUCCESS,200,8,0,925,
2026-10-07T19:01:20Z,bluesky,getPostThread,BS_G_en_00,at://did:plc:y4jdbzsonqrryyp44forgofg/app.bsky.feed.post/3mmvkl5kgvu2g,SUCCESS,200,1,0,268,
2026-10-07T19:01:20Z,mastodon,tag_timeline,MA_indoorgardening,7,SUCCESS,200,40,0,655,
2026-10-07T19:01:20Z,lemmy,search,LE_hydroponics,10,SUCCESS,200,0,0,2801,
2026-10-07T19:01:21Z,bluesky,getPostThread,BS_N_en_03,at://did:plc:xvjmo4yyprk5e2nnzkda2jg3/app.bsky.feed.post/3mn6uxbzg5c24,SUCCESS,200,1,0,276,
2026-10-07T19:01:21Z,lemmy,search,LE_hidroponik,1,SUCCESS,200,0,0,465,
2026-10-07T19:01:21Z,mastodon,tag_timeline,MA_indoorgardening,8,SUCCESS,200,40,0,642,
2026-10-07T19:01:22Z,bluesky,getPostThread,BS_D_en_02,at://did:plc:wkgxzxhc766x7gfqfqa25shz/app.bsky.feed.post/3lh2vph2izc2o,SUCCESS,200,1,0,265,
2026-10-07T19:01:22Z,mastodon,tag_timeline,MA_indoorgardening,9,SUCCESS,200,40,0,575,
2026-10-07T19:01:22Z,hackernews,search,HN_click and grow,2013-0,SUCCESS,200,9,0,2735,
2026-10-07T19:01:23Z,lemmy,search,LE_hidroponik,1,SUCCESS,200,0,0,1301,
2026-10-07T19:01:23Z,bluesky,getPostThread,BS_B_en_02,at://did:plc:vtr4itvlizrusbyn72tuxieu/app.bsky.feed.post/3muxwftfdos2q,SUCCESS,200,1,0,331,
2026-10-07T19:01:23Z,hackernews,search,HN_click and grow,2014-0,SUCCESS,200,10,0,632,
2026-10-07T19:01:23Z,mastodon,tag_timeline,MA_indoorgardening,10,SUCCESS,200,40,0,680,
2026-10-07T19:01:24Z,bluesky,getPostThread,BS_H_en_03,at://did:plc:v5wpcozcjl3khsby4mpvtirf/app.bsky.feed.post/3moplg4z6m72e,SUCCESS,200,1,0,271,
2026-10-07T19:01:24Z,hackernews,search,HN_click and grow,2015-0,SUCCESS,200,13,0,948,
2026-10-07T19:01:24Z,mastodon,tag_timeline,MA_indoorgardening,11,SUCCESS,200,40,0,738,
2026-10-07T19:01:25Z,lemmy,search,LE_kratky,1,SUCCESS,200,46,0,1835,
2026-10-07T19:01:25Z,bluesky,getPostThread,BS_G_en_00,at://did:plc:tfyofvlso2owtzp46rmjgnlf/app.bsky.feed.post/3mouoa655lk2o,SUCCESS,200,1,0,266,
2026-10-07T19:01:25Z,hackernews,search,HN_click and grow,2016-0,SUCCESS,200,9,0,903,
2026-10-07T19:01:25Z,mastodon,tag_timeline,MA_indoorgardening,12,SUCCESS,200,40,0,722,
2026-10-07T19:01:26Z,bluesky,getPostThread,BS_F_en_02,at://did:plc:siessfo5zfyfwqzwnn7pvdqa/app.bsky.feed.post/3mqrstc6n6s2y,SUCCESS,200,1,0,272,
2026-10-07T19:01:26Z,hackernews,search,HN_click and grow,2017-0,SUCCESS,200,7,0,815,
2026-10-07T19:01:26Z,mastodon,tag_timeline,MA_indoorgardening,13,SUCCESS,200,40,0,630,
2026-10-07T19:01:26Z,hackernews,search,HN_click and grow,2018-0,SUCCESS,200,6,0,681,
2026-10-07T19:01:27Z,bluesky,getPostThread,BS_I_en_03,at://did:plc:sa2sh4pnqifihwdhjyydeukf/app.bsky.feed.post/3jzgwpbud4d2s,SUCCESS,200,1,0,285,
2026-10-07T19:01:27Z,lemmy,search,LE_kratky,1,SUCCESS,200,0,0,2314,
2026-10-07T19:01:27Z,mastodon,tag_timeline,MA_indoorgardening,14,SUCCESS,200,40,0,668,
2026-10-07T19:01:27Z,lemmy,search,LE_kratky,2,SUCCESS,200,0,0,439,
2026-10-07T19:01:28Z,bluesky,getPostThread,BS_B_en_02,at://did:plc:s2talnfymgrvecmjrb3xtnlc/app.bsky.feed.post/3mha36cbp422e,SUCCESS,200,1,0,272,
2026-10-07T19:01:28Z,mastodon,tag_timeline,MA_indoorgardening,15,SUCCESS,200,28,0,551,
2026-10-07T19:01:29Z,lemmy,search,LE_aerogarden,1,SUCCESS,200,6,0,687,
2026-10-07T19:01:29Z,bluesky,getPostThread,BS_B_en_02,at://did:plc:rcrygfr57rhiaaeet2snrwnc/app.bsky.feed.post/3mayejllxhs2i,SUCCESS,200,1,0,269,
2026-10-07T19:01:29Z,hackernews,search,HN_click and grow,2019-0,SUCCESS,200,4,0,2755,
2026-10-07T19:01:30Z,bluesky,getPostThread,BS_A_en_01,at://did:plc:ppitiajrrb7t64ouzjwoc5gf/app.bsky.feed.post/3mt2ansdgts2x,SUCCESS,200,1,0,270,
2026-10-07T19:01:30Z,mastodon,tag_timeline,MA_hydroponics,0,SUCCESS,200,40,0,1215,
2026-10-07T19:01:31Z,bluesky,getPostThread,BS_N_en_04,at://did:plc:p5ymlqmyuntvvdrvnstgfk4z/app.bsky.feed.post/3mu37rjtzas2p,SUCCESS,200,1,0,277,
2026-10-07T19:01:31Z,mastodon,tag_timeline,MA_hydroponics,1,SUCCESS,200,40,0,1071,
2026-10-07T19:01:31Z,hackernews,search,HN_click and grow,2020-0,SUCCESS,200,12,0,2009,
2026-10-07T19:01:31Z,lemmy,search,LE_aerogarden,1,SUCCESS,200,0,0,2530,
2026-10-07T19:01:32Z,bluesky,getPostThread,BS_B_en_00,at://did:plc:ond44nm5za536zvm3oumcj77/app.bsky.feed.post/3lgci3ejigc2r,SUCCESS,200,1,0,338,
2026-10-07T19:01:32Z,hackernews,search,HN_click and grow,2021-0,SUCCESS,200,15,0,610,
2026-10-07T19:01:32Z,mastodon,tag_timeline,MA_hydroponics,2,SUCCESS,200,40,0,933,
2026-10-07T19:01:33Z,bluesky,getPostThread,BS_E_en_03,at://did:plc:okqs3um7pl2q6aoxrbvofuq4/app.bsky.feed.post/3mrcd2wsu2c24,SUCCESS,200,1,0,272,
2026-10-07T19:01:33Z,mastodon,tag_timeline,MA_hydroponics,3,SUCCESS,200,40,0,916,
2026-10-07T19:01:34Z,mastodon,tag_timeline,MA_hydroponics,4,SUCCESS,200,40,0,805,
2026-10-07T19:01:34Z,bluesky,getPostThread,BS_L_en_01,at://did:plc:oad6oh7t4odigvrc67n2n7pz/app.bsky.feed.post/3kpfplgnzvg2j,SUCCESS,200,1,0,279,
2026-10-07T19:01:34Z,hackernews,search,HN_click and grow,2022-0,SUCCESS,200,28,0,2431,
2026-10-07T19:01:35Z,bluesky,getPostThread,BS_E_id_05,at://did:plc:nbfzbedbvqph7zgcnkz5c7ut/app.bsky.feed.post/3mvq3ixe34c25,SUCCESS,200,1,0,275,
2026-10-07T19:01:35Z,mastodon,tag_timeline,MA_hydroponics,5,SUCCESS,200,40,0,896,
2026-10-07T19:01:36Z,mastodon,tag_timeline,MA_hydroponics,6,SUCCESS,200,40,0,843,
2026-10-07T19:01:36Z,bluesky,getPostThread,BS_A_en_02,at://did:plc:n2ylkhqdzjykr3mwwdpmhcsd/app.bsky.feed.post/3muipbxpdps2e,SUCCESS,200,1,0,343,
2026-10-07T19:01:36Z,hackernews,search,HN_click and grow,2023-0,SUCCESS,200,26,0,2031,
2026-10-07T19:01:37Z,mastodon,tag_timeline,MA_hydroponics,7,SUCCESS,200,40,0,860,
2026-10-07T19:01:37Z,bluesky,getPostThread,BS_B_en_03,at://did:plc:mpsndmrg6vyjbnzfhxxf6pte/app.bsky.feed.post/3mnay73ag522f,SUCCESS,200,1,0,296,
2026-10-07T19:01:37Z,hackernews,search,HN_click and grow,2024-0,SUCCESS,200,28,0,614,
2026-10-07T19:01:38Z,hackernews,search,HN_click and grow,2025-0,SUCCESS,200,65,0,738,
2026-10-07T19:01:38Z,mastodon,tag_timeline,MA_hydroponics,8,SUCCESS,200,40,0,866,
2026-10-07T19:01:38Z,bluesky,getPostThread,BS_N_en_02,at://did:plc:lhphnifhzww5eenerz4ngssh/app.bsky.feed.post/3mw3x5yz5xs2g,SUCCESS,200,1,0,328,
2026-10-07T19:01:38Z,hackernews,search,HN_click and grow,2026-0,SUCCESS,200,57,0,684,
2026-10-07T19:01:39Z,mastodon,tag_timeline,MA_hydroponics,9,SUCCESS,200,40,0,857,
2026-10-07T19:01:39Z,bluesky,getPostThread,BS_A_en_02,at://did:plc:lapueehwikkodx2szs3r7gei/app.bsky.feed.post/3muho3gpozk2j,SUCCESS,200,1,0,268,
2026-10-07T19:01:39Z,hackernews,search,HN_aeroponic,2007-0,SUCCESS,200,0,0,554,
2026-10-07T19:01:40Z,mastodon,tag_timeline,MA_hydroponics,10,SUCCESS,200,40,0,803,
2026-10-07T19:01:40Z,bluesky,getPostThread,BS_N_en_05,at://did:plc:l66nx7h243ylzohktdgpblfr/app.bsky.feed.post/3mvva62qlks2y,SUCCESS,200,1,0,273,
2026-10-07T19:01:40Z,hackernews,search,HN_aeroponic,2008-0,SUCCESS,200,0,0,1075,
2026-10-07T19:01:41Z,hackernews,search,HN_aeroponic,2009-0,SUCCESS,200,1,0,506,
2026-10-07T19:01:41Z,bluesky,getPostThread,BS_E_en_00,at://did:plc:kyrhoayjnoib7qcazbimkgc5/app.bsky.feed.post/3luehtu3lqc2z,SUCCESS,200,1,0,291,
2026-10-07T19:01:41Z,mastodon,tag_timeline,MA_hydroponics,11,SUCCESS,200,40,0,879,
2026-10-07T19:01:41Z,lemmy,search,LE_click and grow,1,SUCCESS,200,50,0,9365,
2026-10-07T19:01:41Z,hackernews,search,HN_aeroponic,2010-0,SUCCESS,200,0,0,630,
2026-10-07T19:01:42Z,hackernews,search,HN_aeroponic,2011-0,SUCCESS,200,1,0,497,
2026-10-07T19:01:42Z,bluesky,getPostThread,BS_A_en_00,at://did:plc:khbtnhyksuqw6qqqdmxcqzfe/app.bsky.feed.post/3mwpj4os2s22w,SUCCESS,200,1,0,279,
2026-10-07T19:01:42Z,mastodon,tag_timeline,MA_hydroponics,12,SUCCESS,200,40,0,927,
2026-10-07T19:01:43Z,bluesky,getPostThread,BS_E_en_03,at://did:plc:khbtnhyksuqw6qqqdmxcqzfe/app.bsky.feed.post/3mt53lyaems2w,SUCCESS,200,1,0,301,
2026-10-07T19:01:43Z,mastodon,tag_timeline,MA_hydroponics,13,SUCCESS,200,40,0,1114,
2026-10-07T19:01:43Z,hackernews,search,HN_aeroponic,2012-0,SUCCESS,200,1,0,1391,
2026-10-07T19:01:44Z,hackernews,search,HN_aeroponic,2013-0,SUCCESS,200,3,0,463,
2026-10-07T19:01:44Z,bluesky,getPostThread,BS_B_en_03,at://did:plc:khbtnhyksuqw6qqqdmxcqzfe/app.bsky.feed.post/3mris3uyops2t,SUCCESS,200,1,0,301,
2026-10-07T19:01:44Z,mastodon,tag_timeline,MA_hydroponics,14,SUCCESS,200,40,0,843,
2026-10-07T19:01:44Z,hackernews,search,HN_aeroponic,2014-0,SUCCESS,200,5,0,608,
2026-10-07T19:01:45Z,bluesky,getPostThread,BS_L_en_01,at://did:plc:kgjxq6k3xrmk3v7yikbomlja/app.bsky.feed.post/3llgkvnjtqc2m,SUCCESS,200,1,0,273,
2026-10-07T19:01:45Z,hackernews,search,HN_aeroponic,2015-0,SUCCESS,200,10,0,586,
2026-10-07T19:01:45Z,mastodon,tag_timeline,MA_hydroponics,15,SUCCESS,200,40,0,975,
2026-10-07T19:01:46Z,bluesky,getPostThread,BS_A_en_01,at://did:plc:kfwwoiuw2mc7gfgy55hpk5ck/app.bsky.feed.post/3mus2ij6n7k2c,SUCCESS,200,1,0,289,
2026-10-07T19:01:46Z,mastodon,tag_timeline,MA_hydroponics,16,SUCCESS,200,40,0,880,
2026-10-07T19:01:46Z,hackernews,search,HN_aeroponic,2016-0,SUCCESS,200,10,0,1288,
2026-10-07T19:01:47Z,bluesky,getPostThread,BS_N_en_00,at://did:plc:k45jtzg5j6ch7bsf3vpucavt/app.bsky.feed.post/3ms7cnc4ct22s,SUCCESS,200,1,0,268,
2026-10-07T19:01:47Z,mastodon,tag_timeline,MA_hydroponics,17,SUCCESS,200,40,0,903,
2026-10-07T19:01:48Z,hackernews,search,HN_aeroponic,2017-0,SUCCESS,200,21,0,1463,
2026-10-07T19:01:48Z,bluesky,getPostThread,BS_L_en_01,at://did:plc:jm7tdjepc37awspemg2mjm36/app.bsky.feed.post/3kxr6ko4njl2x,SUCCESS,200,1,0,266,
2026-10-07T19:01:48Z,mastodon,tag_timeline,MA_hydroponics,18,SUCCESS,200,40,0,921,
2026-10-07T19:01:48Z,hackernews,search,HN_aeroponic,2018-0,SUCCESS,200,12,0,506,
2026-10-07T19:01:48Z,lemmy,search,LE_click and grow,2,SUCCESS,200,50,0,7201,
2026-10-07T19:01:49Z,mastodon,tag_timeline,MA_hydroponics,19,SUCCESS,200,10,0,386,
2026-10-07T19:01:49Z,bluesky,getPostThread,BS_N_en_01,at://did:plc:infvbmlezckjliurdlssbjgw/app.bsky.feed.post/3mwxmi42qhs2q,SUCCESS,200,1,0,275,
2026-10-07T19:01:49Z,hackernews,search,HN_aeroponic,2019-0,SUCCESS,200,22,0,1259,
2026-10-07T19:01:50Z,bluesky,getPostThread,BS_H_en_03,at://did:plc:iimd7g74rssohysfgvdvgkmn/app.bsky.feed.post/3mksckutg7s2s,SUCCESS,200,1,0,279,
2026-10-07T19:01:50Z,mastodon,tag_timeline,MA_hydroponic,0,SUCCESS,200,40,0,823,
2026-10-07T19:01:50Z,hackernews,search,HN_aeroponic,2020-0,SUCCESS,200,23,0,1088,
2026-10-07T19:01:51Z,bluesky,getPostThread,BS_D_en_00,at://did:plc:ebwtgwwzykhnocetipyjurb4/app.bsky.feed.post/3m4thfrvroc2n,SUCCESS,200,1,0,415,
2026-10-07T19:01:51Z,hackernews,search,HN_aeroponic,2021-0,SUCCESS,200,16,0,564,
2026-10-07T19:01:51Z,mastodon,tag_timeline,MA_hydroponic,1,SUCCESS,200,40,0,897,
2026-10-07T19:01:52Z,hackernews,search,HN_aeroponic,2022-0,SUCCESS,200,23,0,600,
2026-10-07T19:01:52Z,bluesky,getPostThread,BS_E_en_00,at://did:plc:djxw7hbfkacid2ztw26jn6s5/app.bsky.feed.post/3mkmjhjj75c2t,SUCCESS,200,1,0,263,
2026-10-07T19:01:52Z,mastodon,tag_timeline,MA_hydroponic,2,SUCCESS,200,40,0,809,
2026-10-07T19:01:52Z,hackernews,search,HN_aeroponic,2023-0,SUCCESS,200,10,0,506,
2026-10-07T19:01:53Z,hackernews,search,HN_aeroponic,2024-0,SUCCESS,200,14,0,517,
2026-10-07T19:01:53Z,bluesky,getPostThread,BS_F_en_03,at://did:plc:bzgtfbjhuzw3s3lyrbctc4uq/app.bsky.feed.post/3mu56bzq6xs2r,SUCCESS,200,1,0,330,
2026-10-07T19:01:53Z,mastodon,tag_timeline,MA_hydroponic,3,SUCCESS,200,40,0,793,
2026-10-07T19:01:53Z,hackernews,search,HN_aeroponic,2025-0,SUCCESS,200,4,0,448,
2026-10-07T19:01:54Z,hackernews,search,HN_aeroponic,2026-0,SUCCESS,200,7,0,425,
2026-10-07T19:01:54Z,bluesky,getPostThread,BS_N_en_01,at://did:plc:blyvbqn3k2ovzd4wxsr64pxz/app.bsky.feed.post/3mwswctzjrc2t,SUCCESS,200,1,0,273,
2026-10-07T19:01:54Z,mastodon,tag_timeline,MA_hydroponic,4,SUCCESS,200,40,0,942,
2026-10-07T19:01:54Z,hackernews,search,HN_aeroponic,2007-0,SUCCESS,200,0,0,519,
2026-10-07T19:01:54Z,mastodon,tag_timeline,MA_hydroponic,5,SUCCESS,200,0,0,339,
2026-10-07T19:01:55Z,hackernews,search,HN_aeroponic,2008-0,SUCCESS,200,0,0,442,
2026-10-07T19:01:55Z,bluesky,getPostThread,BS_E_id_05,at://did:plc:7nvkfebe5hylsw5terenlkcl/app.bsky.feed.post/3mtm4csir6k2r,SUCCESS,200,1,0,273,
2026-10-07T19:01:55Z,hackernews,search,HN_aeroponic,2009-0,SUCCESS,200,0,0,535,
2026-10-07T19:01:56Z,hackernews,search,HN_aeroponic,2010-0,SUCCESS,200,0,0,443,
2026-10-07T19:01:56Z,bluesky,getPostThread,BS_H_en_00,at://did:plc:7fr4obm5vsj5wbkxiyosgeqx/app.bsky.feed.post/3ls2ympjzrk22,SUCCESS,200,1,0,272,
2026-10-07T19:01:56Z,mastodon,tag_timeline,MA_hydroponik,0,SUCCESS,200,28,0,734,
2026-10-07T19:01:56Z,lemmy,search,LE_click and grow,3,SUCCESS,200,50,0,8000,
2026-10-07T19:01:56Z,hackernews,search,HN_aeroponic,2011-0,SUCCESS,200,0,0,532,
2026-10-07T19:01:56Z,mastodon,tag_timeline,MA_hidroponik,0,SUCCESS,200,1,0,287,
2026-10-07T19:01:57Z,hackernews,search,HN_aeroponic,2012-0,SUCCESS,200,1,0,516,
2026-10-07T19:01:57Z,bluesky,getPostThread,BS_N_en_02,at://did:plc:7awbmj2o6l3sbq3hnowohh5d/app.bsky.feed.post/3mwubjfcow224,SUCCESS,200,1,0,285,
2026-10-07T19:01:57Z,hackernews,search,HN_aeroponic,2013-0,SUCCESS,200,1,0,436,
2026-10-07T19:01:58Z,hackernews,search,HN_aeroponic,2014-0,SUCCESS,200,2,0,427,
2026-10-07T19:01:58Z,bluesky,getPostThread,BS_B_en_03,at://did:plc:5ry7r5pakpvgu2mx7enswvht/app.bsky.feed.post/3mtqukqaotc2t,SUCCESS,200,1,0,272,
2026-10-07T19:01:58Z,mastodon,tag_timeline,MA_aerogarden,0,SUCCESS,200,40,0,814,
2026-10-07T19:01:58Z,hackernews,search,HN_aeroponic,2015-0,SUCCESS,200,1,0,673,
2026-10-07T19:01:59Z,bluesky,getPostThread,BS_B_en_03,at://did:plc:56pxwa2e4xh6vqepk7eyeopi/app.bsky.feed.post/3mlvpeday6c2v,SUCCESS,200,1,0,271,
2026-10-07T19:01:59Z,hackernews,search,HN_aeroponic,2016-0,SUCCESS,200,1,0,528,
2026-10-07T19:01:59Z,mastodon,tag_timeline,MA_aerogarden,1,SUCCESS,200,40,0,907,
2026-10-07T19:01:59Z,hackernews,search,HN_aeroponic,2017-0,SUCCESS,200,1,0,446,
2026-10-07T19:02:00Z,bluesky,getPostThread,BS_B_en_03,at://did:plc:36yqdyzmhc44atppjtttlpkh/app.bsky.feed.post/3mqnrufayjc2k,SUCCESS,200,1,0,274,
2026-10-07T19:02:00Z,mastodon,tag_timeline,MA_aerogarden,2,SUCCESS,200,40,0,770,
2026-10-07T19:02:00Z,hackernews,search,HN_aeroponic,2018-0,SUCCESS,200,1,0,492,
2026-10-07T19:02:00Z,mastodon,tag_timeline,MA_aerogarden,3,SUCCESS,200,2,0,280,
2026-10-07T19:02:01Z,hackernews,search,HN_aeroponic,2019-0,SUCCESS,200,0,0,663,
2026-10-07T19:02:01Z,hackernews,search,HN_aeroponic,2020-0,SUCCESS,200,2,0,476,
2026-10-07T19:02:02Z,lemmy,search,LE_click and grow,4,SUCCESS,200,50,0,5395,
2026-10-07T19:02:02Z,hackernews,search,HN_aeroponic,2021-0,SUCCESS,200,0,0,562,
2026-10-07T19:02:02Z,mastodon,tag_timeline,MA_kratky,0,SUCCESS,200,40,0,783,
2026-10-07T19:02:02Z,hackernews,search,HN_aeroponic,2022-0,SUCCESS,200,2,0,431,
2026-10-07T19:02:03Z,hackernews,search,HN_aeroponic,2023-0,SUCCESS,200,0,0,439,
2026-10-07T19:02:03Z,mastodon,tag_timeline,MA_kratky,1,SUCCESS,200,40,0,710,
2026-10-07T19:02:03Z,hackernews,search,HN_aeroponic,2024-0,SUCCESS,200,0,0,428,
2026-10-07T19:02:04Z,hackernews,search,HN_aeroponic,2025-0,SUCCESS,200,0,0,490,
2026-10-07T19:02:04Z,mastodon,tag_timeline,MA_kratky,2,SUCCESS,200,40,0,781,
2026-10-07T19:02:04Z,mastodon,tag_timeline,MA_kratky,3,SUCCESS,200,0,0,282,
2026-10-07T19:02:04Z,hackernews,search,HN_aeroponic,2026-0,SUCCESS,200,1,0,725,
2026-10-07T19:02:05Z,hackernews,search,HN_smart garden,2007-0,SUCCESS,200,2,0,629,
2026-10-07T19:02:06Z,hackernews,search,HN_smart garden,2008-0,SUCCESS,200,2,0,625,
2026-10-07T19:02:06Z,mastodon,tag_timeline,MA_indoorgardening,0,SUCCESS,200,40,0,1021,
2026-10-07T19:02:06Z,hackernews,search,HN_smart garden,2009-0,SUCCESS,200,12,0,646,
2026-10-07T19:02:07Z,hackernews,search,HN_smart garden,2010-0,SUCCESS,200,19,0,645,
2026-10-07T19:02:07Z,lemmy,search,LE_click and grow,5,SUCCESS,200,50,0,5399,
2026-10-07T19:02:07Z,mastodon,tag_timeline,MA_indoorgardening,1,SUCCESS,200,40,0,937,
2026-10-07T19:02:08Z,hackernews,search,HN_smart garden,2011-0,SUCCESS,200,25,0,656,
2026-10-07T19:02:08Z,mastodon,tag_timeline,MA_indoorgardening,2,SUCCESS,200,40,0,858,
2026-10-07T19:02:08Z,hackernews,search,HN_smart garden,2012-0,SUCCESS,200,32,0,617,
2026-10-07T19:02:09Z,mastodon,tag_timeline,MA_indoorgardening,3,SUCCESS,200,40,0,796,
2026-10-07T19:02:09Z,hackernews,search,HN_smart garden,2013-0,SUCCESS,200,26,0,675,
2026-10-07T19:02:10Z,hackernews,search,HN_smart garden,2014-0,SUCCESS,200,32,0,634,
2026-10-07T19:02:10Z,mastodon,tag_timeline,MA_indoorgardening,4,SUCCESS,200,40,0,1078,
2026-10-07T19:02:11Z,hackernews,search,HN_smart garden,2015-0,SUCCESS,200,43,0,798,
2026-10-07T19:02:11Z,hackernews,search,HN_smart garden,2016-0,SUCCESS,200,62,0,804,
2026-10-07T19:02:11Z,mastodon,tag_timeline,MA_indoorgardening,5,SUCCESS,200,40,0,997,
2026-10-07T19:02:12Z,lemmy,search,LE_click and grow,6,SUCCESS,200,50,0,4745,
2026-10-07T19:02:12Z,hackernews,search,HN_smart garden,2017-0,SUCCESS,200,39,0,579,
2026-10-07T19:02:12Z,mastodon,tag_timeline,MA_indoorgardening,6,SUCCESS,200,40,0,813,
2026-10-07T19:02:13Z,hackernews,search,HN_smart garden,2018-0,SUCCESS,200,50,0,584,
2026-10-07T19:02:13Z,mastodon,tag_timeline,MA_indoorgardening,7,SUCCESS,200,40,0,861,
2026-10-07T19:02:14Z,hackernews,search,HN_smart garden,2019-0,SUCCESS,200,81,0,976,
2026-10-07T19:02:14Z,hackernews,search,HN_smart garden,2020-0,SUCCESS,200,85,0,661,
2026-10-07T19:02:14Z,mastodon,tag_timeline,MA_indoorgardening,8,SUCCESS,200,40,0,830,
2026-10-07T19:02:16Z,hackernews,search,HN_smart garden,2021-0,SUCCESS,200,89,0,1286,
2026-10-07T19:02:16Z,mastodon,tag_timeline,MA_indoorgardening,9,SUCCESS,200,40,0,1193,
2026-10-07T19:02:16Z,hackernews,search,HN_smart garden,2022-0,SUCCESS,200,92,0,711,
2026-10-07T19:02:17Z,mastodon,tag_timeline,MA_indoorgardening,10,SUCCESS,200,40,0,967,
2026-10-07T19:02:17Z,hackernews,search,HN_smart garden,2023-0,SUCCESS,200,112,0,789,
2026-10-07T19:02:17Z,lemmy,search,LE_click and grow,7,SUCCESS,200,50,0,5188,
2026-10-07T19:02:18Z,mastodon,tag_timeline,MA_indoorgardening,11,SUCCESS,200,40,0,905,
2026-10-07T19:02:18Z,hackernews,search,HN_smart garden,2024-0,SUCCESS,200,77,0,769,
2026-10-07T19:02:19Z,hackernews,search,HN_smart garden,2025-0,SUCCESS,200,73,0,643,
2026-10-07T19:02:19Z,mastodon,tag_timeline,MA_indoorgardening,12,SUCCESS,200,40,0,1086,
2026-10-07T19:02:19Z,hackernews,search,HN_smart garden,2026-0,SUCCESS,200,64,0,904,
2026-10-07T19:02:20Z,mastodon,tag_timeline,MA_indoorgardening,13,SUCCESS,200,40,0,954,
2026-10-07T19:02:20Z,hackernews,search,HN_smart garden,2007-0,SUCCESS,200,1,0,478,
2026-10-07T19:02:20Z,hackernews,search,HN_smart garden,2008-0,SUCCESS,200,2,0,455,
2026-10-07T19:02:20Z,mastodon,tag_timeline,MA_indoorgardening,14,SUCCESS,200,25,0,772,
2026-10-07T19:02:21Z,hackernews,search,HN_smart garden,2009-0,SUCCESS,200,0,0,423,
2026-10-07T19:02:21Z,hackernews,search,HN_smart garden,2010-0,SUCCESS,200,0,0,419,
2026-10-07T19:02:21Z,lemmy,search,LE_click and grow,8,SUCCESS,200,50,0,4236,
2026-10-07T19:02:22Z,hackernews,search,HN_smart garden,2011-0,SUCCESS,200,3,0,413,
2026-10-07T19:02:22Z,hackernews,search,HN_smart garden,2012-0,SUCCESS,200,3,0,501,
2026-10-07T19:02:23Z,hackernews,search,HN_smart garden,2013-0,SUCCESS,200,3,0,507,
2026-10-07T19:02:24Z,hackernews,search,HN_smart garden,2014-0,SUCCESS,200,1,0,502,
2026-10-07T19:02:24Z,hackernews,search,HN_smart garden,2015-0,SUCCESS,200,6,0,518,
2026-10-07T19:02:25Z,hackernews,search,HN_smart garden,2016-0,SUCCESS,200,2,0,486,
2026-10-07T19:02:26Z,hackernews,search,HN_smart garden,2017-0,SUCCESS,200,1,0,1031,
2026-10-07T19:02:26Z,hackernews,search,HN_smart garden,2018-0,SUCCESS,200,1,0,432,
2026-10-07T19:02:26Z,lemmy,search,LE_click and grow,9,SUCCESS,200,50,0,4525,
2026-10-07T19:02:27Z,hackernews,search,HN_smart garden,2019-0,SUCCESS,200,3,0,472,
2026-10-07T19:02:27Z,hackernews,search,HN_smart garden,2020-0,SUCCESS,200,1,0,461,
2026-10-07T19:02:28Z,hackernews,search,HN_smart garden,2021-0,SUCCESS,200,5,0,595,
2026-10-07T19:02:28Z,hackernews,search,HN_smart garden,2022-0,SUCCESS,200,4,0,472,
2026-10-07T19:02:29Z,hackernews,search,HN_smart garden,2023-0,SUCCESS,200,4,0,437,
2026-10-07T19:02:29Z,hackernews,search,HN_smart garden,2024-0,SUCCESS,200,5,0,427,
2026-10-07T19:02:30Z,hackernews,search,HN_smart garden,2025-0,SUCCESS,200,2,0,432,
2026-10-07T19:02:30Z,lemmy,search,LE_click and grow,10,SUCCESS,200,50,0,4059,
2026-10-07T19:02:30Z,hackernews,search,HN_smart garden,2026-0,SUCCESS,200,4,0,471,
2026-10-07T19:02:31Z,hackernews,search,HN_indoor garden lettuce,2007-0,SUCCESS,200,0,0,452,
2026-10-07T19:02:31Z,hackernews,search,HN_indoor garden lettuce,2008-0,SUCCESS,200,0,0,471,
2026-10-07T19:02:32Z,hackernews,search,HN_indoor garden lettuce,2009-0,SUCCESS,200,0,0,520,
2026-10-07T19:02:32Z,hackernews,search,HN_indoor garden lettuce,2010-0,SUCCESS,200,0,0,509,
2026-10-07T19:02:33Z,hackernews,search,HN_indoor garden lettuce,2011-0,SUCCESS,200,0,0,540,
2026-10-07T19:02:33Z,hackernews,search,HN_indoor garden lettuce,2012-0,SUCCESS,200,0,0,467,
2026-10-07T19:02:34Z,hackernews,search,HN_indoor garden lettuce,2013-0,SUCCESS,200,0,0,484,
2026-10-07T19:02:34Z,lemmy,search,LE_click and grow,11,SUCCESS,200,50,0,3987,
2026-10-07T19:02:34Z,hackernews,search,HN_indoor garden lettuce,2014-0,SUCCESS,200,0,0,453,
2026-10-07T19:02:35Z,hackernews,search,HN_indoor garden lettuce,2015-0,SUCCESS,200,0,0,558,
2026-10-07T19:02:35Z,hackernews,search,HN_indoor garden lettuce,2016-0,SUCCESS,200,0,0,465,
2026-10-07T19:02:36Z,hackernews,search,HN_indoor garden lettuce,2017-0,SUCCESS,200,0,0,480,
2026-10-07T19:02:36Z,hackernews,search,HN_indoor garden lettuce,2018-0,SUCCESS,200,0,0,492,
2026-10-07T19:02:37Z,hackernews,search,HN_indoor garden lettuce,2019-0,SUCCESS,200,3,0,861,
2026-10-07T19:02:38Z,hackernews,search,HN_indoor garden lettuce,2020-0,SUCCESS,200,0,0,460,
2026-10-07T19:02:38Z,lemmy,search,LE_click and grow,12,SUCCESS,200,50,0,4046,
2026-10-07T19:02:38Z,hackernews,search,HN_indoor garden lettuce,2021-0,SUCCESS,200,1,0,511,
2026-10-07T19:02:39Z,hackernews,search,HN_indoor garden lettuce,2022-0,SUCCESS,200,1,0,746,
2026-10-07T19:02:40Z,hackernews,search,HN_indoor garden lettuce,2023-0,SUCCESS,200,0,0,532,
2026-10-07T19:02:40Z,hackernews,search,HN_indoor garden lettuce,2024-0,SUCCESS,200,0,0,539,
2026-10-07T19:02:41Z,hackernews,search,HN_indoor garden lettuce,2025-0,SUCCESS,200,0,0,655,
2026-10-07T19:02:42Z,hackernews,search,HN_indoor garden lettuce,2026-0,SUCCESS,200,0,0,1109,
2026-10-07T19:02:42Z,lemmy,search,LE_click and grow,13,SUCCESS,200,31,0,3771,
2026-10-07T19:02:43Z,hackernews,search,HN_indoor garden lettuce,2007-0,SUCCESS,200,0,0,667,
2026-10-07T19:02:43Z,hackernews,search,HN_indoor garden lettuce,2008-0,SUCCESS,200,0,0,476,
2026-10-07T19:02:44Z,hackernews,search,HN_indoor garden lettuce,2009-0,SUCCESS,200,0,0,491,
2026-10-07T19:02:44Z,hackernews,search,HN_indoor garden lettuce,2010-0,SUCCESS,200,0,0,436,
2026-10-07T19:02:44Z,lemmy,search,LE_click and grow,1,SUCCESS,200,0,0,2088,
2026-10-07T19:02:44Z,hackernews,search,HN_indoor garden lettuce,2011-0,SUCCESS,200,0,0,462,
2026-10-07T19:02:45Z,hackernews,search,HN_indoor garden lettuce,2012-0,SUCCESS,200,0,0,478,
2026-10-07T19:02:45Z,lemmy,search,LE_click and grow,2,SUCCESS,200,0,0,1110,
2026-10-07T19:02:45Z,hackernews,search,HN_indoor garden lettuce,2013-0,SUCCESS,200,0,0,445,
2026-10-07T19:02:46Z,hackernews,search,HN_indoor garden lettuce,2014-0,SUCCESS,200,0,0,522,
2026-10-07T19:02:46Z,lemmy,search,LE_click and grow,3,SUCCESS,200,0,0,1132,
2026-10-07T19:02:47Z,hackernews,search,HN_indoor garden lettuce,2015-0,SUCCESS,200,0,0,557,
2026-10-07T19:02:47Z,hackernews,search,HN_indoor garden lettuce,2016-0,SUCCESS,200,0,0,453,
2026-10-07T19:02:48Z,lemmy,search,LE_click and grow,4,SUCCESS,200,0,0,1102,
2026-10-07T19:02:48Z,hackernews,search,HN_indoor garden lettuce,2017-0,SUCCESS,200,0,0,476,
2026-10-07T19:02:48Z,hackernews,search,HN_indoor garden lettuce,2018-0,SUCCESS,200,0,0,541,
2026-10-07T19:02:48Z,lemmy,search,LE_click and grow,5,SUCCESS,200,0,0,796,
2026-10-07T19:02:49Z,hackernews,search,HN_indoor garden lettuce,2019-0,SUCCESS,200,0,0,451,
2026-10-07T19:02:49Z,hackernews,search,HN_indoor garden lettuce,2020-0,SUCCESS,200,0,0,449,
2026-10-07T19:02:49Z,lemmy,search,LE_click and grow,6,SUCCESS,200,0,0,785,
2026-10-07T19:02:50Z,hackernews,search,HN_indoor garden lettuce,2021-0,SUCCESS,200,0,0,463,
2026-10-07T19:02:50Z,hackernews,search,HN_indoor garden lettuce,2022-0,SUCCESS,200,0,0,444,
2026-10-07T19:02:51Z,hackernews,search,HN_indoor garden lettuce,2023-0,SUCCESS,200,0,0,475,
2026-10-07T19:02:51Z,lemmy,search,LE_click and grow,7,SUCCESS,200,0,0,1137,
2026-10-07T19:02:51Z,hackernews,search,HN_indoor garden lettuce,2024-0,SUCCESS,200,0,0,489,
2026-10-07T19:02:52Z,hackernews,search,HN_indoor garden lettuce,2025-0,SUCCESS,200,0,0,528,
2026-10-07T19:02:52Z,lemmy,search,LE_click and grow,8,SUCCESS,200,0,0,1123,
2026-10-07T19:02:52Z,hackernews,search,HN_indoor garden lettuce,2026-0,SUCCESS,200,0,0,584,
2026-10-07T19:02:52Z,lemmy,search,LE_click and grow,9,FAILED,400,0,0,375,"{""error"":""rate_limit_error""}"
2026-10-07T19:02:53Z,hackernews,search,HN_vertical farming,2007-0,SUCCESS,200,0,0,537,
2026-10-07T19:02:53Z,lemmy,search,LE_rockwool,1,FAILED,400,0,0,329,"{""error"":""rate_limit_error""}"
2026-10-07T19:02:53Z,hackernews,search,HN_vertical farming,2008-0,SUCCESS,200,0,0,483,
2026-10-07T19:02:54Z,hackernews,search,HN_vertical farming,2009-0,SUCCESS,200,6,0,545,
2026-10-07T19:02:54Z,lemmy,search,LE_rockwool,1,FAILED,400,0,0,415,"{""error"":""rate_limit_error""}"
2026-10-07T19:02:55Z,hackernews,search,HN_vertical farming,2010-0,SUCCESS,200,39,0,787,
2026-10-07T19:02:55Z,hackernews,search,HN_vertical farming,2011-0,SUCCESS,200,3,0,459,
2026-10-07T19:02:55Z,lemmy,search,LE_nutrient solution,1,FAILED,400,0,0,312,"{""error"":""rate_limit_error""}"
2026-10-07T19:02:56Z,hackernews,search,HN_vertical farming,2012-0,SUCCESS,200,1,0,702,
2026-10-07T19:02:56Z,lemmy,search,LE_nutrient solution,1,FAILED,400,0,0,458,"{""error"":""rate_limit_error""}"
2026-10-07T19:02:56Z,hackernews,search,HN_vertical farming,2013-0,SUCCESS,200,9,0,507,
2026-10-07T19:02:57Z,hackernews,search,HN_vertical farming,2014-0,SUCCESS,200,35,0,581,
2026-10-07T19:02:57Z,lemmy,search,LE_grow tent lettuce,1,FAILED,400,0,0,373,"{""error"":""rate_limit_error""}"
2026-10-07T19:02:58Z,hackernews,search,HN_vertical farming,2015-0,SUCCESS,200,80,0,609,
2026-10-07T19:02:58Z,lemmy,search,LE_grow tent lettuce,1,FAILED,400,0,0,321,"{""error"":""rate_limit_error""}"
2026-10-07T19:02:58Z,hackernews,search,HN_vertical farming,2016-0,SUCCESS,200,67,0,647,
2026-10-07T19:02:59Z,hackernews,search,HN_vertical farming,2017-0,SUCCESS,200,124,0,750,
2026-10-07T19:02:59Z,lemmy,search,LE_indoor garden,1,FAILED,400,0,0,297,"{""error"":""rate_limit_error""}"
2026-10-07T19:03:00Z,hackernews,search,HN_vertical farming,2018-0,SUCCESS,200,81,0,642,
2026-10-07T19:03:00Z,lemmy,search,LE_indoor garden,1,FAILED,400,0,0,302,"{""error"":""rate_limit_error""}"
2026-10-07T19:03:01Z,hackernews,search,HN_vertical farming,2019-0,SUCCESS,200,121,0,882,
2026-10-07T19:03:02Z,hackernews,search,HN_vertical farming,2020-0,SUCCESS,200,200,0,1001,
2026-10-07T19:03:02Z,lemmy,search,LE_hydroponic,1,SUCCESS,200,50,0,1347,
2026-10-07T19:03:02Z,hackernews,search,HN_vertical farming,2020-1,SUCCESS,200,50,0,697,
2026-10-07T19:03:03Z,hackernews,search,HN_vertical farming,2021-0,SUCCESS,200,178,0,774,
2026-10-07T19:03:03Z,lemmy,search,LE_hydroponic,2,SUCCESS,200,50,0,811,
2026-10-07T19:03:04Z,hackernews,search,HN_vertical farming,2022-0,SUCCESS,200,177,0,728,
2026-10-07T19:03:04Z,lemmy,search,LE_hydroponic,3,SUCCESS,200,50,0,815,
2026-10-07T19:03:05Z,hackernews,search,HN_vertical farming,2023-0,SUCCESS,200,200,0,807,
2026-10-07T19:03:05Z,lemmy,search,LE_hydroponic,4,SUCCESS,200,50,0,585,
2026-10-07T19:03:05Z,hackernews,search,HN_vertical farming,2023-1,SUCCESS,200,61,0,659,
2026-10-07T19:03:06Z,lemmy,search,LE_hydroponic,5,SUCCESS,200,0,0,569,
2026-10-07T19:03:06Z,hackernews,search,HN_vertical farming,2024-0,SUCCESS,200,108,0,820,
2026-10-07T19:03:07Z,hackernews,search,HN_vertical farming,2025-0,SUCCESS,200,120,0,988,
2026-10-07T19:03:08Z,lemmy,search,LE_hydroponic,1,SUCCESS,200,0,0,1276,
2026-10-07T19:03:08Z,hackernews,search,HN_vertical farming,2026-0,SUCCESS,200,106,0,629,
2026-10-07T19:03:08Z,lemmy,search,LE_hydroponic,2,SUCCESS,200,0,0,746,
2026-10-07T19:03:08Z,hackernews,search,HN_vertical farming,2007-0,SUCCESS,200,0,0,444,
2026-10-07T19:03:09Z,hackernews,search,HN_vertical farming,2008-0,SUCCESS,200,0,0,462,
2026-10-07T19:03:09Z,lemmy,search,LE_hydroponic,3,SUCCESS,200,0,0,729,
2026-10-07T19:03:09Z,hackernews,search,HN_vertical farming,2009-0,SUCCESS,200,2,0,436,
2026-10-07T19:03:10Z,hackernews,search,HN_vertical farming,2010-0,SUCCESS,200,2,0,531,
2026-10-07T19:03:10Z,lemmy,search,LE_hydroponic,4,SUCCESS,200,0,0,694,
2026-10-07T19:03:11Z,hackernews,search,HN_vertical farming,2011-0,SUCCESS,200,3,0,554,
2026-10-07T19:03:11Z,hackernews,search,HN_vertical farming,2012-0,SUCCESS,200,2,0,522,
2026-10-07T19:03:11Z,lemmy,search,LE_hydroponic,5,SUCCESS,200,0,0,685,
2026-10-07T19:03:12Z,hackernews,search,HN_vertical farming,2013-0,SUCCESS,200,2,0,444,
2026-10-07T19:03:12Z,hackernews,search,HN_vertical farming,2014-0,SUCCESS,200,0,0,553,
2026-10-07T19:03:12Z,lemmy,search,LE_hydroponic,6,SUCCESS,200,0,0,465,
2026-10-07T19:03:13Z,hackernews,search,HN_vertical farming,2015-0,SUCCESS,200,4,0,857,
2026-10-07T19:03:13Z,lemmy,search,LE_hydroponic,7,SUCCESS,200,0,0,714,
2026-10-07T19:03:14Z,hackernews,search,HN_vertical farming,2016-0,SUCCESS,200,9,0,506,
2026-10-07T19:03:14Z,hackernews,search,HN_vertical farming,2017-0,SUCCESS,200,3,0,469,
2026-10-07T19:03:14Z,lemmy,search,LE_hydroponic,8,SUCCESS,200,0,0,466,
2026-10-07T19:03:15Z,hackernews,search,HN_vertical farming,2018-0,SUCCESS,200,7,0,735,
2026-10-07T19:03:15Z,hackernews,search,HN_vertical farming,2019-0,SUCCESS,200,5,0,491,
2026-10-07T19:03:15Z,lemmy,search,LE_hydroponic,9,SUCCESS,200,0,0,706,
2026-10-07T19:03:16Z,hackernews,search,HN_vertical farming,2020-0,SUCCESS,200,14,0,462,
2026-10-07T19:03:16Z,hackernews,search,HN_vertical farming,2021-0,SUCCESS,200,8,0,478,
2026-10-07T19:03:16Z,lemmy,search,LE_hydroponic,10,SUCCESS,200,0,0,694,
2026-10-07T19:03:17Z,hackernews,search,HN_vertical farming,2022-0,SUCCESS,200,14,0,629,
2026-10-07T19:03:17Z,lemmy,search,LE_hydroponic,11,SUCCESS,200,0,0,680,
2026-10-07T19:03:18Z,hackernews,search,HN_vertical farming,2023-0,SUCCESS,200,20,0,876,
2026-10-07T19:03:18Z,lemmy,search,LE_hydroponic,12,SUCCESS,200,0,0,473,
2026-10-07T19:03:18Z,hackernews,search,HN_vertical farming,2024-0,SUCCESS,200,9,0,471,
2026-10-07T19:03:19Z,hackernews,search,HN_vertical farming,2025-0,SUCCESS,200,7,0,581,
2026-10-07T19:03:19Z,lemmy,search,LE_hydroponic,13,SUCCESS,200,0,0,468,
2026-10-07T19:03:19Z,hackernews,search,HN_vertical farming,2026-0,SUCCESS,200,11,0,482,
2026-10-07T19:03:20Z,lemmy,search,LE_hydroponic,14,SUCCESS,200,0,0,435,
2026-10-07T19:03:22Z,lemmy,search,LE_hydroponics,1,SUCCESS,200,50,0,1056,
2026-10-07T19:03:23Z,lemmy,search,LE_hydroponics,2,SUCCESS,200,50,0,829,
2026-10-07T19:03:23Z,lemmy,search,LE_hydroponics,3,SUCCESS,200,4,0,606,
2026-10-07T19:03:25Z,lemmy,search,LE_hydroponics,1,SUCCESS,200,0,0,927,
2026-10-07T19:03:26Z,lemmy,search,LE_hydroponics,2,SUCCESS,200,0,0,711,
2026-10-07T19:03:27Z,lemmy,search,LE_hydroponics,3,SUCCESS,200,0,0,685,
2026-10-07T19:03:28Z,lemmy,search,LE_hydroponics,4,SUCCESS,200,0,0,666,
2026-10-07T19:03:28Z,lemmy,search,LE_hydroponics,5,SUCCESS,200,0,0,504,
2026-10-07T19:03:30Z,lemmy,search,LE_hydroponics,6,SUCCESS,200,0,0,732,
2026-10-07T19:03:31Z,lemmy,search,LE_hydroponics,7,SUCCESS,200,0,0,686,
2026-10-07T19:03:32Z,lemmy,search,LE_hydroponics,8,SUCCESS,200,0,0,666,
2026-10-07T19:03:32Z,lemmy,search,LE_hydroponics,9,SUCCESS,200,0,0,422,
2026-10-07T19:03:33Z,lemmy,search,LE_hidroponik,1,SUCCESS,200,0,0,349,
2026-10-07T19:03:34Z,lemmy,search,LE_hidroponik,1,SUCCESS,200,0,0,413,
2026-10-07T19:03:36Z,lemmy,search,LE_kratky,1,SUCCESS,200,44,0,885,
2026-10-07T19:03:37Z,lemmy,search,LE_kratky,1,SUCCESS,200,0,0,645,
2026-10-07T19:03:37Z,lemmy,search,LE_kratky,2,SUCCESS,200,0,0,394,
2026-10-07T19:03:39Z,lemmy,search,LE_aerogarden,1,SUCCESS,200,4,0,652,
2026-10-07T19:03:40Z,lemmy,search,LE_aerogarden,1,SUCCESS,200,0,0,1217,
2026-10-07T19:03:45Z,lemmy,search,LE_click and grow,1,SUCCESS,200,50,0,4730,
2026-10-07T19:03:49Z,lemmy,search,LE_click and grow,2,SUCCESS,200,50,0,4531,
2026-10-07T19:03:54Z,lemmy,search,LE_click and grow,3,SUCCESS,200,50,0,4630,
2026-10-07T19:03:59Z,lemmy,search,LE_click and grow,4,SUCCESS,200,50,0,4398,
2026-10-07T19:04:03Z,lemmy,search,LE_click and grow,5,SUCCESS,200,50,0,4603,
2026-10-07T19:04:08Z,lemmy,search,LE_click and grow,6,SUCCESS,200,50,0,4578,
2026-10-07T19:04:13Z,lemmy,search,LE_click and grow,7,SUCCESS,200,50,0,4592,
2026-10-07T19:04:17Z,lemmy,search,LE_click and grow,8,SUCCESS,200,50,0,4573,
2026-10-07T19:04:22Z,lemmy,search,LE_click and grow,9,SUCCESS,200,50,0,4543,
2026-10-07T19:04:26Z,lemmy,search,LE_click and grow,10,SUCCESS,200,50,0,4280,
2026-10-07T19:04:31Z,lemmy,search,LE_click and grow,11,SUCCESS,200,50,0,4369,
2026-10-07T19:04:35Z,lemmy,search,LE_click and grow,12,SUCCESS,200,50,0,4203,
2026-10-07T19:04:39Z,lemmy,search,LE_click and grow,13,SUCCESS,200,47,0,4109,
2026-10-07T19:04:42Z,lemmy,search,LE_click and grow,1,SUCCESS,200,0,0,2551,
2026-10-07T19:04:43Z,lemmy,search,LE_click and grow,2,SUCCESS,200,0,0,983,
2026-10-07T19:04:44Z,lemmy,search,LE_click and grow,3,SUCCESS,200,0,0,991,
2026-10-07T19:04:45Z,lemmy,search,LE_click and grow,4,SUCCESS,200,0,0,954,
2026-10-07T19:04:45Z,lemmy,search,LE_click and grow,5,SUCCESS,200,0,0,757,
2026-10-07T19:04:47Z,lemmy,search,LE_click and grow,6,SUCCESS,200,0,0,954,
2026-10-07T19:04:48Z,lemmy,search,LE_click and grow,7,SUCCESS,200,0,0,957,
2026-10-07T19:04:49Z,lemmy,search,LE_click and grow,8,SUCCESS,200,0,0,947,
2026-10-07T19:04:49Z,lemmy,search,LE_click and grow,9,SUCCESS,200,0,0,765,
2026-10-07T19:04:50Z,lemmy,search,LE_click and grow,10,SUCCESS,200,0,0,712,
2026-10-07T19:04:51Z,lemmy,search,LE_rockwool,1,SUCCESS,200,31,0,402,
2026-10-07T19:04:53Z,lemmy,search,LE_rockwool,1,SUCCESS,200,0,0,956,
2026-10-07T19:04:53Z,lemmy,search,LE_rockwool,2,SUCCESS,200,0,0,416,
2026-10-07T19:04:54Z,lemmy,search,LE_rockwool,3,SUCCESS,200,0,0,650,
2026-10-07T19:04:57Z,lemmy,search,LE_nutrient solution,1,SUCCESS,200,50,0,1931,
2026-10-07T19:04:58Z,lemmy,search,LE_nutrient solution,2,SUCCESS,200,50,0,1397,
2026-10-07T19:04:59Z,lemmy,search,LE_nutrient solution,3,SUCCESS,200,23,0,1300,
2026-10-07T19:05:02Z,lemmy,search,LE_nutrient solution,1,SUCCESS,200,0,0,2651,
2026-10-07T19:05:03Z,lemmy,search,LE_nutrient solution,2,SUCCESS,200,0,0,1000,
2026-10-07T19:05:04Z,lemmy,search,LE_nutrient solution,3,SUCCESS,200,0,0,759,
2026-10-07T19:05:05Z,lemmy,search,LE_grow tent lettuce,1,SUCCESS,200,21,0,993,
2026-10-07T19:05:06Z,lemmy,search,LE_grow tent lettuce,1,SUCCESS,200,0,0,1266,
2026-10-07T19:05:09Z,lemmy,search,LE_indoor garden,1,SUCCESS,200,50,0,2243,
2026-10-07T19:05:11Z,lemmy,search,LE_indoor garden,2,SUCCESS,200,50,0,2092,
2026-10-07T19:05:12Z,lemmy,search,LE_indoor garden,3,SUCCESS,200,12,0,1486,
2026-10-07T19:05:13Z,lemmy,search,LE_indoor garden,1,SUCCESS,200,0,0,1186,
2026-10-07T19:05:14Z,lemmy,search,LE_indoor garden,2,SUCCESS,200,0,0,887,
2026-10-07T19:05:15Z,lemmy,search,LE_indoor garden,3,SUCCESS,200,0,0,662,
2026-10-07T19:05:20Z,lemmy,search,LE_hydroponic,1,SUCCESS,200,50,0,4367,
2026-10-07T19:05:20Z,lemmy,search,LE_hydroponic,2,SUCCESS,200,50,0,463,
2026-10-07T19:05:21Z,lemmy,search,LE_hydroponic,3,SUCCESS,200,50,0,515,
2026-10-07T19:05:22Z,lemmy,search,LE_hydroponic,4,SUCCESS,200,31,0,434,
2026-10-07T19:05:24Z,lemmy,search,LE_hydroponic,1,SUCCESS,200,0,0,1264,
2026-10-07T19:05:25Z,lemmy,search,LE_hydroponic,2,SUCCESS,200,0,0,437,
2026-10-07T19:05:26Z,lemmy,search,LE_hydroponic,3,SUCCESS,200,0,0,926,
2026-10-07T19:05:27Z,lemmy,search,LE_hydroponic,4,SUCCESS,200,0,0,460,
2026-10-07T19:05:28Z,lemmy,search,LE_hydroponic,5,SUCCESS,200,0,0,860,
2026-10-07T19:05:29Z,lemmy,search,LE_hydroponic,6,SUCCESS,200,0,0,445,
2026-10-07T19:05:30Z,lemmy,search,LE_hydroponic,7,SUCCESS,200,0,0,798,
2026-10-07T19:05:31Z,lemmy,search,LE_hydroponic,8,SUCCESS,200,0,0,455,
2026-10-07T19:05:32Z,lemmy,search,LE_hydroponic,9,SUCCESS,200,0,0,848,
2026-10-07T19:05:33Z,lemmy,search,LE_hydroponic,10,SUCCESS,200,0,0,492,
2026-10-07T19:05:34Z,lemmy,search,LE_hydroponic,11,SUCCESS,200,0,0,785,
2026-10-07T19:05:35Z,lemmy,search,LE_hydroponic,12,SUCCESS,200,0,0,481,
2026-10-07T19:05:36Z,lemmy,search,LE_hydroponic,13,SUCCESS,200,0,0,431,
2026-10-07T19:05:37Z,lemmy,search,LE_hydroponics,1,SUCCESS,200,50,0,936,
2026-10-07T19:05:38Z,lemmy,search,LE_hydroponics,2,SUCCESS,200,44,0,506,
2026-10-07T19:05:39Z,lemmy,search,LE_hydroponics,1,SUCCESS,200,0,0,782,
2026-10-07T19:05:40Z,lemmy,search,LE_hydroponics,2,FAILED,400,0,0,330,"{""error"":""rate_limit_error""}"
2026-10-07T19:05:41Z,lemmy,search,LE_hidroponik,1,SUCCESS,200,0,0,424,
2026-10-07T19:05:42Z,lemmy,search,LE_hidroponik,1,FAILED,400,0,0,333,"{""error"":""rate_limit_error""}"
2026-10-07T19:05:43Z,lemmy,search,LE_kratky,1,FAILED,400,0,0,357,"{""error"":""rate_limit_error""}"
2026-10-07T19:05:44Z,lemmy,search,LE_kratky,1,FAILED,400,0,0,396,"{""error"":""rate_limit_error""}"
2026-10-07T19:05:45Z,lemmy,search,LE_aerogarden,1,SUCCESS,200,5,0,587,
2026-10-07T19:05:46Z,lemmy,search,LE_aerogarden,1,FAILED,400,0,0,335,"{""error"":""rate_limit_error""}"
2026-10-07T19:05:47Z,lemmy,search,LE_click and grow,1,FAILED,400,0,0,333,"{""error"":""rate_limit_error""}"
2026-10-07T19:05:48Z,lemmy,search,LE_click and grow,1,FAILED,400,0,0,331,"{""error"":""rate_limit_error""}"
2026-10-07T19:05:49Z,lemmy,search,LE_rockwool,1,SUCCESS,200,11,0,756,
2026-10-07T19:05:50Z,lemmy,search,LE_rockwool,1,FAILED,400,0,0,364,"{""error"":""rate_limit_error""}"
2026-10-07T19:05:51Z,lemmy,search,LE_nutrient solution,1,FAILED,400,0,0,389,"{""error"":""rate_limit_error""}"
2026-10-07T19:05:53Z,lemmy,search,LE_nutrient solution,1,SUCCESS,200,0,0,2172,
2026-10-07T19:05:54Z,lemmy,search,LE_nutrient solution,2,FAILED,400,0,0,346,"{""error"":""rate_limit_error""}"
2026-10-07T19:05:55Z,lemmy,search,LE_grow tent lettuce,1,SUCCESS,200,4,0,683,
2026-10-07T19:05:56Z,lemmy,search,LE_grow tent lettuce,1,FAILED,400,0,0,369,"{""error"":""rate_limit_error""}"
2026-10-07T19:05:57Z,lemmy,search,LE_indoor garden,1,FAILED,400,0,0,328,"{""error"":""rate_limit_error""}"
2026-10-07T19:05:59Z,lemmy,search,LE_indoor garden,1,SUCCESS,200,0,0,1875,
2026-10-07T19:06:00Z,lemmy,search,LE_indoor garden,2,FAILED,400,0,0,377,"{""error"":""rate_limit_error""}"
2026-10-07T19:08:27Z,reddit_arcticshift,posts_first,RD_FULL_Hydroponics,first,SUCCESS,200,1,1,2181,
2026-10-07T19:08:31Z,reddit_arcticshift,posts_search,RD_FULL_Hydroponics,2009-01-01,SUCCESS,200,1,0,3092,
2026-10-07T19:08:56Z,forums_gardenweb,listing,GW_hydroponics,0,SUCCESS,200,1,0,5628,
2026-10-07T19:09:00Z,forums_gardenweb,listing,GW_hydroponics,1,SUCCESS,200,1,0,4199,
2026-10-07T19:09:04Z,forums_gardenweb,listing,GW_hydroponics,2,SUCCESS,200,1,0,4089,
2026-10-07T19:09:08Z,forums_gardenweb,listing,GW_hydroponics,3,SUCCESS,200,1,0,4048,
2026-10-07T19:09:13Z,forums_gardenweb,listing,GW_hydroponics,4,SUCCESS,200,1,0,4845,
2026-10-07T19:09:19Z,forums_gardenweb,listing,GW_hydroponics,5,SUCCESS,200,1,0,5529,
2026-10-07T19:09:22Z,forums_gardenweb,listing,GW_hydroponics,6,SUCCESS,200,1,0,3745,
2026-10-07T19:09:26Z,forums_gardenweb,listing,GW_hydroponics,7,SUCCESS,200,1,0,3046,
2026-10-07T19:09:30Z,forums_gardenweb,listing,GW_hydroponics,8,SUCCESS,200,1,0,3302,
2026-10-07T19:09:35Z,forums_gardenweb,listing,GW_hydroponics,9,SUCCESS,200,1,0,4491,
2026-10-07T19:09:40Z,forums_gardenweb,listing,GW_hydroponics,10,SUCCESS,200,1,0,5303,
2026-10-07T19:09:43Z,forums_gardenweb,listing,GW_hydroponics,11,SUCCESS,200,1,0,3026,
2026-10-07T19:09:46Z,reddit_arcticshift,posts_search,RD_FULL_Hydroponics,2009-04-01,SUCCESS,200,1,4,3253,
2026-10-07T19:09:48Z,forums_gardenweb,listing,GW_hydroponics,12,SUCCESS,200,1,0,3537,
2026-10-07T19:09:49Z,reddit_arcticshift,posts_search,RD_FULL_Hydroponics,2009-07-01,SUCCESS,200,1,0,3420,
2026-10-07T19:09:52Z,forums_gardenweb,listing,GW_hydroponics,13,SUCCESS,200,1,0,3708,
2026-10-07T19:09:58Z,forums_gardenweb,listing,GW_hydroponics,14,SUCCESS,200,1,0,5850,
2026-10-07T19:10:01Z,forums_gardenweb,listing,GW_hydroponics,15,SUCCESS,200,1,0,2515,
2026-10-07T19:10:07Z,forums_gardenweb,listing,GW_hydroponics,16,SUCCESS,200,1,0,4316,
2026-10-07T19:10:11Z,forums_gardenweb,listing,GW_hydroponics,17,SUCCESS,200,1,0,4665,
2026-10-07T19:10:17Z,forums_gardenweb,listing,GW_hydroponics,18,SUCCESS,200,1,0,6082,
2026-10-07T19:10:21Z,forums_gardenweb,listing,GW_hydroponics,19,SUCCESS,200,1,0,3355,
2026-10-07T19:10:24Z,forums_gardenweb,listing,GW_hydroponics,20,SUCCESS,200,1,0,2559,
2026-10-07T19:10:28Z,forums_gardenweb,listing,GW_hydroponics,21,SUCCESS,200,1,0,2846,
2026-10-07T19:10:32Z,forums_gardenweb,listing,GW_hydroponics,22,SUCCESS,200,1,0,2291,
2026-10-07T19:10:37Z,forums_gardenweb,listing,GW_hydroponics,23,SUCCESS,200,1,0,3486,
2026-10-07T19:10:40Z,forums_gardenweb,listing,GW_hydroponics,24,SUCCESS,200,1,0,2231,
2026-10-07T19:10:45Z,forums_gardenweb,listing,GW_hydroponics,25,SUCCESS,200,1,0,3865,
2026-10-07T19:10:47Z,forums_gardenweb,listing,GW_hydroponics,26,SUCCESS,200,1,0,1766,
2026-10-07T19:10:51Z,forums_gardenweb,listing,GW_hydroponics,27,SUCCESS,200,1,0,2089,
2026-10-07T19:10:56Z,forums_gardenweb,listing,GW_hydroponics,28,SUCCESS,200,1,0,2622,
2026-10-07T19:11:00Z,forums_gardenweb,listing,GW_hydroponics,29,SUCCESS,200,1,0,2129,
2026-10-07T19:11:05Z,forums_gardenweb,listing,GW_hydroponics,30,SUCCESS,200,1,0,3159,
2026-10-07T19:11:07Z,reddit_arcticshift,posts_search,RD_FULL_Hydroponics,2009-10-01,SUCCESS,200,0,4,3218,
2026-10-07T19:11:07Z,forums_gardenweb,listing,GW_hydroponics,31,SUCCESS,200,1,0,1785,
2026-10-07T19:11:11Z,forums_gardenweb,listing,GW_hydroponics,32,SUCCESS,200,1,0,1935,
2026-10-07T19:11:16Z,forums_gardenweb,listing,GW_hydroponics,33,SUCCESS,200,1,0,2739,
2026-10-07T19:11:20Z,forums_gardenweb,listing,GW_hydroponics,34,SUCCESS,200,1,0,2512,
2026-10-07T19:11:24Z,reddit_arcticshift,posts_search,RD_FULL_Hydroponics,2010-01-01,SUCCESS,200,0,1,2384,
2026-10-07T19:11:25Z,forums_gardenweb,listing,GW_hydroponics,35,SUCCESS,200,1,0,3491,
2026-10-07T19:11:31Z,forums_gardenweb,listing,GW_hydroponics,36,SUCCESS,200,1,0,5184,
2026-10-07T19:11:33Z,forums_gardenweb,listing,GW_hydroponics,37,SUCCESS,200,1,0,2602,
2026-10-07T19:11:38Z,forums_gardenweb,listing,GW_hydroponics,38,SUCCESS,200,1,0,3070,
2026-10-07T19:11:42Z,reddit_arcticshift,posts_search,RD_FULL_Hydroponics,2010-04-01,SUCCESS,200,0,1,2859,
2026-10-07T19:11:44Z,forums_gardenweb,listing,GW_hydroponics,39,SUCCESS,200,1,0,5790,
2026-10-07T19:11:46Z,forums_gardenweb,listing,GW_hydroponics,40,SUCCESS,200,1,0,1933,
2026-10-07T19:11:50Z,forums_gardenweb,listing,GW_hydroponics,41,SUCCESS,200,1,0,2077,
2026-10-07T19:11:55Z,forums_gardenweb,listing,GW_hydroponics,42,SUCCESS,200,1,0,2441,
2026-10-07T19:12:00Z,forums_gardenweb,listing,GW_hydroponics,43,SUCCESS,200,1,0,3546,
2026-10-07T19:12:01Z,reddit_arcticshift,posts_search,RD_FULL_Hydroponics,2010-07-01,SUCCESS,200,1,1,3634,
2026-10-07T19:12:02Z,forums_gardenweb,listing,GW_hydroponics,44,SUCCESS,200,1,0,1360,
2026-10-07T19:12:06Z,forums_gardenweb,listing,GW_hydroponics,45,SUCCESS,200,1,0,1142,
2026-10-07T19:12:10Z,forums_gardenweb,listing,GW_hydroponics,46,SUCCESS,200,1,0,1273,
2026-10-07T19:12:14Z,forums_gardenweb,listing,GW_hydroponics,47,SUCCESS,200,1,0,1773,
2026-10-07T19:12:18Z,reddit_arcticshift,posts_search,RD_FULL_Hydroponics,2010-10-01,SUCCESS,200,3,1,2403,
2026-10-07T19:12:19Z,forums_gardenweb,listing,GW_hydroponics,48,SUCCESS,200,1,0,2444,
2026-10-07T19:12:23Z,forums_gardenweb,listing,GW_hydroponics,49,SUCCESS,200,1,0,2384,
2026-10-07T19:12:27Z,forums_gardenweb,listing,GW_hydroponics,50,SUCCESS,200,1,0,2757,
2026-10-07T19:12:31Z,forums_gardenweb,listing,GW_hydroponics,51,SUCCESS,200,1,0,2603,
2026-10-07T19:12:35Z,forums_gardenweb,listing,GW_hydroponics,52,SUCCESS,200,1,0,2766,
2026-10-07T19:12:40Z,forums_gardenweb,listing,GW_hydroponics,53,SUCCESS,200,1,0,3389,
2026-10-07T19:12:43Z,forums_gardenweb,listing,GW_hydroponics,54,SUCCESS,200,1,0,2404,
2026-10-07T19:12:47Z,forums_gardenweb,listing,GW_hydroponics,55,SUCCESS,200,1,0,2149,
2026-10-07T19:12:52Z,forums_gardenweb,listing,GW_hydroponics,56,SUCCESS,200,1,0,3018,
2026-10-07T19:12:56Z,forums_gardenweb,listing,GW_hydroponics,57,SUCCESS,200,1,0,3346,
2026-10-07T19:12:59Z,forums_gardenweb,listing,GW_hydroponics,58,SUCCESS,200,1,0,2633,
2026-10-07T19:13:03Z,forums_gardenweb,listing,GW_hydroponics,59,SUCCESS,200,1,0,2623,
2026-10-07T19:13:07Z,forums_gardenweb,listing,GW_hydroponics,60,SUCCESS,200,1,0,2812,
2026-10-07T19:13:11Z,forums_gardenweb,listing,GW_hydroponics,61,SUCCESS,200,1,0,2698,
2026-10-07T19:13:16Z,forums_gardenweb,listing,GW_hydroponics,62,SUCCESS,200,1,0,3571,
2026-10-07T19:13:18Z,forums_gardenweb,listing,GW_hydroponics,63,SUCCESS,200,1,0,1136,
2026-10-07T19:13:24Z,forums_gardenweb,listing,GW_hydroponics,64,SUCCESS,200,1,0,3030,
2026-10-07T19:13:29Z,forums_gardenweb,listing,GW_hydroponics,65,SUCCESS,200,1,0,4658,
2026-10-07T19:13:32Z,reddit_arcticshift,posts_search,RD_FULL_Hydroponics,2011-01-01,SUCCESS,200,0,4,2391,
2026-10-07T19:13:32Z,forums_gardenweb,listing,GW_hydroponics,66,SUCCESS,200,1,0,3138,
2026-10-07T19:13:35Z,forums_gardenweb,listing,GW_hydroponics,67,SUCCESS,200,1,0,1396,
2026-10-07T19:13:40Z,forums_gardenweb,listing,GW_hydroponics,68,SUCCESS,200,1,0,2909,
2026-10-07T19:13:43Z,forums_gardenweb,listing,GW_hydroponics,69,SUCCESS,200,1,0,2114,
2026-10-07T19:13:48Z,forums_gardenweb,listing,GW_hydroponics,70,SUCCESS,200,1,0,2327,
2026-10-07T19:13:50Z,reddit_arcticshift,posts_search,RD_FULL_Hydroponics,2011-04-01,SUCCESS,200,0,1,2810,
2026-10-07T19:13:51Z,forums_gardenweb,listing,GW_hydroponics,71,SUCCESS,200,1,0,1849,
2026-10-07T19:13:52Z,reddit_arcticshift,posts_search,RD_FULL_Hydroponics,2011-07-01,SUCCESS,200,4,0,2769,
2026-10-07T19:13:56Z,reddit_arcticshift,posts_search,RD_FULL_Hydroponics,2011-10-01,SUCCESS,200,11,0,3028,
2026-10-07T19:13:56Z,forums_gardenweb,listing,GW_hydroponics,72,SUCCESS,200,1,0,2865,
2026-10-07T19:13:59Z,reddit_arcticshift,posts_search,RD_FULL_Hydroponics,2012-01-01,SUCCESS,200,15,0,3179,
2026-10-07T19:14:00Z,forums_gardenweb,listing,GW_hydroponics,73,SUCCESS,200,1,0,2589,
2026-10-07T19:14:02Z,reddit_arcticshift,posts_search,RD_FULL_Hydroponics,2012-04-01,SUCCESS,200,11,0,3520,
2026-10-07T19:14:03Z,forums_gardenweb,listing,GW_hydroponics,74,SUCCESS,200,1,0,1950,
2026-10-07T19:14:08Z,forums_gardenweb,listing,GW_hydroponics,75,SUCCESS,200,1,0,2431,
2026-10-07T19:14:12Z,forums_gardenweb,listing,GW_hydroponics,76,SUCCESS,200,1,0,2930,
2026-10-07T19:14:14Z,forums_gardenweb,listing,GW_hydroponics,77,SUCCESS,200,1,0,1190,
2026-10-07T19:14:19Z,reddit_arcticshift,posts_search,RD_FULL_Hydroponics,2012-07-01,SUCCESS,200,17,1,2772,
2026-10-07T19:14:22Z,reddit_arcticshift,posts_search,RD_FULL_Hydroponics,2012-10-01,SUCCESS,200,12,0,2881,
2026-10-07T19:14:23Z,forums_gardenweb,listing,GW_hydroponics,78,SUCCESS,200,1,0,5371,
2026-10-07T19:14:25Z,reddit_arcticshift,posts_search,RD_FULL_Hydroponics,2013-01-01,SUCCESS,200,32,0,2643,
2026-10-07T19:14:26Z,forums_gardenweb,listing,GW_hydroponics,79,SUCCESS,200,1,0,3351,
2026-10-07T19:14:28Z,reddit_arcticshift,posts_search,RD_FULL_Hydroponics,2013-04-01,SUCCESS,200,29,0,2547,
2026-10-07T19:14:28Z,forums_gardenweb,listing,GW_hydroponics,80,SUCCESS,200,1,0,1462,
2026-10-07T19:14:30Z,reddit_arcticshift,posts_search,RD_FULL_Hydroponics,2013-07-01,SUCCESS,200,28,0,2912,
2026-10-07T19:14:32Z,forums_gardenweb,listing,GW_hydroponics,81,SUCCESS,200,1,0,1313,
2026-10-07T19:14:32Z,reddit_arcticshift,posts_search,RD_FULL_Hydroponics,2013-10-01,SUCCESS,200,20,0,1882,
2026-10-07T19:14:35Z,reddit_arcticshift,posts_search,RD_FULL_Hydroponics,2014-01-01,SUCCESS,200,65,0,2277,
2026-10-07T19:14:38Z,forums_gardenweb,listing,GW_hydroponics,82,SUCCESS,200,1,0,3080,
2026-10-07T19:14:39Z,reddit_arcticshift,posts_search,RD_FULL_Hydroponics,2014-04-01,SUCCESS,200,57,0,3688,
2026-10-07T19:14:40Z,forums_gardenweb,listing,GW_hydroponics,83,SUCCESS,200,1,0,1715,
2026-10-07T19:14:43Z,reddit_arcticshift,posts_search,RD_FULL_Hydroponics,2014-07-01,SUCCESS,200,53,0,3480,
2026-10-07T19:14:45Z,forums_gardenweb,listing,GW_hydroponics,84,SUCCESS,200,1,0,2348,
2026-10-07T19:14:47Z,reddit_arcticshift,posts_search,RD_FULL_Hydroponics,2014-10-01,SUCCESS,200,41,0,4151,
2026-10-07T19:14:50Z,reddit_arcticshift,posts_search,RD_FULL_Hydroponics,2015-01-01,SUCCESS,200,58,0,3163,
2026-10-07T19:14:50Z,forums_gardenweb,listing,GW_hydroponics,85,SUCCESS,200,1,0,3452,
2026-10-07T19:14:54Z,reddit_arcticshift,posts_search,RD_FULL_Hydroponics,2015-04-01,SUCCESS,200,93,0,3614,
2026-10-07T19:14:55Z,forums_gardenweb,listing,GW_hydroponics,86,SUCCESS,200,1,0,3887,
2026-10-07T19:14:56Z,reddit_arcticshift,posts_search,RD_FULL_Hydroponics,2015-07-01,SUCCESS,200,52,0,2848,
2026-10-07T19:14:57Z,forums_gardenweb,listing,GW_hydroponics,87,SUCCESS,200,1,0,1942,
2026-10-07T19:15:00Z,reddit_arcticshift,posts_search,RD_FULL_Hydroponics,2015-10-01,SUCCESS,200,91,0,3432,
2026-10-07T19:15:03Z,forums_gardenweb,listing,GW_hydroponics,88,SUCCESS,200,1,0,4351,
2026-10-07T19:15:04Z,reddit_arcticshift,posts_search,RD_FULL_Hydroponics,2016-01-01,SUCCESS,200,100,0,3628,
2026-10-07T19:15:05Z,forums_gardenweb,listing,GW_hydroponics,89,SUCCESS,200,1,0,2003,
2026-10-07T19:15:06Z,reddit_arcticshift,posts_search,RD_FULL_Hydroponics,2016-04-01,SUCCESS,200,100,0,2785,
2026-10-07T19:15:09Z,reddit_arcticshift,posts_search,RD_FULL_Hydroponics,2016-07-01,SUCCESS,200,99,0,2470,
2026-10-07T19:15:10Z,forums_gardenweb,listing,GW_hydroponics,90,SUCCESS,200,1,0,3074,
2026-10-07T19:15:12Z,reddit_arcticshift,posts_search,RD_FULL_Hydroponics,2016-10-01,SUCCESS,200,89,0,3187,
2026-10-07T19:15:14Z,forums_gardenweb,listing,GW_hydroponics,91,SUCCESS,200,1,0,2941,
2026-10-07T19:15:15Z,reddit_arcticshift,posts_search,RD_FULL_Hydroponics,2017-01-01,SUCCESS,200,100,0,2589,
2026-10-07T19:15:18Z,reddit_arcticshift,posts_search,RD_FULL_Hydroponics,2017-04-01,SUCCESS,200,100,0,3324,
2026-10-07T19:15:18Z,forums_gardenweb,listing,GW_hydroponics,92,SUCCESS,200,1,0,3397,
2026-10-07T19:15:23Z,forums_gardenweb,listing,GW_hydroponics,93,SUCCESS,200,1,0,3914,
2026-10-07T19:15:25Z,forums_gardenweb,listing,GW_hydroponics,94,SUCCESS,200,1,0,1813,
2026-10-07T19:15:29Z,forums_gardenweb,listing,GW_hydroponics,95,SUCCESS,200,1,0,2334,
2026-10-07T19:15:33Z,forums_gardenweb,listing,GW_hydroponics,96,SUCCESS,200,1,0,2268,
2026-10-07T19:15:39Z,forums_gardenweb,listing,GW_hydroponics,97,SUCCESS,200,1,0,3473,
2026-10-07T19:15:42Z,forums_gardenweb,listing,GW_hydroponics,98,SUCCESS,200,1,0,2735,
2026-10-07T19:15:45Z,forums_gardenweb,listing,GW_hydroponics,99,SUCCESS,200,1,0,2162,
2026-10-07T19:15:50Z,forums_gardenweb,listing,GW_hydroponics,100,SUCCESS,200,1,0,2551,
2026-10-07T19:15:52Z,reddit_arcticshift,posts_search,RD_FULL_Hydroponics,2017-07-01,SUCCESS,200,100,2,2831,
2026-10-07T19:15:53Z,forums_gardenweb,listing,GW_hydroponics,101,SUCCESS,200,1,0,2004,
2026-10-07T19:15:55Z,reddit_arcticshift,posts_search,RD_FULL_Hydroponics,2017-10-01,SUCCESS,200,100,0,3395,
2026-10-07T19:15:58Z,forums_gardenweb,listing,GW_hydroponics,102,SUCCESS,200,1,0,3123,
2026-10-07T19:15:58Z,reddit_arcticshift,posts_search,RD_FULL_Hydroponics,2018-01-01,SUCCESS,200,100,0,3210,
2026-10-07T19:16:01Z,reddit_arcticshift,posts_search,RD_FULL_Hydroponics,2018-04-01,SUCCESS,200,100,0,3001,
2026-10-07T19:16:02Z,forums_gardenweb,listing,GW_hydroponics,103,SUCCESS,200,1,0,2987,
2026-10-07T19:16:05Z,forums_gardenweb,listing,GW_hydroponics,104,SUCCESS,200,1,0,2095,
2026-10-07T19:16:10Z,forums_gardenweb,listing,GW_hydroponics,105,SUCCESS,200,1,0,2974,
2026-10-07T19:16:14Z,forums_gardenweb,listing,GW_hydroponics,106,SUCCESS,200,1,0,3215,
2026-10-07T19:16:17Z,forums_gardenweb,listing,GW_hydroponics,107,SUCCESS,200,1,0,2314,
2026-10-07T19:16:22Z,forums_gardenweb,listing,GW_hydroponics,108,SUCCESS,200,1,0,2830,
2026-10-07T19:16:27Z,forums_gardenweb,listing,GW_hydroponics,109,SUCCESS,200,1,0,4407,
2026-10-07T19:16:28Z,forums_gardenweb,listing,GW_hydroponics,110,SUCCESS,200,1,0,824,
2026-10-07T19:16:36Z,forums_gardenweb,listing,GW_hydroponics,111,SUCCESS,200,1,0,4472,
2026-10-07T19:16:38Z,reddit_arcticshift,posts_search,RD_FULL_Hydroponics,2018-07-01,SUCCESS,200,100,2,3776,
2026-10-07T19:16:39Z,forums_gardenweb,listing,GW_hydroponics,112,FAILED,404,0,0,2616,"<!DOCTYPE html><html lang=""en-US"">             <head>                                  <title>Hydroponics - GardenWeb | Houzz</title>                 <meta name=""description"" content=""This forum is fo"
2026-10-07T19:16:42Z,reddit_arcticshift,posts_search,RD_FULL_Hydroponics,2018-10-01,SUCCESS,200,100,0,4025,
2026-10-07T19:16:45Z,reddit_arcticshift,posts_search,RD_FULL_Hydroponics,2019-01-01,SUCCESS,200,100,0,3073,
2026-10-07T19:16:45Z,forums_gardenweb,thread,GW_hydroponics,1995541,SUCCESS,200,1,0,4990,
2026-10-07T19:16:48Z,forums_gardenweb,thread,GW_hydroponics,1995817,SUCCESS,200,1,0,2814,
2026-10-07T19:16:48Z,reddit_arcticshift,posts_search,RD_FULL_Hydroponics,2019-04-01,SUCCESS,200,100,0,3569,
2026-10-07T19:16:52Z,reddit_arcticshift,posts_search,RD_FULL_Hydroponics,2019-07-01,SUCCESS,200,100,0,3561,
2026-10-07T19:16:52Z,forums_gardenweb,thread,GW_hydroponics,1994954,SUCCESS,200,1,0,3365,
2026-10-07T19:16:56Z,reddit_arcticshift,posts_search,RD_FULL_Hydroponics,2019-10-01,SUCCESS,200,100,0,3660,
2026-10-07T19:16:57Z,forums_gardenweb,thread,GW_hydroponics,1998044,SUCCESS,200,1,0,3657,
2026-10-07T19:17:00Z,reddit_arcticshift,posts_search,RD_FULL_Hydroponics,2020-01-01,SUCCESS,200,100,0,4076,
2026-10-07T19:17:00Z,forums_gardenweb,thread,GW_hydroponics,1994614,SUCCESS,200,1,0,2924,
2026-10-07T19:17:04Z,forums_gardenweb,thread,GW_hydroponics,1986912,SUCCESS,200,1,0,3186,
2026-10-07T19:17:10Z,forums_gardenweb,thread,GW_hydroponics,1987857,SUCCESS,200,1,0,5367,
2026-10-07T19:17:16Z,forums_gardenweb,thread,GW_hydroponics,3795211,SUCCESS,200,1,0,5329,
2026-10-07T19:17:18Z,reddit_arcticshift,posts_search,RD_FULL_Hydroponics,2020-04-01,SUCCESS,200,100,1,3542,
2026-10-07T19:17:21Z,forums_gardenweb,thread,GW_hydroponics,1993484,SUCCESS,200,1,0,4802,
2026-10-07T19:17:22Z,reddit_arcticshift,posts_search,RD_FULL_Hydroponics,2020-07-01,SUCCESS,200,100,0,3627,
2026-10-07T19:17:23Z,forums_gardenweb,thread,GW_hydroponics,1986294,SUCCESS,200,1,0,2474,
2026-10-07T19:17:29Z,forums_gardenweb,thread,GW_hydroponics,1994317,SUCCESS,200,1,0,4427,
2026-10-07T19:17:34Z,forums_gardenweb,thread,GW_hydroponics,1983587,SUCCESS,200,1,0,5065,
2026-10-07T19:17:40Z,forums_gardenweb,thread,GW_hydroponics,3611892,SUCCESS,200,1,0,6047,
2026-10-07T19:17:46Z,forums_gardenweb,thread,GW_hydroponics,1992088,SUCCESS,200,1,0,5520,
2026-10-07T19:17:50Z,forums_gardenweb,thread,GW_hydroponics,3012708,SUCCESS,200,1,0,4629,
2026-10-07T19:17:55Z,forums_gardenweb,thread,GW_hydroponics,1996269,SUCCESS,200,1,0,4564,
2026-10-07T19:17:58Z,reddit_arcticshift,posts_search,RD_FULL_Hydroponics,2020-10-01,SUCCESS,200,100,2,3195,
2026-10-07T19:18:01Z,forums_gardenweb,thread,GW_hydroponics,1988007,SUCCESS,200,1,0,6033,
2026-10-07T19:18:05Z,forums_gardenweb,thread,GW_hydroponics,1996927,SUCCESS,200,1,0,4025,
2026-10-07T19:18:09Z,forums_gardenweb,thread,GW_hydroponics,1983836,SUCCESS,200,1,0,4325,
2026-10-07T19:18:15Z,forums_gardenweb,thread,GW_hydroponics,1995503,SUCCESS,200,1,0,5748,
2026-10-07T19:18:16Z,reddit_arcticshift,posts_search,RD_FULL_Hydroponics,2021-01-01,SUCCESS,200,100,1,3537,
2026-10-07T19:18:20Z,forums_gardenweb,thread,GW_hydroponics,1985741,SUCCESS,200,1,0,4319,
2026-10-07T19:18:24Z,forums_gardenweb,thread,GW_hydroponics,1996840,SUCCESS,200,1,0,4730,
2026-10-07T19:18:27Z,forums_gardenweb,thread,GW_hydroponics,1991329,SUCCESS,200,1,0,3000,
2026-10-07T19:18:34Z,reddit_arcticshift,posts_search,RD_FULL_Hydroponics,2021-04-01,SUCCESS,200,100,1,2565,
2026-10-07T19:18:35Z,forums_gardenweb,thread,GW_hydroponics,1985008,SUCCESS,200,1,0,6310,
2026-10-07T19:18:40Z,forums_gardenweb,thread,GW_hydroponics,1992997,SUCCESS,200,1,0,5655,
2026-10-07T19:18:45Z,forums_gardenweb,thread,GW_hydroponics,1992699,SUCCESS,200,1,0,4562,
2026-10-07T19:18:47Z,forums_gardenweb,thread,GW_hydroponics,1989449,SUCCESS,200,1,0,2433,
2026-10-07T19:18:50Z,reddit_arcticshift,posts_search,RD_FULL_Hydroponics,2021-07-01,SUCCESS,200,100,1,2283,
2026-10-07T19:18:53Z,forums_gardenweb,thread,GW_hydroponics,1983023,SUCCESS,200,1,0,3928,
2026-10-07T19:18:54Z,reddit_arcticshift,posts_search,RD_FULL_Hydroponics,2021-10-01,SUCCESS,200,100,0,3853,
2026-10-07T19:18:56Z,forums_gardenweb,thread,GW_hydroponics,1984458,SUCCESS,200,1,0,2605,
2026-10-07T19:19:00Z,forums_gardenweb,thread,GW_hydroponics,1982850,SUCCESS,200,1,0,2990,
2026-10-07T19:19:05Z,forums_gardenweb,thread,GW_hydroponics,5833656,SUCCESS,200,1,0,3988,
2026-10-07T19:19:10Z,forums_gardenweb,thread,GW_hydroponics,5956130,SUCCESS,200,1,0,5250,
2026-10-07T19:19:13Z,reddit_arcticshift,posts_search,RD_FULL_Hydroponics,2022-01-01,SUCCESS,200,100,1,4611,
2026-10-07T19:19:15Z,forums_gardenweb,thread,GW_hydroponics,1991185,SUCCESS,200,1,0,5028,
2026-10-07T19:19:17Z,reddit_arcticshift,posts_search,RD_FULL_Hydroponics,2022-04-01,SUCCESS,200,100,0,4006,
2026-10-07T19:19:19Z,forums_gardenweb,thread,GW_hydroponics,1985872,SUCCESS,200,1,0,3844,
2026-10-07T19:19:24Z,forums_gardenweb,thread,GW_hydroponics,1991981,SUCCESS,200,1,0,4246,
2026-10-07T19:19:27Z,forums_gardenweb,thread,GW_hydroponics,1983736,SUCCESS,200,1,0,3243,
2026-10-07T19:19:30Z,forums_gardenweb,thread,GW_hydroponics,4925827,SUCCESS,200,1,0,2193,
2026-10-07T19:19:34Z,forums_gardenweb,thread,GW_hydroponics,1996786,SUCCESS,200,1,0,2879,
2026-10-07T19:19:37Z,reddit_arcticshift,posts_search,RD_FULL_Hydroponics,2022-07-01,SUCCESS,200,100,1,4097,
2026-10-07T19:19:39Z,forums_gardenweb,thread,GW_hydroponics,1995672,SUCCESS,200,1,0,3396,
2026-10-07T19:19:41Z,reddit_arcticshift,posts_search,RD_FULL_Hydroponics,2022-10-01,SUCCESS,200,100,0,4320,
2026-10-07T19:19:44Z,forums_gardenweb,thread,GW_hydroponics,1984811,SUCCESS,200,1,0,4391,
2026-10-07T19:19:47Z,forums_gardenweb,thread,GW_hydroponics,1990778,SUCCESS,200,1,0,2952,
2026-10-07T19:19:51Z,forums_gardenweb,thread,GW_hydroponics,1988918,SUCCESS,200,1,0,3402,
2026-10-07T19:19:56Z,forums_gardenweb,thread,GW_hydroponics,1989913,SUCCESS,200,1,0,3854,
2026-10-07T19:19:58Z,forums_gardenweb,thread,GW_hydroponics,1987680,SUCCESS,200,1,0,2453,
2026-10-07T19:20:00Z,reddit_arcticshift,posts_search,RD_FULL_Hydroponics,2023-01-01,SUCCESS,200,100,1,3348,
2026-10-07T19:20:04Z,forums_gardenweb,thread,GW_hydroponics,1983055,SUCCESS,200,1,0,4263,
2026-10-07T19:20:10Z,forums_gardenweb,thread,GW_hydroponics,1986076,SUCCESS,200,1,0,5493,
2026-10-07T19:20:14Z,forums_gardenweb,thread,GW_hydroponics,2880059,SUCCESS,200,1,0,3735,
2026-10-07T19:20:18Z,reddit_arcticshift,posts_search,RD_FULL_Hydroponics,2023-04-01,SUCCESS,200,100,1,3571,
2026-10-07T19:20:19Z,forums_gardenweb,thread,GW_hydroponics,1987306,SUCCESS,200,1,0,5144,
2026-10-07T19:20:22Z,reddit_arcticshift,posts_search,RD_FULL_Hydroponics,2023-07-01,SUCCESS,200,100,0,3793,
2026-10-07T19:20:25Z,forums_gardenweb,thread,GW_hydroponics,1990448,SUCCESS,200,1,0,5586,
2026-10-07T19:20:28Z,forums_gardenweb,thread,GW_hydroponics,1998219,SUCCESS,200,1,0,3178,
2026-10-07T19:20:31Z,forums_gardenweb,thread,GW_hydroponics,1991750,SUCCESS,200,1,0,2579,
2026-10-07T19:20:36Z,forums_gardenweb,thread,GW_hydroponics,1997822,SUCCESS,200,1,0,3483,
2026-10-07T19:20:40Z,forums_gardenweb,thread,GW_hydroponics,2999823,SUCCESS,200,1,0,3296,
2026-10-07T19:20:41Z,reddit_arcticshift,posts_search,RD_FULL_Hydroponics,2023-10-01,SUCCESS,200,100,1,4374,
2026-10-07T19:20:43Z,forums_gardenweb,thread,GW_hydroponics,1996346,SUCCESS,200,1,0,2806,
2026-10-07T19:20:49Z,forums_gardenweb,thread,GW_hydroponics,1982686,SUCCESS,200,1,0,4400,
2026-10-07T19:20:53Z,forums_gardenweb,thread,GW_hydroponics,1987544,SUCCESS,200,1,0,4243,
2026-10-07T19:20:59Z,forums_gardenweb,thread,GW_hydroponics,5255924,SUCCESS,200,1,0,5675,
2026-10-07T19:21:00Z,reddit_arcticshift,posts_search,RD_FULL_Hydroponics,2024-01-01,SUCCESS,200,100,1,4298,
2026-10-07T19:21:03Z,forums_gardenweb,thread,GW_hydroponics,2810522,SUCCESS,200,1,0,4162,
2026-10-07T19:21:11Z,forums_gardenweb,thread,GW_hydroponics,2996874,SUCCESS,200,1,0,7348,
2026-10-07T19:21:13Z,forums_gardenweb,thread,GW_hydroponics,1991960,SUCCESS,200,1,0,2660,
2026-10-07T19:21:20Z,forums_gardenweb,thread,GW_hydroponics,1990335,SUCCESS,200,1,0,5415,
2026-10-07T19:21:25Z,forums_gardenweb,thread,GW_hydroponics,2928493,SUCCESS,200,1,0,5305,
2026-10-07T19:21:30Z,forums_gardenweb,thread,GW_hydroponics,4389036,SUCCESS,200,1,0,4633,
2026-10-07T19:21:34Z,forums_gardenweb,thread,GW_hydroponics,1988929,SUCCESS,200,1,0,3936,
2026-10-07T19:21:38Z,forums_gardenweb,thread,GW_hydroponics,1994760,SUCCESS,200,1,0,3484,
2026-10-07T19:21:41Z,forums_gardenweb,thread,GW_hydroponics,1992128,SUCCESS,200,1,0,3203,
2026-10-07T19:21:45Z,forums_gardenweb,thread,GW_hydroponics,1994153,SUCCESS,200,1,0,3341,
2026-10-07T19:21:49Z,forums_gardenweb,thread,GW_hydroponics,1997177,SUCCESS,200,1,0,2858,
2026-10-07T19:21:55Z,forums_gardenweb,thread,GW_hydroponics,1982630,SUCCESS,200,1,0,4825,
2026-10-07T19:21:55Z,reddit_arcticshift,posts_search,RD_FULL_Hydroponics,2024-04-01,SUCCESS,200,100,3,2826,
2026-10-07T19:21:59Z,forums_gardenweb,thread,GW_hydroponics,4820930,SUCCESS,200,1,0,3595,
2026-10-07T19:21:59Z,reddit_arcticshift,posts_search,RD_FULL_Hydroponics,2024-07-01,SUCCESS,200,100,0,3489,
2026-10-07T19:22:02Z,reddit_arcticshift,posts_search,RD_FULL_Hydroponics,2024-10-01,SUCCESS,200,100,0,3525,
2026-10-07T19:22:03Z,forums_gardenweb,thread,GW_hydroponics,5899713,SUCCESS,200,1,0,4012,
2026-10-07T19:22:07Z,forums_gardenweb,thread,GW_hydroponics,1987561,SUCCESS,200,1,0,4056,
2026-10-07T19:22:11Z,forums_gardenweb,thread,GW_hydroponics,1987689,SUCCESS,200,1,0,4168,
2026-10-07T19:22:14Z,forums_gardenweb,thread,GW_hydroponics,1986266,SUCCESS,200,1,0,2410,
2026-10-07T19:22:21Z,forums_gardenweb,thread,GW_hydroponics,1988745,SUCCESS,200,1,0,5513,
2026-10-07T19:22:22Z,reddit_arcticshift,posts_search,RD_FULL_Hydroponics,2025-01-01,SUCCESS,200,100,1,3005,
2026-10-07T19:22:25Z,reddit_arcticshift,posts_search,RD_FULL_Hydroponics,2025-04-01,SUCCESS,200,100,0,3768,
2026-10-07T19:22:26Z,forums_gardenweb,thread,GW_hydroponics,1982928,SUCCESS,200,1,0,4904,
2026-10-07T19:22:29Z,reddit_arcticshift,posts_search,RD_FULL_Hydroponics,2025-07-01,SUCCESS,200,100,0,3138,
2026-10-07T19:22:32Z,forums_gardenweb,thread,GW_hydroponics,1997375,SUCCESS,200,1,0,5799,
2026-10-07T19:22:37Z,forums_gardenweb,thread,GW_hydroponics,1995954,SUCCESS,200,1,0,5144,
2026-10-07T19:22:40Z,forums_gardenweb,thread,GW_hydroponics,1989282,SUCCESS,200,1,0,3175,
2026-10-07T19:22:45Z,forums_gardenweb,thread,GW_hydroponics,1991000,SUCCESS,200,1,0,4138,
2026-10-07T19:22:47Z,reddit_arcticshift,posts_search,RD_FULL_Hydroponics,2025-10-01,SUCCESS,200,100,1,3859,
2026-10-07T19:22:51Z,forums_gardenweb,thread,GW_hydroponics,1986503,SUCCESS,200,1,0,5479,
2026-10-07T19:22:52Z,openalex,openalex_works,AC_adoption_barriers_3193,,SUCCESS,200,25,0,2426,
2026-10-07T19:22:54Z,openalex,openalex_works,AC_adoption_barriers_9666,,SUCCESS,200,25,0,1696,
2026-10-07T19:22:56Z,forums_gardenweb,thread,GW_hydroponics,1988594,SUCCESS,200,1,0,5124,
2026-10-07T19:22:56Z,openalex,openalex_works,AC_adoption_barriers_5095,,SUCCESS,200,25,0,1667,
2026-10-07T19:22:57Z,openalex,openalex_works,AC_adoption_barriers_2360,,SUCCESS,200,25,0,1367,
2026-10-07T19:22:59Z,openalex,openalex_works,AC_beginner_knowledge_1795,,SUCCESS,200,25,0,1607,
2026-10-07T19:23:01Z,openalex,openalex_works,AC_beginner_knowledge_1990,,SUCCESS,200,25,0,1591,
2026-10-07T19:23:01Z,forums_gardenweb,thread,GW_hydroponics,1985256,SUCCESS,200,1,0,5200,
2026-10-07T19:23:02Z,openalex,openalex_works,AC_nutrients_ph_ec_8860,,SUCCESS,200,25,0,1646,
2026-10-07T19:23:03Z,openalex,openalex_works,AC_nutrients_ph_ec_2454,,SUCCESS,200,25,0,850,
2026-10-07T19:23:05Z,forums_gardenweb,thread,GW_hydroponics,1983935,SUCCESS,200,1,0,3658,
2026-10-07T19:23:05Z,openalex,openalex_works,AC_nutrients_ph_ec_5310,,SUCCESS,200,25,0,1644,
2026-10-07T19:23:05Z,reddit_arcticshift,posts_search,RD_FULL_Hydroponics,2026-01-01,SUCCESS,200,100,1,3908,
2026-10-07T19:23:06Z,openalex,openalex_works,AC_iot_monitoring_6590,,SUCCESS,200,25,0,1454,
2026-10-07T19:23:08Z,openalex,openalex_works,AC_iot_monitoring_9500,,SUCCESS,200,25,0,1611,
2026-10-07T19:23:08Z,reddit_arcticshift,posts_search,RD_FULL_Hydroponics,2026-04-01,SUCCESS,200,100,0,3014,
2026-10-07T19:23:09Z,forums_gardenweb,thread,GW_hydroponics,1982769,SUCCESS,200,1,0,3714,
2026-10-07T19:23:09Z,openalex,openalex_works,AC_iot_monitoring_3508,,SUCCESS,200,25,0,702,
2026-10-07T19:23:11Z,openalex,openalex_works,AC_iot_monitoring_1231,,SUCCESS,200,25,0,1687,
2026-10-07T19:23:12Z,openalex,openalex_works,AC_ai_prediction_8015,,SUCCESS,200,25,0,737,
2026-10-07T19:23:12Z,forums_gardenweb,thread,GW_hydroponics,1990270,SUCCESS,200,1,0,3064,
2026-10-07T19:23:13Z,openalex,openalex_works,AC_ai_prediction_0223,,SUCCESS,200,25,0,1714,
2026-10-07T19:23:15Z,openalex,openalex_works,AC_ai_prediction_2275,,SUCCESS,200,25,0,1592,
2026-10-07T19:23:17Z,openalex,openalex_works,AC_growing_media_bagasse_8016,,SUCCESS,200,25,0,1650,
2026-10-07T19:23:17Z,forums_gardenweb,thread,GW_hydroponics,1993327,SUCCESS,200,1,0,4313,
2026-10-07T19:23:19Z,openalex,openalex_works,AC_growing_media_bagasse_0831,,SUCCESS,200,25,0,1687,
2026-10-07T19:23:20Z,forums_gardenweb,thread,GW_hydroponics,1993715,SUCCESS,200,1,0,2916,
2026-10-07T19:23:20Z,openalex,openalex_works,AC_growing_media_bagasse_5211,,SUCCESS,200,25,0,1711,
2026-10-07T19:23:21Z,openalex,openalex_works,AC_growing_media_bagasse_4801,,SUCCESS,200,25,0,722,
2026-10-07T19:23:22Z,openalex,openalex_works,AC_sustainability_8871,,SUCCESS,200,25,0,820,
2026-10-07T19:23:23Z,openalex,openalex_works,AC_sustainability_9962,,SUCCESS,200,25,0,739,
2026-10-07T19:23:24Z,openalex,openalex_works,AC_sustainability_3496,,SUCCESS,200,25,0,1473,
2026-10-07T19:23:25Z,forums_gardenweb,thread,GW_hydroponics,1982824,SUCCESS,200,1,0,3340,
2026-10-07T19:23:26Z,openalex,openalex_works,AC_consumer_acceptance_9225,,SUCCESS,200,25,0,1497,
2026-10-07T19:23:26Z,reddit_arcticshift,posts_search,RD_FULL_Hydroponics,2026-07-01,SUCCESS,200,100,1,2753,
2026-10-07T19:23:28Z,openalex,openalex_works,AC_consumer_acceptance_8126,,SUCCESS,200,25,0,1695,
2026-10-07T19:23:29Z,openalex,openalex_works,AC_consumer_acceptance_2920,,SUCCESS,200,25,0,776,
2026-10-07T19:23:29Z,reddit_arcticshift,posts_search,RD_FULL_Hydroponics,2026-10-01,SUCCESS,200,67,0,2876,
2026-10-07T19:23:31Z,openalex,openalex_works,AC_consumer_acceptance_8693,,SUCCESS,200,25,0,2380,
2026-10-07T19:23:32Z,reddit_arcticshift,posts_first,RD_FULL_hydro,first,SUCCESS,200,1,0,2974,
2026-10-07T19:23:33Z,openalex,openalex_works,AC_indonesia_context_8455,,SUCCESS,200,25,0,1649,
2026-10-07T19:23:33Z,forums_gardenweb,thread,GW_hydroponics,1995806,SUCCESS,200,1,0,7692,
2026-10-07T19:23:34Z,openalex,openalex_works,AC_indonesia_context_6818,,SUCCESS,200,25,0,825,
2026-10-07T19:23:34Z,reddit_arcticshift,posts_search,RD_FULL_hydro,2011-10-01,SUCCESS,200,3,0,1846,
2026-10-07T19:23:35Z,openalex,openalex_works,AC_indonesia_context_3347,,SUCCESS,200,25,0,817,
2026-10-07T19:23:36Z,crossref,crossref_work,AC_CROSSREF,10.3390/horticulturae7090283,SUCCESS,200,1,0,979,
2026-10-07T19:23:36Z,crossref,crossref_work,AC_CROSSREF,10.31326/jisa.v8i1.2209,SUCCESS,200,1,0,360,
2026-10-07T19:23:37Z,crossref,crossref_work,AC_CROSSREF,10.5281/zenodo.19910382,FAILED,404,0,0,348,Resource not found.
2026-10-07T19:23:37Z,crossref,crossref_work,AC_CROSSREF,10.5281/zenodo.19910381,FAILED,404,0,0,577,Resource not found.
2026-10-07T19:23:37Z,forums_gardenweb,thread,GW_hydroponics,1989708,SUCCESS,200,1,0,4301,
2026-10-07T19:23:38Z,crossref,crossref_work,AC_CROSSREF,10.17265/1934-7391/2017.04.005,SUCCESS,200,1,0,302,
2026-10-07T19:23:38Z,crossref,crossref_work,AC_CROSSREF,10.1071/ar9940251,SUCCESS,200,1,0,357,
2026-10-07T19:23:39Z,crossref,crossref_work,AC_CROSSREF,10.31605/jcis.v4i2.1494,SUCCESS,200,1,0,419,
2026-10-07T19:23:39Z,crossref,crossref_work,AC_CROSSREF,10.20956/bioma.v2i2.2828,SUCCESS,200,1,0,317,
2026-10-07T19:23:40Z,crossref,crossref_work,AC_CROSSREF,10.21070/ijins.v25i4.1192,SUCCESS,200,1,0,443,
2026-10-07T19:23:40Z,crossref,crossref_work,AC_CROSSREF,10.21273/hortsci.38.2.222,SUCCESS,200,1,0,443,
2026-10-07T19:23:41Z,crossref,crossref_work,AC_CROSSREF,10.47191/ijcsrr/v5-i9-13,SUCCESS,200,1,0,305,
2026-10-07T19:23:41Z,crossref,crossref_work,AC_CROSSREF,10.21273/hortsci12170-17,SUCCESS,200,1,0,350,
2026-10-07T19:23:42Z,crossref,crossref_work,AC_CROSSREF,10.29408/ab.v2i2.4219,SUCCESS,200,1,0,301,
2026-10-07T19:23:42Z,crossref,crossref_work,AC_CROSSREF,10.5281/zenodo.7054814,FAILED,404,0,0,560,Resource not found.
2026-10-07T19:23:42Z,forums_gardenweb,thread,GW_hydroponics,1994314,SUCCESS,200,1,0,5050,
2026-10-07T19:23:43Z,crossref,crossref_work,AC_CROSSREF,10.24843/jim.2020.v08.i03.p05,SUCCESS,200,1,0,328,
2026-10-07T19:23:43Z,crossref,crossref_work,AC_CROSSREF,10.5402/2012/924672,SUCCESS,200,1,0,432,
2026-10-07T19:23:44Z,crossref,crossref_work,AC_CROSSREF,10.1590/s0102-053620200107,SUCCESS,200,1,0,319,
2026-10-07T19:23:44Z,crossref,crossref_work,AC_CROSSREF,10.1080/19315260.2025.2564829,SUCCESS,200,1,0,348,
2026-10-07T19:23:45Z,crossref,crossref_work,AC_CROSSREF,10.24036/jtein.v4i2.528,SUCCESS,200,1,0,322,
2026-10-07T19:23:49Z,forums_gardenweb,thread,GW_hydroponics,1995845,SUCCESS,200,1,0,6454,
2026-10-07T19:23:51Z,reddit_arcticshift,posts_search,RD_FULL_hydro,2012-01-01,SUCCESS,200,34,1,2216,
2026-10-07T19:23:52Z,forums_gardenweb,thread,GW_hydroponics,1997854,SUCCESS,200,1,0,3165,
2026-10-07T19:23:55Z,reddit_arcticshift,posts_search,RD_FULL_hydro,2012-04-01,SUCCESS,200,84,0,3021,
2026-10-07T19:23:55Z,openalex,openalex_works,AC_adoption_barriers_3141,,SUCCESS,200,25,0,2115,
2026-10-07T19:23:57Z,openalex,openalex_works,AC_adoption_barriers_0245,,SUCCESS,200,25,0,1686,
2026-10-07T19:23:57Z,forums_gardenweb,thread,GW_hydroponics,1994611,SUCCESS,200,1,0,4162,
2026-10-07T19:23:57Z,reddit_arcticshift,posts_search,RD_FULL_hydro,2012-07-01,SUCCESS,200,100,0,2422,
2026-10-07T19:23:58Z,openalex,openalex_works,AC_adoption_barriers_3872,,SUCCESS,200,25,0,1579,
2026-10-07T19:24:00Z,reddit_arcticshift,posts_search,RD_FULL_hydro,2012-10-01,SUCCESS,200,100,0,2329,
2026-10-07T19:24:00Z,openalex,openalex_works,AC_adoption_barriers_0964,,SUCCESS,200,25,0,1361,
2026-10-07T19:24:01Z,openalex,openalex_works,AC_beginner_knowledge_6046,,SUCCESS,200,25,0,843,
2026-10-07T19:24:01Z,forums_gardenweb,thread,GW_hydroponics,1996289,SUCCESS,200,1,0,3517,
2026-10-07T19:24:03Z,openalex,openalex_works,AC_beginner_knowledge_4493,,SUCCESS,200,25,0,2821,
2026-10-07T19:24:07Z,forums_gardenweb,thread,GW_hydroponics,1983621,SUCCESS,200,1,0,5919,
2026-10-07T19:24:07Z,openalex,openalex_works,AC_nutrients_ph_ec_1989,,SUCCESS,200,25,0,3547,
2026-10-07T19:24:09Z,openalex,openalex_works,AC_nutrients_ph_ec_1245,,SUCCESS,200,25,0,2003,
2026-10-07T19:24:12Z,openalex,openalex_works,AC_nutrients_ph_ec_5262,,SUCCESS,200,25,0,2650,
2026-10-07T19:24:12Z,forums_gardenweb,thread,GW_hydroponics,1988699,SUCCESS,200,1,0,4934,
2026-10-07T19:24:14Z,openalex,openalex_works,AC_iot_monitoring_2324,,SUCCESS,200,25,0,1639,
2026-10-07T19:24:15Z,forums_gardenweb,thread,GW_hydroponics,1985195,SUCCESS,200,1,0,2462,
2026-10-07T19:24:15Z,openalex,openalex_works,AC_iot_monitoring_3709,,SUCCESS,200,25,0,1677,
2026-10-07T19:24:17Z,openalex,openalex_works,AC_iot_monitoring_6899,,SUCCESS,200,25,0,1342,
2026-10-07T19:24:17Z,reddit_arcticshift,posts_search,RD_FULL_hydro,2013-01-01,SUCCESS,200,100,1,3059,
2026-10-07T19:24:19Z,openalex,openalex_works,AC_iot_monitoring_4602,,SUCCESS,200,25,0,1720,
2026-10-07T19:24:19Z,forums_gardenweb,thread,GW_hydroponics,1997237,SUCCESS,200,1,0,3303,
2026-10-07T19:24:20Z,openalex,openalex_works,AC_ai_prediction_6559,,SUCCESS,200,25,0,1508,
2026-10-07T19:24:20Z,reddit_arcticshift,posts_search,RD_FULL_hydro,2013-04-01,SUCCESS,200,100,0,3276,
2026-10-07T19:24:22Z,openalex,openalex_works,AC_ai_prediction_4772,,SUCCESS,200,25,0,1600,
2026-10-07T19:24:24Z,openalex,openalex_works,AC_ai_prediction_8814,,SUCCESS,200,25,0,1632,
2026-10-07T19:24:25Z,openalex,openalex_works,AC_growing_media_bagasse_0695,,SUCCESS,200,25,0,1739,
2026-10-07T19:24:27Z,openalex,openalex_works,AC_growing_media_bagasse_2988,,SUCCESS,200,25,0,1571,
2026-10-07T19:24:28Z,forums_gardenweb,thread,GW_hydroponics,1991295,SUCCESS,200,1,0,8359,
2026-10-07T19:24:29Z,openalex,openalex_works,AC_growing_media_bagasse_7796,,SUCCESS,200,25,0,1459,
2026-10-07T19:24:30Z,openalex,openalex_works,AC_growing_media_bagasse_6178,,SUCCESS,200,25,0,1321,
2026-10-07T19:24:32Z,openalex,openalex_works,AC_sustainability_8021,,SUCCESS,200,25,0,1732,
2026-10-07T19:24:34Z,openalex,openalex_works,AC_sustainability_7374,,SUCCESS,200,25,0,1623,
2026-10-07T19:24:34Z,forums_gardenweb,thread,GW_hydroponics,1991208,SUCCESS,200,1,0,5920,
2026-10-07T19:24:34Z,openalex,openalex_works,AC_sustainability_8633,,SUCCESS,200,25,0,787,
2026-10-07T19:24:36Z,openalex,openalex_works,AC_consumer_acceptance_7534,,SUCCESS,200,25,0,1664,
2026-10-07T19:24:38Z,openalex,openalex_works,AC_consumer_acceptance_5274,,SUCCESS,200,25,0,1648,
2026-10-07T19:24:38Z,forums_gardenweb,thread,GW_hydroponics,1996264,SUCCESS,200,1,0,3865,
2026-10-07T19:24:40Z,openalex,openalex_works,AC_consumer_acceptance_6118,,SUCCESS,200,25,0,1462,
2026-10-07T19:24:41Z,openalex,openalex_works,AC_consumer_acceptance_1874,,SUCCESS,200,25,0,1719,
2026-10-07T19:24:43Z,openalex,openalex_works,AC_indonesia_context_0210,,SUCCESS,200,25,0,1583,
2026-10-07T19:24:43Z,forums_gardenweb,thread,GW_hydroponics,1984019,SUCCESS,200,1,0,4965,
2026-10-07T19:24:45Z,openalex,openalex_works,AC_indonesia_context_7713,,SUCCESS,200,25,0,1669,
2026-10-07T19:24:46Z,openalex,openalex_works,AC_indonesia_context_4362,,SUCCESS,200,25,0,1314,
2026-10-07T19:24:47Z,crossref,crossref_work,AC_CROSSREF,10.3390/horticulturae7090283,SUCCESS,200,1,0,997,
2026-10-07T19:24:48Z,crossref,crossref_work,AC_CROSSREF,10.31326/jisa.v8i1.2209,SUCCESS,200,1,0,370,
2026-10-07T19:24:48Z,crossref,crossref_work,AC_CROSSREF,10.5281/zenodo.19910382,FAILED,404,0,0,328,Resource not found.
2026-10-07T19:24:48Z,forums_gardenweb,thread,GW_hydroponics,1996446,SUCCESS,200,1,0,4712,
2026-10-07T19:24:49Z,crossref,crossref_work,AC_CROSSREF,10.5281/zenodo.19910381,FAILED,404,0,0,314,Resource not found.
2026-10-07T19:24:49Z,crossref,crossref_work,AC_CROSSREF,10.17265/1934-7391/2017.04.005,SUCCESS,200,1,0,313,
2026-10-07T19:24:50Z,crossref,crossref_work,AC_CROSSREF,10.1071/ar9940251,SUCCESS,200,1,0,438,
2026-10-07T19:24:50Z,crossref,crossref_work,AC_CROSSREF,10.31605/jcis.v4i2.1494,SUCCESS,200,1,0,311,
2026-10-07T19:24:51Z,crossref,crossref_work,AC_CROSSREF,10.20956/bioma.v2i2.2828,SUCCESS,200,1,0,349,
2026-10-07T19:24:51Z,crossref,crossref_work,AC_CROSSREF,10.21070/ijins.v25i4.1192,SUCCESS,200,1,0,341,
2026-10-07T19:24:52Z,crossref,crossref_work,AC_CROSSREF,10.21273/hortsci.38.2.222,SUCCESS,200,1,0,325,
2026-10-07T19:24:52Z,crossref,crossref_work,AC_CROSSREF,10.47191/ijcsrr/v5-i9-13,SUCCESS,200,1,0,313,
2026-10-07T19:24:53Z,crossref,crossref_work,AC_CROSSREF,10.21273/hortsci12170-17,SUCCESS,200,1,0,331,
2026-10-07T19:24:53Z,crossref,crossref_work,AC_CROSSREF,10.29408/ab.v2i2.4219,SUCCESS,200,1,0,327,
2026-10-07T19:24:53Z,forums_gardenweb,thread,GW_hydroponics,1994190,SUCCESS,200,1,0,5031,
2026-10-07T19:24:54Z,crossref,crossref_work,AC_CROSSREF,10.5281/zenodo.7054814,FAILED,404,0,0,300,Resource not found.
2026-10-07T19:24:54Z,crossref,crossref_work,AC_CROSSREF,10.24843/jim.2020.v08.i03.p05,SUCCESS,200,1,0,316,
2026-10-07T19:24:55Z,crossref,crossref_work,AC_CROSSREF,10.5402/2012/924672,SUCCESS,200,1,0,311,
2026-10-07T19:24:55Z,crossref,crossref_work,AC_CROSSREF,10.1590/s0102-053620200107,SUCCESS,200,1,0,333,
2026-10-07T19:24:56Z,crossref,crossref_work,AC_CROSSREF,10.1080/19315260.2025.2564829,SUCCESS,200,1,0,310,
2026-10-07T19:24:56Z,crossref,crossref_work,AC_CROSSREF,10.24036/jtein.v4i2.528,SUCCESS,200,1,0,347,
2026-10-07T19:24:59Z,forums_gardenweb,thread,GW_hydroponics,1998272,SUCCESS,200,1,0,5569,
2026-10-07T19:25:03Z,openalex,openalex_works,AC_adoption_barriers_3991,,SUCCESS,200,25,0,1724,
2026-10-07T19:25:04Z,forums_gardenweb,thread,GW_hydroponics,1993040,SUCCESS,200,1,0,4913,
2026-10-07T19:25:04Z,openalex,openalex_works,AC_adoption_barriers_1957,,SUCCESS,200,25,0,1618,
2026-10-07T19:25:06Z,openalex,openalex_works,AC_adoption_barriers_8538,,SUCCESS,200,25,0,1620,
2026-10-07T19:25:07Z,openalex,openalex_works,AC_adoption_barriers_6174,,SUCCESS,200,25,0,1337,
2026-10-07T19:25:08Z,openalex,openalex_works,AC_beginner_knowledge_9796,,SUCCESS,200,25,0,797,
2026-10-07T19:25:10Z,forums_gardenweb,thread,GW_hydroponics,1998120,SUCCESS,200,1,0,6160,
2026-10-07T19:25:10Z,openalex,openalex_works,AC_beginner_knowledge_4550,,SUCCESS,200,25,0,1686,
2026-10-07T19:25:11Z,openalex,openalex_works,AC_nutrients_ph_ec_4042,,SUCCESS,200,25,0,853,
2026-10-07T19:25:13Z,openalex,openalex_works,AC_nutrients_ph_ec_7322,,SUCCESS,200,25,0,1714,
2026-10-07T19:25:15Z,openalex,openalex_works,AC_nutrients_ph_ec_3545,,SUCCESS,200,25,0,1631,
2026-10-07T19:25:16Z,openalex,openalex_works,AC_iot_monitoring_7054,,SUCCESS,200,25,0,1362,
2026-10-07T19:25:16Z,forums_gardenweb,thread,GW_hydroponics,1986335,SUCCESS,200,1,0,6444,
2026-10-07T19:25:18Z,openalex,openalex_works,AC_iot_monitoring_4870,,SUCCESS,200,25,0,1766,
2026-10-07T19:25:19Z,openalex,openalex_works,AC_iot_monitoring_2807,,SUCCESS,200,25,0,1375,
2026-10-07T19:25:21Z,openalex,openalex_works,AC_iot_monitoring_1718,,SUCCESS,200,25,0,1545,
2026-10-07T19:25:22Z,forums_gardenweb,thread,GW_hydroponics,6179362,SUCCESS,200,1,0,5089,
2026-10-07T19:25:23Z,openalex,openalex_works,AC_ai_prediction_4621,,SUCCESS,200,25,0,1835,
2026-10-07T19:25:24Z,openalex,openalex_works,AC_ai_prediction_4917,,SUCCESS,200,25,0,793,
2026-10-07T19:25:25Z,forums_gardenweb,thread,GW_hydroponics,1990272,SUCCESS,200,1,0,3681,
2026-10-07T19:25:26Z,openalex,openalex_works,AC_ai_prediction_7042,,SUCCESS,200,25,0,1690,
2026-10-07T19:25:27Z,openalex,openalex_works,AC_growing_media_bagasse_1624,,SUCCESS,200,25,0,1417,
2026-10-07T19:25:29Z,openalex,openalex_works,AC_growing_media_bagasse_9233,,SUCCESS,200,25,0,1623,
2026-10-07T19:25:30Z,forums_gardenweb,thread,GW_hydroponics,1990504,SUCCESS,200,1,0,4586,
2026-10-07T19:25:30Z,openalex,openalex_works,AC_growing_media_bagasse_3627,,SUCCESS,200,25,0,1606,
2026-10-07T19:25:32Z,openalex,openalex_works,AC_growing_media_bagasse_7783,,SUCCESS,200,25,0,1314,
2026-10-07T19:25:33Z,openalex,openalex_works,AC_sustainability_2528,,SUCCESS,200,25,0,1408,
2026-10-07T19:25:35Z,openalex,openalex_works,AC_sustainability_3284,,SUCCESS,200,25,0,1656,
2026-10-07T19:25:37Z,openalex,openalex_works,AC_sustainability_9017,,SUCCESS,200,25,0,1606,
2026-10-07T19:25:37Z,forums_gardenweb,thread,GW_hydroponics,1991423,SUCCESS,200,1,0,6765,
2026-10-07T19:25:38Z,openalex,openalex_works,AC_consumer_acceptance_3324,,SUCCESS,200,25,0,745,
2026-10-07T19:25:38Z,openalex,openalex_works,AC_consumer_acceptance_2573,,SUCCESS,200,25,0,761,
2026-10-07T19:25:40Z,openalex,openalex_works,AC_consumer_acceptance_4257,,SUCCESS,200,25,0,1398,
2026-10-07T19:25:42Z,openalex,openalex_works,AC_consumer_acceptance_8690,,SUCCESS,200,25,0,1635,
2026-10-07T19:25:43Z,openalex,openalex_works,AC_indonesia_context_9585,,SUCCESS,200,25,0,1569,
2026-10-07T19:25:44Z,forums_gardenweb,thread,GW_hydroponics,1997621,SUCCESS,200,1,0,7139,
2026-10-07T19:25:45Z,openalex,openalex_works,AC_indonesia_context_9274,,SUCCESS,200,25,0,1624,
2026-10-07T19:25:46Z,openalex,openalex_works,AC_indonesia_context_5245,,SUCCESS,200,25,0,1325,
2026-10-07T19:25:48Z,crossref,crossref_work,AC_CROSSREF,10.3390/horticulturae7090283,SUCCESS,200,1,0,1003,
2026-10-07T19:25:48Z,crossref,crossref_work,AC_CROSSREF,10.31326/jisa.v8i1.2209,SUCCESS,200,1,0,300,
2026-10-07T19:25:48Z,forums_gardenweb,thread,GW_hydroponics,1995859,SUCCESS,200,1,0,3916,
2026-10-07T19:25:48Z,crossref,crossref_work,AC_CROSSREF,10.5281/zenodo.19910382,FAILED,404,0,0,306,Resource not found.
2026-10-07T19:25:49Z,crossref,crossref_work,AC_CROSSREF,10.5281/zenodo.19910381,FAILED,404,0,0,311,Resource not found.
2026-10-07T19:25:49Z,crossref,crossref_work,AC_CROSSREF,10.17265/1934-7391/2017.04.005,SUCCESS,200,1,0,360,
2026-10-07T19:25:50Z,crossref,crossref_work,AC_CROSSREF,10.1071/ar9940251,SUCCESS,200,1,0,301,
2026-10-07T19:25:50Z,crossref,crossref_work,AC_CROSSREF,10.31605/jcis.v4i2.1494,SUCCESS,200,1,0,301,
2026-10-07T19:25:51Z,crossref,crossref_work,AC_CROSSREF,10.20956/bioma.v2i2.2828,SUCCESS,200,1,0,354,
2026-10-07T19:25:51Z,crossref,crossref_work,AC_CROSSREF,10.21070/ijins.v25i4.1192,SUCCESS,200,1,0,295,
2026-10-07T19:25:52Z,crossref,crossref_work,AC_CROSSREF,10.21273/hortsci.38.2.222,SUCCESS,200,1,0,466,
2026-10-07T19:25:52Z,crossref,crossref_work,AC_CROSSREF,10.47191/ijcsrr/v5-i9-13,SUCCESS,200,1,0,301,
2026-10-07T19:25:52Z,forums_gardenweb,thread,GW_hydroponics,1994949,SUCCESS,200,1,0,4238,
2026-10-07T19:25:53Z,crossref,crossref_work,AC_CROSSREF,10.21273/hortsci12170-17,SUCCESS,200,1,0,379,
2026-10-07T19:25:53Z,crossref,crossref_work,AC_CROSSREF,10.29408/ab.v2i2.4219,SUCCESS,200,1,0,299,
2026-10-07T19:25:54Z,crossref,crossref_work,AC_CROSSREF,10.5281/zenodo.7054814,FAILED,404,0,0,296,Resource not found.
2026-10-07T19:25:54Z,crossref,crossref_work,AC_CROSSREF,10.24843/jim.2020.v08.i03.p05,SUCCESS,200,1,0,301,
2026-10-07T19:25:55Z,crossref,crossref_work,AC_CROSSREF,10.5402/2012/924672,SUCCESS,200,1,0,298,
2026-10-07T19:25:55Z,crossref,crossref_work,AC_CROSSREF,10.1590/s0102-053620200107,SUCCESS,200,1,0,300,
2026-10-07T19:25:56Z,crossref,crossref_work,AC_CROSSREF,10.1080/19315260.2025.2564829,SUCCESS,200,1,0,320,
2026-10-07T19:25:56Z,crossref,crossref_work,AC_CROSSREF,10.24036/jtein.v4i2.528,SUCCESS,200,1,0,299,
2026-10-07T19:25:57Z,crossref,crossref_work,AC_CROSSREF,10.37637/ab.v8i3.2393,SUCCESS,200,1,0,305,
2026-10-07T19:25:57Z,crossref,crossref_work,AC_CROSSREF,10.47191/ijmra/v6-i7-50,SUCCESS,200,1,0,355,
2026-10-07T19:25:58Z,forums_gardenweb,thread,GW_hydroponics,1990675,SUCCESS,200,1,0,5429,
2026-10-07T19:25:58Z,crossref,crossref_work,AC_CROSSREF,10.5281/zenodo.8183074,FAILED,404,0,0,311,Resource not found.
2026-10-07T19:25:59Z,crossref,crossref_work,AC_CROSSREF,10.31893/multirev.2026499,SUCCESS,200,1,0,378,
2026-10-07T19:25:59Z,crossref,crossref_work,AC_CROSSREF,10.14710/agrisocionomics.v7i3.15942,SUCCESS,200,1,0,325,
2026-10-07T19:25:59Z,crossref,crossref_work,AC_CROSSREF,10.31537/biosapphire.v4i2.2632,SUCCESS,200,1,0,304,
2026-10-07T19:26:00Z,crossref,crossref_work,AC_CROSSREF,10.33068/iccd.v7i1.848,SUCCESS,200,1,0,299,
2026-10-07T19:26:01Z,crossref,crossref_work,AC_CROSSREF,10.33545/26180723.2026.v9.i9b.4175,SUCCESS,200,1,0,456,
2026-10-07T19:26:01Z,crossref,crossref_work,AC_CROSSREF,10.1139/cjps-2023-0034,SUCCESS,200,1,0,323,
2026-10-07T19:26:01Z,crossref,crossref_work,AC_CROSSREF,10.30630/eji.14.2.306,SUCCESS,200,1,0,322,
2026-10-07T19:26:02Z,reddit_arcticshift,posts_search,RD_FULL_hydro,2013-07-01,SUCCESS,200,100,5,2539,
2026-10-07T19:26:02Z,crossref,crossref_work,AC_CROSSREF,10.1079/ejhs.2010/1861507,SUCCESS,200,1,0,376,
2026-10-07T19:26:02Z,forums_gardenweb,thread,GW_hydroponics,2810514,SUCCESS,200,1,0,4401,
2026-10-07T19:26:02Z,crossref,crossref_work,AC_CROSSREF,10.3390/agronomy11061220,SUCCESS,200,1,0,323,
2026-10-07T19:26:03Z,crossref,crossref_work,AC_CROSSREF,10.47065/bees.v6i3.9153,FAILED,404,0,0,307,Resource not found.
2026-10-07T19:26:04Z,crossref,crossref_work,AC_CROSSREF,10.32672/jnkti.v8i1.8477,SUCCESS,200,1,0,345,
2026-10-07T19:26:04Z,crossref,crossref_work,AC_CROSSREF,10.31599/1p701960,FAILED,404,0,0,303,Resource not found.
2026-10-07T19:26:04Z,crossref,crossref_work,AC_CROSSREF,10.1590/1807-1929/agriambi.v19n12p1152-1158,SUCCESS,200,1,0,312,
2026-10-07T19:26:05Z,crossref,crossref_work,AC_CROSSREF,10.3389/fpls.2021.645671,SUCCESS,200,1,0,328,
2026-10-07T19:26:05Z,reddit_arcticshift,posts_search,RD_FULL_hydro,2013-10-01,SUCCESS,200,100,0,3240,
2026-10-07T19:26:05Z,crossref,crossref_work,AC_CROSSREF,10.33369/diklabio.4.1.86-93,SUCCESS,200,1,0,317,
2026-10-07T19:26:06Z,crossref,crossref_work,AC_CROSSREF,10.1590/0103-8478cr20220076,SUCCESS,200,1,0,321,
2026-10-07T19:26:07Z,crossref,crossref_work,AC_CROSSREF,10.1590/s0100-69162013000400011,SUCCESS,200,1,0,314,
2026-10-07T19:26:07Z,forums_gardenweb,thread,GW_hydroponics,1991102,SUCCESS,200,1,0,4387,
2026-10-07T19:26:07Z,crossref,crossref_work,AC_CROSSREF,10.26858/pengabdi.v1i1.15717,FAILED,404,0,0,308,Resource not found.
2026-10-07T19:26:08Z,crossref,crossref_work,AC_CROSSREF,10.21070/pels.v4i0.1413,SUCCESS,200,1,0,348,
2026-10-07T19:26:08Z,crossref,crossref_work,AC_CROSSREF,10.33096/busiti.v4i4.1141,SUCCESS,200,1,0,359,
2026-10-07T19:26:09Z,crossref,crossref_work,AC_CROSSREF,10.1109/access.2025.3576440,SUCCESS,200,1,0,337,
2026-10-07T19:26:09Z,crossref,crossref_work,AC_CROSSREF,10.1016/j.scienta.2021.109896,SUCCESS,200,1,0,340,
2026-10-07T19:26:10Z,crossref,crossref_work,AC_CROSSREF,10.31572/inotera.vol9.iss2.2024.id367,SUCCESS,200,1,0,351,
2026-10-07T19:26:10Z,crossref,crossref_work,AC_CROSSREF,10.31537/jernih.v1i01.1085,SUCCESS,200,1,0,357,
2026-10-07T19:26:10Z,forums_gardenweb,thread,GW_hydroponics,1994255,SUCCESS,200,1,0,3664,
2026-10-07T19:26:11Z,crossref,crossref_work,AC_CROSSREF,10.3390/su16156420,SUCCESS,200,1,0,308,
2026-10-07T19:26:11Z,crossref,crossref_work,AC_CROSSREF,10.24269/mtkind.v16i1.4342,SUCCESS,200,1,0,375,
2026-10-07T19:26:12Z,crossref,crossref_work,AC_CROSSREF,10.1016/j.iswcr.2016.04.001,SUCCESS,200,1,0,308,
2026-10-07T19:26:12Z,crossref,crossref_work,AC_CROSSREF,10.5539/jas.v9n7p1,SUCCESS,200,1,0,305,
2026-10-07T19:26:13Z,crossref,crossref_work,AC_CROSSREF,10.57239/pjlss-2024-22.2.00468,SUCCESS,200,1,0,308,
2026-10-07T19:26:13Z,crossref,crossref_work,AC_CROSSREF,10.1080/09718524.2020.1830338,SUCCESS,200,1,0,304,
2026-10-07T19:26:14Z,crossref,crossref_work,AC_CROSSREF,10.55241/spibio.v6i2.554,SUCCESS,200,1,0,304,
2026-10-07T19:26:14Z,crossref,crossref_work,AC_CROSSREF,10.24843/jlk.2022.v11.i01.p11,SUCCESS,200,1,0,313,
2026-10-07T19:26:14Z,forums_gardenweb,thread,GW_hydroponics,3140824,SUCCESS,200,1,0,3321,
2026-10-07T19:26:15Z,crossref,crossref_work,AC_CROSSREF,10.32528/ipteks.v8i2.7727,SUCCESS,200,1,0,306,
2026-10-07T19:26:20Z,forums_gardenweb,thread,GW_hydroponics,1998228,SUCCESS,200,1,0,5398,
2026-10-07T19:26:24Z,reddit_arcticshift,posts_search,RD_FULL_hydro,2014-01-01,SUCCESS,200,100,1,3014,
2026-10-07T19:26:25Z,forums_gardenweb,thread,GW_hydroponics,1994938,SUCCESS,200,1,0,5111,
2026-10-07T19:26:27Z,reddit_arcticshift,posts_search,RD_FULL_hydro,2014-04-01,SUCCESS,200,100,0,2726,
2026-10-07T19:26:30Z,reddit_arcticshift,posts_search,RD_FULL_hydro,2014-07-01,SUCCESS,200,100,0,2464,
2026-10-07T19:26:30Z,forums_gardenweb,thread,GW_hydroponics,1995590,SUCCESS,200,1,0,4910,
2026-10-07T19:26:31Z,reddit_arcticshift,posts_search,RD_FULL_hydro,2014-10-01,SUCCESS,200,100,0,1878,
2026-10-07T19:26:36Z,forums_gardenweb,thread,GW_hydroponics,1992200,SUCCESS,200,1,0,6093,
2026-10-07T19:26:43Z,forums_gardenweb,thread,GW_hydroponics,1988528,SUCCESS,200,1,0,6688,
2026-10-07T19:26:50Z,forums_gardenweb,thread,GW_hydroponics,1988077,SUCCESS,200,1,0,6677,
2026-10-07T19:26:50Z,reddit_arcticshift,posts_search,RD_FULL_hydro,2015-01-01,SUCCESS,200,100,1,3602,
2026-10-07T19:26:54Z,forums_gardenweb,thread,GW_hydroponics,1992938,SUCCESS,200,1,0,4348,
2026-10-07T19:27:00Z,forums_gardenweb,thread,GW_hydroponics,1991867,SUCCESS,200,1,0,5531,
2026-10-07T19:27:05Z,forums_gardenweb,thread,GW_hydroponics,4559694,SUCCESS,200,1,0,4909,
2026-10-07T19:27:08Z,reddit_arcticshift,posts_search,RD_FULL_hydro,2015-04-01,SUCCESS,200,100,1,2353,
2026-10-07T19:27:09Z,forums_gardenweb,thread,GW_hydroponics,1996782,SUCCESS,200,1,0,4594,
2026-10-07T19:27:13Z,forums_gardenweb,thread,GW_hydroponics,1990836,SUCCESS,200,1,0,3403,
2026-10-07T19:27:21Z,forums_gardenweb,thread,GW_hydroponics,1996824,SUCCESS,200,1,0,7561,
2026-10-07T19:27:25Z,reddit_arcticshift,posts_search,RD_FULL_hydro,2015-07-01,SUCCESS,200,100,1,3242,
2026-10-07T19:27:25Z,forums_gardenweb,thread,GW_hydroponics,1992932,SUCCESS,200,1,0,4318,
2026-10-07T19:27:29Z,reddit_arcticshift,posts_search,RD_FULL_hydro,2015-10-01,SUCCESS,200,100,0,3421,
2026-10-07T19:27:34Z,forums_gardenweb,thread,GW_hydroponics,1990893,SUCCESS,200,1,0,8281,
2026-10-07T19:27:38Z,forums_gardenweb,thread,GW_hydroponics,1987048,SUCCESS,200,1,0,4187,
2026-10-07T19:27:42Z,forums_gardenweb,thread,GW_hydroponics,1998074,SUCCESS,200,1,0,4143,
2026-10-07T19:27:46Z,reddit_arcticshift,posts_search,RD_FULL_hydro,2016-01-01,SUCCESS,200,100,1,2910,
2026-10-07T19:27:49Z,forums_gardenweb,thread,GW_hydroponics,1991127,SUCCESS,200,1,0,6858,
2026-10-07T19:27:57Z,forums_gardenweb,thread,GW_hydroponics,1982799,SUCCESS,200,1,0,7715,
2026-10-07T19:28:02Z,forums_gardenweb,thread,GW_hydroponics,1996877,SUCCESS,200,1,0,4907,
2026-10-07T19:28:07Z,forums_gardenweb,thread,GW_hydroponics,1990715,SUCCESS,200,1,0,5151,
2026-10-07T19:28:11Z,forums_gardenweb,thread,GW_hydroponics,1998774,SUCCESS,200,1,0,4062,
2026-10-07T19:28:17Z,forums_gardenweb,thread,GW_hydroponics,1997875,SUCCESS,200,1,0,5863,
2026-10-07T19:28:21Z,reddit_arcticshift,posts_search,RD_FULL_hydro,2016-04-01,SUCCESS,200,100,2,3443,
2026-10-07T19:28:23Z,forums_gardenweb,thread,GW_hydroponics,1997589,SUCCESS,200,1,0,6331,
2026-10-07T19:28:28Z,forums_gardenweb,thread,GW_hydroponics,1997986,SUCCESS,200,1,0,5130,
2026-10-07T19:28:36Z,forums_gardenweb,thread,GW_hydroponics,3574118,SUCCESS,200,1,0,7765,
2026-10-07T19:28:39Z,reddit_arcticshift,posts_search,RD_FULL_hydro,2016-07-01,SUCCESS,200,100,1,3480,
2026-10-07T19:28:41Z,forums_gardenweb,thread,GW_hydroponics,1987791,SUCCESS,200,1,0,4592,
2026-10-07T19:28:43Z,reddit_arcticshift,posts_search,RD_FULL_hydro,2016-10-01,SUCCESS,200,100,0,3715,
2026-10-07T19:28:46Z,reddit_arcticshift,posts_search,RD_FULL_hydro,2017-01-01,SUCCESS,200,100,0,3414,
2026-10-07T19:28:49Z,forums_gardenweb,thread,GW_hydroponics,4804567,SUCCESS,200,1,0,7896,
2026-10-07T19:28:56Z,forums_gardenweb,thread,GW_hydroponics,1996943,SUCCESS,200,1,0,6726,
2026-10-07T19:29:04Z,forums_gardenweb,thread,GW_hydroponics,1984225,SUCCESS,200,1,0,8808,
2026-10-07T19:29:10Z,forums_gardenweb,thread,GW_hydroponics,1985096,SUCCESS,200,1,0,5782,
2026-10-07T19:29:20Z,reddit_arcticshift,posts_search,RD_FULL_hydro,2017-04-01,SUCCESS,200,100,2,1759,
2026-10-07T19:29:20Z,forums_gardenweb,thread,GW_hydroponics,1984034,SUCCESS,200,1,0,10227,
2026-10-07T19:29:27Z,forums_gardenweb,thread,GW_hydroponics,1995209,SUCCESS,200,1,0,6691,
2026-10-07T19:29:32Z,forums_gardenweb,thread,GW_hydroponics,5190386,SUCCESS,200,1,0,4352,
2026-10-07T19:29:36Z,forums_gardenweb,thread,GW_hydroponics,3250438,SUCCESS,200,1,0,4030,
2026-10-07T19:29:38Z,reddit_arcticshift,posts_search,RD_FULL_hydro,2017-07-01,SUCCESS,200,100,1,3482,
2026-10-07T19:29:40Z,reddit_arcticshift,posts_search,RD_FULL_hydro,2017-10-01,SUCCESS,200,100,0,2819,
2026-10-07T19:29:41Z,forums_gardenweb,thread,GW_hydroponics,1996303,SUCCESS,200,1,0,5596,
2026-10-07T19:29:46Z,forums_gardenweb,thread,GW_hydroponics,2838898,SUCCESS,200,1,0,4431,
2026-10-07T19:29:51Z,forums_gardenweb,thread,GW_hydroponics,1990411,SUCCESS,200,1,0,4890,
2026-10-07T19:29:55Z,forums_gardenweb,thread,GW_hydroponics,1985373,SUCCESS,200,1,0,4818,
2026-10-07T19:30:00Z,forums_gardenweb,thread,GW_hydroponics,1990300,SUCCESS,200,1,0,4470,
2026-10-07T19:30:01Z,reddit_arcticshift,posts_search,RD_FULL_hydro,2018-01-01,SUCCESS,200,100,1,3576,
2026-10-07T19:30:06Z,forums_gardenweb,thread,GW_hydroponics,3391414,SUCCESS,200,1,0,5704,
2026-10-07T19:30:13Z,forums_gardenweb,thread,GW_hydroponics,1985111,SUCCESS,200,1,0,6982,
2026-10-07T19:30:19Z,reddit_arcticshift,posts_search,RD_FULL_hydro,2018-04-01,SUCCESS,200,100,1,2813,
2026-10-07T19:30:20Z,forums_gardenweb,thread,GW_hydroponics,1993527,SUCCESS,200,1,0,7409,
2026-10-07T19:30:27Z,forums_gardenweb,thread,GW_hydroponics,4922024,SUCCESS,200,1,0,6477,
2026-10-07T19:30:32Z,forums_gardenweb,thread,GW_hydroponics,1982766,SUCCESS,200,1,0,5384,
2026-10-07T19:30:37Z,reddit_arcticshift,posts_search,RD_FULL_hydro,2018-07-01,SUCCESS,200,100,1,3274,
2026-10-07T19:30:37Z,forums_gardenweb,thread,GW_hydroponics,1987979,SUCCESS,200,1,0,5328,
2026-10-07T19:30:44Z,forums_gardenweb,thread,GW_hydroponics,1985069,SUCCESS,200,1,0,6463,
2026-10-07T19:30:51Z,forums_gardenweb,thread,GW_hydroponics,4953223,SUCCESS,200,1,0,6921,
2026-10-07T19:30:55Z,reddit_arcticshift,posts_search,RD_FULL_hydro,2018-10-01,SUCCESS,200,100,1,2889,
2026-10-07T19:30:56Z,forums_gardenweb,thread,GW_hydroponics,1997583,SUCCESS,200,1,0,5075,
2026-10-07T19:30:58Z,reddit_arcticshift,posts_search,RD_FULL_hydro,2019-01-01,SUCCESS,200,100,0,2948,
2026-10-07T19:31:02Z,reddit_arcticshift,posts_search,RD_FULL_hydro,2019-04-01,SUCCESS,200,100,0,3714,
2026-10-07T19:31:04Z,forums_gardenweb,thread,GW_hydroponics,1990928,SUCCESS,200,1,0,8106,
2026-10-07T19:31:09Z,forums_gardenweb,thread,GW_hydroponics,1988641,SUCCESS,200,1,0,5133,
2026-10-07T19:31:16Z,forums_gardenweb,thread,GW_hydroponics,1994824,SUCCESS,200,1,0,6809,
2026-10-07T19:31:20Z,reddit_arcticshift,posts_search,RD_FULL_hydro,2019-07-01,SUCCESS,200,100,1,3796,
2026-10-07T19:31:23Z,reddit_arcticshift,posts_search,RD_FULL_hydro,2019-10-01,SUCCESS,200,100,0,2972,
2026-10-07T19:31:23Z,forums_gardenweb,thread,GW_hydroponics,1989452,SUCCESS,200,1,0,6494,
2026-10-07T19:31:25Z,reddit_arcticshift,posts_search,RD_FULL_hydro,2020-01-01,SUCCESS,200,100,0,2728,
2026-10-07T19:31:27Z,forums_gardenweb,thread,GW_hydroponics,1982838,SUCCESS,200,1,0,4696,
2026-10-07T19:31:30Z,reddit_arcticshift,posts_search,RD_FULL_hydro,2020-04-01,SUCCESS,200,100,0,4255,
2026-10-07T19:31:33Z,reddit_arcticshift,posts_search,RD_FULL_hydro,2020-07-01,SUCCESS,200,100,0,3177,
2026-10-07T19:31:34Z,forums_gardenweb,thread,GW_hydroponics,3576775,SUCCESS,200,1,0,6096,
2026-10-07T19:31:40Z,forums_gardenweb,thread,GW_hydroponics,1989746,SUCCESS,200,1,0,6352,
2026-10-07T19:31:46Z,forums_gardenweb,thread,GW_hydroponics,1991297,SUCCESS,200,1,0,6276,
2026-10-07T19:31:50Z,reddit_arcticshift,posts_search,RD_FULL_hydro,2020-10-01,SUCCESS,200,100,1,2463,
2026-10-07T19:31:51Z,forums_gardenweb,thread,GW_hydroponics,3521641,SUCCESS,200,1,0,5024,
2026-10-07T19:31:54Z,reddit_arcticshift,posts_search,RD_FULL_hydro,2021-01-01,SUCCESS,200,100,0,3939,
2026-10-07T19:31:55Z,forums_gardenweb,thread,GW_hydroponics,1988634,SUCCESS,200,1,0,3254,
2026-10-07T19:31:58Z,reddit_arcticshift,posts_search,RD_FULL_hydro,2021-04-01,SUCCESS,200,100,0,3962,
2026-10-07T19:32:01Z,reddit_arcticshift,posts_search,RD_FULL_hydro,2021-07-01,SUCCESS,200,100,0,2547,
2026-10-07T19:32:01Z,forums_gardenweb,thread,GW_hydroponics,1990167,SUCCESS,200,1,0,5875,
2026-10-07T19:32:05Z,forums_gardenweb,thread,GW_hydroponics,1987707,SUCCESS,200,1,0,3609,
2026-10-07T19:32:10Z,forums_gardenweb,thread,GW_hydroponics,1995195,SUCCESS,200,1,0,5089,
2026-10-07T19:32:16Z,forums_gardenweb,thread,GW_hydroponics,1992907,SUCCESS,200,1,0,5168,
2026-10-07T19:32:19Z,forums_gardenweb,thread,GW_hydroponics,1985167,SUCCESS,200,1,0,3640,
2026-10-07T19:32:20Z,reddit_arcticshift,posts_search,RD_FULL_hydro,2021-10-01,SUCCESS,200,100,1,3330,
2026-10-07T19:32:23Z,reddit_arcticshift,posts_search,RD_FULL_hydro,2022-01-01,SUCCESS,200,100,0,2957,
2026-10-07T19:32:24Z,forums_gardenweb,thread,GW_hydroponics,1990459,SUCCESS,200,1,0,4443,
2026-10-07T19:32:26Z,reddit_arcticshift,posts_search,RD_FULL_hydro,2022-04-01,SUCCESS,200,100,0,3330,
2026-10-07T19:32:28Z,forums_gardenweb,thread,GW_hydroponics,6410076,SUCCESS,200,1,0,4036,
2026-10-07T19:32:30Z,reddit_arcticshift,posts_search,RD_FULL_hydro,2022-07-01,SUCCESS,200,100,0,4096,
2026-10-07T19:32:33Z,forums_gardenweb,thread,GW_hydroponics,4471753,SUCCESS,200,1,0,4678,
2026-10-07T19:32:34Z,reddit_arcticshift,posts_search,RD_FULL_hydro,2022-10-01,SUCCESS,200,100,0,3341,
2026-10-07T19:32:39Z,forums_gardenweb,thread,GW_hydroponics,1987185,SUCCESS,200,1,0,5931,
2026-10-07T19:32:44Z,forums_gardenweb,thread,GW_hydroponics,1990418,SUCCESS,200,1,0,5054,
2026-10-07T19:32:48Z,forums_gardenweb,thread,GW_hydroponics,1994066,SUCCESS,200,1,0,4308,
2026-10-07T19:32:52Z,forums_gardenweb,thread,GW_hydroponics,1989131,SUCCESS,200,1,0,3746,
2026-10-07T19:32:53Z,reddit_arcticshift,posts_search,RD_FULL_hydro,2023-01-01,SUCCESS,200,100,1,3523,
2026-10-07T19:32:57Z,reddit_arcticshift,posts_search,RD_FULL_hydro,2023-04-01,SUCCESS,200,100,0,4001,
2026-10-07T19:32:59Z,forums_gardenweb,thread,GW_hydroponics,1983585,SUCCESS,200,1,0,6266,
2026-10-07T19:33:01Z,reddit_arcticshift,posts_search,RD_FULL_hydro,2023-07-01,SUCCESS,200,100,0,3703,
2026-10-07T19:33:04Z,forums_gardenweb,thread,GW_hydroponics,5002434,SUCCESS,200,1,0,5219,
2026-10-07T19:33:05Z,reddit_arcticshift,posts_search,RD_FULL_hydro,2023-10-01,SUCCESS,200,100,0,4115,
2026-10-07T19:33:09Z,reddit_arcticshift,posts_search,RD_FULL_hydro,2024-01-01,SUCCESS,200,100,0,3602,
2026-10-07T19:33:09Z,forums_gardenweb,thread,GW_hydroponics,1998295,SUCCESS,200,1,0,5417,
2026-10-07T19:33:12Z,reddit_arcticshift,posts_search,RD_FULL_hydro,2024-04-01,SUCCESS,200,100,0,3136,
2026-10-07T19:33:14Z,forums_gardenweb,thread,GW_hydroponics,1997629,SUCCESS,200,1,0,4981,
2026-10-07T19:33:21Z,forums_gardenweb,thread,GW_hydroponics,1991267,SUCCESS,200,1,0,7111,
2026-10-07T19:33:30Z,forums_gardenweb,thread,GW_hydroponics,3205780,SUCCESS,200,1,0,8695,
2026-10-07T19:33:34Z,forums_gardenweb,thread,GW_hydroponics,1990303,SUCCESS,200,1,0,3833,
2026-10-07T19:34:06Z,reddit_arcticshift,posts_search,RD_FULL_hydro,2024-07-01,SUCCESS,200,100,3,4135,
2026-10-07T19:34:09Z,reddit_arcticshift,posts_search,RD_FULL_hydro,2024-10-01,SUCCESS,200,100,0,2911,
2026-10-07T19:34:13Z,reddit_arcticshift,posts_search,RD_FULL_hydro,2025-01-01,SUCCESS,200,100,0,3788,
2026-10-07T19:34:19Z,forums_gardenweb,thread,GW_hydroponics,1986659,SUCCESS,200,1,1,1309,
2026-10-07T19:34:26Z,forums_gardenweb,thread,GW_hydroponics,1986848,SUCCESS,200,1,0,4376,
2026-10-07T19:34:31Z,forums_gardenweb,thread,GW_hydroponics,1998435,SUCCESS,200,1,0,4754,
2026-10-07T19:34:32Z,reddit_arcticshift,posts_search,RD_FULL_hydro,2025-04-01,SUCCESS,200,100,1,3300,
2026-10-07T19:34:34Z,forums_gardenweb,thread,GW_hydroponics,1987700,SUCCESS,200,1,0,3027,
2026-10-07T19:34:35Z,reddit_arcticshift,posts_search,RD_FULL_hydro,2025-07-01,SUCCESS,200,100,0,3019,
2026-10-07T19:34:39Z,forums_gardenweb,thread,GW_hydroponics,1994165,SUCCESS,200,1,0,3567,
2026-10-07T19:34:44Z,forums_gardenweb,thread,GW_hydroponics,1996976,SUCCESS,200,1,0,5268,
2026-10-07T19:34:48Z,forums_gardenweb,thread,GW_hydroponics,4715667,SUCCESS,200,1,0,3150,
2026-10-07T19:34:53Z,forums_gardenweb,thread,GW_hydroponics,1989409,SUCCESS,200,1,0,4463,
2026-10-07T19:34:56Z,forums_gardenweb,thread,GW_hydroponics,1983114,SUCCESS,200,1,0,3367,
2026-10-07T19:35:01Z,forums_gardenweb,thread,GW_hydroponics,1993958,SUCCESS,200,1,0,4513,
2026-10-07T19:35:07Z,forums_gardenweb,thread,GW_hydroponics,1985844,SUCCESS,200,1,0,5579,
2026-10-07T19:35:14Z,forums_gardenweb,thread,GW_hydroponics,1988563,SUCCESS,200,1,0,6607,
2026-10-07T19:35:20Z,forums_gardenweb,thread,GW_hydroponics,1995872,SUCCESS,200,1,0,6663,
2026-10-07T19:35:25Z,forums_gardenweb,thread,GW_hydroponics,1992002,SUCCESS,200,1,0,5004,
2026-10-07T19:35:29Z,forums_gardenweb,thread,GW_hydroponics,1986070,SUCCESS,200,1,0,3281,
2026-10-07T19:35:34Z,forums_gardenweb,thread,GW_hydroponics,1998257,SUCCESS,200,1,0,4319,
2026-10-07T19:35:38Z,forums_gardenweb,thread,GW_hydroponics,1998546,SUCCESS,200,1,0,4137,
2026-10-07T19:35:42Z,forums_gardenweb,thread,GW_hydroponics,1993837,SUCCESS,200,1,0,4456,
2026-10-07T19:35:46Z,forums_gardenweb,thread,GW_hydroponics,1985298,SUCCESS,200,1,0,3339,
2026-10-07T19:35:51Z,forums_gardenweb,thread,GW_hydroponics,3909439,SUCCESS,200,1,0,4818,
2026-10-07T19:35:56Z,reddit_arcticshift,posts_search,RD_FULL_hydro,2025-10-01,SUCCESS,200,100,4,4064,
2026-10-07T19:35:56Z,forums_gardenweb,thread,GW_hydroponics,1992964,SUCCESS,200,1,0,4416,
2026-10-07T19:36:00Z,reddit_arcticshift,posts_search,RD_FULL_hydro,2026-01-01,SUCCESS,200,100,0,3868,
2026-10-07T19:36:01Z,forums_gardenweb,thread,GW_hydroponics,3642236,SUCCESS,200,1,0,4826,
2026-10-07T19:36:03Z,forums_gardenweb,thread,GW_hydroponics,1993980,SUCCESS,200,1,0,2587,
2026-10-07T19:36:03Z,reddit_arcticshift,posts_search,RD_FULL_hydro,2026-04-01,SUCCESS,200,100,0,3849,
2026-10-07T19:36:07Z,reddit_arcticshift,posts_search,RD_FULL_hydro,2026-07-01,SUCCESS,200,100,0,3587,
2026-10-07T19:36:10Z,forums_gardenweb,thread,GW_hydroponics,1998233,SUCCESS,200,1,0,4867,
2026-10-07T19:36:15Z,forums_gardenweb,thread,GW_hydroponics,1988766,SUCCESS,200,1,0,5100,
2026-10-07T19:36:20Z,forums_gardenweb,thread,GW_hydroponics,5681384,SUCCESS,200,1,0,5000,
2026-10-07T19:36:24Z,forums_gardenweb,thread,GW_hydroponics,1990508,SUCCESS,200,1,0,4223,
2026-10-07T19:36:25Z,reddit_arcticshift,posts_search,RD_FULL_hydro,2026-10-01,SUCCESS,200,25,1,3294,
2026-10-07T19:36:28Z,forums_gardenweb,thread,GW_hydroponics,4065072,SUCCESS,200,1,0,4312,
2026-10-07T19:36:35Z,forums_gardenweb,thread,GW_hydroponics,6451011,SUCCESS,200,1,0,6272,
2026-10-07T19:36:39Z,forums_gardenweb,thread,GW_hydroponics,1988059,SUCCESS,200,1,0,4060,
2026-10-07T19:36:42Z,reddit_arcticshift,posts_first,RD_FULL_kratky,first,SUCCESS,200,1,1,2491,
2026-10-07T19:36:45Z,forums_gardenweb,thread,GW_hydroponics,1986945,SUCCESS,200,1,0,6394,
2026-10-07T19:36:51Z,forums_gardenweb,thread,GW_hydroponics,1984022,SUCCESS,200,1,0,6219,
2026-10-07T19:36:58Z,forums_gardenweb,thread,GW_hydroponics,1993091,SUCCESS,200,1,0,6975,
2026-10-07T19:37:04Z,forums_gardenweb,thread,GW_hydroponics,1994015,SUCCESS,200,1,0,5988,
2026-10-07T19:37:12Z,forums_gardenweb,thread,GW_hydroponics,2835369,SUCCESS,200,1,0,7428,
2026-10-07T19:37:17Z,reddit_arcticshift,posts_search,RD_FULL_kratky,2017-07-01,SUCCESS,200,4,2,3089,
2026-10-07T19:37:17Z,forums_gardenweb,thread,GW_hydroponics,1986188,SUCCESS,200,1,0,5299,
2026-10-07T19:37:21Z,reddit_arcticshift,posts_search,RD_FULL_kratky,2017-10-01,SUCCESS,200,0,0,3473,
2026-10-07T19:37:23Z,reddit_arcticshift,posts_search,RD_FULL_kratky,2018-01-01,SUCCESS,200,3,0,2776,
2026-10-07T19:37:24Z,forums_gardenweb,thread,GW_hydroponics,3601683,SUCCESS,200,1,0,6348,
2026-10-07T19:37:26Z,reddit_arcticshift,posts_search,RD_FULL_kratky,2018-04-01,SUCCESS,200,2,0,2561,
2026-10-07T19:37:29Z,reddit_arcticshift,posts_search,RD_FULL_kratky,2018-07-01,SUCCESS,200,1,0,2860,
2026-10-07T19:37:30Z,forums_gardenweb,thread,GW_hydroponics,1986264,SUCCESS,200,1,0,6653,
2026-10-07T19:37:32Z,reddit_arcticshift,posts_search,RD_FULL_kratky,2018-10-01,SUCCESS,200,2,0,2915,
2026-10-07T19:37:34Z,reddit_arcticshift,posts_search,RD_FULL_kratky,2019-01-01,SUCCESS,200,2,0,2205,
2026-10-07T19:37:36Z,forums_gardenweb,thread,GW_hydroponics,1985076,SUCCESS,200,1,0,5582,
2026-10-07T19:37:38Z,reddit_arcticshift,posts_search,RD_FULL_kratky,2019-04-01,SUCCESS,200,11,0,3314,
2026-10-07T19:37:45Z,forums_gardenweb,thread,GW_hydroponics,1990613,SUCCESS,200,1,0,9233,
2026-10-07T19:37:54Z,reddit_arcticshift,posts_search,RD_FULL_kratky,2019-07-01,SUCCESS,200,16,1,2473,
2026-10-07T19:37:57Z,reddit_arcticshift,posts_search,RD_FULL_kratky,2019-10-01,SUCCESS,200,6,0,2453,
2026-10-07T19:37:57Z,forums_gardenweb,thread,GW_hydroponics,1989117,SUCCESS,200,1,0,12072,
2026-10-07T19:37:59Z,reddit_arcticshift,posts_search,RD_FULL_kratky,2020-01-01,SUCCESS,200,34,0,2451,
2026-10-07T19:38:05Z,forums_gardenweb,thread,GW_hydroponics,1994323,SUCCESS,200,1,0,7679,
2026-10-07T19:38:11Z,forums_gardenweb,thread,GW_hydroponics,1989323,SUCCESS,200,1,0,5683,
2026-10-07T19:38:19Z,forums_gardenweb,thread,GW_hydroponics,1983679,SUCCESS,200,1,0,8338,
2026-10-07T19:38:25Z,forums_gardenweb,thread,GW_hydroponics,1987338,SUCCESS,200,1,0,5679,
2026-10-07T19:38:32Z,reddit_arcticshift,posts_search,RD_FULL_kratky,2020-04-01,SUCCESS,200,48,2,2465,
2026-10-07T19:38:35Z,forums_gardenweb,thread,GW_hydroponics,3034958,SUCCESS,200,1,0,10670,
2026-10-07T19:38:41Z,forums_gardenweb,thread,GW_hydroponics,1993468,SUCCESS,200,1,0,5556,
2026-10-07T19:38:49Z,forums_gardenweb,thread,GW_hydroponics,1982974,SUCCESS,200,1,0,7594,
2026-10-07T19:38:50Z,reddit_arcticshift,posts_search,RD_FULL_kratky,2020-07-01,SUCCESS,200,53,1,2889,
2026-10-07T19:38:54Z,reddit_arcticshift,posts_search,RD_FULL_kratky,2020-10-01,SUCCESS,200,29,0,3454,
2026-10-07T19:38:54Z,forums_gardenweb,thread,GW_hydroponics,1993229,SUCCESS,200,1,0,5238,
2026-10-07T19:39:02Z,forums_gardenweb,thread,GW_hydroponics,1997693,SUCCESS,200,1,0,7543,
2026-10-07T19:39:08Z,forums_gardenweb,thread,GW_hydroponics,1995768,SUCCESS,200,1,0,6303,
2026-10-07T19:39:11Z,reddit_arcticshift,posts_search,RD_FULL_kratky,2021-01-01,SUCCESS,200,35,1,2486,
2026-10-07T19:39:14Z,forums_gardenweb,thread,GW_hydroponics,1990997,SUCCESS,200,1,0,5924,
2026-10-07T19:39:20Z,forums_gardenweb,thread,GW_hydroponics,1995668,SUCCESS,200,1,0,5634,
2026-10-07T19:39:26Z,forums_gardenweb,thread,GW_hydroponics,1992867,SUCCESS,200,1,0,6750,
2026-10-07T19:39:29Z,reddit_arcticshift,posts_search,RD_FULL_kratky,2021-04-01,SUCCESS,200,100,1,3181,
2026-10-07T19:39:32Z,reddit_arcticshift,posts_search,RD_FULL_kratky,2021-07-01,SUCCESS,200,56,0,3189,
2026-10-07T19:39:32Z,forums_gardenweb,thread,GW_hydroponics,1985748,SUCCESS,200,1,0,6027,
2026-10-07T19:39:35Z,reddit_arcticshift,posts_search,RD_FULL_kratky,2021-10-01,SUCCESS,200,29,0,3230,
2026-10-07T19:39:38Z,reddit_arcticshift,posts_search,RD_FULL_kratky,2022-01-01,SUCCESS,200,45,0,3248,
2026-10-07T19:39:39Z,forums_gardenweb,thread,GW_hydroponics,3595218,SUCCESS,200,1,0,6086,
2026-10-07T19:39:42Z,reddit_arcticshift,posts_search,RD_FULL_kratky,2022-04-01,SUCCESS,200,75,0,3238,
2026-10-07T19:39:45Z,forums_gardenweb,thread,GW_hydroponics,3230621,SUCCESS,200,1,0,6159,
2026-10-07T19:39:46Z,reddit_arcticshift,posts_search,RD_FULL_kratky,2022-07-01,SUCCESS,200,50,0,4717,
2026-10-07T19:39:49Z,reddit_arcticshift,posts_search,RD_FULL_kratky,2022-10-01,SUCCESS,200,40,0,2189,
2026-10-07T19:39:51Z,forums_gardenweb,thread,GW_hydroponics,1998592,SUCCESS,200,1,0,6592,
2026-10-07T19:39:56Z,forums_gardenweb,thread,GW_hydroponics,1995604,SUCCESS,200,1,0,4422,
2026-10-07T19:40:03Z,forums_gardenweb,thread,GW_hydroponics,1989213,SUCCESS,200,1,0,7494,
2026-10-07T19:40:10Z,forums_gardenweb,thread,GW_hydroponics,3617788,SUCCESS,200,1,0,6292,
2026-10-07T19:40:16Z,forums_gardenweb,thread,GW_hydroponics,1993342,SUCCESS,200,1,0,6628,
2026-10-07T19:40:25Z,forums_gardenweb,thread,GW_hydroponics,1992143,SUCCESS,200,1,0,8777,
2026-10-07T19:40:32Z,forums_gardenweb,thread,GW_hydroponics,1984913,SUCCESS,200,1,0,7030,
2026-10-07T19:40:35Z,forums_gardenweb,thread,GW_hydroponics,1990788,SUCCESS,200,1,0,3073,
2026-10-07T19:40:41Z,forums_gardenweb,thread,GW_hydroponics,1993018,SUCCESS,200,1,0,4807,
2026-10-07T19:40:44Z,reddit_arcticshift,posts_search,RD_FULL_kratky,2023-01-01,SUCCESS,200,58,3,2955,
2026-10-07T19:40:46Z,forums_gardenweb,thread,GW_hydroponics,1998747,SUCCESS,200,1,0,5041,
2026-10-07T19:40:52Z,forums_gardenweb,thread,GW_hydroponics,1994574,SUCCESS,200,1,0,6130,
2026-10-07T19:41:01Z,forums_gardenweb,thread,GW_hydroponics,1995564,SUCCESS,200,1,0,9082,
2026-10-07T19:41:07Z,forums_gardenweb,thread,GW_hydroponics,1995862,SUCCESS,200,1,0,5542,
2026-10-07T19:41:12Z,forums_gardenweb,thread,GW_hydroponics,1998061,SUCCESS,200,1,0,4735,
2026-10-07T19:41:16Z,forums_gardenweb,thread,GW_hydroponics,1997498,SUCCESS,200,1,0,3985,
2026-10-07T19:41:21Z,forums_gardenweb,thread,GW_hydroponics,6013661,SUCCESS,200,1,0,5196,
2026-10-07T19:41:26Z,forums_gardenweb,thread,GW_hydroponics,1996008,SUCCESS,200,1,0,5242,
2026-10-07T19:41:33Z,forums_gardenweb,thread,GW_hydroponics,1991070,SUCCESS,200,1,0,6973,
2026-10-07T19:41:38Z,forums_gardenweb,thread,GW_hydroponics,1988277,SUCCESS,200,1,0,4375,
2026-10-07T19:41:39Z,reddit_arcticshift,posts_search,RD_FULL_kratky,2023-04-01,SUCCESS,200,64,3,3196,
2026-10-07T19:41:43Z,reddit_arcticshift,posts_search,RD_FULL_kratky,2023-07-01,SUCCESS,200,29,0,3679,
2026-10-07T19:41:43Z,forums_gardenweb,thread,GW_hydroponics,1990066,SUCCESS,200,1,0,5434,
2026-10-07T19:41:47Z,forums_gardenweb,thread,GW_hydroponics,3937658,SUCCESS,200,1,0,3829,
2026-10-07T19:41:52Z,forums_gardenweb,thread,GW_hydroponics,3800368,SUCCESS,200,1,0,5173,
2026-10-07T19:41:58Z,forums_gardenweb,thread,GW_hydroponics,4726534,SUCCESS,200,1,0,5592,
2026-10-07T19:42:01Z,reddit_arcticshift,posts_search,RD_FULL_kratky,2023-10-01,SUCCESS,200,20,1,2965,
2026-10-07T19:42:03Z,forums_gardenweb,thread,GW_hydroponics,1984571,SUCCESS,200,1,0,4940,
2026-10-07T19:42:08Z,forums_gardenweb,thread,GW_hydroponics,1994875,SUCCESS,200,1,0,4538,
2026-10-07T19:42:13Z,forums_gardenweb,thread,GW_hydroponics,1991037,SUCCESS,200,1,0,4893,
2026-10-07T19:42:16Z,forums_gardenweb,thread,GW_hydroponics,1996016,SUCCESS,200,1,0,3694,
2026-10-07T19:42:19Z,reddit_arcticshift,posts_search,RD_FULL_kratky,2024-01-01,SUCCESS,200,54,1,3491,
2026-10-07T19:42:20Z,forums_gardenweb,thread,GW_hydroponics,1993069,SUCCESS,200,1,0,3291,
2026-10-07T19:42:22Z,reddit_arcticshift,posts_search,RD_FULL_kratky,2024-04-01,SUCCESS,200,51,0,2481,
2026-10-07T19:42:25Z,reddit_arcticshift,posts_search,RD_FULL_kratky,2024-07-01,SUCCESS,200,43,0,3134,
2026-10-07T19:42:26Z,forums_gardenweb,thread,GW_hydroponics,6009484,SUCCESS,200,1,0,5561,
2026-10-07T19:42:31Z,forums_gardenweb,thread,GW_hydroponics,1982873,SUCCESS,200,1,0,4926,
2026-10-07T19:42:37Z,forums_gardenweb,thread,GW_hydroponics,1983001,SUCCESS,200,1,0,5397,
2026-10-07T19:42:40Z,forums_gardenweb,thread,GW_hydroponics,1994729,SUCCESS,200,1,0,3010,
2026-10-07T19:42:43Z,reddit_arcticshift,posts_search,RD_FULL_kratky,2024-10-01,SUCCESS,200,28,1,3645,
2026-10-07T19:42:44Z,forums_gardenweb,thread,GW_hydroponics,3122618,SUCCESS,200,1,0,3905,
2026-10-07T19:42:51Z,forums_gardenweb,thread,GW_hydroponics,1998556,SUCCESS,200,1,0,6592,
2026-10-07T19:42:56Z,forums_gardenweb,thread,GW_hydroponics,1991865,SUCCESS,200,1,0,4847,
2026-10-07T19:43:00Z,reddit_arcticshift,posts_search,RD_FULL_kratky,2025-01-01,SUCCESS,200,55,1,3118,
2026-10-07T19:43:02Z,forums_gardenweb,thread,GW_hydroponics,1991048,SUCCESS,200,1,0,5583,
2026-10-07T19:43:07Z,forums_gardenweb,thread,GW_hydroponics,4609568,SUCCESS,200,1,0,4786,
2026-10-07T19:43:14Z,forums_gardenweb,thread,GW_hydroponics,1991108,SUCCESS,200,1,0,7194,
2026-10-07T19:43:19Z,forums_gardenweb,thread,GW_hydroponics,2880340,SUCCESS,200,1,0,5574,
2026-10-07T19:43:28Z,forums_gardenweb,thread,GW_hydroponics,1990616,SUCCESS,200,1,0,8302,
2026-10-07T19:43:36Z,reddit_arcticshift,posts_search,RD_FULL_kratky,2025-04-01,SUCCESS,200,47,2,2069,
2026-10-07T19:43:36Z,forums_gardenweb,thread,GW_hydroponics,1991983,SUCCESS,200,1,0,8101,
2026-10-07T19:43:39Z,reddit_arcticshift,posts_search,RD_FULL_kratky,2025-07-01,SUCCESS,200,32,0,2578,
2026-10-07T19:43:41Z,forums_gardenweb,thread,GW_hydroponics,3751152,SUCCESS,200,1,0,5389,
2026-10-07T19:43:49Z,forums_gardenweb,thread,GW_hydroponics,1984971,SUCCESS,200,1,0,7901,
2026-10-07T19:43:54Z,forums_gardenweb,thread,GW_hydroponics,1995764,SUCCESS,200,1,0,5010,
2026-10-07T19:43:55Z,reddit_arcticshift,posts_search,RD_FULL_kratky,2025-10-01,SUCCESS,200,13,1,1951,
2026-10-07T19:43:59Z,reddit_arcticshift,posts_search,RD_FULL_kratky,2026-01-01,SUCCESS,200,20,0,3001,
2026-10-07T19:44:01Z,forums_gardenweb,thread,GW_hydroponics,1986051,SUCCESS,200,1,0,6331,
2026-10-07T19:44:03Z,reddit_arcticshift,posts_search,RD_FULL_kratky,2026-04-01,SUCCESS,200,56,0,4004,
2026-10-07T19:44:06Z,reddit_arcticshift,posts_search,RD_FULL_kratky,2026-07-01,SUCCESS,200,14,0,2934,
2026-10-07T19:44:07Z,forums_gardenweb,thread,GW_hydroponics,1990820,SUCCESS,200,1,0,6317,
2026-10-07T19:44:14Z,forums_gardenweb,thread,GW_hydroponics,1997631,SUCCESS,200,1,0,7074,
2026-10-07T19:44:20Z,forums_gardenweb,thread,GW_hydroponics,1996320,SUCCESS,200,1,0,6375,
2026-10-07T19:44:24Z,reddit_arcticshift,posts_search,RD_FULL_kratky,2026-10-01,SUCCESS,200,3,1,2673,
2026-10-07T19:44:27Z,forums_gardenweb,thread,GW_hydroponics,1993015,SUCCESS,200,1,0,6621,
2026-10-07T19:44:34Z,forums_gardenweb,thread,GW_hydroponics,6254382,SUCCESS,200,1,0,7030,
2026-10-07T19:44:39Z,reddit_arcticshift,posts_first,RD_FULL_aerogarden,first,SUCCESS,200,1,1,2025,
2026-10-07T19:44:42Z,forums_gardenweb,thread,GW_hydroponics,5571220,SUCCESS,200,1,0,7348,
2026-10-07T19:44:45Z,reddit_arcticshift,posts_search,RD_FULL_aerogarden,2010-04-01,SUCCESS,200,11,0,5053,
2026-10-07T19:44:48Z,reddit_arcticshift,posts_search,RD_FULL_aerogarden,2010-07-01,SUCCESS,200,0,0,3051,
2026-10-07T19:44:48Z,forums_gardenweb,thread,GW_hydroponics,1987670,SUCCESS,200,1,0,6812,
2026-10-07T19:44:51Z,reddit_arcticshift,posts_search,RD_FULL_aerogarden,2010-10-01,SUCCESS,200,0,0,2798,
2026-10-07T19:44:53Z,forums_gardenweb,thread,GW_hydroponics,4763542,SUCCESS,200,1,0,5017,
2026-10-07T19:45:01Z,forums_gardenweb,thread,GW_hydroponics,1983288,SUCCESS,200,1,0,7513,
2026-10-07T19:45:06Z,forums_gardenweb,thread,GW_hydroponics,1996307,SUCCESS,200,1,0,5138,
2026-10-07T19:45:13Z,forums_gardenweb,thread,GW_hydroponics,1991951,SUCCESS,200,1,0,7137,
2026-10-07T19:45:19Z,forums_gardenweb,thread,GW_hydroponics,1986074,SUCCESS,200,1,0,5227,
2026-10-07T19:45:26Z,forums_gardenweb,thread,GW_hydroponics,1991413,SUCCESS,200,1,0,6988,
2026-10-07T19:45:26Z,reddit_arcticshift,posts_search,RD_FULL_aerogarden,2011-01-01,SUCCESS,200,0,2,2417,
2026-10-07T19:45:29Z,reddit_arcticshift,posts_search,RD_FULL_aerogarden,2011-04-01,SUCCESS,200,0,0,2967,
2026-10-07T19:45:32Z,reddit_arcticshift,posts_search,RD_FULL_aerogarden,2011-07-01,SUCCESS,200,2,0,2765,
2026-10-07T19:45:33Z,forums_gardenweb,thread,GW_hydroponics,1993202,SUCCESS,200,1,0,7836,
2026-10-07T19:45:34Z,reddit_arcticshift,posts_search,RD_FULL_aerogarden,2011-10-01,SUCCESS,200,0,0,2456,
2026-10-07T19:45:36Z,reddit_arcticshift,posts_search,RD_FULL_aerogarden,2012-01-01,SUCCESS,200,1,0,1834,
2026-10-07T19:45:38Z,forums_gardenweb,thread,GW_hydroponics,3140307,SUCCESS,200,1,0,4825,
2026-10-07T19:45:40Z,reddit_arcticshift,posts_search,RD_FULL_aerogarden,2012-04-01,SUCCESS,200,0,0,3491,
2026-10-07T19:45:44Z,forums_gardenweb,thread,GW_hydroponics,1986534,SUCCESS,200,1,0,5934,
2026-10-07T19:45:54Z,forums_gardenweb,thread,GW_hydroponics,1993263,SUCCESS,200,1,0,9889,
2026-10-07T19:46:04Z,forums_gardenweb,thread,GW_hydroponics,1995320,SUCCESS,200,1,0,9834,
2026-10-07T19:46:12Z,forums_gardenweb,thread,GW_hydroponics,3145025,SUCCESS,200,1,0,8282,
2026-10-07T19:46:16Z,reddit_arcticshift,posts_search,RD_FULL_aerogarden,2012-07-01,SUCCESS,200,0,2,2726,
2026-10-07T19:46:18Z,forums_gardenweb,thread,GW_hydroponics,1993510,SUCCESS,200,1,0,6074,
2026-10-07T19:46:23Z,forums_gardenweb,thread,GW_hydroponics,1994422,SUCCESS,200,1,0,4531,
2026-10-07T19:46:27Z,forums_gardenweb,thread,GW_hydroponics,1992413,SUCCESS,200,1,0,4305,
2026-10-07T19:46:31Z,forums_gardenweb,thread,GW_hydroponics,1986719,SUCCESS,200,1,0,3929,
2026-10-07T19:46:37Z,forums_gardenweb,thread,GW_hydroponics,1989616,SUCCESS,200,1,0,5320,
2026-10-07T19:46:41Z,forums_gardenweb,thread,GW_hydroponics,1985541,SUCCESS,200,1,0,4337,
2026-10-07T19:46:46Z,forums_gardenweb,thread,GW_hydroponics,1985736,SUCCESS,200,1,0,4456,
2026-10-07T19:46:51Z,forums_gardenweb,thread,GW_hydroponics,3909416,SUCCESS,200,1,0,5773,
2026-10-07T19:46:54Z,reddit_arcticshift,posts_search,RD_FULL_aerogarden,2012-10-01,SUCCESS,200,0,2,3747,
2026-10-07T19:46:55Z,forums_gardenweb,thread,GW_hydroponics,1997485,SUCCESS,200,1,0,3758,
2026-10-07T19:47:01Z,forums_gardenweb,thread,GW_hydroponics,1989771,SUCCESS,200,1,0,5550,
2026-10-07T19:47:06Z,forums_gardenweb,thread,GW_hydroponics,1997444,SUCCESS,200,1,0,5374,
2026-10-07T19:47:10Z,forums_gardenweb,thread,GW_hydroponics,1993300,SUCCESS,200,1,0,3886,
2026-10-07T19:47:11Z,reddit_arcticshift,posts_search,RD_FULL_aerogarden,2013-01-01,SUCCESS,200,1,1,2822,
2026-10-07T19:47:15Z,forums_gardenweb,thread,GW_hydroponics,1990597,SUCCESS,200,1,0,4743,
2026-10-07T19:47:19Z,forums_gardenweb,thread,GW_hydroponics,1998070,SUCCESS,200,1,0,3372,
2026-10-07T19:47:24Z,forums_gardenweb,thread,GW_hydroponics,1989215,SUCCESS,200,1,0,4993,
2026-10-07T19:47:29Z,forums_gardenweb,thread,GW_hydroponics,1996713,SUCCESS,200,1,0,4704,
2026-10-07T19:47:29Z,reddit_arcticshift,posts_search,RD_FULL_aerogarden,2013-04-01,SUCCESS,200,0,1,3473,
2026-10-07T19:47:36Z,forums_gardenweb,thread,GW_hydroponics,1991515,SUCCESS,200,1,0,6598,
2026-10-07T19:47:40Z,forums_gardenweb,thread,GW_hydroponics,1983921,SUCCESS,200,1,0,4446,
2026-10-07T19:47:45Z,forums_gardenweb,thread,GW_hydroponics,1985058,SUCCESS,200,1,0,5079,
2026-10-07T19:47:50Z,forums_gardenweb,thread,GW_hydroponics,1986270,SUCCESS,200,1,0,4460,
2026-10-07T19:47:53Z,forums_gardenweb,thread,GW_hydroponics,1998289,SUCCESS,200,1,0,3185,
2026-10-07T19:48:00Z,forums_gardenweb,thread,GW_hydroponics,1992111,SUCCESS,200,1,0,6452,
2026-10-07T19:48:04Z,forums_gardenweb,thread,GW_hydroponics,1997226,SUCCESS,200,1,0,3815,
2026-10-07T19:48:05Z,reddit_arcticshift,posts_search,RD_FULL_aerogarden,2013-07-01,SUCCESS,200,0,2,3328,
2026-10-07T19:48:08Z,reddit_arcticshift,posts_search,RD_FULL_aerogarden,2013-10-01,SUCCESS,200,0,0,2523,
2026-10-07T19:48:10Z,forums_gardenweb,thread,GW_hydroponics,3523253,SUCCESS,200,1,0,5904,
2026-10-07T19:48:14Z,forums_gardenweb,thread,GW_hydroponics,1985369,SUCCESS,200,1,0,3654,
2026-10-07T19:48:19Z,forums_gardenweb,thread,GW_hydroponics,1983057,SUCCESS,200,1,0,4635,
2026-10-07T19:48:24Z,forums_gardenweb,thread,GW_hydroponics,3722557,SUCCESS,200,1,0,5498,
2026-10-07T19:48:29Z,forums_gardenweb,thread,GW_hydroponics,1992259,SUCCESS,200,1,0,4507,
2026-10-07T19:48:33Z,forums_gardenweb,thread,GW_hydroponics,1992101,SUCCESS,200,1,0,4471,
2026-10-07T19:48:36Z,forums_gardenweb,thread,GW_hydroponics,1988690,SUCCESS,200,1,0,2977,
2026-10-07T19:48:40Z,forums_gardenweb,thread,GW_hydroponics,1997210,SUCCESS,200,1,0,2780,
2026-10-07T19:48:44Z,reddit_arcticshift,posts_search,RD_FULL_aerogarden,2014-01-01,SUCCESS,200,0,2,3992,
2026-10-07T19:48:47Z,forums_gardenweb,thread,GW_hydroponics,1989101,SUCCESS,200,1,0,5560,
2026-10-07T19:48:51Z,forums_gardenweb,thread,GW_hydroponics,1984928,SUCCESS,200,1,0,4275,
2026-10-07T19:48:56Z,forums_gardenweb,thread,GW_hydroponics,4937341,SUCCESS,200,1,0,4283,
2026-10-07T19:49:00Z,forums_gardenweb,thread,GW_hydroponics,1998410,SUCCESS,200,1,0,4846,
2026-10-07T19:49:01Z,reddit_arcticshift,posts_search,RD_FULL_aerogarden,2014-04-01,SUCCESS,200,0,1,2127,
2026-10-07T19:49:07Z,forums_gardenweb,thread,GW_hydroponics,1998709,SUCCESS,200,1,0,6867,
2026-10-07T19:49:13Z,forums_gardenweb,thread,GW_hydroponics,1986224,SUCCESS,200,1,0,5507,
2026-10-07T19:49:17Z,forums_gardenweb,thread,GW_hydroponics,1992539,SUCCESS,200,1,0,4576,
2026-10-07T19:49:19Z,reddit_arcticshift,posts_search,RD_FULL_aerogarden,2014-07-01,SUCCESS,200,0,1,3075,
2026-10-07T19:49:22Z,reddit_arcticshift,posts_search,RD_FULL_aerogarden,2014-10-01,SUCCESS,200,0,0,2784,
2026-10-07T19:49:23Z,forums_gardenweb,thread,GW_hydroponics,1994436,SUCCESS,200,1,0,5754,
2026-10-07T19:49:25Z,reddit_arcticshift,posts_search,RD_FULL_aerogarden,2015-01-01,SUCCESS,200,0,0,2585,
2026-10-07T19:49:28Z,reddit_arcticshift,posts_search,RD_FULL_aerogarden,2015-04-01,SUCCESS,200,2,0,2918,
2026-10-07T19:49:31Z,reddit_arcticshift,posts_search,RD_FULL_aerogarden,2015-07-01,SUCCESS,200,0,0,2788,
2026-10-07T19:49:31Z,forums_gardenweb,thread,GW_hydroponics,1994948,SUCCESS,200,1,0,7264,
2026-10-07T19:49:33Z,reddit_arcticshift,posts_search,RD_FULL_aerogarden,2015-10-01,SUCCESS,200,2,0,2381,
2026-10-07T19:49:36Z,forums_gardenweb,thread,GW_hydroponics,1998333,SUCCESS,200,1,0,5631,
2026-10-07T19:49:42Z,forums_gardenweb,thread,GW_hydroponics,1994148,SUCCESS,200,1,0,6014,
2026-10-07T19:49:47Z,forums_gardenweb,thread,GW_hydroponics,5707828,SUCCESS,200,1,0,5060,
2026-10-07T19:49:53Z,forums_gardenweb,thread,GW_hydroponics,6261038,SUCCESS,200,1,0,5726,
2026-10-07T19:50:03Z,forums_gardenweb,thread,GW_hydroponics,1990240,SUCCESS,200,1,0,10044,
2026-10-07T19:50:16Z,forums_gardenweb,thread,GW_hydroponics,1982780,SUCCESS,200,1,0,12570,
2026-10-07T19:50:23Z,forums_gardenweb,thread,GW_hydroponics,1989229,SUCCESS,200,1,0,7216,
2026-10-07T19:50:29Z,reddit_arcticshift,posts_search,RD_FULL_aerogarden,2016-01-01,SUCCESS,200,6,3,3264,
2026-10-07T19:50:32Z,forums_gardenweb,thread,GW_hydroponics,2810579,SUCCESS,200,1,0,8485,
2026-10-07T19:50:32Z,reddit_arcticshift,posts_search,RD_FULL_aerogarden,2016-04-01,SUCCESS,200,29,0,3353,
2026-10-07T19:50:36Z,reddit_arcticshift,posts_search,RD_FULL_aerogarden,2016-07-01,SUCCESS,200,22,0,3404,
2026-10-07T19:50:38Z,forums_gardenweb,thread,GW_hydroponics,1985292,SUCCESS,200,1,0,6295,
2026-10-07T19:50:48Z,forums_gardenweb,thread,GW_hydroponics,1996267,SUCCESS,200,1,0,9741,
2026-10-07T19:50:54Z,reddit_arcticshift,posts_search,RD_FULL_aerogarden,2016-10-01,SUCCESS,200,56,1,3437,
2026-10-07T19:50:55Z,forums_gardenweb,thread,GW_hydroponics,1998437,SUCCESS,200,1,0,7730,
2026-10-07T19:50:57Z,reddit_arcticshift,posts_search,RD_FULL_aerogarden,2017-01-01,SUCCESS,200,100,0,2902,
2026-10-07T19:51:04Z,forums_gardenweb,thread,GW_hydroponics,1986484,SUCCESS,200,1,0,8745,
2026-10-07T19:51:11Z,forums_gardenweb,thread,GW_hydroponics,1994107,SUCCESS,200,1,0,7119,
2026-10-07T19:51:14Z,reddit_arcticshift,posts_search,RD_FULL_aerogarden,2017-04-01,SUCCESS,200,42,1,3035,
2026-10-07T19:51:19Z,forums_gardenweb,thread,GW_hydroponics,6205539,SUCCESS,200,1,0,7222,
2026-10-07T19:51:25Z,forums_gardenweb,thread,GW_hydroponics,1995364,SUCCESS,200,1,0,6829,
2026-10-07T19:51:33Z,forums_gardenweb,thread,GW_hydroponics,1993782,SUCCESS,200,1,0,7377,
2026-10-07T19:51:40Z,forums_gardenweb,thread,GW_hydroponics,1991975,SUCCESS,200,1,0,7473,
2026-10-07T19:51:48Z,forums_gardenweb,thread,GW_hydroponics,1991411,SUCCESS,200,1,0,7554,
2026-10-07T19:51:53Z,forums_gardenweb,thread,GW_hydroponics,1982805,SUCCESS,200,1,0,5455,
2026-10-07T19:51:58Z,forums_gardenweb,thread,GW_hydroponics,1993318,SUCCESS,200,1,0,4269,
2026-10-07T19:52:04Z,forums_gardenweb,thread,GW_hydroponics,1988600,SUCCESS,200,1,0,6338,
2026-10-07T19:52:09Z,forums_gardenweb,thread,GW_hydroponics,1989443,SUCCESS,200,1,0,5307,
2026-10-07T19:52:11Z,reddit_arcticshift,posts_search,RD_FULL_aerogarden,2017-07-01,SUCCESS,200,43,3,2850,
2026-10-07T19:52:14Z,forums_gardenweb,thread,GW_hydroponics,1991783,SUCCESS,200,1,0,4248,
2026-10-07T19:52:15Z,reddit_arcticshift,posts_search,RD_FULL_aerogarden,2017-10-01,SUCCESS,200,62,0,4079,
2026-10-07T19:52:20Z,forums_gardenweb,thread,GW_hydroponics,6070925,SUCCESS,200,1,0,6006,
2026-10-07T19:52:27Z,forums_gardenweb,thread,GW_hydroponics,3085804,SUCCESS,200,1,0,6907,
2026-10-07T19:52:32Z,forums_gardenweb,thread,GW_hydroponics,1990623,SUCCESS,200,1,0,5600,
2026-10-07T19:52:33Z,reddit_arcticshift,posts_search,RD_FULL_aerogarden,2018-01-01,SUCCESS,200,100,1,3593,
2026-10-07T19:52:36Z,reddit_arcticshift,posts_search,RD_FULL_aerogarden,2018-04-01,SUCCESS,200,95,0,2861,
2026-10-07T19:52:38Z,forums_gardenweb,thread,GW_hydroponics,1995782,SUCCESS,200,1,0,5531,
2026-10-07T19:52:38Z,forums_gardenweb,thread,GW_hydroponics,1984916,SUCCESS,200,1,0,118,
2026-10-07T19:52:40Z,reddit_arcticshift,posts_search,RD_FULL_aerogarden,2018-07-01,SUCCESS,200,100,0,3318,
2026-10-07T19:52:43Z,reddit_arcticshift,posts_search,RD_FULL_aerogarden,2018-10-01,SUCCESS,200,100,0,3831,
2026-10-07T19:52:47Z,reddit_arcticshift,posts_search,RD_FULL_aerogarden,2019-01-01,SUCCESS,200,100,0,3241,
2026-10-07T19:52:48Z,forums_gardenweb,thread,GW_hydroponics,6090693,SUCCESS,200,1,0,6288,
2026-10-07T19:52:52Z,forums_gardenweb,thread,GW_hydroponics,1988561,SUCCESS,200,1,0,3924,
2026-10-07T19:53:00Z,forums_gardenweb,thread,GW_hydroponics,1987485,SUCCESS,200,1,0,7493,
2026-10-07T19:53:08Z,forums_gardenweb,thread,GW_hydroponics,1992428,SUCCESS,200,1,0,7898,
2026-10-07T19:53:16Z,forums_gardenweb,thread,GW_hydroponics,1996534,SUCCESS,200,1,0,8422,
2026-10-07T19:53:22Z,reddit_arcticshift,posts_search,RD_FULL_aerogarden,2019-04-01,SUCCESS,200,100,2,2540,
2026-10-07T19:53:23Z,forums_gardenweb,thread,GW_hydroponics,5457158,SUCCESS,200,1,0,7228,
2026-10-07T19:53:26Z,reddit_arcticshift,posts_search,RD_FULL_aerogarden,2019-07-01,SUCCESS,200,100,0,4386,
2026-10-07T19:53:29Z,reddit_arcticshift,posts_search,RD_FULL_aerogarden,2019-10-01,SUCCESS,200,100,0,3078,
2026-10-07T19:53:33Z,reddit_arcticshift,posts_search,RD_FULL_aerogarden,2020-01-01,SUCCESS,200,100,0,3312,
2026-10-07T19:53:33Z,forums_gardenweb,thread,GW_hydroponics,2810517,SUCCESS,200,1,0,9795,
2026-10-07T19:53:37Z,reddit_arcticshift,posts_search,RD_FULL_aerogarden,2020-04-01,SUCCESS,200,100,0,3965,
2026-10-07T19:53:39Z,forums_gardenweb,thread,GW_hydroponics,1986510,SUCCESS,200,1,0,6193,
2026-10-07T19:53:46Z,forums_gardenweb,thread,GW_hydroponics,1996774,SUCCESS,200,1,0,6592,
2026-10-07T19:53:53Z,forums_gardenweb,thread,GW_hydroponics,1990179,SUCCESS,200,1,0,6724,
2026-10-07T19:53:53Z,reddit_arcticshift,posts_search,RD_FULL_aerogarden,2020-07-01,SUCCESS,200,100,1,2396,
2026-10-07T19:53:56Z,reddit_arcticshift,posts_search,RD_FULL_aerogarden,2020-10-01,SUCCESS,200,100,0,2774,
2026-10-07T19:53:58Z,forums_gardenweb,thread,GW_hydroponics,1990181,SUCCESS,200,1,0,5547,
2026-10-07T19:54:00Z,reddit_arcticshift,posts_search,RD_FULL_aerogarden,2021-01-01,SUCCESS,200,100,0,3898,
2026-10-07T19:54:03Z,reddit_arcticshift,posts_search,RD_FULL_aerogarden,2021-04-01,SUCCESS,200,100,0,3319,
2026-10-07T19:54:04Z,forums_gardenweb,thread,GW_hydroponics,1994847,SUCCESS,200,1,0,5301,
2026-10-07T19:54:07Z,reddit_arcticshift,posts_search,RD_FULL_aerogarden,2021-07-01,SUCCESS,200,100,0,3326,
2026-10-07T19:54:10Z,reddit_arcticshift,posts_search,RD_FULL_aerogarden,2021-10-01,SUCCESS,200,100,0,3302,
2026-10-07T19:54:10Z,forums_gardenweb,thread,GW_hydroponics,5874219,SUCCESS,200,1,0,6400,
2026-10-07T19:54:16Z,forums_gardenweb,thread,GW_hydroponics,3027469,SUCCESS,200,1,0,5789,
2026-10-07T19:54:20Z,forums_gardenweb,thread,GW_hydroponics,1995699,SUCCESS,200,1,0,4195,
2026-10-07T19:54:24Z,forums_gardenweb,thread,GW_hydroponics,1995251,SUCCESS,200,1,0,3634,
2026-10-07T19:54:30Z,forums_gardenweb,thread,GW_hydroponics,1995593,SUCCESS,200,1,0,5270,
2026-10-07T19:54:35Z,forums_gardenweb,thread,GW_hydroponics,1983302,SUCCESS,200,1,0,4980,
2026-10-07T19:54:40Z,forums_gardenweb,thread,GW_hydroponics,1983456,SUCCESS,200,1,0,5836,
2026-10-07T19:54:46Z,forums_gardenweb,thread,GW_hydroponics,1983077,SUCCESS,200,1,0,5981,
2026-10-07T19:54:52Z,forums_gardenweb,thread,GW_hydroponics,1995963,SUCCESS,200,1,0,5621,
2026-10-07T19:54:59Z,forums_gardenweb,thread,GW_hydroponics,1993035,SUCCESS,200,1,0,6553,
2026-10-07T19:55:03Z,forums_gardenweb,thread,GW_hydroponics,1992108,SUCCESS,200,1,0,4098,
2026-10-07T19:55:09Z,forums_gardenweb,thread,GW_hydroponics,3776224,SUCCESS,200,1,0,5925,
2026-10-07T19:55:13Z,forums_gardenweb,thread,GW_hydroponics,1998271,SUCCESS,200,1,0,4604,
2026-10-07T19:55:17Z,forums_gardenweb,thread,GW_hydroponics,1988705,SUCCESS,200,1,0,3833,
2026-10-07T19:55:22Z,forums_gardenweb,thread,GW_hydroponics,1992474,SUCCESS,200,1,0,4944,
2026-10-07T19:55:26Z,forums_gardenweb,thread,GW_hydroponics,1984323,SUCCESS,200,1,0,3668,
2026-10-07T19:55:33Z,forums_gardenweb,thread,GW_hydroponics,1992713,SUCCESS,200,1,0,6673,
2026-10-07T19:55:40Z,forums_gardenweb,thread,GW_hydroponics,1990305,SUCCESS,200,1,0,6516,
2026-10-07T19:55:45Z,forums_gardenweb,thread,GW_hydroponics,1988553,SUCCESS,200,1,0,5465,
2026-10-07T19:55:51Z,forums_gardenweb,thread,GW_hydroponics,3158848,SUCCESS,200,1,0,5316,
2026-10-07T19:55:53Z,reddit_arcticshift,posts_search,RD_FULL_aerogarden,2022-01-01,SUCCESS,200,100,5,4228,
2026-10-07T19:55:56Z,forums_gardenweb,thread,GW_hydroponics,1991264,SUCCESS,200,1,0,5708,
2026-10-07T19:56:01Z,forums_gardenweb,thread,GW_hydroponics,1989740,SUCCESS,200,1,0,4874,
2026-10-07T19:56:06Z,forums_gardenweb,thread,GW_hydroponics,1996843,SUCCESS,200,1,0,4710,
2026-10-07T19:56:10Z,forums_gardenweb,thread,GW_hydroponics,1994827,SUCCESS,200,1,0,4519,
2026-10-07T19:56:21Z,forums_gardenweb,thread,GW_hydroponics,1998761,SUCCESS,200,1,0,10230,
2026-10-07T19:56:28Z,reddit_arcticshift,posts_search,RD_FULL_aerogarden,2022-04-01,SUCCESS,200,100,2,2898,
2026-10-07T19:56:28Z,forums_gardenweb,thread,GW_hydroponics,1991205,SUCCESS,200,1,0,7224,
2026-10-07T19:56:35Z,forums_gardenweb,thread,GW_hydroponics,1984440,SUCCESS,200,1,0,7099,
2026-10-07T19:56:40Z,forums_gardenweb,thread,GW_hydroponics,1985775,SUCCESS,200,1,0,4817,
2026-10-07T19:56:46Z,forums_gardenweb,thread,GW_hydroponics,1992426,SUCCESS,200,1,0,6262,
2026-10-07T19:56:46Z,reddit_arcticshift,posts_search,RD_FULL_aerogarden,2022-07-01,SUCCESS,200,100,1,3504,
2026-10-07T19:56:53Z,forums_gardenweb,thread,GW_hydroponics,1994623,SUCCESS,200,1,0,6309,
2026-10-07T19:57:01Z,forums_gardenweb,thread,GW_hydroponics,1997659,SUCCESS,200,1,0,8311,
2026-10-07T19:57:10Z,forums_gardenweb,thread,GW_hydroponics,1984273,SUCCESS,200,1,0,8677,
2026-10-07T19:57:15Z,forums_gardenweb,thread,GW_hydroponics,1993821,SUCCESS,200,1,0,5697,
2026-10-07T19:57:20Z,reddit_arcticshift,posts_search,RD_FULL_aerogarden,2022-10-01,SUCCESS,200,100,2,2141,
2026-10-07T19:57:24Z,reddit_arcticshift,posts_search,RD_FULL_aerogarden,2023-01-01,SUCCESS,200,100,0,3448,
2026-10-07T19:57:25Z,forums_gardenweb,thread,GW_hydroponics,3056346,SUCCESS,200,1,0,9587,
2026-10-07T19:57:27Z,reddit_arcticshift,posts_search,RD_FULL_aerogarden,2023-04-01,SUCCESS,200,100,0,2998,
2026-10-07T19:57:30Z,reddit_arcticshift,posts_search,RD_FULL_aerogarden,2023-07-01,SUCCESS,200,100,0,3433,
2026-10-07T19:57:32Z,forums_gardenweb,thread,GW_hydroponics,1986585,SUCCESS,200,1,0,6535,
2026-10-07T19:57:34Z,reddit_arcticshift,posts_search,RD_FULL_aerogarden,2023-10-01,SUCCESS,200,100,0,3533,
2026-10-07T19:57:37Z,forums_gardenweb,thread,GW_hydroponics,1996395,SUCCESS,200,1,0,5300,
2026-10-07T19:57:37Z,reddit_arcticshift,posts_search,RD_FULL_aerogarden,2024-01-01,SUCCESS,200,100,0,3492,
2026-10-07T19:57:41Z,reddit_arcticshift,posts_search,RD_FULL_aerogarden,2024-04-01,SUCCESS,200,100,0,3075,
2026-10-07T19:57:42Z,forums_gardenweb,thread,GW_hydroponics,1986430,SUCCESS,200,1,0,4514,
2026-10-07T19:57:46Z,reddit_arcticshift,posts_search,RD_FULL_aerogarden,2024-07-01,SUCCESS,200,100,0,5014,
2026-10-07T19:57:46Z,forums_gardenweb,thread,GW_hydroponics,1990548,SUCCESS,200,1,0,4079,
2026-10-07T19:57:49Z,reddit_arcticshift,posts_search,RD_FULL_aerogarden,2024-10-01,SUCCESS,200,100,0,3388,
2026-10-07T19:57:53Z,forums_gardenweb,thread,GW_hydroponics,1997765,SUCCESS,200,1,0,7231,
2026-10-07T19:58:01Z,forums_gardenweb,thread,GW_hydroponics,2956014,SUCCESS,200,1,0,7749,
2026-10-07T19:58:08Z,forums_gardenweb,thread,GW_hydroponics,4877993,SUCCESS,200,1,0,6805,
2026-10-07T19:58:08Z,reddit_arcticshift,posts_search,RD_FULL_aerogarden,2025-01-01,SUCCESS,200,100,1,3034,
2026-10-07T19:58:16Z,forums_gardenweb,thread,GW_hydroponics,1996646,SUCCESS,200,1,0,8573,
2026-10-07T19:58:22Z,forums_gardenweb,thread,GW_hydroponics,1992644,SUCCESS,200,1,0,6109,
2026-10-07T19:58:26Z,reddit_arcticshift,posts_search,RD_FULL_aerogarden,2025-04-01,SUCCESS,200,100,1,2378,
2026-10-07T19:58:28Z,forums_gardenweb,thread,GW_hydroponics,1989268,SUCCESS,200,1,0,5466,
2026-10-07T19:58:29Z,reddit_arcticshift,posts_search,RD_FULL_aerogarden,2025-07-01,SUCCESS,200,100,0,3273,
2026-10-07T19:58:33Z,forums_gardenweb,thread,GW_hydroponics,1991906,SUCCESS,200,1,0,5051,
2026-10-07T19:58:38Z,forums_gardenweb,thread,GW_hydroponics,1996029,SUCCESS,200,1,0,5190,
2026-10-07T19:58:44Z,forums_gardenweb,thread,GW_hydroponics,1995277,SUCCESS,200,1,0,5344,
2026-10-07T19:58:48Z,reddit_arcticshift,posts_search,RD_FULL_aerogarden,2025-10-01,SUCCESS,200,100,1,3673,
2026-10-07T19:58:50Z,forums_gardenweb,thread,GW_hydroponics,1998740,SUCCESS,200,1,0,6836,
2026-10-07T19:58:51Z,reddit_arcticshift,posts_search,RD_FULL_aerogarden,2026-01-01,SUCCESS,200,100,0,3139,
2026-10-07T19:58:55Z,reddit_arcticshift,posts_search,RD_FULL_aerogarden,2026-04-01,SUCCESS,200,100,0,4160,
2026-10-07T19:58:55Z,forums_gardenweb,thread,GW_hydroponics,3786076,SUCCESS,200,1,0,4973,
2026-10-07T19:58:59Z,forums_gardenweb,thread,GW_hydroponics,1987673,SUCCESS,200,1,0,3449,
2026-10-07T19:58:59Z,reddit_arcticshift,posts_search,RD_FULL_aerogarden,2026-07-01,SUCCESS,200,100,0,3862,
2026-10-07T19:59:02Z,reddit_arcticshift,posts_search,RD_FULL_aerogarden,2026-10-01,SUCCESS,200,18,0,2695,
2026-10-07T19:59:04Z,forums_gardenweb,thread,GW_hydroponics,5405537,SUCCESS,200,1,0,4157,
2026-10-07T19:59:05Z,reddit_arcticshift,posts_first,RD_FULL_DWC,first,SUCCESS,200,1,0,2957,
2026-10-07T19:59:08Z,reddit_arcticshift,posts_search,RD_FULL_DWC,2013-10-01,SUCCESS,200,5,0,3328,
2026-10-07T19:59:11Z,forums_gardenweb,thread,GW_hydroponics,4937509,SUCCESS,200,1,0,6948,
2026-10-07T19:59:11Z,reddit_arcticshift,posts_search,RD_FULL_DWC,2014-01-01,SUCCESS,200,0,0,2744,
2026-10-07T19:59:15Z,forums_gardenweb,thread,GW_hydroponics,1998326,SUCCESS,200,1,0,4233,
2026-10-07T19:59:21Z,forums_gardenweb,thread,GW_hydroponics,1984952,SUCCESS,200,1,0,6285,
2026-10-07T19:59:27Z,forums_gardenweb,thread,GW_hydroponics,6066310,SUCCESS,200,1,0,5875,
2026-10-07T19:59:28Z,reddit_arcticshift,posts_search,RD_FULL_DWC,2014-04-01,SUCCESS,200,0,1,2594,
2026-10-07T19:59:31Z,forums_gardenweb,thread,GW_hydroponics,1988467,SUCCESS,200,1,0,4046,
2026-10-07T19:59:35Z,forums_gardenweb,thread,GW_hydroponics,3199020,SUCCESS,200,1,0,4035,
2026-10-07T19:59:42Z,forums_gardenweb,thread,GW_hydroponics,1996244,SUCCESS,200,1,0,7149,
2026-10-07T19:59:45Z,reddit_arcticshift,posts_search,RD_FULL_DWC,2014-07-01,SUCCESS,200,0,1,2435,
2026-10-07T19:59:47Z,reddit_arcticshift,posts_search,RD_FULL_DWC,2014-10-01,SUCCESS,200,0,0,1755,
2026-10-07T19:59:48Z,forums_gardenweb,thread,GW_hydroponics,1982758,SUCCESS,200,1,0,5499,
2026-10-07T19:59:56Z,forums_gardenweb,thread,GW_hydroponics,1995600,SUCCESS,200,1,0,7221,
2026-10-07T20:00:00Z,forums_gardenweb,thread,GW_hydroponics,1995250,SUCCESS,200,1,0,4029,
2026-10-07T20:00:07Z,reddit_arcticshift,posts_search,RD_FULL_DWC,2015-01-01,SUCCESS,200,0,1,2983,
2026-10-07T20:00:07Z,forums_gardenweb,thread,GW_hydroponics,1996705,SUCCESS,200,1,0,7067,
2026-10-07T20:00:10Z,reddit_arcticshift,posts_search,RD_FULL_DWC,2015-04-01,SUCCESS,200,0,0,3515,
2026-10-07T20:00:13Z,forums_gardenweb,thread,GW_hydroponics,1995662,SUCCESS,200,1,0,6030,
2026-10-07T20:00:19Z,forums_gardenweb,thread,GW_hydroponics,1985800,SUCCESS,200,1,0,6583,
2026-10-07T20:00:26Z,reddit_arcticshift,posts_search,RD_FULL_DWC,2015-07-01,SUCCESS,200,0,1,2488,
2026-10-07T20:00:27Z,forums_gardenweb,thread,GW_hydroponics,3062723,SUCCESS,200,1,0,7752,
2026-10-07T20:00:31Z,forums_gardenweb,thread,GW_hydroponics,1988309,SUCCESS,200,1,0,3641,
2026-10-07T20:00:38Z,forums_gardenweb,thread,GW_hydroponics,1992720,SUCCESS,200,1,0,6490,
2026-10-07T20:00:42Z,forums_gardenweb,thread,GW_hydroponics,1986059,SUCCESS,200,1,0,4002,
2026-10-07T20:00:43Z,reddit_arcticshift,posts_search,RD_FULL_DWC,2015-10-01,SUCCESS,200,0,1,2148,
2026-10-07T20:00:46Z,forums_gardenweb,thread,GW_hydroponics,1991091,SUCCESS,200,1,0,3932,
2026-10-07T20:00:47Z,reddit_arcticshift,posts_search,RD_FULL_DWC,2016-01-01,SUCCESS,200,0,0,3022,
2026-10-07T20:00:51Z,forums_gardenweb,thread,GW_hydroponics,5677825,SUCCESS,200,1,0,5248,
2026-10-07T20:00:55Z,forums_gardenweb,thread,GW_hydroponics,1988524,SUCCESS,200,1,0,3807,
2026-10-07T20:00:58Z,forums_gardenweb,thread,GW_hydroponics,1989986,SUCCESS,200,1,0,3066,
2026-10-07T20:01:03Z,forums_gardenweb,thread,GW_hydroponics,1995378,SUCCESS,200,1,0,3978,
2026-10-07T20:01:08Z,forums_gardenweb,thread,GW_hydroponics,1991133,SUCCESS,200,1,0,5131,
2026-10-07T20:01:13Z,forums_gardenweb,thread,GW_hydroponics,3529448,SUCCESS,200,1,0,4826,
2026-10-07T20:01:16Z,forums_gardenweb,thread,GW_hydroponics,4721935,SUCCESS,200,1,0,3071,
2026-10-07T20:01:21Z,forums_gardenweb,thread,GW_hydroponics,3585650,SUCCESS,200,1,0,4073,
2026-10-07T20:01:26Z,forums_gardenweb,thread,GW_hydroponics,1993931,SUCCESS,200,1,0,4308,
2026-10-07T20:01:32Z,forums_gardenweb,thread,GW_hydroponics,1995302,SUCCESS,200,1,0,6214,
2026-10-07T20:01:38Z,forums_gardenweb,thread,GW_hydroponics,1995144,SUCCESS,200,1,0,5732,
2026-10-07T20:01:41Z,reddit_arcticshift,posts_search,RD_FULL_DWC,2016-04-01,SUCCESS,200,0,3,2591,
2026-10-07T20:01:41Z,forums_gardenweb,thread,GW_hydroponics,1992020,SUCCESS,200,1,0,3592,
2026-10-07T20:01:43Z,reddit_arcticshift,posts_search,RD_FULL_DWC,2016-07-01,SUCCESS,200,0,0,2651,
2026-10-07T20:01:45Z,forums_gardenweb,thread,GW_hydroponics,1995896,SUCCESS,200,1,0,3598,
2026-10-07T20:01:47Z,reddit_arcticshift,posts_search,RD_FULL_DWC,2016-10-01,SUCCESS,200,0,0,3366,
2026-10-07T20:01:49Z,reddit_arcticshift,posts_search,RD_FULL_DWC,2017-01-01,SUCCESS,200,0,0,2561,
2026-10-07T20:01:51Z,forums_gardenweb,thread,GW_hydroponics,5541626,SUCCESS,200,1,0,5721,
2026-10-07T20:01:55Z,forums_gardenweb,thread,GW_hydroponics,1992989,SUCCESS,200,1,0,3636,
2026-10-07T20:02:02Z,forums_gardenweb,thread,GW_hydroponics,1994963,SUCCESS,200,1,0,6184,
2026-10-07T20:02:05Z,reddit_arcticshift,posts_search,RD_FULL_DWC,2017-04-01,SUCCESS,200,0,1,1736,
2026-10-07T20:02:06Z,forums_gardenweb,thread,GW_hydroponics,1994054,SUCCESS,200,1,0,4230,
2026-10-07T20:02:09Z,reddit_arcticshift,posts_search,RD_FULL_DWC,2017-07-01,SUCCESS,200,0,0,3373,
2026-10-07T20:02:12Z,forums_gardenweb,thread,GW_hydroponics,1992559,SUCCESS,200,1,0,5796,
2026-10-07T20:02:17Z,forums_gardenweb,thread,GW_hydroponics,1988806,SUCCESS,200,1,0,5104,
2026-10-07T20:02:24Z,forums_gardenweb,thread,GW_hydroponics,1992205,SUCCESS,200,1,0,7273,
2026-10-07T20:02:27Z,reddit_arcticshift,posts_search,RD_FULL_DWC,2017-10-01,SUCCESS,200,0,1,2255,
2026-10-07T20:02:28Z,forums_gardenweb,thread,GW_hydroponics,1983464,SUCCESS,200,1,0,4066,
2026-10-07T20:02:31Z,reddit_arcticshift,posts_search,RD_FULL_DWC,2018-01-01,SUCCESS,200,0,0,3255,
2026-10-07T20:02:33Z,reddit_arcticshift,posts_search,RD_FULL_DWC,2018-04-01,SUCCESS,200,0,0,2776,
2026-10-07T20:02:34Z,forums_gardenweb,thread,GW_hydroponics,1987655,SUCCESS,200,1,0,6058,
2026-10-07T20:02:36Z,reddit_arcticshift,posts_search,RD_FULL_DWC,2018-07-01,SUCCESS,200,0,0,2254,
2026-10-07T20:02:38Z,reddit_arcticshift,posts_search,RD_FULL_DWC,2018-10-01,SUCCESS,200,0,0,2601,
2026-10-07T20:02:39Z,forums_gardenweb,thread,GW_hydroponics,1995752,SUCCESS,200,1,0,4225,
2026-10-07T20:02:43Z,forums_gardenweb,thread,GW_hydroponics,3547993,SUCCESS,200,1,0,3992,
2026-10-07T20:02:47Z,forums_gardenweb,thread,GW_hydroponics,5986715,SUCCESS,200,1,0,3903,
2026-10-07T20:02:54Z,forums_gardenweb,thread,GW_hydroponics,5642722,SUCCESS,200,1,0,7443,
2026-10-07T20:02:56Z,reddit_arcticshift,posts_search,RD_FULL_DWC,2019-01-01,SUCCESS,200,0,1,2367,
2026-10-07T20:02:59Z,reddit_arcticshift,posts_search,RD_FULL_DWC,2019-04-01,SUCCESS,200,0,0,2206,
2026-10-07T20:03:00Z,forums_gardenweb,thread,GW_hydroponics,1996660,SUCCESS,200,1,0,5721,
2026-10-07T20:03:02Z,reddit_arcticshift,posts_search,RD_FULL_DWC,2019-07-01,SUCCESS,200,0,0,2790,
2026-10-07T20:03:05Z,forums_gardenweb,thread,GW_hydroponics,1992025,SUCCESS,200,1,0,5067,
2026-10-07T20:03:12Z,forums_gardenweb,thread,GW_hydroponics,1989586,SUCCESS,200,1,0,6775,
2026-10-07T20:03:17Z,forums_gardenweb,thread,GW_hydroponics,4150714,SUCCESS,200,1,0,5098,
2026-10-07T20:03:19Z,reddit_arcticshift,posts_search,RD_FULL_DWC,2019-10-01,SUCCESS,200,0,1,2752,
2026-10-07T20:03:24Z,forums_gardenweb,thread,GW_hydroponics,2885819,SUCCESS,200,1,0,7176,
2026-10-07T20:03:34Z,forums_gardenweb,thread,GW_hydroponics,1986787,SUCCESS,200,1,0,10200,
2026-10-07T20:03:38Z,reddit_arcticshift,posts_search,RD_FULL_DWC,2020-01-01,SUCCESS,200,14,1,4022,
2026-10-07T20:03:40Z,forums_gardenweb,thread,GW_hydroponics,1992728,SUCCESS,200,1,0,5976,
2026-10-07T20:03:41Z,reddit_arcticshift,posts_search,RD_FULL_DWC,2020-04-01,SUCCESS,200,100,0,3167,
2026-10-07T20:03:47Z,forums_gardenweb,thread,GW_hydroponics,1985958,SUCCESS,200,1,0,6954,
2026-10-07T20:03:54Z,forums_gardenweb,thread,GW_hydroponics,1995407,SUCCESS,200,1,0,6926,
2026-10-07T20:04:04Z,forums_gardenweb,thread,GW_hydroponics,3783005,SUCCESS,200,1,0,9200,
2026-10-07T20:04:10Z,forums_gardenweb,thread,GW_hydroponics,3901240,SUCCESS,200,1,0,6720,
2026-10-07T20:04:15Z,forums_gardenweb,thread,GW_hydroponics,1992227,SUCCESS,200,1,0,4969,
2026-10-07T20:04:17Z,reddit_arcticshift,posts_search,RD_FULL_DWC,2020-07-01,SUCCESS,200,100,2,3122,
2026-10-07T20:04:19Z,forums_gardenweb,thread,GW_hydroponics,2981712,SUCCESS,200,1,0,3408,
2026-10-07T20:04:24Z,forums_gardenweb,thread,GW_hydroponics,1990638,SUCCESS,200,1,0,4489,
2026-10-07T20:04:27Z,forums_gardenweb,thread,GW_hydroponics,1995339,SUCCESS,200,1,0,3347,
2026-10-07T20:04:27Z,reddit_arcticshift,posts_first,RD_FULL_Hydroponics,first,SUCCESS,200,1,0,2260,
2026-10-07T20:04:34Z,forums_gardenweb,thread,GW_hydroponics,5731281,SUCCESS,200,1,0,6419,
2026-10-07T20:04:43Z,forums_gardenweb,thread,GW_hydroponics,1988936,SUCCESS,200,1,0,8658,
2026-10-07T20:04:46Z,reddit_arcticshift,posts_first,RD_FULL_hydro,first,SUCCESS,200,1,1,2860,
2026-10-07T20:04:51Z,forums_gardenweb,thread,GW_hydroponics,1986740,SUCCESS,200,1,0,8025,
2026-10-07T20:04:57Z,forums_gardenweb,thread,GW_hydroponics,1984814,SUCCESS,200,1,0,5285,
2026-10-07T20:05:02Z,forums_gardenweb,thread,GW_hydroponics,1986808,SUCCESS,200,1,0,5475,
2026-10-07T20:05:07Z,forums_gardenweb,thread,GW_hydroponics,1988368,SUCCESS,200,1,0,5176,
2026-10-07T20:05:15Z,forums_gardenweb,thread,GW_hydroponics,1990292,SUCCESS,200,1,0,7810,
2026-10-07T20:05:19Z,forums_gardenweb,thread,GW_hydroponics,1985967,SUCCESS,200,1,0,4092,
2026-10-07T20:05:25Z,forums_gardenweb,thread,GW_hydroponics,2810493,SUCCESS,200,1,0,5337,
2026-10-07T20:05:32Z,forums_gardenweb,thread,GW_hydroponics,1992042,SUCCESS,200,1,0,7483,
2026-10-07T20:05:36Z,forums_gardenweb,thread,GW_hydroponics,1996909,SUCCESS,200,1,0,4274,
2026-10-07T20:05:40Z,reddit_arcticshift,posts_first,RD_FULL_kratky,first,SUCCESS,200,1,3,2571,
2026-10-07T20:05:42Z,forums_gardenweb,thread,GW_hydroponics,1989413,SUCCESS,200,1,0,5140,
2026-10-07T20:05:44Z,reddit_arcticshift,posts_first,RD_FULL_aerogarden,first,SUCCESS,200,1,0,4259,
2026-10-07T20:05:48Z,forums_gardenweb,thread,GW_hydroponics,1995341,SUCCESS,200,1,0,5862,
2026-10-07T20:05:54Z,forums_gardenweb,thread,GW_hydroponics,1996571,SUCCESS,200,1,0,6355,
2026-10-07T20:06:00Z,forums_gardenweb,thread,GW_hydroponics,1985112,SUCCESS,200,1,0,6123,
2026-10-07T20:06:03Z,reddit_arcticshift,posts_first,RD_FULL_HydroponicGardening,first,SUCCESS,200,1,1,3699,
2026-10-07T20:06:04Z,forums_gardenweb,thread,GW_hydroponics,1995331,SUCCESS,200,1,0,3584,
2026-10-07T20:06:06Z,reddit_arcticshift,posts_search,RD_FULL_HydroponicGardening,2011-10-01,SUCCESS,200,65,0,3141,
2026-10-07T20:06:09Z,forums_gardenweb,thread,GW_hydroponics,1995940,SUCCESS,200,1,0,4483,
2026-10-07T20:06:09Z,reddit_arcticshift,posts_search,RD_FULL_HydroponicGardening,2012-01-01,SUCCESS,200,49,0,2852,
2026-10-07T20:06:13Z,forums_gardenweb,thread,GW_hydroponics,1992742,SUCCESS,200,1,0,4364,
2026-10-07T20:06:18Z,forums_gardenweb,thread,GW_hydroponics,1997995,SUCCESS,200,1,0,5168,
2026-10-07T20:06:22Z,forums_gardenweb,thread,GW_hydroponics,5344575,SUCCESS,200,1,0,4044,
2026-10-07T20:06:27Z,forums_gardenweb,thread,GW_hydroponics,1988518,SUCCESS,200,1,0,5015,
2026-10-07T20:06:28Z,reddit_arcticshift,posts_search,RD_FULL_HydroponicGardening,2012-04-01,SUCCESS,200,10,1,3285,
2026-10-07T20:06:32Z,reddit_arcticshift,posts_search,RD_FULL_HydroponicGardening,2012-07-01,SUCCESS,200,3,0,4153,
2026-10-07T20:06:34Z,forums_gardenweb,thread,GW_hydroponics,1983993,SUCCESS,200,1,0,6190,
2026-10-07T20:06:38Z,forums_gardenweb,thread,GW_hydroponics,5731025,SUCCESS,200,1,0,4704,
2026-10-07T20:06:43Z,forums_gardenweb,thread,GW_hydroponics,2810578,SUCCESS,200,1,0,5106,
2026-10-07T20:06:48Z,forums_gardenweb,thread,GW_hydroponics,1994962,SUCCESS,200,1,0,4637,
2026-10-07T20:06:50Z,reddit_arcticshift,posts_search,RD_FULL_HydroponicGardening,2012-10-01,SUCCESS,200,4,1,2774,
2026-10-07T20:06:54Z,forums_gardenweb,thread,GW_hydroponics,1996904,SUCCESS,200,1,0,5377,
2026-10-07T20:06:54Z,reddit_arcticshift,posts_search,RD_FULL_HydroponicGardening,2013-01-01,SUCCESS,200,4,0,4563,
2026-10-07T20:06:57Z,reddit_arcticshift,posts_search,RD_FULL_HydroponicGardening,2013-04-01,SUCCESS,200,5,0,2783,
2026-10-07T20:06:58Z,forums_gardenweb,thread,GW_hydroponics,1993591,SUCCESS,200,1,0,4205,
2026-10-07T20:07:07Z,forums_gardenweb,thread,GW_hydroponics,1993804,SUCCESS,200,1,0,8920,
2026-10-07T20:07:17Z,forums_gardenweb,thread,GW_hydroponics,1984757,SUCCESS,200,1,0,9969,
2026-10-07T20:07:21Z,forums_gardenweb,thread,GW_hydroponics,1984944,SUCCESS,200,1,0,4265,
2026-10-07T20:07:26Z,forums_gardenweb,thread,GW_hydroponics,5801444,SUCCESS,200,1,0,4963,
2026-10-07T20:07:31Z,forums_gardenweb,thread,GW_hydroponics,1997828,SUCCESS,200,1,0,5338,
2026-10-07T20:07:36Z,forums_gardenweb,thread,GW_hydroponics,3482658,SUCCESS,200,1,0,4987,
2026-10-07T20:07:42Z,forums_gardenweb,thread,GW_hydroponics,4983711,SUCCESS,200,1,0,5561,
2026-10-07T20:07:47Z,forums_gardenweb,thread,GW_hydroponics,1992665,SUCCESS,200,1,0,5232,
2026-10-07T20:07:54Z,forums_gardenweb,thread,GW_hydroponics,1982868,SUCCESS,200,1,0,6454,
2026-10-07T20:07:55Z,reddit_arcticshift,posts_search,RD_FULL_HydroponicGardening,2013-07-01,SUCCESS,200,0,3,4569,
2026-10-07T20:07:59Z,reddit_arcticshift,posts_search,RD_FULL_HydroponicGardening,2013-10-01,SUCCESS,200,0,0,3715,
2026-10-07T20:08:01Z,forums_gardenweb,thread,GW_hydroponics,1997155,SUCCESS,200,1,0,6762,
2026-10-07T20:08:02Z,reddit_arcticshift,posts_search,RD_FULL_HydroponicGardening,2014-01-01,SUCCESS,200,2,0,3083,
2026-10-07T20:08:04Z,reddit_arcticshift,posts_search,RD_FULL_HydroponicGardening,2014-04-01,SUCCESS,200,14,0,1825,
2026-10-07T20:08:05Z,forums_gardenweb,thread,GW_hydroponics,1995730,SUCCESS,200,1,0,4270,
2026-10-07T20:08:10Z,forums_gardenweb,thread,GW_hydroponics,1993894,SUCCESS,200,1,0,5440,
2026-10-07T20:08:17Z,forums_gardenweb,thread,GW_hydroponics,1989483,SUCCESS,200,1,0,6548,
2026-10-07T20:08:21Z,forums_gardenweb,thread,GW_hydroponics,1986409,SUCCESS,200,1,0,4321,
2026-10-07T20:08:22Z,reddit_arcticshift,posts_search,RD_FULL_HydroponicGardening,2014-07-01,SUCCESS,200,10,1,2567,
2026-10-07T20:08:25Z,forums_gardenweb,thread,GW_hydroponics,1983287,SUCCESS,200,1,0,3734,
2026-10-07T20:08:26Z,reddit_arcticshift,posts_search,RD_FULL_HydroponicGardening,2014-10-01,SUCCESS,200,2,0,3925,
2026-10-07T20:08:29Z,reddit_arcticshift,posts_search,RD_FULL_HydroponicGardening,2015-01-01,SUCCESS,200,10,0,2881,
2026-10-07T20:08:30Z,forums_gardenweb,thread,GW_hydroponics,6075721,SUCCESS,200,1,0,4833,
2026-10-07T20:08:33Z,reddit_arcticshift,posts_search,RD_FULL_HydroponicGardening,2015-04-01,SUCCESS,200,5,0,3778,
2026-10-07T20:08:36Z,reddit_arcticshift,posts_search,RD_FULL_HydroponicGardening,2015-07-01,SUCCESS,200,0,0,2813,
2026-10-07T20:08:37Z,forums_gardenweb,thread,GW_hydroponics,1985823,SUCCESS,200,1,0,6677,
2026-10-07T20:08:40Z,forums_gardenweb,thread,GW_hydroponics,1992439,SUCCESS,200,1,0,3012,
2026-10-07T20:08:46Z,forums_gardenweb,thread,GW_hydroponics,1991684,SUCCESS,200,1,0,5238,
2026-10-07T20:08:52Z,forums_gardenweb,thread,GW_hydroponics,3924567,SUCCESS,200,1,0,5536,
2026-10-07T20:08:55Z,reddit_arcticshift,posts_search,RD_FULL_HydroponicGardening,2015-10-01,SUCCESS,200,0,1,5415,
2026-10-07T20:08:56Z,forums_gardenweb,thread,GW_hydroponics,1992655,SUCCESS,200,1,0,3890,
2026-10-07T20:09:03Z,forums_gardenweb,thread,GW_hydroponics,1991274,SUCCESS,200,1,0,7170,
2026-10-07T20:09:09Z,forums_gardenweb,thread,GW_hydroponics,1998242,SUCCESS,200,1,0,5779,
2026-10-07T20:09:13Z,forums_gardenweb,thread,GW_hydroponics,1996153,SUCCESS,200,1,0,4347,
2026-10-07T20:09:18Z,forums_gardenweb,thread,GW_hydroponics,5940584,SUCCESS,200,1,0,4598,
2026-10-07T20:09:23Z,forums_gardenweb,thread,GW_hydroponics,1990144,SUCCESS,200,1,0,4963,
2026-10-07T20:09:28Z,forums_gardenweb,thread,GW_hydroponics,1998499,SUCCESS,200,1,0,5015,
2026-10-07T20:09:30Z,reddit_arcticshift,posts_search,RD_FULL_HydroponicGardening,2016-01-01,SUCCESS,200,6,2,2124,
2026-10-07T20:09:35Z,forums_gardenweb,thread,GW_hydroponics,1995791,SUCCESS,200,1,0,6836,
2026-10-07T20:09:39Z,forums_gardenweb,thread,GW_hydroponics,1987000,SUCCESS,200,1,0,4485,
2026-10-07T20:09:45Z,forums_gardenweb,thread,GW_hydroponics,4858303,SUCCESS,200,1,0,5456,
2026-10-07T20:09:48Z,reddit_arcticshift,posts_search,RD_FULL_HydroponicGardening,2016-04-01,SUCCESS,200,2,1,2552,
2026-10-07T20:09:50Z,forums_gardenweb,thread,GW_hydroponics,6320809,SUCCESS,200,1,0,4963,
2026-10-07T20:09:51Z,reddit_arcticshift,posts_search,RD_FULL_HydroponicGardening,2016-07-01,SUCCESS,200,1,0,3312,
2026-10-07T20:09:53Z,reddit_arcticshift,posts_search,RD_FULL_HydroponicGardening,2016-10-01,SUCCESS,200,4,0,2453,
2026-10-07T20:10:01Z,forums_gardenweb,thread,GW_hydroponics,1992212,SUCCESS,200,1,0,11571,
2026-10-07T20:10:08Z,forums_gardenweb,thread,GW_hydroponics,2810504,SUCCESS,200,1,0,6886,
2026-10-07T20:10:11Z,reddit_arcticshift,posts_search,RD_FULL_HydroponicGardening,2017-01-01,SUCCESS,200,8,1,2824,
2026-10-07T20:10:14Z,reddit_arcticshift,posts_search,RD_FULL_HydroponicGardening,2017-04-01,SUCCESS,200,3,0,2800,
2026-10-07T20:10:17Z,reddit_arcticshift,posts_search,RD_FULL_HydroponicGardening,2017-07-01,SUCCESS,200,3,0,3002,
2026-10-07T20:10:17Z,forums_gardenweb,thread,GW_hydroponics,6387392,SUCCESS,200,1,0,9057,
2026-10-07T20:10:24Z,forums_gardenweb,thread,GW_hydroponics,1987060,SUCCESS,200,1,0,6501,
2026-10-07T20:10:30Z,forums_gardenweb,thread,GW_hydroponics,4801041,SUCCESS,200,1,0,6346,
2026-10-07T20:10:35Z,reddit_arcticshift,posts_search,RD_FULL_HydroponicGardening,2017-10-01,SUCCESS,200,5,1,2636,
2026-10-07T20:10:37Z,forums_gardenweb,thread,GW_hydroponics,1993101,SUCCESS,200,1,0,6400,
2026-10-07T20:10:38Z,reddit_arcticshift,posts_search,RD_FULL_HydroponicGardening,2018-01-01,SUCCESS,200,8,0,3066,
2026-10-07T20:10:40Z,reddit_arcticshift,posts_search,RD_FULL_HydroponicGardening,2018-04-01,SUCCESS,200,15,0,2029,
2026-10-07T20:10:43Z,forums_gardenweb,thread,GW_hydroponics,1991912,SUCCESS,200,1,0,5850,
2026-10-07T20:10:44Z,reddit_arcticshift,posts_search,RD_FULL_HydroponicGardening,2018-07-01,SUCCESS,200,12,0,3326,
2026-10-07T20:10:47Z,reddit_arcticshift,posts_search,RD_FULL_HydroponicGardening,2018-10-01,SUCCESS,200,5,0,3054,
2026-10-07T20:10:48Z,forums_gardenweb,thread,GW_hydroponics,1995535,SUCCESS,200,1,0,5322,
2026-10-07T20:10:55Z,forums_gardenweb,thread,GW_hydroponics,1988585,SUCCESS,200,1,0,6480,
2026-10-07T20:11:02Z,forums_gardenweb,thread,GW_hydroponics,1996952,SUCCESS,200,1,0,7062,
2026-10-07T20:11:05Z,reddit_arcticshift,posts_search,RD_FULL_HydroponicGardening,2019-01-01,SUCCESS,200,0,1,2644,
2026-10-07T20:11:09Z,forums_gardenweb,thread,GW_hydroponics,1986752,SUCCESS,200,1,0,7242,
2026-10-07T20:11:18Z,forums_gardenweb,thread,GW_hydroponics,1986328,SUCCESS,200,1,0,9318,
2026-10-07T20:11:22Z,reddit_arcticshift,posts_search,RD_FULL_HydroponicGardening,2019-04-01,SUCCESS,200,0,1,2824,
2026-10-07T20:11:26Z,forums_gardenweb,thread,GW_hydroponics,1985272,SUCCESS,200,1,0,7516,
2026-10-07T20:11:33Z,forums_gardenweb,thread,GW_hydroponics,1991450,SUCCESS,200,1,0,7024,
2026-10-07T20:11:40Z,forums_gardenweb,thread,GW_hydroponics,1982891,SUCCESS,200,1,0,7313,
2026-10-07T20:11:50Z,forums_gardenweb,thread,GW_hydroponics,3218234,SUCCESS,200,1,0,9936,
2026-10-07T20:11:56Z,forums_gardenweb,thread,GW_hydroponics,1986538,SUCCESS,200,1,0,6074,
2026-10-07T20:12:02Z,forums_gardenweb,thread,GW_hydroponics,3996140,SUCCESS,200,1,0,5925,
2026-10-07T20:12:09Z,forums_gardenweb,thread,GW_hydroponics,1988175,SUCCESS,200,1,0,6402,
2026-10-07T20:12:16Z,forums_gardenweb,thread,GW_hydroponics,1994945,SUCCESS,200,1,0,6880,
2026-10-07T20:12:18Z,reddit_arcticshift,posts_search,RD_FULL_HydroponicGardening,2019-07-01,SUCCESS,200,0,3,2642,
2026-10-07T20:12:19Z,forums_gardenweb,thread,GW_hydroponics,1997083,SUCCESS,200,1,0,3771,
2026-10-07T20:12:21Z,reddit_arcticshift,posts_search,RD_FULL_HydroponicGardening,2019-10-01,SUCCESS,200,0,0,2710,
2026-10-07T20:12:23Z,reddit_arcticshift,posts_search,RD_FULL_HydroponicGardening,2020-01-01,SUCCESS,200,0,0,1861,
2026-10-07T20:12:25Z,forums_gardenweb,thread,GW_hydroponics,2991724,SUCCESS,200,1,0,5041,
2026-10-07T20:12:31Z,forums_gardenweb,thread,GW_hydroponics,1992772,SUCCESS,200,1,0,6470,
2026-10-07T20:12:37Z,forums_gardenweb,thread,GW_hydroponics,2826764,SUCCESS,200,1,0,5765,
2026-10-07T20:12:40Z,reddit_arcticshift,posts_search,RD_FULL_HydroponicGardening,2020-04-01,SUCCESS,200,0,1,2780,
2026-10-07T20:12:42Z,forums_gardenweb,thread,GW_hydroponics,1995248,SUCCESS,200,1,0,5039,
2026-10-07T20:12:43Z,reddit_arcticshift,posts_search,RD_FULL_HydroponicGardening,2020-07-01,SUCCESS,200,0,0,2263,
2026-10-07T20:12:45Z,reddit_arcticshift,posts_search,RD_FULL_HydroponicGardening,2020-10-01,SUCCESS,200,0,0,2274,
2026-10-07T20:12:48Z,reddit_arcticshift,posts_search,RD_FULL_HydroponicGardening,2021-01-01,SUCCESS,200,0,0,2700,
2026-10-07T20:12:49Z,forums_gardenweb,thread,GW_hydroponics,1996666,SUCCESS,200,1,0,6488,
2026-10-07T20:12:56Z,forums_gardenweb,thread,GW_hydroponics,1983602,SUCCESS,200,1,0,6696,
2026-10-07T20:13:02Z,forums_gardenweb,thread,GW_hydroponics,1992232,SUCCESS,200,1,0,6256,
2026-10-07T20:13:06Z,reddit_arcticshift,posts_search,RD_FULL_HydroponicGardening,2021-04-01,SUCCESS,200,0,1,2635,
2026-10-07T20:13:09Z,forums_gardenweb,thread,GW_hydroponics,1984251,SUCCESS,200,1,0,6575,
2026-10-07T20:13:14Z,forums_gardenweb,thread,GW_hydroponics,3428419,SUCCESS,200,1,0,5505,
2026-10-07T20:13:18Z,forums_gardenweb,thread,GW_hydroponics,1998716,SUCCESS,200,1,0,4143,
2026-10-07T20:13:21Z,reddit_arcticshift,posts_search,RD_FULL_HydroponicGardening,2021-07-01,SUCCESS,200,0,1,1649,
2026-10-07T20:13:24Z,reddit_arcticshift,posts_search,RD_FULL_HydroponicGardening,2021-10-01,SUCCESS,200,0,0,2377,
2026-10-07T20:13:25Z,forums_gardenweb,thread,GW_hydroponics,3483029,SUCCESS,200,1,0,6553,
2026-10-07T20:13:31Z,forums_gardenweb,thread,GW_hydroponics,1994460,SUCCESS,200,1,0,5701,
2026-10-07T20:13:36Z,forums_gardenweb,thread,GW_hydroponics,1991051,SUCCESS,200,1,0,4669,
2026-10-07T20:13:41Z,forums_gardenweb,thread,GW_hydroponics,1992252,SUCCESS,200,1,0,5914,
2026-10-07T20:13:47Z,forums_gardenweb,thread,GW_hydroponics,4708108,SUCCESS,200,1,0,5196,
2026-10-07T20:13:52Z,forums_gardenweb,thread,GW_hydroponics,1992471,SUCCESS,200,1,0,4976,
2026-10-07T20:13:58Z,forums_gardenweb,thread,GW_hydroponics,1992057,SUCCESS,200,1,0,6293,
2026-10-07T20:14:02Z,forums_gardenweb,thread,GW_hydroponics,1996610,SUCCESS,200,1,0,4241,
2026-10-07T20:14:08Z,forums_gardenweb,thread,GW_hydroponics,1987113,SUCCESS,200,1,0,5988,
2026-10-07T20:14:15Z,forums_gardenweb,thread,GW_hydroponics,3862256,SUCCESS,200,1,0,7090,
2026-10-07T20:14:18Z,reddit_arcticshift,posts_search,RD_FULL_HydroponicGardening,2022-01-01,SUCCESS,200,0,3,2314,
2026-10-07T20:14:20Z,reddit_arcticshift,posts_search,RD_FULL_HydroponicGardening,2022-04-01,SUCCESS,200,0,0,2408,
2026-10-07T20:14:21Z,forums_gardenweb,thread,GW_hydroponics,4968456,SUCCESS,200,1,0,5726,
2026-10-07T20:14:23Z,reddit_arcticshift,posts_search,RD_FULL_HydroponicGardening,2022-07-01,SUCCESS,200,0,0,2559,
2026-10-07T20:14:30Z,forums_gardenweb,thread,GW_hydroponics,1998669,SUCCESS,200,1,0,9047,
2026-10-07T20:14:35Z,forums_gardenweb,thread,GW_hydroponics,1982874,SUCCESS,200,1,0,4554,
2026-10-07T20:14:39Z,forums_gardenweb,thread,GW_hydroponics,1997596,SUCCESS,200,1,0,4428,
2026-10-07T20:14:40Z,reddit_arcticshift,posts_search,RD_FULL_HydroponicGardening,2022-10-01,SUCCESS,200,0,1,2485,
2026-10-07T20:14:43Z,reddit_arcticshift,posts_search,RD_FULL_HydroponicGardening,2023-01-01,SUCCESS,200,0,0,2514,
2026-10-07T20:14:45Z,forums_gardenweb,thread,GW_hydroponics,1982896,SUCCESS,200,1,0,5269,
2026-10-07T20:14:48Z,forums_gardenweb,thread,GW_hydroponics,1990546,SUCCESS,200,1,0,3559,
2026-10-07T20:14:56Z,forums_gardenweb,thread,GW_hydroponics,1987554,SUCCESS,200,1,0,7446,
2026-10-07T20:15:00Z,forums_gardenweb,thread,GW_hydroponics,3031551,SUCCESS,200,1,0,3983,
2026-10-07T20:15:05Z,forums_gardenweb,thread,GW_hydroponics,1996329,SUCCESS,200,1,0,4535,
2026-10-07T20:15:09Z,forums_gardenweb,thread,GW_hydroponics,1992500,SUCCESS,200,1,0,4459,
2026-10-07T20:15:16Z,forums_gardenweb,thread,GW_hydroponics,1983020,SUCCESS,200,1,0,7138,
2026-10-07T20:15:17Z,reddit_arcticshift,posts_search,RD_FULL_HydroponicGardening,2023-04-01,SUCCESS,200,0,2,2443,
2026-10-07T20:15:20Z,reddit_arcticshift,posts_search,RD_FULL_HydroponicGardening,2023-07-01,SUCCESS,200,0,0,3270,
2026-10-07T20:15:21Z,forums_gardenweb,thread,GW_hydroponics,1993000,SUCCESS,200,1,0,4160,
2026-10-07T20:15:22Z,reddit_arcticshift,posts_search,RD_FULL_HydroponicGardening,2023-10-01,SUCCESS,200,0,0,2248,
2026-10-07T20:15:25Z,forums_gardenweb,thread,GW_hydroponics,1997162,SUCCESS,200,1,0,4341,
2026-10-07T20:15:31Z,forums_gardenweb,thread,GW_hydroponics,1995498,SUCCESS,200,1,0,5827,
2026-10-07T20:15:35Z,forums_gardenweb,thread,GW_hydroponics,1985641,SUCCESS,200,1,0,4160,
2026-10-07T20:15:40Z,forums_gardenweb,thread,GW_hydroponics,1997464,SUCCESS,200,1,0,4427,
2026-10-07T20:15:46Z,forums_gardenweb,thread,GW_hydroponics,1988296,SUCCESS,200,1,0,6352,
2026-10-07T20:15:50Z,forums_gardenweb,thread,GW_hydroponics,1992825,SUCCESS,200,1,0,4466,
2026-10-07T20:15:56Z,forums_gardenweb,thread,GW_hydroponics,1997933,SUCCESS,200,1,0,5996,
2026-10-07T20:16:02Z,forums_gardenweb,thread,GW_hydroponics,1992522,SUCCESS,200,1,0,5341,
2026-10-07T20:16:06Z,forums_gardenweb,thread,GW_hydroponics,3593624,SUCCESS,200,1,0,4370,
2026-10-07T20:16:11Z,forums_gardenweb,thread,GW_hydroponics,1993751,SUCCESS,200,1,0,4494,
2026-10-07T20:16:14Z,forums_gardenweb,thread,GW_hydroponics,1994526,SUCCESS,200,1,0,3447,
2026-10-07T20:16:16Z,reddit_arcticshift,posts_search,RD_FULL_HydroponicGardening,2024-01-01,SUCCESS,200,0,3,2849,
2026-10-07T20:16:20Z,forums_gardenweb,thread,GW_hydroponics,2970408,SUCCESS,200,1,0,4754,
2026-10-07T20:16:20Z,reddit_arcticshift,posts_search,RD_FULL_HydroponicGardening,2024-04-01,SUCCESS,200,0,0,3419,
2026-10-07T20:16:22Z,reddit_arcticshift,posts_search,RD_FULL_HydroponicGardening,2024-07-01,SUCCESS,200,0,0,2614,
2026-10-07T20:16:24Z,forums_gardenweb,thread,GW_hydroponics,1989066,SUCCESS,200,1,0,4634,
2026-10-07T20:16:25Z,reddit_arcticshift,posts_search,RD_FULL_HydroponicGardening,2024-10-01,SUCCESS,200,0,0,2196,
2026-10-07T20:16:29Z,forums_gardenweb,thread,GW_hydroponics,1986389,SUCCESS,200,1,0,4354,
2026-10-07T20:16:36Z,forums_gardenweb,thread,GW_hydroponics,1985680,SUCCESS,200,1,0,6720,
2026-10-07T20:16:43Z,forums_gardenweb,thread,GW_hydroponics,1996867,SUCCESS,200,1,0,7905,
2026-10-07T20:16:44Z,reddit_arcticshift,posts_search,RD_FULL_HydroponicGardening,2025-01-01,SUCCESS,200,0,1,3561,
2026-10-07T20:16:50Z,forums_gardenweb,thread,GW_hydroponics,1996652,SUCCESS,200,1,0,6466,
2026-10-07T20:16:58Z,forums_gardenweb,thread,GW_hydroponics,5813206,SUCCESS,200,1,0,8025,
2026-10-07T20:17:02Z,reddit_arcticshift,posts_search,RD_FULL_HydroponicGardening,2025-04-01,SUCCESS,200,0,1,4005,
2026-10-07T20:17:03Z,youtube_api,videos,TEST,0,SUCCESS,200,1,0,258,
2026-10-07T20:17:04Z,forums_gardenweb,thread,GW_hydroponics,1982792,SUCCESS,200,1,0,5838,
2026-10-07T20:17:05Z,reddit_arcticshift,posts_search,RD_FULL_HydroponicGardening,2025-07-01,SUCCESS,200,0,0,3090,
2026-10-07T20:17:13Z,forums_gardenweb,thread,GW_hydroponics,1994803,SUCCESS,200,1,0,9237,
2026-10-07T20:17:14Z,youtube_api,search,YT_A_id_00,0,SUCCESS,200,48,0,469,
2026-10-07T20:17:14Z,youtube_api,search,YT_A_id_01,0,SUCCESS,200,48,0,445,
2026-10-07T20:17:15Z,youtube_api,search,YT_A_id_02,0,SUCCESS,200,48,0,472,
2026-10-07T20:17:15Z,youtube_api,search,YT_A_en_00,0,SUCCESS,200,50,0,351,
2026-10-07T20:17:15Z,youtube_api,search,YT_B_id_00,0,SUCCESS,200,47,0,333,
2026-10-07T20:17:16Z,youtube_api,search,YT_B_id_01,0,SUCCESS,200,29,0,321,
2026-10-07T20:17:16Z,youtube_api,search,YT_B_id_02,0,SUCCESS,200,24,0,269,
2026-10-07T20:17:16Z,youtube_api,search,YT_B_id_03,0,SUCCESS,200,47,0,332,
2026-10-07T20:17:17Z,youtube_api,search,YT_B_en_00,0,SUCCESS,200,50,0,299,
2026-10-07T20:17:17Z,youtube_api,search,YT_C_id_00,0,SUCCESS,200,50,0,283,
2026-10-07T20:17:17Z,youtube_api,search,YT_C_id_01,0,SUCCESS,200,50,0,272,
2026-10-07T20:17:18Z,youtube_api,search,YT_C_id_02,0,SUCCESS,200,50,0,272,
2026-10-07T20:17:18Z,youtube_api,search,YT_C_en_00,0,SUCCESS,200,50,0,326,
2026-10-07T20:17:18Z,youtube_api,search,YT_D_id_00,0,SUCCESS,200,45,0,281,
2026-10-07T20:17:19Z,youtube_api,search,YT_D_id_01,0,SUCCESS,200,46,0,328,
2026-10-07T20:17:19Z,youtube_api,search,YT_D_id_02,0,SUCCESS,200,31,0,262,
2026-10-07T20:17:19Z,youtube_api,search,YT_D_id_03,0,SUCCESS,200,44,0,351,
2026-10-07T20:17:20Z,youtube_api,search,YT_D_en_00,0,SUCCESS,200,50,0,314,
2026-10-07T20:17:20Z,youtube_api,search,YT_E_id_00,0,SUCCESS,200,50,0,281,
2026-10-07T20:17:20Z,forums_gardenweb,thread,GW_hydroponics,1984130,SUCCESS,200,1,0,6872,
2026-10-07T20:17:20Z,youtube_api,search,YT_E_id_01,0,SUCCESS,200,50,0,294,
2026-10-07T20:17:20Z,youtube_api,search,YT_E_id_02,0,SUCCESS,200,50,0,325,
2026-10-07T20:17:21Z,youtube_api,search,YT_E_id_03,0,SUCCESS,200,45,0,330,
2026-10-07T20:17:21Z,youtube_api,search,YT_E_id_04,0,SUCCESS,200,44,0,344,
2026-10-07T20:17:21Z,youtube_api,search,YT_E_id_05,0,SUCCESS,200,50,0,303,
2026-10-07T20:17:22Z,youtube_api,search,YT_E_en_00,0,SUCCESS,200,50,0,290,
2026-10-07T20:17:22Z,youtube_api,search,YT_F_id_00,0,SUCCESS,200,23,0,315,
2026-10-07T20:17:22Z,youtube_api,search,YT_F_id_01,0,SUCCESS,200,44,0,358,
2026-10-07T20:17:23Z,youtube_api,search,YT_F_id_02,0,SUCCESS,200,42,0,284,
2026-10-07T20:17:23Z,youtube_api,search,YT_F_id_03,0,SUCCESS,200,42,0,320,
2026-10-07T20:17:23Z,youtube_api,search,YT_F_en_00,0,SUCCESS,200,50,0,307,
2026-10-07T20:17:24Z,youtube_api,search,YT_G_id_00,0,SUCCESS,200,50,0,271,
2026-10-07T20:17:24Z,youtube_api,search,YT_G_id_01,0,SUCCESS,200,47,0,290,
2026-10-07T20:17:24Z,youtube_api,search,YT_G_id_02,0,SUCCESS,200,25,0,278,
2026-10-07T20:17:25Z,youtube_api,search,YT_G_id_03,0,SUCCESS,200,50,0,277,
2026-10-07T20:17:25Z,youtube_api,search,YT_G_id_04,0,SUCCESS,200,50,0,337,
2026-10-07T20:17:25Z,youtube_api,search,YT_G_en_00,0,SUCCESS,200,50,0,313,
2026-10-07T20:17:26Z,youtube_api,search,YT_H_id_00,0,SUCCESS,200,45,0,432,
2026-10-07T20:17:26Z,youtube_api,search,YT_H_en_00,0,SUCCESS,200,50,0,319,
2026-10-07T20:17:26Z,youtube_api,search,YT_I_id_00,0,SUCCESS,200,50,0,297,
2026-10-07T20:17:26Z,forums_gardenweb,thread,GW_hydroponics,1995159,SUCCESS,200,1,0,6340,
2026-10-07T20:17:27Z,youtube_api,search,YT_I_id_01,0,SUCCESS,200,47,0,344,
2026-10-07T20:17:27Z,youtube_api,search,YT_I_id_02,0,SUCCESS,200,45,0,302,
2026-10-07T20:17:27Z,youtube_api,search,YT_I_id_03,0,SUCCESS,200,48,0,317,
2026-10-07T20:17:28Z,youtube_api,search,YT_I_id_04,0,SUCCESS,200,49,0,303,
2026-10-07T20:17:28Z,youtube_api,search,YT_I_en_00,0,SUCCESS,200,50,0,348,
2026-10-07T20:17:28Z,youtube_api,search,YT_J_id_00,0,SUCCESS,200,47,0,321,
2026-10-07T20:17:29Z,youtube_api,search,YT_J_id_01,0,SUCCESS,200,50,0,309,
2026-10-07T20:17:29Z,youtube_api,search,YT_J_en_00,0,SUCCESS,200,50,0,443,
2026-10-07T20:17:30Z,youtube_api,search,YT_K_id_00,0,SUCCESS,200,50,0,489,
2026-10-07T20:17:30Z,youtube_api,search,YT_K_id_01,0,SUCCESS,200,50,0,347,
2026-10-07T20:17:30Z,youtube_api,search,YT_K_id_02,0,SUCCESS,200,50,0,318,
2026-10-07T20:17:31Z,youtube_api,search,YT_K_en_00,0,SUCCESS,200,50,0,461,
2026-10-07T20:17:31Z,youtube_api,search,YT_L_id_00,0,SUCCESS,200,49,0,431,
2026-10-07T20:17:31Z,youtube_api,search,YT_L_id_01,0,SUCCESS,200,49,0,276,
2026-10-07T20:17:32Z,youtube_api,search,YT_L_id_02,0,SUCCESS,200,50,0,301,
2026-10-07T20:17:32Z,youtube_api,search,YT_L_id_03,0,SUCCESS,200,48,0,289,
2026-10-07T20:17:32Z,youtube_api,search,YT_L_en_00,0,SUCCESS,200,50,0,365,
2026-10-07T20:17:33Z,youtube_api,search,YT_M_id_00,0,SUCCESS,200,29,0,282,
2026-10-07T20:17:33Z,youtube_api,search,YT_M_id_01,0,SUCCESS,200,46,0,288,
2026-10-07T20:17:33Z,youtube_api,search,YT_M_id_02,0,SUCCESS,200,48,0,297,
2026-10-07T20:17:34Z,youtube_api,search,YT_M_en_00,0,SUCCESS,200,50,0,356,
2026-10-07T20:17:34Z,youtube_api,search,YT_N_en_00,0,SUCCESS,200,50,0,338,
2026-10-07T20:17:34Z,youtube_api,videos,YT_META,0,SUCCESS,200,50,0,147,
2026-10-07T20:17:34Z,youtube_api,videos,YT_META,50,SUCCESS,200,50,0,153,
2026-10-07T20:17:35Z,youtube_api,videos,YT_META,100,SUCCESS,200,50,0,144,
2026-10-07T20:17:35Z,youtube_api,videos,YT_META,150,SUCCESS,200,50,0,157,
2026-10-07T20:17:35Z,youtube_api,videos,YT_META,200,SUCCESS,200,50,0,149,
2026-10-07T20:17:35Z,youtube_api,videos,YT_META,250,SUCCESS,200,50,0,171,
2026-10-07T20:17:35Z,forums_gardenweb,thread,GW_hydroponics,3106049,SUCCESS,200,1,0,8887,
2026-10-07T20:17:35Z,youtube_api,videos,YT_META,300,SUCCESS,200,50,0,157,
2026-10-07T20:17:36Z,youtube_api,videos,YT_META,350,SUCCESS,200,50,0,139,
2026-10-07T20:17:36Z,youtube_api,videos,YT_META,400,SUCCESS,200,50,0,131,
2026-10-07T20:17:36Z,youtube_api,videos,YT_META,450,SUCCESS,200,50,0,169,
2026-10-07T20:17:36Z,youtube_api,videos,YT_META,500,SUCCESS,200,50,0,159,
2026-10-07T20:17:36Z,youtube_api,videos,YT_META,550,SUCCESS,200,50,0,151,
2026-10-07T20:17:37Z,youtube_api,videos,YT_META,600,SUCCESS,200,50,0,161,
2026-10-07T20:17:37Z,youtube_api,videos,YT_META,650,SUCCESS,200,50,0,147,
2026-10-07T20:17:37Z,youtube_api,videos,YT_META,700,SUCCESS,200,50,0,154,
2026-10-07T20:17:37Z,youtube_api,videos,YT_META,750,SUCCESS,200,50,0,173,
2026-10-07T20:17:37Z,youtube_api,videos,YT_META,800,SUCCESS,200,50,0,160,
2026-10-07T20:17:38Z,youtube_api,videos,YT_META,850,SUCCESS,200,50,0,395,
2026-10-07T20:17:38Z,youtube_api,videos,YT_META,900,SUCCESS,200,50,0,299,
2026-10-07T20:17:38Z,youtube_api,videos,YT_META,950,SUCCESS,200,50,0,159,
2026-10-07T20:17:39Z,youtube_api,videos,YT_META,1000,SUCCESS,200,50,0,156,
2026-10-07T20:17:39Z,youtube_api,videos,YT_META,1050,SUCCESS,200,50,0,236,
2026-10-07T20:17:39Z,youtube_api,videos,YT_META,1100,SUCCESS,200,50,0,298,
2026-10-07T20:17:39Z,youtube_api,videos,YT_META,1150,SUCCESS,200,50,0,214,
2026-10-07T20:17:40Z,youtube_api,videos,YT_META,1200,SUCCESS,200,50,0,148,
2026-10-07T20:17:40Z,youtube_api,videos,YT_META,1250,SUCCESS,200,50,0,165,
2026-10-07T20:17:40Z,youtube_api,videos,YT_META,1300,SUCCESS,200,50,0,155,
2026-10-07T20:17:40Z,youtube_api,videos,YT_META,1350,SUCCESS,200,50,0,148,
2026-10-07T20:17:40Z,youtube_api,videos,YT_META,1400,SUCCESS,200,50,0,157,
2026-10-07T20:17:41Z,youtube_api,videos,YT_META,1450,SUCCESS,200,50,0,140,
2026-10-07T20:17:41Z,youtube_api,videos,YT_META,1500,SUCCESS,200,39,0,147,
2026-10-07T20:17:41Z,youtube_api,commentThreads,YT_A_id_02,0,SUCCESS,200,1,0,203,
2026-10-07T20:17:41Z,youtube_api,commentThreads,YT_A_id_00,0,SUCCESS,200,42,0,314,
2026-10-07T20:17:42Z,forums_gardenweb,thread,GW_hydroponics,1998552,SUCCESS,200,1,0,6209,
2026-10-07T20:17:42Z,youtube_api,commentThreads,YT_G_id_01,0,SUCCESS,200,7,0,213,
2026-10-07T20:17:42Z,youtube_api,commentThreads,YT_F_id_01,0,SUCCESS,200,13,0,336,
2026-10-07T20:17:42Z,youtube_api,commentThreads,YT_B_id_00,0,SUCCESS,200,69,0,401,
2026-10-07T20:17:43Z,youtube_api,commentThreads,YT_D_id_00,0,SUCCESS,200,10,0,214,
2026-10-07T20:17:43Z,youtube_api,commentThreads,YT_E_id_00,0,SUCCESS,200,3,0,205,
2026-10-07T20:17:43Z,youtube_api,commentThreads,YT_E_id_03,0,SUCCESS,200,59,0,373,
2026-10-07T20:17:43Z,youtube_api,commentThreads,YT_C_id_02,0,SUCCESS,200,3,0,147,
2026-10-07T20:17:44Z,youtube_api,commentThreads,YT_F_id_03,0,SUCCESS,200,37,0,348,
2026-10-07T20:17:44Z,youtube_api,commentThreads,YT_I_id_03,0,SUCCESS,200,33,0,312,
2026-10-07T20:17:44Z,youtube_api,commentThreads,YT_L_id_00,0,SUCCESS,200,20,0,208,
2026-10-07T20:17:44Z,youtube_api,commentThreads,YT_E_id_04,0,SUCCESS,200,2,0,206,
2026-10-07T20:17:45Z,youtube_api,commentThreads,YT_I_id_03,0,SUCCESS,200,100,0,625,
2026-10-07T20:17:46Z,youtube_api,commentThreads,YT_I_id_03,1,SUCCESS,200,33,0,442,
2026-10-07T20:17:46Z,youtube_api,commentThreads,YT_M_id_01,0,SUCCESS,200,40,0,313,
2026-10-07T20:17:46Z,youtube_api,commentThreads,YT_C_id_00,0,SUCCESS,200,4,0,301,
2026-10-07T20:17:46Z,youtube_api,commentThreads,YT_E_id_03,0,SUCCESS,200,4,0,244,
2026-10-07T20:17:47Z,youtube_api,commentThreads,YT_E_id_01,0,SUCCESS,200,5,0,159,
2026-10-07T20:17:47Z,youtube_api,commentThreads,YT_F_id_02,0,SUCCESS,200,3,0,161,
2026-10-07T20:17:47Z,youtube_api,commentThreads,YT_B_id_00,0,SUCCESS,200,65,0,499,
2026-10-07T20:17:48Z,youtube_api,commentThreads,YT_E_id_04,0,SUCCESS,200,6,0,216,
2026-10-07T20:17:48Z,forums_gardenweb,thread,GW_hydroponics,1991145,SUCCESS,200,1,0,6053,
2026-10-07T20:17:48Z,youtube_api,commentThreads,YT_E_id_00,0,SUCCESS,200,2,0,148,
2026-10-07T20:17:48Z,youtube_api,commentThreads,YT_J_id_00,0,SUCCESS,200,84,0,291,
2026-10-07T20:17:49Z,youtube_api,commentThreads,YT_E_id_04,0,SUCCESS,200,79,0,552,
2026-10-07T20:17:49Z,youtube_api,commentThreads,YT_F_id_02,0,SUCCESS,200,2,0,153,
2026-10-07T20:17:49Z,youtube_api,commentThreads,YT_G_id_00,0,SUCCESS,200,5,0,185,
2026-10-07T20:17:49Z,youtube_api,commentThreads,YT_G_id_00,0,SUCCESS,200,9,0,278,
2026-10-07T20:17:50Z,youtube_api,commentThreads,YT_C_id_01,0,SUCCESS,200,63,0,411,
2026-10-07T20:17:50Z,youtube_api,commentThreads,YT_B_id_03,0,SUCCESS,200,28,0,509,
2026-10-07T20:17:50Z,youtube_api,commentThreads,YT_K_id_00,0,SUCCESS,200,2,0,184,
2026-10-07T20:17:51Z,youtube_api,commentThreads,YT_D_id_02,0,SUCCESS,200,3,0,201,
2026-10-07T20:17:51Z,youtube_api,commentThreads,YT_E_id_01,0,SUCCESS,200,100,0,426,
2026-10-07T20:17:52Z,youtube_api,commentThreads,YT_E_id_01,1,SUCCESS,200,100,0,379,
2026-10-07T20:17:52Z,youtube_api,commentThreads,YT_E_id_01,2,SUCCESS,200,65,0,385,
2026-10-07T20:17:52Z,youtube_api,commentThreads,YT_G_id_01,0,SUCCESS,200,15,0,237,
2026-10-07T20:17:53Z,youtube_api,commentThreads,YT_L_id_03,0,SUCCESS,200,43,0,373,
2026-10-07T20:17:53Z,youtube_api,commentThreads,YT_D_id_00,0,SUCCESS,200,30,0,402,
2026-10-07T20:17:53Z,youtube_api,commentThreads,YT_C_id_02,0,SUCCESS,200,15,0,181,
2026-10-07T20:17:53Z,forums_gardenweb,thread,GW_hydroponics,1983811,SUCCESS,200,1,0,5494,
2026-10-07T20:17:53Z,youtube_api,commentThreads,YT_B_id_00,0,SUCCESS,200,5,0,186,
2026-10-07T20:17:54Z,youtube_api,commentThreads,YT_G_id_02,0,SUCCESS,200,22,0,274,
2026-10-07T20:17:54Z,youtube_api,commentThreads,YT_J_id_01,0,SUCCESS,200,15,0,232,
2026-10-07T20:17:54Z,youtube_api,commentThreads,YT_E_id_05,0,SUCCESS,200,12,0,318,
2026-10-07T20:17:55Z,youtube_api,commentThreads,YT_A_id_02,0,SUCCESS,200,6,0,378,
2026-10-07T20:17:55Z,youtube_api,commentThreads,YT_D_id_00,0,SUCCESS,200,22,0,361,
2026-10-07T20:17:55Z,youtube_api,commentThreads,YT_G_id_00,0,SUCCESS,200,7,0,211,
2026-10-07T20:17:55Z,youtube_api,commentThreads,YT_E_id_01,0,SUCCESS,200,4,0,181,
2026-10-07T20:17:56Z,youtube_api,commentThreads,YT_G_id_00,0,SUCCESS,200,14,0,318,
2026-10-07T20:17:57Z,youtube_api,commentThreads,YT_A_id_00,0,SUCCESS,200,100,0,832,
2026-10-07T20:17:57Z,youtube_api,commentThreads,YT_A_id_00,1,SUCCESS,200,100,0,416,
2026-10-07T20:17:57Z,youtube_api,commentThreads,YT_A_id_00,2,SUCCESS,200,97,0,439,
2026-10-07T20:17:58Z,youtube_api,commentThreads,YT_F_id_01,0,SUCCESS,200,52,0,513,
2026-10-07T20:17:58Z,youtube_api,commentThreads,YT_J_id_01,0,SUCCESS,200,56,0,390,
2026-10-07T20:17:59Z,youtube_api,commentThreads,YT_E_id_00,0,SUCCESS,200,27,0,278,
2026-10-07T20:17:59Z,youtube_api,commentThreads,YT_K_id_00,0,SUCCESS,200,6,0,297,
2026-10-07T20:17:59Z,youtube_api,commentThreads,YT_E_id_02,0,SUCCESS,200,30,0,274,
2026-10-07T20:18:00Z,youtube_api,commentThreads,YT_E_id_02,0,SUCCESS,200,30,0,271,
2026-10-07T20:18:00Z,forums_gardenweb,thread,GW_hydroponics,1988272,SUCCESS,200,1,0,6444,
2026-10-07T20:18:00Z,youtube_api,commentThreads,YT_F_id_02,0,SUCCESS,200,6,0,259,
2026-10-07T20:18:00Z,youtube_api,commentThreads,YT_A_id_00,0,SUCCESS,200,100,0,458,
2026-10-07T20:18:01Z,youtube_api,commentThreads,YT_A_id_00,1,SUCCESS,200,19,0,234,
2026-10-07T20:18:01Z,youtube_api,commentThreads,YT_F_id_02,0,SUCCESS,200,9,0,167,
2026-10-07T20:18:01Z,youtube_api,commentThreads,YT_K_id_00,0,SUCCESS,200,48,0,248,
2026-10-07T20:18:01Z,youtube_api,commentThreads,YT_B_id_00,0,SUCCESS,200,29,0,270,
2026-10-07T20:18:02Z,youtube_api,commentThreads,YT_D_id_00,0,SUCCESS,200,12,0,212,
2026-10-07T20:18:02Z,youtube_api,commentThreads,YT_G_id_04,0,SUCCESS,200,11,0,339,
2026-10-07T20:18:02Z,youtube_api,commentThreads,YT_D_id_01,0,SUCCESS,200,25,0,321,
2026-10-07T20:18:02Z,youtube_api,commentThreads,YT_E_id_01,0,SUCCESS,200,17,0,222,
2026-10-07T20:18:03Z,youtube_api,commentThreads,YT_D_id_02,0,SUCCESS,200,7,0,261,
2026-10-07T20:18:03Z,youtube_api,commentThreads,YT_E_id_03,0,SUCCESS,200,5,0,201,
2026-10-07T20:18:03Z,youtube_api,commentThreads,YT_I_id_01,0,SUCCESS,200,3,0,143,
2026-10-07T20:18:04Z,youtube_api,commentThreads,YT_L_id_01,0,SUCCESS,200,76,0,328,
2026-10-07T20:18:04Z,youtube_api,commentThreads,YT_A_id_00,0,SUCCESS,200,62,0,372,
2026-10-07T20:18:04Z,youtube_api,commentThreads,YT_A_id_01,0,SUCCESS,200,17,0,257,
2026-10-07T20:18:04Z,youtube_api,commentThreads,YT_M_id_00,0,SUCCESS,200,7,0,190,
2026-10-07T20:18:05Z,youtube_api,commentThreads,YT_E_id_00,0,SUCCESS,200,11,0,256,
2026-10-07T20:18:05Z,youtube_api,commentThreads,YT_L_id_00,0,SUCCESS,200,48,0,396,
2026-10-07T20:18:05Z,forums_gardenweb,thread,GW_hydroponics,1997446,SUCCESS,200,1,0,5415,
2026-10-07T20:18:06Z,youtube_api,commentThreads,YT_E_id_03,0,SUCCESS,200,28,0,408,
2026-10-07T20:18:06Z,youtube_api,commentThreads,YT_L_id_02,0,SUCCESS,200,8,0,177,
2026-10-07T20:18:06Z,youtube_api,commentThreads,YT_D_id_00,0,SUCCESS,200,5,0,170,
2026-10-07T20:18:06Z,youtube_api,commentThreads,YT_E_id_00,0,SUCCESS,200,42,0,400,
2026-10-07T20:18:07Z,youtube_api,commentThreads,YT_F_id_02,0,SUCCESS,200,20,0,212,
2026-10-07T20:18:07Z,youtube_api,commentThreads,YT_K_id_00,0,SUCCESS,200,34,0,245,
2026-10-07T20:18:07Z,youtube_api,commentThreads,YT_G_id_00,0,SUCCESS,200,12,0,331,
2026-10-07T20:18:08Z,youtube_api,commentThreads,YT_E_id_02,0,SUCCESS,200,65,0,513,
2026-10-07T20:18:08Z,youtube_api,commentThreads,YT_E_id_05,0,SUCCESS,200,18,0,450,
2026-10-07T20:18:09Z,youtube_api,commentThreads,YT_D_id_02,0,SUCCESS,200,3,0,353,
2026-10-07T20:18:09Z,youtube_api,commentThreads,YT_E_id_05,0,SUCCESS,200,5,0,377,
2026-10-07T20:18:09Z,youtube_api,commentThreads,YT_D_id_02,0,SUCCESS,200,21,0,553,
2026-10-07T20:18:10Z,youtube_api,commentThreads,YT_E_id_05,0,SUCCESS,200,8,0,298,
2026-10-07T20:18:10Z,youtube_api,commentThreads,YT_D_id_03,0,SUCCESS,200,9,0,439,
2026-10-07T20:18:11Z,youtube_api,commentThreads,YT_D_id_02,0,SUCCESS,200,41,0,493,
2026-10-07T20:18:11Z,youtube_api,commentThreads,YT_B_id_01,0,SUCCESS,200,100,0,667,
2026-10-07T20:18:12Z,youtube_api,commentThreads,YT_B_id_01,1,SUCCESS,200,100,0,339,
2026-10-07T20:18:12Z,forums_gardenweb,thread,GW_hydroponics,3863795,SUCCESS,200,1,0,6764,
2026-10-07T20:18:12Z,youtube_api,commentThreads,YT_B_id_01,2,SUCCESS,200,50,0,635,
2026-10-07T20:18:13Z,youtube_api,commentThreads,YT_I_id_01,0,SUCCESS,200,35,0,320,
2026-10-07T20:18:13Z,youtube_api,commentThreads,YT_M_id_00,0,SUCCESS,200,6,0,185,
2026-10-07T20:18:13Z,youtube_api,commentThreads,YT_B_id_02,0,SUCCESS,200,2,0,384,
2026-10-07T20:18:14Z,youtube_api,commentThreads,YT_E_id_02,0,SUCCESS,200,8,0,190,
2026-10-07T20:18:14Z,youtube_api,commentThreads,YT_A_id_00,0,SUCCESS,200,100,0,395,
2026-10-07T20:18:14Z,youtube_api,commentThreads,YT_A_id_00,1,SUCCESS,200,79,0,376,
2026-10-07T20:18:15Z,youtube_api,commentThreads,YT_I_id_01,0,SUCCESS,200,18,0,281,
2026-10-07T20:18:15Z,youtube_api,commentThreads,YT_K_id_02,0,SUCCESS,200,100,0,517,
2026-10-07T20:18:16Z,youtube_api,commentThreads,YT_K_id_02,1,SUCCESS,200,100,0,478,
2026-10-07T20:18:16Z,youtube_api,commentThreads,YT_K_id_02,2,SUCCESS,200,22,0,275,
2026-10-07T20:18:16Z,youtube_api,commentThreads,YT_E_id_01,0,SUCCESS,200,10,0,315,
2026-10-07T20:18:17Z,youtube_api,commentThreads,YT_F_id_03,0,SUCCESS,200,8,0,209,
2026-10-07T20:18:17Z,youtube_api,commentThreads,YT_I_id_03,0,SUCCESS,200,4,0,240,
2026-10-07T20:18:17Z,youtube_api,commentThreads,YT_I_id_03,0,SUCCESS,200,23,0,300,
2026-10-07T20:18:18Z,youtube_api,commentThreads,YT_J_id_01,0,SUCCESS,200,86,0,460,
2026-10-07T20:18:18Z,youtube_api,commentThreads,YT_M_id_02,0,SUCCESS,200,3,0,154,
2026-10-07T20:18:18Z,youtube_api,commentThreads,YT_J_id_00,0,SUCCESS,200,8,0,209,
2026-10-07T20:18:19Z,youtube_api,commentThreads,YT_F_id_02,0,SUCCESS,200,100,0,540,
2026-10-07T20:18:19Z,forums_gardenweb,thread,GW_hydroponics,1986427,SUCCESS,200,1,0,6921,
2026-10-07T20:18:19Z,youtube_api,commentThreads,YT_F_id_02,1,SUCCESS,200,100,0,480,
2026-10-07T20:18:20Z,youtube_api,commentThreads,YT_F_id_02,2,SUCCESS,200,100,0,506,
2026-10-07T20:18:20Z,youtube_api,commentThreads,YT_E_id_04,0,SUCCESS,200,12,0,250,
2026-10-07T20:18:20Z,youtube_api,commentThreads,YT_G_id_00,0,SUCCESS,200,9,0,230,
2026-10-07T20:18:20Z,reddit_arcticshift,posts_search,RD_FULL_HydroponicGardening,2025-10-01,SUCCESS,200,0,4,2663,
2026-10-07T20:18:20Z,youtube_api,commentThreads,YT_D_id_03,0,SUCCESS,200,4,0,267,
2026-10-07T20:18:21Z,youtube_api,commentThreads,YT_D_id_00,0,SUCCESS,200,5,0,213,
2026-10-07T20:18:21Z,youtube_api,commentThreads,YT_F_id_02,0,SUCCESS,200,34,0,523,
2026-10-07T20:18:21Z,youtube_api,commentThreads,YT_G_id_02,0,SUCCESS,200,12,0,236,
2026-10-07T20:18:22Z,youtube_api,commentThreads,YT_D_id_00,0,SUCCESS,200,2,0,176,
2026-10-07T20:18:22Z,youtube_api,commentThreads,YT_G_id_01,0,SUCCESS,200,3,0,268,
2026-10-07T20:18:22Z,youtube_api,commentThreads,YT_E_id_05,0,SUCCESS,200,39,0,371,
2026-10-07T20:18:23Z,youtube_api,commentThreads,YT_E_id_02,0,SUCCESS,200,2,0,239,
2026-10-07T20:18:23Z,forums_gardenweb,thread,GW_hydroponics,1993487,SUCCESS,200,1,0,3823,
2026-10-07T20:18:23Z,youtube_api,commentThreads,YT_H_id_00,0,SUCCESS,200,100,0,441,
2026-10-07T20:18:23Z,reddit_arcticshift,posts_search,RD_FULL_HydroponicGardening,2026-01-01,SUCCESS,200,0,0,3197,
2026-10-07T20:18:23Z,youtube_api,commentThreads,YT_H_id_00,1,SUCCESS,200,100,0,482,
2026-10-07T20:18:24Z,youtube_api,commentThreads,YT_H_id_00,2,SUCCESS,200,73,0,411,
2026-10-07T20:18:24Z,youtube_api,commentThreads,YT_I_id_04,0,SUCCESS,200,100,0,485,
2026-10-07T20:18:25Z,youtube_api,commentThreads,YT_I_id_04,1,SUCCESS,200,100,0,405,
2026-10-07T20:18:25Z,youtube_api,commentThreads,YT_I_id_04,2,SUCCESS,200,100,0,368,
2026-10-07T20:18:25Z,youtube_api,commentThreads,YT_E_id_05,0,SUCCESS,200,11,0,205,
2026-10-07T20:18:26Z,youtube_api,commentThreads,YT_D_id_03,0,SUCCESS,200,51,0,292,
2026-10-07T20:18:26Z,youtube_api,commentThreads,YT_E_id_03,0,SUCCESS,200,40,0,371,
2026-10-07T20:18:27Z,youtube_api,commentThreads,YT_A_id_00,0,SUCCESS,200,61,0,399,
2026-10-07T20:18:27Z,youtube_api,commentThreads,YT_K_id_00,0,SUCCESS,200,3,0,221,
2026-10-07T20:18:27Z,youtube_api,commentThreads,YT_F_id_03,0,SUCCESS,200,5,0,343,
2026-10-07T20:18:27Z,forums_gardenweb,thread,GW_hydroponics,1985236,SUCCESS,200,1,0,4483,
2026-10-07T20:18:28Z,youtube_api,commentThreads,YT_I_id_01,0,SUCCESS,200,3,0,345,
2026-10-07T20:18:28Z,youtube_api,commentThreads,YT_H_id_00,0,SUCCESS,200,72,0,309,
2026-10-07T20:18:28Z,youtube_api,commentThreads,YT_E_id_03,0,SUCCESS,200,3,0,328,
2026-10-07T20:18:28Z,youtube_api,commentThreads,YT_I_id_04,0,SUCCESS,200,47,0,268,
2026-10-07T20:18:29Z,youtube_api,commentThreads,YT_A_id_01,0,SUCCESS,200,21,0,406,
2026-10-07T20:18:29Z,youtube_api,commentThreads,YT_K_id_02,0,SUCCESS,200,15,0,355,
2026-10-07T20:18:29Z,youtube_api,commentThreads,YT_D_id_02,0,SUCCESS,200,3,0,159,
2026-10-07T20:18:30Z,youtube_api,commentThreads,YT_L_id_00,0,SUCCESS,200,8,0,178,
2026-10-07T20:18:30Z,youtube_api,commentThreads,YT_E_id_05,0,SUCCESS,200,22,0,488,
2026-10-07T20:18:30Z,youtube_api,commentThreads,YT_E_id_03,0,SUCCESS,200,2,0,162,
2026-10-07T20:18:31Z,youtube_api,commentThreads,YT_G_id_03,0,SUCCESS,200,67,0,295,
2026-10-07T20:18:31Z,youtube_api,commentThreads,YT_G_id_03,0,SUCCESS,200,13,0,225,
2026-10-07T20:18:31Z,youtube_api,commentThreads,YT_D_id_01,0,SUCCESS,200,5,0,422,
2026-10-07T20:18:32Z,youtube_api,commentThreads,YT_B_id_00,0,SUCCESS,200,3,0,220,
2026-10-07T20:18:32Z,forums_gardenweb,thread,GW_hydroponics,4096898,SUCCESS,200,1,0,4164,
2026-10-07T20:18:32Z,youtube_api,commentThreads,YT_E_id_02,0,SUCCESS,200,31,0,268,
2026-10-07T20:18:32Z,youtube_api,commentThreads,YT_L_id_00,0,SUCCESS,200,5,0,158,
2026-10-07T20:18:33Z,youtube_api,commentThreads,YT_A_id_00,0,SUCCESS,200,100,0,417,
2026-10-07T20:18:33Z,youtube_api,commentThreads,YT_A_id_00,1,SUCCESS,200,100,0,500,
2026-10-07T20:18:33Z,youtube_api,commentThreads,YT_A_id_00,2,SUCCESS,200,100,0,372,
2026-10-07T20:18:34Z,youtube_api,commentThreads,YT_A_id_00,0,SUCCESS,200,100,0,362,
2026-10-07T20:18:36Z,forums_gardenweb,thread,GW_hydroponics,1990856,SUCCESS,200,1,0,4332,
2026-10-07T20:18:40Z,forums_gardenweb,thread,GW_hydroponics,1991380,SUCCESS,200,1,0,3861,
2026-10-07T20:18:40Z,reddit_arcticshift,posts_search,RD_FULL_HydroponicGardening,2026-04-01,SUCCESS,200,0,1,1882,
2026-10-07T20:18:43Z,youtube_api,commentThreads,YT_A_id_00,1,SUCCESS,200,9,0,8695,
2026-10-07T20:18:43Z,youtube_api,commentThreads,YT_K_id_02,0,SUCCESS,200,100,0,402,
2026-10-07T20:18:44Z,youtube_api,commentThreads,YT_K_id_02,1,SUCCESS,200,100,0,620,
2026-10-07T20:18:44Z,reddit_arcticshift,posts_search,RD_FULL_HydroponicGardening,2026-07-01,SUCCESS,200,0,0,2634,
2026-10-07T20:18:44Z,forums_gardenweb,thread,GW_hydroponics,1994003,SUCCESS,200,1,0,3894,
2026-10-07T20:18:44Z,youtube_api,commentThreads,YT_K_id_02,2,SUCCESS,200,100,0,376,
2026-10-07T20:18:44Z,youtube_api,commentThreads,YT_E_id_05,0,SUCCESS,200,100,0,379,
2026-10-07T20:18:45Z,youtube_api,commentThreads,YT_E_id_05,1,SUCCESS,200,31,0,465,
2026-10-07T20:18:45Z,youtube_api,commentThreads,YT_G_id_01,0,SUCCESS,200,4,0,142,
2026-10-07T20:18:45Z,youtube_api,commentThreads,YT_E_id_00,0,SUCCESS,200,11,0,241,
2026-10-07T20:18:46Z,youtube_api,commentThreads,YT_E_id_05,0,SUCCESS,200,3,0,201,
2026-10-07T20:18:46Z,youtube_api,commentThreads,YT_D_id_01,0,SUCCESS,200,3,0,145,
2026-10-07T20:18:46Z,youtube_api,commentThreads,YT_A_id_02,0,SUCCESS,200,100,0,379,
2026-10-07T20:18:47Z,youtube_api,commentThreads,YT_A_id_02,1,SUCCESS,200,100,0,389,
2026-10-07T20:18:47Z,youtube_api,commentThreads,YT_A_id_02,2,SUCCESS,200,56,0,447,
2026-10-07T20:18:47Z,youtube_api,commentThreads,YT_G_id_04,0,SUCCESS,200,31,0,248,
2026-10-07T20:18:48Z,youtube_api,commentThreads,YT_C_id_00,0,SUCCESS,200,17,0,398,
2026-10-07T20:18:48Z,youtube_api,commentThreads,YT_D_id_02,0,SUCCESS,200,81,0,337,
2026-10-07T20:18:49Z,youtube_api,commentThreads,YT_B_id_03,0,SUCCESS,200,32,0,491,
2026-10-07T20:18:49Z,youtube_api,commentThreads,YT_G_id_03,0,SUCCESS,200,5,0,176,
2026-10-07T20:18:49Z,youtube_api,commentThreads,YT_D_id_01,0,SUCCESS,200,3,0,151,
2026-10-07T20:18:49Z,youtube_api,commentThreads,YT_I_id_00,0,SUCCESS,200,28,0,264,
2026-10-07T20:18:50Z,youtube_api,commentThreads,YT_B_id_03,0,SUCCESS,200,16,0,320,
2026-10-07T20:18:50Z,youtube_api,commentThreads,YT_D_id_01,0,SUCCESS,200,6,0,232,
2026-10-07T20:18:50Z,youtube_api,commentThreads,YT_I_id_04,0,SUCCESS,200,21,0,227,
2026-10-07T20:18:50Z,youtube_api,commentThreads,YT_L_id_00,0,SUCCESS,200,16,0,222,
2026-10-07T20:18:50Z,forums_gardenweb,thread,GW_hydroponics,1985644,SUCCESS,200,1,0,6293,
2026-10-07T20:18:51Z,youtube_api,commentThreads,YT_E_id_03,0,SUCCESS,200,18,0,238,
2026-10-07T20:18:51Z,youtube_api,commentThreads,YT_E_id_05,0,SUCCESS,200,55,0,300,
2026-10-07T20:18:51Z,youtube_api,commentThreads,YT_B_id_02,0,SUCCESS,200,21,0,341,
2026-10-07T20:18:51Z,youtube_api,commentThreads,YT_D_id_00,0,SUCCESS,200,6,0,166,
2026-10-07T20:18:52Z,youtube_api,commentThreads,YT_G_id_04,0,SUCCESS,200,100,0,400,
2026-10-07T20:18:52Z,youtube_api,commentThreads,YT_G_id_04,1,SUCCESS,200,100,0,458,
2026-10-07T20:18:53Z,youtube_api,commentThreads,YT_G_id_04,2,SUCCESS,200,100,0,418,
2026-10-07T20:18:53Z,youtube_api,commentThreads,YT_A_id_00,0,SUCCESS,200,79,0,443,
2026-10-07T20:18:53Z,youtube_api,commentThreads,YT_F_id_01,0,SUCCESS,200,1,0,140,
2026-10-07T20:18:54Z,youtube_api,commentThreads,YT_G_id_04,0,SUCCESS,200,100,0,529,
2026-10-07T20:18:54Z,youtube_api,commentThreads,YT_G_id_04,1,SUCCESS,200,100,0,399,
2026-10-07T20:18:55Z,youtube_api,commentThreads,YT_G_id_04,2,SUCCESS,200,35,0,383,
2026-10-07T20:18:55Z,youtube_api,commentThreads,YT_F_id_03,0,SUCCESS,200,100,0,458,
2026-10-07T20:18:56Z,forums_gardenweb,thread,GW_hydroponics,1993855,SUCCESS,200,1,0,5311,
2026-10-07T20:18:56Z,youtube_api,commentThreads,YT_F_id_03,1,SUCCESS,200,31,0,401,
2026-10-07T20:18:56Z,youtube_api,commentThreads,YT_J_id_01,0,SUCCESS,200,100,0,519,
2026-10-07T20:18:57Z,youtube_api,commentThreads,YT_J_id_01,1,SUCCESS,200,100,0,587,
2026-10-07T20:18:57Z,youtube_api,commentThreads,YT_J_id_01,2,SUCCESS,200,100,0,410,
2026-10-07T20:18:58Z,youtube_api,commentThreads,YT_L_id_00,0,SUCCESS,200,94,0,476,
2026-10-07T20:18:58Z,youtube_api,commentThreads,YT_E_id_03,0,SUCCESS,200,11,0,230,
2026-10-07T20:18:58Z,youtube_api,commentThreads,YT_E_id_04,0,SUCCESS,200,2,0,154,
2026-10-07T20:18:58Z,youtube_api,commentThreads,YT_G_id_01,0,SUCCESS,200,3,0,198,
2026-10-07T20:18:59Z,youtube_api,commentThreads,YT_E_id_05,0,SUCCESS,200,12,0,234,
2026-10-07T20:18:59Z,youtube_api,commentThreads,YT_G_id_03,0,SUCCESS,200,5,0,165,
2026-10-07T20:18:59Z,youtube_api,commentThreads,YT_E_id_05,0,SUCCESS,200,5,0,189,
2026-10-07T20:19:00Z,youtube_api,commentThreads,YT_E_id_05,0,SUCCESS,200,100,0,470,
2026-10-07T20:19:00Z,youtube_api,commentThreads,YT_E_id_05,1,SUCCESS,200,17,0,279,
2026-10-07T20:19:00Z,youtube_api,commentThreads,YT_E_id_01,0,SUCCESS,200,13,0,217,
2026-10-07T20:19:00Z,youtube_api,commentThreads,YT_D_id_01,0,SUCCESS,200,6,0,221,
2026-10-07T20:19:01Z,youtube_api,commentThreads,YT_K_id_02,0,SUCCESS,200,11,0,230,
2026-10-07T20:19:01Z,youtube_api,commentThreads,YT_I_id_01,0,SUCCESS,200,6,0,178,
2026-10-07T20:19:01Z,youtube_api,commentThreads,YT_A_id_00,0,SUCCESS,200,8,0,270,
2026-10-07T20:19:01Z,youtube_api,commentThreads,YT_F_id_02,0,SUCCESS,200,29,0,370,
2026-10-07T20:19:02Z,youtube_api,commentThreads,YT_E_id_02,0,SUCCESS,200,99,0,447,
2026-10-07T20:19:02Z,youtube_api,commentThreads,YT_E_id_02,1,SUCCESS,200,20,0,266,
2026-10-07T20:19:02Z,forums_gardenweb,thread,GW_hydroponics,1991626,SUCCESS,200,1,0,6618,
2026-10-07T20:19:02Z,youtube_api,commentThreads,YT_E_id_05,0,SUCCESS,200,11,0,214,
2026-10-07T20:19:03Z,youtube_api,commentThreads,YT_E_id_02,0,SUCCESS,200,37,0,249,
2026-10-07T20:19:03Z,youtube_api,commentThreads,YT_M_id_00,0,SUCCESS,200,7,0,245,
2026-10-07T20:19:03Z,youtube_api,commentThreads,YT_D_id_00,0,SUCCESS,200,7,0,212,
2026-10-07T20:19:03Z,youtube_api,commentThreads,YT_E_id_00,0,SUCCESS,200,6,0,158,
2026-10-07T20:19:04Z,youtube_api,commentThreads,YT_B_id_02,0,SUCCESS,200,100,0,496,
2026-10-07T20:19:04Z,youtube_api,commentThreads,YT_B_id_02,1,SUCCESS,200,100,0,435,
2026-10-07T20:19:05Z,youtube_api,commentThreads,YT_B_id_02,2,SUCCESS,200,100,0,510,
2026-10-07T20:19:05Z,youtube_api,commentThreads,YT_G_id_03,0,SUCCESS,200,2,0,145,
2026-10-07T20:19:05Z,youtube_api,commentThreads,YT_F_id_01,0,SUCCESS,200,12,0,273,
2026-10-07T20:19:06Z,youtube_api,commentThreads,YT_D_id_01,0,SUCCESS,200,8,0,215,
2026-10-07T20:19:06Z,youtube_api,commentThreads,YT_F_id_01,0,SUCCESS,200,5,0,197,
2026-10-07T20:19:06Z,youtube_api,commentThreads,YT_B_id_03,0,SUCCESS,200,17,0,220,
2026-10-07T20:19:06Z,youtube_api,commentThreads,YT_F_id_03,0,SUCCESS,200,61,0,303,
2026-10-07T20:19:07Z,youtube_api,commentThreads,YT_E_id_01,0,SUCCESS,200,3,0,154,
2026-10-07T20:19:07Z,youtube_api,commentThreads,YT_B_id_00,0,SUCCESS,200,3,0,233,
2026-10-07T20:19:07Z,forums_gardenweb,thread,GW_hydroponics,3325145,SUCCESS,200,1,0,4631,
2026-10-07T20:19:07Z,youtube_api,commentThreads,YT_E_id_00,0,SUCCESS,200,28,0,254,
2026-10-07T20:19:07Z,youtube_api,commentThreads,YT_K_id_00,0,SUCCESS,200,13,0,220,
2026-10-07T20:19:08Z,youtube_api,commentThreads,YT_E_id_02,0,SUCCESS,200,20,0,237,
2026-10-07T20:19:08Z,youtube_api,commentThreads,YT_D_id_00,0,SUCCESS,200,11,0,315,
2026-10-07T20:19:08Z,youtube_api,commentThreads,YT_L_id_00,0,SUCCESS,200,9,0,219,
2026-10-07T20:19:08Z,youtube_api,commentThreads,YT_D_id_02,0,SUCCESS,200,6,0,157,
2026-10-07T20:19:09Z,youtube_api,commentThreads,YT_J_id_01,0,SUCCESS,200,100,0,415,
2026-10-07T20:19:09Z,youtube_api,commentThreads,YT_J_id_01,1,SUCCESS,200,100,0,500,
2026-10-07T20:19:10Z,youtube_api,commentThreads,YT_J_id_01,2,SUCCESS,200,100,0,485,
2026-10-07T20:19:10Z,youtube_api,commentThreads,YT_A_id_02,0,SUCCESS,200,45,0,268,
2026-10-07T20:19:10Z,youtube_api,commentThreads,YT_F_id_02,0,SUCCESS,200,9,0,238,
2026-10-07T20:19:11Z,youtube_api,commentThreads,YT_G_id_02,0,SUCCESS,200,5,0,205,
2026-10-07T20:19:11Z,youtube_api,commentThreads,YT_L_id_00,0,SUCCESS,200,28,0,222,
2026-10-07T20:19:11Z,youtube_api,commentThreads,YT_L_id_01,0,SUCCESS,200,100,0,494,
2026-10-07T20:19:12Z,youtube_api,commentThreads,YT_L_id_01,1,SUCCESS,200,100,0,442,
2026-10-07T20:19:12Z,forums_gardenweb,thread,GW_hydroponics,1993842,SUCCESS,200,1,0,5165,
2026-10-07T20:19:12Z,youtube_api,commentThreads,YT_L_id_01,2,SUCCESS,200,100,0,491,
2026-10-07T20:19:12Z,youtube_api,commentThreads,YT_E_id_00,0,SUCCESS,200,13,0,211,
2026-10-07T20:19:13Z,youtube_api,commentThreads,YT_M_id_01,0,SUCCESS,200,14,0,218,
2026-10-07T20:19:13Z,youtube_api,commentThreads,YT_E_id_00,0,SUCCESS,200,17,0,197,
2026-10-07T20:19:13Z,youtube_api,commentThreads,YT_A_id_00,0,SUCCESS,200,24,0,260,
2026-10-07T20:19:14Z,youtube_api,commentThreads,YT_J_id_01,0,SUCCESS,200,100,0,372,
2026-10-07T20:19:14Z,youtube_api,commentThreads,YT_J_id_01,1,SUCCESS,200,100,0,328,
2026-10-07T20:19:14Z,youtube_api,commentThreads,YT_J_id_01,2,SUCCESS,200,100,0,345,
2026-10-07T20:19:15Z,youtube_api,commentThreads,YT_K_id_02,0,SUCCESS,200,15,0,236,
2026-10-07T20:19:15Z,youtube_api,commentThreads,YT_F_id_02,0,SUCCESS,200,3,0,139,
2026-10-07T20:19:15Z,youtube_api,commentThreads,YT_E_id_05,0,SUCCESS,200,100,0,445,
2026-10-07T20:19:15Z,youtube_api,commentThreads,YT_E_id_05,1,SUCCESS,200,6,0,192,
2026-10-07T20:19:16Z,youtube_api,commentThreads,YT_J_id_00,0,SUCCESS,200,13,0,208,
2026-10-07T20:19:16Z,youtube_api,commentThreads,YT_B_id_01,0,SUCCESS,200,100,0,376,
2026-10-07T20:19:16Z,youtube_api,commentThreads,YT_B_id_01,1,SUCCESS,200,55,0,394,
2026-10-07T20:19:17Z,forums_gardenweb,thread,GW_hydroponics,1994172,SUCCESS,200,1,0,4304,
2026-10-07T20:19:17Z,youtube_api,commentThreads,YT_E_id_04,0,SUCCESS,200,100,0,494,
2026-10-07T20:19:18Z,youtube_api,commentThreads,YT_E_id_04,1,SUCCESS,200,100,0,685,
2026-10-07T20:19:18Z,youtube_api,commentThreads,YT_E_id_04,2,SUCCESS,200,100,0,490,
2026-10-07T20:19:18Z,youtube_api,commentThreads,YT_G_id_00,0,SUCCESS,200,3,0,206,
2026-10-07T20:19:19Z,youtube_api,commentThreads,YT_L_id_01,0,SUCCESS,200,5,0,222,
2026-10-07T20:19:19Z,youtube_api,commentThreads,YT_D_id_02,0,SUCCESS,200,19,0,247,
2026-10-07T20:19:19Z,youtube_api,commentThreads,YT_F_id_03,0,SUCCESS,200,100,0,383,
2026-10-07T20:19:20Z,youtube_api,commentThreads,YT_F_id_03,1,SUCCESS,200,100,0,396,
2026-10-07T20:19:20Z,youtube_api,commentThreads,YT_F_id_03,2,SUCCESS,200,20,0,226,
2026-10-07T20:19:20Z,youtube_api,commentThreads,YT_A_id_02,0,SUCCESS,200,6,0,204,
2026-10-07T20:19:20Z,youtube_api,commentThreads,YT_E_id_02,0,SUCCESS,200,2,0,149,
2026-10-07T20:19:21Z,youtube_api,commentThreads,YT_F_id_01,0,SUCCESS,200,100,0,453,
2026-10-07T20:19:21Z,youtube_api,commentThreads,YT_F_id_01,1,SUCCESS,200,4,0,189,
2026-10-07T20:19:21Z,youtube_api,commentThreads,YT_E_id_01,0,SUCCESS,200,3,0,137,
2026-10-07T20:19:22Z,youtube_api,commentThreads,YT_F_id_02,0,SUCCESS,200,2,0,329,
2026-10-07T20:19:22Z,youtube_api,commentThreads,YT_F_id_03,0,SUCCESS,200,100,0,450,
2026-10-07T20:19:23Z,youtube_api,commentThreads,YT_F_id_03,1,SUCCESS,200,100,0,429,
2026-10-07T20:19:23Z,youtube_api,commentThreads,YT_F_id_03,2,SUCCESS,200,2,0,157,
2026-10-07T20:19:23Z,youtube_api,commentThreads,YT_D_id_03,0,SUCCESS,200,4,0,196,
2026-10-07T20:19:23Z,youtube_api,commentThreads,YT_L_id_01,0,SUCCESS,200,17,0,211,
2026-10-07T20:19:24Z,youtube_api,commentThreads,YT_B_id_01,0,SUCCESS,200,100,0,363,
2026-10-07T20:19:24Z,forums_gardenweb,thread,GW_hydroponics,1989561,SUCCESS,200,1,0,7233,
2026-10-07T20:19:24Z,youtube_api,commentThreads,YT_B_id_01,1,SUCCESS,200,100,0,400,
2026-10-07T20:19:24Z,youtube_api,commentThreads,YT_B_id_01,2,SUCCESS,200,67,0,480,
2026-10-07T20:19:25Z,youtube_api,commentThreads,YT_E_id_01,0,SUCCESS,200,99,0,526,
2026-10-07T20:19:25Z,youtube_api,commentThreads,YT_E_id_01,1,SUCCESS,200,15,0,228,
2026-10-07T20:19:25Z,youtube_api,commentThreads,YT_F_id_03,0,SUCCESS,200,3,0,151,
2026-10-07T20:19:26Z,youtube_api,commentThreads,YT_A_id_01,0,SUCCESS,200,14,0,245,
2026-10-07T20:19:26Z,youtube_api,commentThreads,YT_E_id_05,0,SUCCESS,200,14,0,321,
2026-10-07T20:19:26Z,youtube_api,commentThreads,YT_G_id_04,0,SUCCESS,200,43,0,323,
2026-10-07T20:19:27Z,youtube_api,commentThreads,YT_I_id_03,0,SUCCESS,200,40,0,338,
2026-10-07T20:19:27Z,youtube_api,commentThreads,YT_K_id_00,0,SUCCESS,200,35,0,288,
2026-10-07T20:19:27Z,youtube_api,commentThreads,YT_E_id_04,0,SUCCESS,200,22,0,334,
2026-10-07T20:19:28Z,youtube_api,commentThreads,YT_D_id_00,0,SUCCESS,200,26,0,228,
2026-10-07T20:19:28Z,youtube_api,commentThreads,YT_J_id_00,0,SUCCESS,200,12,0,212,
2026-10-07T20:19:28Z,youtube_api,commentThreads,YT_D_id_03,0,SUCCESS,200,14,0,405,
2026-10-07T20:19:29Z,youtube_api,commentThreads,YT_I_id_01,0,SUCCESS,200,50,0,309,
2026-10-07T20:19:29Z,youtube_api,commentThreads,YT_G_id_03,0,SUCCESS,200,5,0,163,
2026-10-07T20:19:29Z,forums_gardenweb,thread,GW_hydroponics,1994676,SUCCESS,200,1,0,4883,
2026-10-07T20:19:29Z,youtube_api,commentThreads,YT_A_id_00,0,SUCCESS,200,42,0,327,
2026-10-07T20:19:29Z,youtube_api,commentThreads,YT_A_id_02,0,SUCCESS,200,25,0,250,
2026-10-07T20:19:30Z,youtube_api,commentThreads,YT_I_id_00,0,SUCCESS,200,6,0,196,
2026-10-07T20:19:30Z,youtube_api,commentThreads,YT_A_id_00,0,SUCCESS,200,16,0,223,
2026-10-07T20:19:30Z,youtube_api,commentThreads,YT_G_id_01,0,SUCCESS,200,20,0,344,
2026-10-07T20:19:30Z,youtube_api,commentThreads,YT_K_id_00,0,SUCCESS,200,3,0,147,
2026-10-07T20:19:31Z,youtube_api,commentThreads,YT_A_id_01,0,SUCCESS,200,6,0,174,
2026-10-07T20:19:31Z,youtube_api,commentThreads,YT_A_id_01,0,SUCCESS,200,25,0,237,
2026-10-07T20:19:31Z,youtube_api,commentThreads,YT_F_id_03,0,SUCCESS,200,3,0,214,
2026-10-07T20:19:32Z,youtube_api,commentThreads,YT_G_id_04,0,SUCCESS,200,100,0,475,
2026-10-07T20:19:32Z,youtube_api,commentThreads,YT_G_id_04,1,SUCCESS,200,13,0,243,
2026-10-07T20:19:32Z,youtube_api,commentThreads,YT_A_id_02,0,SUCCESS,200,47,0,385,
2026-10-07T20:19:33Z,youtube_api,commentThreads,YT_J_id_00,0,SUCCESS,200,100,0,628,
2026-10-07T20:19:33Z,forums_gardenweb,thread,GW_hydroponics,1997674,SUCCESS,200,1,0,4213,
2026-10-07T20:19:33Z,youtube_api,commentThreads,YT_J_id_00,1,SUCCESS,200,100,0,421,
2026-10-07T20:19:34Z,youtube_api,commentThreads,YT_J_id_00,2,SUCCESS,200,100,0,552,
2026-10-07T20:19:34Z,youtube_api,commentThreads,YT_A_id_00,0,SUCCESS,200,100,0,574,
2026-10-07T20:19:35Z,youtube_api,commentThreads,YT_A_id_00,1,SUCCESS,200,100,0,468,
2026-10-07T20:19:35Z,youtube_api,commentThreads,YT_A_id_00,2,SUCCESS,200,100,0,396,
2026-10-07T20:19:36Z,youtube_api,commentThreads,YT_D_id_02,0,SUCCESS,200,7,0,216,
2026-10-07T20:19:36Z,youtube_api,commentThreads,YT_G_id_00,0,SUCCESS,200,65,0,313,
2026-10-07T20:19:36Z,youtube_api,commentThreads,YT_B_id_01,0,SUCCESS,200,100,0,556,
2026-10-07T20:19:37Z,forums_gardenweb,thread,GW_hydroponics,1982958,SUCCESS,200,1,0,3860,
2026-10-07T20:19:37Z,youtube_api,commentThreads,YT_B_id_01,1,SUCCESS,200,100,0,404,
2026-10-07T20:19:37Z,youtube_api,commentThreads,YT_B_id_01,2,SUCCESS,200,100,0,531,
2026-10-07T20:19:38Z,youtube_api,commentThreads,YT_D_id_01,0,SUCCESS,200,3,0,217,
2026-10-07T20:19:38Z,youtube_api,commentThreads,YT_D_id_01,0,SUCCESS,200,14,0,333,
2026-10-07T20:19:38Z,youtube_api,commentThreads,YT_E_id_05,0,SUCCESS,200,21,0,274,
2026-10-07T20:19:39Z,youtube_api,commentThreads,YT_D_id_02,0,SUCCESS,200,20,0,526,
2026-10-07T20:19:39Z,youtube_api,commentThreads,YT_E_id_04,0,SUCCESS,200,6,0,207,
2026-10-07T20:19:39Z,youtube_api,commentThreads,YT_F_id_00,0,SUCCESS,200,2,0,180,
2026-10-07T20:19:40Z,youtube_api,commentThreads,YT_K_id_00,0,SUCCESS,200,48,0,390,
2026-10-07T20:19:40Z,youtube_api,commentThreads,YT_D_id_00,0,SUCCESS,200,4,0,147,
2026-10-07T20:19:40Z,youtube_api,commentThreads,YT_F_id_02,0,SUCCESS,200,6,0,366,
2026-10-07T20:19:41Z,youtube_api,commentThreads,YT_F_id_01,0,SUCCESS,200,6,0,228,
2026-10-07T20:19:41Z,youtube_api,commentThreads,YT_J_id_01,0,SUCCESS,200,11,0,190,
2026-10-07T20:19:41Z,youtube_api,commentThreads,YT_A_id_02,0,SUCCESS,200,7,0,226,
2026-10-07T20:19:41Z,youtube_api,commentThreads,YT_J_id_01,0,SUCCESS,200,15,0,231,
2026-10-07T20:19:41Z,youtube_api,commentThreads,YT_I_id_04,0,SUCCESS,200,7,0,231,
2026-10-07T20:19:42Z,youtube_api,commentThreads,YT_G_id_04,0,SUCCESS,200,100,0,376,
2026-10-07T20:19:42Z,youtube_api,commentThreads,YT_G_id_04,1,SUCCESS,200,100,0,477,
2026-10-07T20:19:43Z,youtube_api,commentThreads,YT_G_id_04,2,SUCCESS,200,100,0,520,
2026-10-07T20:19:43Z,forums_gardenweb,thread,GW_hydroponics,1986431,SUCCESS,200,1,0,5906,
2026-10-07T20:19:43Z,youtube_api,commentThreads,YT_E_id_01,0,SUCCESS,200,1,0,144,
2026-10-07T20:19:43Z,youtube_api,commentThreads,YT_A_id_00,0,SUCCESS,200,19,0,376,
2026-10-07T20:19:44Z,youtube_api,commentThreads,YT_I_id_01,0,SUCCESS,200,30,0,336,
2026-10-07T20:19:44Z,youtube_api,commentThreads,YT_E_id_00,0,SUCCESS,200,74,0,382,
2026-10-07T20:19:45Z,youtube_api,commentThreads,YT_F_id_02,0,SUCCESS,200,31,0,453,
2026-10-07T20:19:45Z,youtube_api,commentThreads,YT_A_id_00,0,SUCCESS,200,5,0,149,
2026-10-07T20:19:45Z,youtube_api,commentThreads,YT_C_id_01,0,SUCCESS,200,13,0,301,
2026-10-07T20:19:46Z,youtube_api,commentThreads,YT_M_id_00,0,SUCCESS,200,21,0,372,
2026-10-07T20:19:46Z,youtube_api,commentThreads,YT_I_id_00,0,SUCCESS,200,4,0,219,
2026-10-07T20:19:46Z,youtube_api,commentThreads,YT_D_id_03,0,SUCCESS,200,4,0,192,
2026-10-07T20:19:46Z,youtube_api,commentThreads,YT_E_id_05,0,SUCCESS,200,4,0,205,
2026-10-07T20:19:46Z,youtube_api,commentThreads,YT_H_id_00,0,SUCCESS,200,3,0,196,
2026-10-07T20:19:47Z,youtube_api,commentThreads,YT_E_id_03,0,SUCCESS,200,10,0,255,
2026-10-07T20:19:47Z,forums_gardenweb,thread,GW_hydroponics,1982987,SUCCESS,200,1,0,3836,
2026-10-07T20:19:47Z,youtube_api,commentThreads,YT_J_id_01,0,SUCCESS,200,32,0,327,
2026-10-07T20:19:47Z,youtube_api,commentThreads,YT_D_id_01,0,SUCCESS,200,5,0,164,
2026-10-07T20:19:48Z,youtube_api,commentThreads,YT_A_id_00,0,SUCCESS,200,74,0,362,
2026-10-07T20:19:48Z,youtube_api,commentThreads,YT_B_id_01,0,SUCCESS,200,5,0,250,
2026-10-07T20:19:48Z,youtube_api,commentThreads,YT_G_id_04,0,SUCCESS,200,4,0,219,
2026-10-07T20:19:48Z,youtube_api,commentThreads,YT_K_id_00,0,SUCCESS,200,2,0,151,
2026-10-07T20:19:49Z,youtube_api,commentThreads,YT_I_id_00,0,SUCCESS,200,13,0,256,
2026-10-07T20:19:49Z,youtube_api,commentThreads,YT_G_id_03,0,SUCCESS,200,19,0,277,
2026-10-07T20:19:49Z,youtube_api,commentThreads,YT_F_id_01,0,SUCCESS,200,16,0,232,
2026-10-07T20:19:49Z,youtube_api,commentThreads,YT_D_id_01,0,SUCCESS,200,2,0,141,
2026-10-07T20:19:50Z,youtube_api,commentThreads,YT_G_id_03,0,SUCCESS,200,8,0,224,
2026-10-07T20:19:50Z,youtube_api,commentThreads,YT_E_id_01,0,SUCCESS,200,38,0,314,
2026-10-07T20:19:50Z,youtube_api,commentThreads,YT_D_id_03,0,SUCCESS,200,11,0,387,
2026-10-07T20:19:51Z,youtube_api,commentThreads,YT_F_id_01,0,SUCCESS,200,9,0,203,
2026-10-07T20:19:51Z,youtube_api,commentThreads,YT_J_id_01,0,SUCCESS,200,6,0,159,
2026-10-07T20:19:51Z,youtube_api,commentThreads,YT_J_id_01,0,SUCCESS,200,40,0,345,
2026-10-07T20:19:51Z,youtube_api,commentThreads,YT_D_id_01,0,SUCCESS,200,7,0,231,
2026-10-07T20:19:51Z,forums_gardenweb,thread,GW_hydroponics,1985020,SUCCESS,200,1,0,4397,
2026-10-07T20:19:52Z,youtube_api,commentThreads,YT_A_id_00,0,SUCCESS,200,16,0,188,
2026-10-07T20:19:52Z,youtube_api,commentThreads,YT_I_id_00,0,SUCCESS,200,7,0,144,
2026-10-07T20:19:52Z,youtube_api,commentThreads,YT_E_id_05,0,SUCCESS,200,80,0,446,
2026-10-07T20:19:53Z,youtube_api,commentThreads,YT_G_id_01,0,SUCCESS,200,96,0,435,
2026-10-07T20:19:53Z,youtube_api,commentThreads,YT_J_id_00,0,SUCCESS,200,41,0,242,
2026-10-07T20:19:53Z,youtube_api,commentThreads,YT_J_id_01,0,SUCCESS,200,47,0,506,
2026-10-07T20:19:54Z,youtube_api,commentThreads,YT_D_id_01,0,SUCCESS,200,28,0,269,
2026-10-07T20:19:54Z,youtube_api,commentThreads,YT_I_id_01,0,SUCCESS,200,100,0,629,
2026-10-07T20:19:55Z,youtube_api,commentThreads,YT_I_id_01,1,SUCCESS,200,65,0,396,
2026-10-07T20:19:55Z,youtube_api,commentThreads,YT_E_id_03,0,SUCCESS,200,14,0,213,
2026-10-07T20:19:55Z,youtube_api,commentThreads,YT_E_id_03,0,SUCCESS,200,5,0,201,
2026-10-07T20:19:55Z,youtube_api,commentThreads,YT_F_id_03,0,SUCCESS,200,5,0,174,
2026-10-07T20:19:56Z,youtube_api,commentThreads,YT_A_id_00,0,SUCCESS,200,100,0,472,
2026-10-07T20:19:56Z,forums_gardenweb,thread,GW_hydroponics,1985658,SUCCESS,200,1,0,4606,
2026-10-07T20:19:56Z,youtube_api,commentThreads,YT_A_id_00,1,SUCCESS,200,100,0,362,
2026-10-07T20:19:57Z,youtube_api,commentThreads,YT_A_id_00,2,SUCCESS,200,100,0,396,
2026-10-07T20:19:58Z,youtube_api,commentThreads,YT_L_id_00,0,SUCCESS,200,100,0,783,
2026-10-07T20:19:58Z,youtube_api,commentThreads,YT_L_id_00,1,SUCCESS,200,100,0,472,
2026-10-07T20:19:59Z,youtube_api,commentThreads,YT_L_id_00,2,SUCCESS,200,100,0,554,
2026-10-07T20:19:59Z,youtube_api,commentThreads,YT_K_id_00,0,SUCCESS,200,27,0,248,
2026-10-07T20:19:59Z,youtube_api,commentThreads,YT_M_id_00,0,SUCCESS,200,8,0,225,
2026-10-07T20:19:59Z,youtube_api,commentThreads,YT_K_id_02,0,SUCCESS,200,6,0,138,
2026-10-07T20:20:00Z,youtube_api,commentThreads,YT_F_id_03,0,SUCCESS,200,3,0,327,
2026-10-07T20:20:00Z,youtube_api,commentThreads,YT_J_id_01,0,SUCCESS,200,38,0,273,
2026-10-07T20:20:00Z,youtube_api,commentThreads,YT_I_id_01,0,SUCCESS,200,99,0,394,
2026-10-07T20:20:01Z,youtube_api,commentThreads,YT_I_id_01,1,SUCCESS,200,97,0,510,
2026-10-07T20:20:01Z,youtube_api,commentThreads,YT_G_id_00,0,SUCCESS,200,100,0,387,
2026-10-07T20:20:01Z,forums_gardenweb,thread,GW_hydroponics,1982885,SUCCESS,200,1,0,5339,
2026-10-07T20:20:02Z,youtube_api,commentThreads,YT_G_id_00,1,SUCCESS,200,34,0,376,
2026-10-07T20:20:02Z,youtube_api,commentThreads,YT_E_id_02,0,SUCCESS,200,5,0,245,
2026-10-07T20:20:02Z,youtube_api,commentThreads,YT_M_id_00,0,SUCCESS,200,10,0,218,
2026-10-07T20:20:02Z,youtube_api,commentThreads,YT_K_id_01,0,SUCCESS,200,10,0,210,
2026-10-07T20:20:03Z,youtube_api,commentThreads,YT_K_id_00,0,SUCCESS,200,100,0,491,
2026-10-07T20:20:03Z,youtube_api,commentThreads,YT_K_id_00,1,SUCCESS,200,100,0,532,
2026-10-07T20:20:04Z,youtube_api,commentThreads,YT_K_id_00,2,SUCCESS,200,100,0,395,
2026-10-07T20:20:04Z,youtube_api,commentThreads,YT_C_id_01,0,SUCCESS,200,100,0,503,
2026-10-07T20:20:05Z,youtube_api,commentThreads,YT_C_id_01,1,SUCCESS,200,100,0,479,
2026-10-07T20:20:05Z,youtube_api,commentThreads,YT_C_id_01,2,SUCCESS,200,100,0,381,
2026-10-07T20:20:06Z,youtube_api,commentThreads,YT_E_id_02,0,SUCCESS,200,2,0,169,
2026-10-07T20:20:06Z,youtube_api,commentThreads,YT_A_id_00,0,SUCCESS,200,3,0,164,
2026-10-07T20:20:06Z,youtube_api,commentThreads,YT_F_id_00,0,SUCCESS,200,72,0,397,
2026-10-07T20:20:06Z,youtube_api,commentThreads,YT_D_id_02,0,SUCCESS,200,3,0,171,
2026-10-07T20:20:07Z,youtube_api,commentThreads,YT_D_id_00,0,SUCCESS,200,11,0,158,
2026-10-07T20:20:07Z,youtube_api,commentThreads,YT_I_id_02,0,SUCCESS,200,3,0,196,
2026-10-07T20:20:07Z,youtube_api,commentThreads,YT_E_id_00,0,SUCCESS,200,3,0,140,
2026-10-07T20:20:07Z,youtube_api,commentThreads,YT_F_id_01,0,SUCCESS,200,3,0,185,
2026-10-07T20:20:07Z,youtube_api,commentThreads,YT_L_id_03,0,SUCCESS,200,71,0,278,
2026-10-07T20:20:08Z,youtube_api,commentThreads,YT_E_id_00,0,SUCCESS,200,14,0,203,
2026-10-07T20:20:08Z,youtube_api,commentThreads,YT_D_id_03,0,SUCCESS,200,2,0,152,
2026-10-07T20:20:08Z,youtube_api,commentThreads,YT_E_id_01,0,SUCCESS,200,24,0,224,
2026-10-07T20:20:08Z,youtube_api,commentThreads,YT_A_id_01,0,SUCCESS,200,10,0,204,
2026-10-07T20:20:09Z,youtube_api,commentThreads,YT_E_id_00,0,SUCCESS,200,37,0,295,
2026-10-07T20:20:09Z,youtube_api,commentThreads,YT_D_id_00,0,SUCCESS,200,3,0,197,
2026-10-07T20:20:09Z,forums_gardenweb,thread,GW_hydroponics,1994520,SUCCESS,200,1,0,7449,
2026-10-07T20:20:09Z,youtube_api,commentThreads,YT_F_id_02,0,SUCCESS,200,100,0,362,
2026-10-07T20:20:10Z,youtube_api,commentThreads,YT_F_id_02,1,SUCCESS,200,41,0,285,
2026-10-07T20:20:10Z,youtube_api,commentThreads,YT_A_id_00,0,SUCCESS,200,100,0,525,
2026-10-07T20:20:10Z,youtube_api,commentThreads,YT_A_id_00,1,SUCCESS,200,100,0,368,
2026-10-07T20:20:11Z,youtube_api,commentThreads,YT_A_id_00,2,SUCCESS,200,100,0,537,
2026-10-07T20:20:11Z,youtube_api,commentThreads,YT_E_id_04,0,SUCCESS,200,80,0,372,
2026-10-07T20:20:12Z,youtube_api,commentThreads,YT_C_id_00,0,SUCCESS,200,13,0,214,
2026-10-07T20:20:12Z,youtube_api,commentThreads,YT_A_id_02,0,SUCCESS,200,100,0,399,
2026-10-07T20:20:13Z,youtube_api,commentThreads,YT_A_id_02,1,SUCCESS,200,100,0,435,
2026-10-07T20:20:13Z,youtube_api,commentThreads,YT_A_id_02,2,SUCCESS,200,39,0,257,
2026-10-07T20:20:13Z,youtube_api,commentThreads,YT_F_id_03,0,SUCCESS,200,97,0,454,
2026-10-07T20:20:14Z,youtube_api,commentThreads,YT_H_id_00,0,SUCCESS,200,29,0,256,
2026-10-07T20:20:14Z,forums_gardenweb,thread,GW_hydroponics,1995974,SUCCESS,200,1,0,5054,
2026-10-07T20:20:14Z,youtube_api,commentThreads,YT_K_id_02,0,SUCCESS,200,9,0,475,
2026-10-07T20:20:14Z,youtube_api,commentThreads,YT_E_id_00,0,SUCCESS,200,3,0,169,
2026-10-07T20:20:14Z,youtube_api,commentThreads,YT_D_id_03,0,SUCCESS,200,5,0,201,
2026-10-07T20:20:15Z,youtube_api,commentThreads,YT_J_id_01,0,SUCCESS,200,100,0,400,
2026-10-07T20:20:15Z,youtube_api,commentThreads,YT_J_id_01,1,SUCCESS,200,100,0,439,
2026-10-07T20:20:16Z,youtube_api,commentThreads,YT_J_id_01,2,SUCCESS,200,46,0,384,
2026-10-07T20:20:16Z,youtube_api,commentThreads,YT_E_id_05,0,SUCCESS,200,16,0,266,
2026-10-07T20:20:16Z,youtube_api,commentThreads,YT_F_id_02,0,SUCCESS,200,11,0,318,
2026-10-07T20:20:17Z,youtube_api,commentThreads,YT_A_id_01,0,SUCCESS,200,33,0,318,
2026-10-07T20:20:17Z,youtube_api,commentThreads,YT_B_id_00,0,SUCCESS,200,100,0,346,
2026-10-07T20:20:17Z,youtube_api,commentThreads,YT_B_id_00,1,SUCCESS,200,100,0,400,
2026-10-07T20:20:18Z,forums_gardenweb,thread,GW_hydroponics,4034941,SUCCESS,200,1,0,3655,
2026-10-07T20:20:18Z,youtube_api,commentThreads,YT_B_id_00,2,SUCCESS,200,100,0,505,
2026-10-07T20:20:19Z,youtube_api,commentThreads,YT_I_id_03,0,SUCCESS,200,100,0,514,
2026-10-07T20:20:19Z,youtube_api,commentThreads,YT_I_id_03,1,SUCCESS,200,100,0,439,
2026-10-07T20:20:19Z,youtube_api,commentThreads,YT_I_id_03,2,SUCCESS,200,100,0,333,
2026-10-07T20:20:20Z,youtube_api,commentThreads,YT_E_id_05,0,SUCCESS,200,94,0,352,
2026-10-07T20:20:20Z,youtube_api,commentThreads,YT_I_id_01,0,SUCCESS,200,14,0,217,
2026-10-07T20:20:20Z,youtube_api,commentThreads,YT_A_id_02,0,SUCCESS,200,100,0,430,
2026-10-07T20:20:21Z,youtube_api,commentThreads,YT_A_id_02,1,SUCCESS,200,77,0,328,
2026-10-07T20:20:21Z,youtube_api,commentThreads,YT_I_id_01,0,SUCCESS,200,7,0,206,
2026-10-07T20:20:21Z,youtube_api,commentThreads,YT_E_id_04,0,SUCCESS,200,36,0,459,
2026-10-07T20:20:22Z,youtube_api,commentThreads,YT_L_id_01,0,SUCCESS,200,3,0,176,
2026-10-07T20:20:22Z,forums_gardenweb,thread,GW_hydroponics,3858262,SUCCESS,200,1,0,3727,
2026-10-07T20:20:22Z,youtube_api,commentThreads,YT_E_id_00,0,SUCCESS,200,99,0,383,
2026-10-07T20:20:23Z,youtube_api,commentThreads,YT_E_id_00,1,SUCCESS,200,100,0,418,
2026-10-07T20:20:23Z,youtube_api,commentThreads,YT_E_id_00,2,SUCCESS,200,2,0,178,
2026-10-07T20:20:23Z,youtube_api,commentThreads,YT_E_id_04,0,SUCCESS,200,100,0,566,
2026-10-07T20:20:24Z,youtube_api,commentThreads,YT_E_id_04,1,SUCCESS,200,100,0,397,
2026-10-07T20:20:24Z,youtube_api,commentThreads,YT_E_id_04,2,SUCCESS,200,100,0,485,
2026-10-07T20:20:24Z,youtube_api,commentThreads,YT_D_id_00,0,SUCCESS,200,6,0,162,
2026-10-07T20:20:25Z,youtube_api,commentThreads,YT_F_id_02,0,SUCCESS,200,8,0,264,
2026-10-07T20:20:25Z,forums_gardenweb,thread,GW_hydroponics,4899677,SUCCESS,200,1,0,2988,
2026-10-07T20:20:25Z,youtube_api,commentThreads,YT_K_id_02,0,SUCCESS,200,100,0,398,
2026-10-07T20:20:25Z,youtube_api,commentThreads,YT_K_id_02,1,SUCCESS,200,12,0,215,
2026-10-07T20:20:26Z,youtube_api,commentThreads,YT_I_id_04,0,SUCCESS,200,2,0,188,
2026-10-07T20:20:26Z,youtube_api,commentThreads,YT_D_id_01,0,SUCCESS,200,11,0,285,
2026-10-07T20:20:26Z,youtube_api,commentThreads,YT_B_id_00,0,SUCCESS,200,100,0,621,
2026-10-07T20:20:27Z,youtube_api,commentThreads,YT_B_id_00,1,SUCCESS,200,100,0,429,
2026-10-07T20:20:27Z,youtube_api,commentThreads,YT_B_id_00,2,SUCCESS,200,37,0,351,
2026-10-07T20:20:27Z,youtube_api,commentThreads,YT_F_id_03,0,SUCCESS,200,3,0,160,
2026-10-07T20:20:28Z,youtube_api,commentThreads,YT_D_id_01,0,SUCCESS,200,17,0,246,
2026-10-07T20:20:28Z,youtube_api,commentThreads,YT_G_id_00,0,SUCCESS,200,5,0,171,
2026-10-07T20:20:28Z,youtube_api,commentThreads,YT_E_id_05,0,SUCCESS,200,4,0,183,
2026-10-07T20:20:28Z,youtube_api,commentThreads,YT_D_id_02,0,SUCCESS,200,13,0,215,
2026-10-07T20:20:29Z,youtube_api,commentThreads,YT_I_id_01,0,SUCCESS,200,25,0,206,
2026-10-07T20:20:29Z,forums_gardenweb,thread,GW_hydroponics,1995464,SUCCESS,200,1,0,2796,
2026-10-07T20:20:29Z,youtube_api,commentThreads,YT_B_id_02,0,SUCCESS,200,5,0,180,
2026-10-07T20:20:29Z,youtube_api,commentThreads,YT_E_id_05,0,SUCCESS,200,3,0,317,
2026-10-07T20:20:29Z,youtube_api,commentThreads,YT_J_id_01,0,SUCCESS,200,4,0,191,
2026-10-07T20:20:30Z,youtube_api,commentThreads,YT_I_id_00,0,SUCCESS,200,2,0,163,
2026-10-07T20:20:30Z,youtube_api,commentThreads,YT_I_id_02,0,SUCCESS,200,87,0,409,
2026-10-07T20:20:31Z,youtube_api,commentThreads,YT_E_id_05,0,SUCCESS,200,100,0,696,
2026-10-07T20:20:31Z,youtube_api,commentThreads,YT_E_id_05,1,SUCCESS,200,100,0,477,
2026-10-07T20:20:32Z,youtube_api,commentThreads,YT_E_id_05,2,SUCCESS,200,60,0,397,
2026-10-07T20:20:32Z,youtube_api,commentThreads,YT_D_id_03,0,SUCCESS,200,6,0,199,
2026-10-07T20:20:32Z,youtube_api,commentThreads,YT_D_id_01,0,SUCCESS,200,3,0,228,
2026-10-07T20:20:32Z,youtube_api,commentThreads,YT_E_id_01,0,SUCCESS,200,64,0,373,
2026-10-07T20:20:33Z,youtube_api,commentThreads,YT_E_id_02,0,SUCCESS,200,6,0,350,
2026-10-07T20:20:33Z,youtube_api,commentThreads,YT_A_id_00,0,SUCCESS,200,30,0,244,
2026-10-07T20:20:33Z,youtube_api,commentThreads,YT_G_id_02,0,SUCCESS,200,7,0,211,
2026-10-07T20:20:34Z,youtube_api,commentThreads,YT_A_id_00,0,SUCCESS,200,100,0,537,
2026-10-07T20:20:34Z,youtube_api,commentThreads,YT_A_id_00,1,SUCCESS,200,100,0,505,
2026-10-07T20:20:35Z,forums_gardenweb,thread,GW_hydroponics,2998651,SUCCESS,200,1,0,4521,
2026-10-07T20:20:35Z,youtube_api,commentThreads,YT_A_id_00,2,SUCCESS,200,100,0,479,
2026-10-07T20:20:35Z,youtube_api,commentThreads,YT_A_id_00,0,SUCCESS,200,12,0,152,
2026-10-07T20:20:35Z,youtube_api,commentThreads,YT_F_id_01,0,SUCCESS,200,26,0,261,
2026-10-07T20:20:36Z,youtube_api,commentThreads,YT_A_id_00,0,SUCCESS,200,100,0,776,
2026-10-07T20:20:37Z,youtube_api,commentThreads,YT_A_id_00,1,SUCCESS,200,100,0,424,
2026-10-07T20:20:37Z,forums_gardenweb,thread,GW_hydroponics,1991880,SUCCESS,200,1,0,2058,
2026-10-07T20:20:37Z,youtube_api,commentThreads,YT_A_id_00,2,SUCCESS,200,87,0,335,
2026-10-07T20:20:37Z,youtube_api,commentThreads,YT_E_id_02,0,SUCCESS,200,4,0,200,
2026-10-07T20:20:38Z,youtube_api,commentThreads,YT_E_id_02,0,SUCCESS,200,12,0,309,
2026-10-07T20:20:38Z,youtube_api,commentThreads,YT_K_id_02,0,SUCCESS,200,4,0,189,
2026-10-07T20:20:38Z,youtube_api,commentThreads,YT_F_id_01,0,SUCCESS,200,46,0,435,
2026-10-07T20:20:38Z,youtube_api,commentThreads,YT_E_id_01,0,SUCCESS,200,4,0,187,
2026-10-07T20:20:39Z,youtube_api,commentThreads,YT_D_id_03,0,SUCCESS,200,3,0,156,
2026-10-07T20:20:39Z,youtube_api,commentThreads,YT_I_id_01,0,SUCCESS,200,37,0,296,
2026-10-07T20:20:39Z,youtube_api,commentThreads,YT_A_id_01,0,SUCCESS,200,19,0,222,
2026-10-07T20:20:39Z,youtube_api,commentThreads,YT_B_id_00,0,SUCCESS,200,11,0,196,
2026-10-07T20:20:40Z,youtube_api,commentThreads,YT_G_id_00,0,SUCCESS,200,6,0,182,
2026-10-07T20:20:40Z,youtube_api,commentThreads,YT_E_id_01,0,SUCCESS,200,12,0,236,
2026-10-07T20:20:40Z,youtube_api,commentThreads,YT_J_id_01,0,SUCCESS,200,33,0,217,
2026-10-07T20:20:40Z,youtube_api,commentThreads,YT_D_id_03,0,SUCCESS,200,17,0,209,
2026-10-07T20:20:41Z,youtube_api,commentThreads,YT_A_id_02,0,SUCCESS,200,73,0,360,
2026-10-07T20:20:41Z,youtube_api,commentThreads,YT_G_id_01,0,SUCCESS,200,33,0,254,
2026-10-07T20:20:41Z,forums_gardenweb,thread,GW_hydroponics,3041347,SUCCESS,200,1,0,2794,
2026-10-07T20:20:41Z,youtube_api,commentThreads,YT_D_id_01,0,SUCCESS,200,100,0,511,
2026-10-07T20:20:42Z,youtube_api,commentThreads,YT_D_id_01,1,SUCCESS,200,100,0,369,
2026-10-07T20:20:42Z,youtube_api,commentThreads,YT_D_id_01,2,SUCCESS,200,52,0,349,
2026-10-07T20:20:42Z,youtube_api,commentThreads,YT_E_id_01,0,SUCCESS,200,9,0,181,
2026-10-07T20:20:42Z,youtube_api,commentThreads,YT_E_id_00,0,SUCCESS,200,3,0,141,
2026-10-07T20:20:43Z,youtube_api,commentThreads,YT_L_id_00,0,SUCCESS,200,6,0,201,
2026-10-07T20:20:43Z,youtube_api,commentThreads,YT_E_id_04,0,SUCCESS,200,23,0,415,
2026-10-07T20:20:43Z,youtube_api,commentThreads,YT_F_id_02,0,SUCCESS,200,3,0,212,
2026-10-07T20:20:44Z,youtube_api,commentThreads,YT_K_id_02,0,SUCCESS,200,25,0,229,
2026-10-07T20:20:44Z,youtube_api,commentThreads,YT_G_id_03,0,SUCCESS,200,24,0,283,
2026-10-07T20:20:44Z,youtube_api,commentThreads,YT_A_id_00,0,SUCCESS,200,52,0,291,
2026-10-07T20:20:44Z,youtube_api,commentThreads,YT_J_id_00,0,SUCCESS,200,5,0,149,
2026-10-07T20:20:45Z,forums_gardenweb,thread,GW_hydroponics,1996019,SUCCESS,200,1,0,2211,
2026-10-07T20:20:45Z,youtube_api,commentThreads,YT_B_id_01,0,SUCCESS,200,100,0,388,
2026-10-07T20:20:45Z,youtube_api,commentThreads,YT_B_id_01,1,SUCCESS,200,100,0,338,
2026-10-07T20:20:46Z,youtube_api,commentThreads,YT_B_id_01,2,SUCCESS,200,60,0,308,
2026-10-07T20:20:46Z,youtube_api,commentThreads,YT_A_id_01,0,SUCCESS,200,2,0,248,
2026-10-07T20:20:46Z,youtube_api,commentThreads,YT_E_id_04,0,SUCCESS,200,100,0,535,
2026-10-07T20:20:47Z,youtube_api,commentThreads,YT_E_id_04,1,SUCCESS,200,100,0,423,
2026-10-07T20:20:47Z,youtube_api,commentThreads,YT_E_id_04,2,SUCCESS,200,57,0,403,
2026-10-07T20:20:47Z,youtube_api,commentThreads,YT_F_id_03,0,SUCCESS,200,20,0,227,
2026-10-07T20:20:48Z,youtube_api,commentThreads,YT_A_id_00,0,SUCCESS,200,8,0,304,
2026-10-07T20:20:48Z,youtube_api,commentThreads,YT_I_id_00,0,SUCCESS,200,2,0,146,
2026-10-07T20:20:48Z,youtube_api,commentThreads,YT_I_id_01,0,SUCCESS,200,41,0,392,
2026-10-07T20:20:49Z,youtube_api,commentThreads,YT_K_id_00,0,SUCCESS,200,5,0,206,
2026-10-07T20:20:49Z,forums_gardenweb,thread,GW_hydroponics,1994236,SUCCESS,200,1,0,2252,
2026-10-07T20:20:49Z,youtube_api,commentThreads,YT_G_id_03,0,SUCCESS,200,5,0,212,
2026-10-07T20:20:49Z,youtube_api,commentThreads,YT_D_id_00,0,SUCCESS,200,28,0,359,
2026-10-07T20:20:49Z,youtube_api,commentThreads,YT_L_id_01,0,SUCCESS,200,4,0,261,
2026-10-07T20:20:50Z,youtube_api,commentThreads,YT_M_id_02,0,SUCCESS,200,10,0,265,
2026-10-07T20:20:50Z,youtube_api,commentThreads,YT_A_id_00,0,SUCCESS,200,18,0,371,
2026-10-07T20:20:50Z,youtube_api,commentThreads,YT_D_id_02,0,SUCCESS,200,4,0,150,
2026-10-07T20:20:51Z,youtube_api,commentThreads,YT_K_id_01,0,SUCCESS,200,2,0,151,
2026-10-07T20:20:51Z,youtube_api,commentThreads,YT_B_id_00,0,SUCCESS,200,57,0,368,
2026-10-07T20:20:51Z,youtube_api,commentThreads,YT_A_id_00,0,SUCCESS,200,5,0,160,
2026-10-07T20:20:51Z,youtube_api,commentThreads,YT_G_id_01,0,SUCCESS,200,42,0,303,
2026-10-07T20:20:52Z,youtube_api,commentThreads,YT_D_id_00,0,SUCCESS,200,100,0,464,
2026-10-07T20:20:52Z,forums_gardenweb,thread,GW_hydroponics,1991298,SUCCESS,200,1,0,1659,
2026-10-07T20:20:52Z,youtube_api,commentThreads,YT_D_id_00,1,SUCCESS,200,100,0,483,
2026-10-07T20:20:53Z,youtube_api,commentThreads,YT_D_id_00,2,SUCCESS,200,100,0,454,
2026-10-07T20:20:53Z,reddit_arcticshift,posts_search,RD_FULL_HydroponicGardening,2026-10-01,SUCCESS,200,0,6,2994,
2026-10-07T20:20:53Z,youtube_api,commentThreads,YT_G_id_00,0,SUCCESS,200,7,0,226,
2026-10-07T20:20:54Z,youtube_api,commentThreads,YT_A_id_00,0,SUCCESS,200,63,0,450,
2026-10-07T20:20:54Z,youtube_api,commentThreads,YT_E_id_02,0,SUCCESS,200,26,0,376,
2026-10-07T20:20:55Z,youtube_api,commentThreads,YT_L_id_00,0,SUCCESS,200,100,0,656,
2026-10-07T20:20:55Z,youtube_api,commentThreads,YT_L_id_00,1,SUCCESS,200,50,0,456,
2026-10-07T20:20:55Z,youtube_api,commentThreads,YT_E_id_00,0,SUCCESS,200,7,0,157,
2026-10-07T20:20:56Z,youtube_api,commentThreads,YT_B_id_00,0,SUCCESS,200,22,0,217,
2026-10-07T20:20:56Z,youtube_api,commentThreads,YT_J_id_01,0,SUCCESS,200,12,0,197,
2026-10-07T20:20:56Z,youtube_api,commentThreads,YT_A_id_00,0,SUCCESS,200,9,0,222,
2026-10-07T20:20:57Z,youtube_api,commentThreads,YT_D_id_02,0,SUCCESS,200,7,0,563,
2026-10-07T20:20:57Z,reddit_arcticshift,posts_first,RD_FULL_ClickAndGrow,first,SUCCESS,200,1,0,3642,
2026-10-07T20:20:57Z,forums_gardenweb,thread,GW_hydroponics,1996800,SUCCESS,200,1,0,2262,
2026-10-07T20:20:57Z,youtube_api,commentThreads,YT_M_id_02,0,SUCCESS,200,32,0,323,
2026-10-07T20:20:57Z,youtube_api,commentThreads,YT_L_id_00,0,SUCCESS,200,18,0,244,
2026-10-07T20:20:58Z,youtube_api,commentThreads,YT_E_id_00,0,SUCCESS,200,3,0,296,
2026-10-07T20:20:58Z,youtube_api,commentThreads,YT_L_id_01,0,SUCCESS,200,100,0,474,
2026-10-07T20:20:58Z,youtube_api,commentThreads,YT_L_id_01,1,SUCCESS,200,100,0,302,
2026-10-07T20:20:59Z,youtube_api,commentThreads,YT_L_id_01,2,SUCCESS,200,100,0,334,
2026-10-07T20:20:59Z,youtube_api,commentThreads,YT_I_id_03,0,SUCCESS,200,41,0,214,
2026-10-07T20:20:59Z,youtube_api,commentThreads,YT_E_id_01,0,SUCCESS,200,3,0,158,
2026-10-07T20:20:59Z,youtube_api,commentThreads,YT_F_id_03,0,SUCCESS,200,27,0,258,
2026-10-07T20:21:00Z,youtube_api,commentThreads,YT_B_id_00,0,SUCCESS,200,26,0,439,
2026-10-07T20:21:00Z,youtube_api,commentThreads,YT_E_id_00,0,SUCCESS,200,9,0,240,
2026-10-07T20:21:00Z,youtube_api,commentThreads,YT_F_id_01,0,SUCCESS,200,13,0,199,
2026-10-07T20:21:00Z,reddit_arcticshift,posts_search,RD_FULL_ClickAndGrow,2018-01-01,SUCCESS,200,6,0,3507,
2026-10-07T20:21:00Z,forums_gardenweb,thread,GW_hydroponics,1993720,SUCCESS,200,1,0,1863,
2026-10-07T20:21:01Z,youtube_api,commentThreads,YT_A_id_01,0,SUCCESS,200,47,0,285,
2026-10-07T20:21:01Z,youtube_api,commentThreads,YT_K_id_01,0,SUCCESS,200,6,0,324,
2026-10-07T20:21:01Z,youtube_api,commentThreads,YT_E_id_01,0,SUCCESS,200,3,0,147,
2026-10-07T20:21:01Z,youtube_api,commentThreads,YT_G_id_01,0,SUCCESS,200,12,0,244,
2026-10-07T20:21:02Z,youtube_api,commentThreads,YT_L_id_03,0,SUCCESS,200,32,0,238,
2026-10-07T20:21:02Z,youtube_api,commentThreads,YT_I_id_01,0,SUCCESS,200,5,0,175,
2026-10-07T20:21:02Z,youtube_api,commentThreads,YT_K_id_01,0,SUCCESS,200,14,0,244,
2026-10-07T20:21:02Z,youtube_api,commentThreads,YT_K_id_00,0,SUCCESS,200,3,0,189,
2026-10-07T20:21:03Z,youtube_api,commentThreads,YT_A_id_02,0,SUCCESS,200,2,0,268,
2026-10-07T20:21:03Z,youtube_api,commentThreads,YT_F_id_03,0,SUCCESS,200,46,0,327,
2026-10-07T20:21:03Z,youtube_api,commentThreads,YT_M_id_02,0,SUCCESS,200,14,0,383,
2026-10-07T20:21:03Z,reddit_arcticshift,posts_search,RD_FULL_ClickAndGrow,2018-04-01,SUCCESS,200,3,0,3070,
2026-10-07T20:21:04Z,youtube_api,commentThreads,YT_K_id_01,0,SUCCESS,200,8,0,192,
2026-10-07T20:21:04Z,youtube_api,commentThreads,YT_L_id_02,0,SUCCESS,200,31,0,273,
2026-10-07T20:21:05Z,youtube_api,commentThreads,YT_E_id_05,0,SUCCESS,200,100,0,774,
2026-10-07T20:21:05Z,youtube_api,commentThreads,YT_E_id_05,1,SUCCESS,200,100,0,574,
2026-10-07T20:21:06Z,youtube_api,commentThreads,YT_E_id_05,2,SUCCESS,200,100,0,511,
2026-10-07T20:21:06Z,forums_gardenweb,thread,GW_hydroponics,4496683,SUCCESS,200,1,0,3108,
2026-10-07T20:21:06Z,youtube_api,commentThreads,YT_A_id_02,0,SUCCESS,200,100,0,414,
2026-10-07T20:21:07Z,youtube_api,commentThreads,YT_A_id_02,1,SUCCESS,200,73,0,468,
2026-10-07T20:21:07Z,youtube_api,commentThreads,YT_K_id_00,0,SUCCESS,200,13,0,186,
2026-10-07T20:21:07Z,youtube_api,commentThreads,YT_F_id_03,0,SUCCESS,200,26,0,260,
2026-10-07T20:21:07Z,youtube_api,commentThreads,YT_C_id_01,0,SUCCESS,200,32,0,298,
2026-10-07T20:21:08Z,youtube_api,commentThreads,YT_M_id_01,0,SUCCESS,200,2,0,165,
2026-10-07T20:21:08Z,youtube_api,commentThreads,YT_D_id_00,0,SUCCESS,200,18,0,417,
2026-10-07T20:21:08Z,youtube_api,commentThreads,YT_F_id_00,0,SUCCESS,200,43,0,287,
2026-10-07T20:21:09Z,youtube_api,commentThreads,YT_I_id_00,0,SUCCESS,200,6,0,225,
2026-10-07T20:21:09Z,youtube_api,commentThreads,YT_B_id_00,0,SUCCESS,200,100,0,399,
2026-10-07T20:21:09Z,youtube_api,commentThreads,YT_B_id_00,1,SUCCESS,200,100,0,446,
2026-10-07T20:21:10Z,forums_gardenweb,thread,GW_hydroponics,1983516,SUCCESS,200,1,0,3071,
2026-10-07T20:21:10Z,youtube_api,commentThreads,YT_B_id_00,2,SUCCESS,200,100,0,503,
2026-10-07T20:21:11Z,youtube_api,commentThreads,YT_E_id_04,0,SUCCESS,200,100,0,598,
2026-10-07T20:21:11Z,youtube_api,commentThreads,YT_E_id_04,1,SUCCESS,200,44,0,381,
2026-10-07T20:21:12Z,youtube_api,commentThreads,YT_E_id_04,0,SUCCESS,200,100,0,635,
2026-10-07T20:21:12Z,youtube_api,commentThreads,YT_E_id_04,1,SUCCESS,200,100,0,559,
2026-10-07T20:21:13Z,youtube_api,commentThreads,YT_E_id_04,2,SUCCESS,200,100,0,398,
2026-10-07T20:21:13Z,youtube_api,commentThreads,YT_L_id_01,0,SUCCESS,200,100,0,558,
2026-10-07T20:21:14Z,youtube_api,commentThreads,YT_L_id_01,1,SUCCESS,200,100,0,391,
2026-10-07T20:21:14Z,youtube_api,commentThreads,YT_L_id_01,2,SUCCESS,200,100,0,361,
2026-10-07T20:21:14Z,forums_gardenweb,thread,GW_hydroponics,1996492,SUCCESS,200,1,0,3519,
2026-10-07T20:21:15Z,youtube_api,commentThreads,YT_J_id_01,0,SUCCESS,200,100,0,685,
2026-10-07T20:21:15Z,youtube_api,commentThreads,YT_J_id_01,1,SUCCESS,200,12,0,340,
2026-10-07T20:21:15Z,youtube_api,commentThreads,YT_F_id_01,0,SUCCESS,200,11,0,216,
2026-10-07T20:21:16Z,youtube_api,commentThreads,YT_D_id_03,0,SUCCESS,200,2,0,136,
2026-10-07T20:21:16Z,youtube_api,commentThreads,YT_D_id_01,0,SUCCESS,200,19,0,223,
2026-10-07T20:21:16Z,youtube_api,commentThreads,YT_I_id_00,0,SUCCESS,200,4,0,157,
2026-10-07T20:21:16Z,youtube_api,commentThreads,YT_A_id_01,0,SUCCESS,200,48,0,371,
2026-10-07T20:21:17Z,youtube_api,commentThreads,YT_G_id_00,0,SUCCESS,200,10,0,182,
2026-10-07T20:21:17Z,youtube_api,commentThreads,YT_I_id_03,0,SUCCESS,200,33,0,377,
2026-10-07T20:21:17Z,forums_gardenweb,thread,GW_hydroponics,1996514,SUCCESS,200,1,0,2459,
2026-10-07T20:21:18Z,youtube_api,commentThreads,YT_A_id_00,0,SUCCESS,200,100,0,550,
2026-10-07T20:21:18Z,youtube_api,commentThreads,YT_A_id_00,1,SUCCESS,200,100,0,400,
2026-10-07T20:21:18Z,youtube_api,commentThreads,YT_A_id_00,2,SUCCESS,200,4,0,183,
2026-10-07T20:21:18Z,youtube_api,commentThreads,YT_K_id_02,0,SUCCESS,200,3,0,153,
2026-10-07T20:21:19Z,youtube_api,commentThreads,YT_C_id_02,0,SUCCESS,200,13,0,243,
2026-10-07T20:21:19Z,youtube_api,commentThreads,YT_H_id_00,0,SUCCESS,200,64,0,325,
2026-10-07T20:21:19Z,youtube_api,commentThreads,YT_J_id_00,0,SUCCESS,200,4,0,146,
2026-10-07T20:21:20Z,youtube_api,commentThreads,YT_E_id_01,0,SUCCESS,200,100,0,625,
2026-10-07T20:21:20Z,youtube_api,commentThreads,YT_E_id_01,1,SUCCESS,200,44,0,561,
2026-10-07T20:21:21Z,youtube_api,commentThreads,YT_H_id_00,0,SUCCESS,200,20,0,254,
2026-10-07T20:21:21Z,youtube_api,commentThreads,YT_D_id_03,0,SUCCESS,200,47,0,451,
2026-10-07T20:21:21Z,forums_gardenweb,thread,GW_hydroponics,4771553,SUCCESS,200,1,0,2615,
2026-10-07T20:21:21Z,youtube_api,commentThreads,YT_I_id_01,0,SUCCESS,200,21,0,213,
2026-10-07T20:21:22Z,youtube_api,commentThreads,YT_E_id_05,0,SUCCESS,200,100,0,435,
2026-10-07T20:21:22Z,youtube_api,commentThreads,YT_E_id_05,1,SUCCESS,200,32,0,307,
2026-10-07T20:21:22Z,youtube_api,commentThreads,YT_I_id_03,0,SUCCESS,200,2,0,156,
2026-10-07T20:21:23Z,youtube_api,commentThreads,YT_D_id_03,0,SUCCESS,200,15,0,216,
2026-10-07T20:21:23Z,youtube_api,commentThreads,YT_L_id_01,0,SUCCESS,200,14,0,218,
2026-10-07T20:21:23Z,youtube_api,commentThreads,YT_K_id_00,0,SUCCESS,200,2,0,141,
2026-10-07T20:21:23Z,youtube_api,commentThreads,YT_G_id_01,0,SUCCESS,200,23,0,260,
2026-10-07T20:21:24Z,youtube_api,commentThreads,YT_H_id_00,0,SUCCESS,200,5,0,193,
2026-10-07T20:21:24Z,youtube_api,commentThreads,YT_E_id_03,0,SUCCESS,200,3,0,201,
2026-10-07T20:21:24Z,youtube_api,commentThreads,YT_E_id_00,0,SUCCESS,200,3,0,249,
2026-10-07T20:21:24Z,youtube_api,commentThreads,YT_G_id_02,0,SUCCESS,200,43,0,250,
2026-10-07T20:21:25Z,youtube_api,commentThreads,YT_M_id_00,0,SUCCESS,200,48,0,287,
2026-10-07T20:21:25Z,youtube_api,commentThreads,YT_E_id_02,0,SUCCESS,200,7,0,214,
2026-10-07T20:21:25Z,youtube_api,commentThreads,YT_F_id_03,0,SUCCESS,200,4,0,221,
2026-10-07T20:21:25Z,forums_gardenweb,thread,GW_hydroponics,5267269,SUCCESS,200,1,0,2514,
2026-10-07T20:21:25Z,youtube_api,commentThreads,YT_E_id_00,0,SUCCESS,200,21,0,330,
2026-10-07T20:21:26Z,youtube_api,commentThreads,YT_L_id_01,0,SUCCESS,200,4,0,243,
2026-10-07T20:21:26Z,youtube_api,commentThreads,YT_E_id_00,0,SUCCESS,200,14,0,245,
2026-10-07T20:21:26Z,youtube_api,commentThreads,YT_I_id_02,0,SUCCESS,200,51,0,590,
2026-10-07T20:21:27Z,youtube_api,commentThreads,YT_A_id_02,0,SUCCESS,200,5,0,150,
2026-10-07T20:21:27Z,youtube_api,commentThreads,YT_A_id_00,0,SUCCESS,200,36,0,379,
2026-10-07T20:21:28Z,youtube_api,commentThreads,YT_A_id_00,0,SUCCESS,200,100,0,509,
2026-10-07T20:21:28Z,youtube_api,commentThreads,YT_A_id_00,1,SUCCESS,200,37,0,275,
2026-10-07T20:21:28Z,youtube_api,commentThreads,YT_I_id_01,0,SUCCESS,200,54,0,351,
2026-10-07T20:21:28Z,youtube_api,commentThreads,YT_D_id_01,0,SUCCESS,200,2,0,142,
2026-10-07T20:21:29Z,youtube_api,commentThreads,YT_I_id_01,0,SUCCESS,200,11,0,156,
2026-10-07T20:21:29Z,forums_gardenweb,thread,GW_hydroponics,1992693,SUCCESS,200,1,0,2238,
2026-10-07T20:21:29Z,youtube_api,commentThreads,YT_B_id_00,0,SUCCESS,200,8,0,291,
2026-10-07T20:21:29Z,youtube_api,commentThreads,YT_K_id_02,0,SUCCESS,200,5,0,146,
2026-10-07T20:21:30Z,youtube_api,commentThreads,YT_I_id_01,0,SUCCESS,200,28,0,358,
2026-10-07T20:21:30Z,youtube_api,commentThreads,YT_F_id_02,0,SUCCESS,200,36,0,445,
2026-10-07T20:21:30Z,youtube_api,commentThreads,YT_I_id_03,0,SUCCESS,200,16,0,337,
2026-10-07T20:21:31Z,youtube_api,commentThreads,YT_A_id_00,0,SUCCESS,200,100,0,544,
2026-10-07T20:21:31Z,youtube_api,commentThreads,YT_A_id_00,1,SUCCESS,200,55,0,389,
2026-10-07T20:21:32Z,youtube_api,commentThreads,YT_B_id_00,0,SUCCESS,200,100,0,501,
2026-10-07T20:21:32Z,youtube_api,commentThreads,YT_B_id_00,1,SUCCESS,200,100,0,409,
2026-10-07T20:21:33Z,youtube_api,commentThreads,YT_B_id_00,2,SUCCESS,200,100,0,431,
2026-10-07T20:21:33Z,youtube_api,commentThreads,YT_D_id_00,0,SUCCESS,200,2,0,192,
2026-10-07T20:21:33Z,youtube_api,commentThreads,YT_E_id_03,0,SUCCESS,200,11,0,204,
2026-10-07T20:21:33Z,youtube_api,commentThreads,YT_M_id_01,0,SUCCESS,200,4,0,150,
2026-10-07T20:21:34Z,youtube_api,commentThreads,YT_A_id_02,0,SUCCESS,200,6,0,208,
2026-10-07T20:21:34Z,youtube_api,commentThreads,YT_A_id_01,0,SUCCESS,200,15,0,215,
2026-10-07T20:21:34Z,forums_gardenweb,thread,GW_hydroponics,6428134,SUCCESS,200,1,0,3233,
2026-10-07T20:21:34Z,youtube_api,commentThreads,YT_D_id_01,0,SUCCESS,200,4,0,169,
2026-10-07T20:21:34Z,youtube_api,commentThreads,YT_F_id_01,0,SUCCESS,200,9,0,224,
2026-10-07T20:21:35Z,youtube_api,commentThreads,YT_A_id_00,0,SUCCESS,200,20,0,384,
2026-10-07T20:21:35Z,youtube_api,commentThreads,YT_K_id_01,0,SUCCESS,200,19,0,398,
2026-10-07T20:21:35Z,youtube_api,commentThreads,YT_A_id_00,0,SUCCESS,200,36,0,326,
2026-10-07T20:21:36Z,youtube_api,commentThreads,YT_B_id_00,0,SUCCESS,200,16,0,334,
2026-10-07T20:21:36Z,forums_gardenweb,thread,GW_hydroponics,2810488,SUCCESS,200,1,0,1279,
2026-10-07T20:21:36Z,youtube_api,commentThreads,YT_D_id_02,0,SUCCESS,200,3,0,174,
2026-10-07T20:21:36Z,youtube_api,commentThreads,YT_F_id_02,0,SUCCESS,200,30,0,245,
2026-10-07T20:21:37Z,youtube_api,commentThreads,YT_I_id_02,0,SUCCESS,200,18,0,268,
2026-10-07T20:21:37Z,youtube_api,commentThreads,YT_K_id_01,0,SUCCESS,200,2,0,147,
2026-10-07T20:21:37Z,youtube_api,commentThreads,YT_E_id_01,0,SUCCESS,200,100,0,396,
2026-10-07T20:21:38Z,youtube_api,commentThreads,YT_E_id_01,1,SUCCESS,200,72,0,365,
2026-10-07T20:21:38Z,reddit_arcticshift,posts_search,RD_FULL_ClickAndGrow,2018-07-01,SUCCESS,200,1,2,3125,
2026-10-07T20:21:38Z,youtube_api,commentThreads,YT_D_id_03,0,SUCCESS,200,10,0,284,
2026-10-07T20:21:38Z,youtube_api,commentThreads,YT_D_id_01,0,SUCCESS,200,8,0,198,
2026-10-07T20:21:38Z,youtube_api,commentThreads,YT_A_id_01,0,SUCCESS,200,3,0,189,
2026-10-07T20:21:39Z,youtube_api,commentThreads,YT_A_id_00,0,SUCCESS,200,100,0,430,
2026-10-07T20:21:39Z,youtube_api,commentThreads,YT_A_id_00,1,SUCCESS,200,66,0,324,
2026-10-07T20:21:39Z,youtube_api,commentThreads,YT_A_id_02,0,SUCCESS,200,6,0,142,
2026-10-07T20:21:39Z,youtube_api,commentThreads,YT_E_id_03,0,SUCCESS,200,1,0,155,
2026-10-07T20:21:40Z,youtube_api,commentThreads,YT_E_id_00,0,SUCCESS,200,13,0,221,
2026-10-07T20:21:40Z,youtube_api,commentThreads,YT_J_id_01,0,SUCCESS,200,18,0,440,
2026-10-07T20:21:40Z,youtube_api,commentThreads,YT_M_id_02,0,SUCCESS,200,24,0,317,
2026-10-07T20:21:41Z,forums_gardenweb,thread,GW_hydroponics,4772541,SUCCESS,200,1,0,1933,
2026-10-07T20:21:41Z,youtube_api,commentThreads,YT_G_id_03,0,SUCCESS,200,2,0,166,
2026-10-07T20:21:41Z,youtube_api,commentThreads,YT_F_id_01,0,SUCCESS,200,33,0,376,
2026-10-07T20:21:42Z,youtube_api,commentThreads,YT_A_id_01,0,SUCCESS,200,100,0,500,
2026-10-07T20:21:42Z,youtube_api,commentThreads,YT_A_id_01,1,SUCCESS,200,100,0,399,
2026-10-07T20:21:42Z,youtube_api,commentThreads,YT_A_id_01,2,SUCCESS,200,31,0,408,
2026-10-07T20:21:43Z,youtube_api,commentThreads,YT_I_id_03,0,SUCCESS,200,21,0,240,
2026-10-07T20:21:43Z,youtube_api,commentThreads,YT_E_id_05,0,SUCCESS,200,1,0,155,
2026-10-07T20:21:43Z,youtube_api,commentThreads,YT_E_id_00,0,SUCCESS,200,29,0,287,
2026-10-07T20:21:43Z,youtube_api,commentThreads,YT_E_id_01,0,SUCCESS,200,16,0,241,
2026-10-07T20:21:44Z,youtube_api,commentThreads,YT_I_id_03,0,SUCCESS,200,90,0,485,
2026-10-07T20:21:44Z,youtube_api,commentThreads,YT_E_id_01,0,SUCCESS,200,2,0,145,
2026-10-07T20:21:44Z,youtube_api,commentThreads,YT_D_id_03,0,SUCCESS,200,3,0,181,
2026-10-07T20:21:45Z,youtube_api,commentThreads,YT_E_id_02,0,SUCCESS,200,78,0,511,
2026-10-07T20:21:45Z,forums_gardenweb,thread,GW_hydroponics,1983432,SUCCESS,200,1,0,2253,
2026-10-07T20:21:45Z,youtube_api,commentThreads,YT_K_id_02,0,SUCCESS,200,5,0,241,
2026-10-07T20:21:45Z,youtube_api,commentThreads,YT_G_id_00,0,SUCCESS,200,4,0,158,
2026-10-07T20:21:45Z,youtube_api,commentThreads,YT_E_id_05,0,SUCCESS,200,1,0,148,
2026-10-07T20:21:46Z,youtube_api,commentThreads,YT_D_id_01,0,SUCCESS,200,18,0,261,
2026-10-07T20:21:46Z,youtube_api,commentThreads,YT_L_id_00,0,SUCCESS,200,1,0,158,
2026-10-07T20:21:46Z,youtube_api,commentThreads,YT_D_id_03,0,SUCCESS,200,6,0,347,
2026-10-07T20:21:47Z,youtube_api,commentThreads,YT_I_id_01,0,SUCCESS,200,12,0,219,
2026-10-07T20:21:47Z,youtube_api,commentThreads,YT_A_id_00,0,SUCCESS,200,59,0,362,
2026-10-07T20:21:47Z,youtube_api,commentThreads,YT_K_id_00,0,SUCCESS,200,18,0,197,
2026-10-07T20:21:48Z,youtube_api,commentThreads,YT_A_id_01,0,SUCCESS,200,90,0,479,
2026-10-07T20:21:48Z,youtube_api,commentThreads,YT_A_id_01,0,SUCCESS,200,100,0,373,
2026-10-07T20:21:49Z,youtube_api,commentThreads,YT_A_id_01,1,SUCCESS,200,89,0,415,
2026-10-07T20:21:49Z,youtube_api,commentThreads,YT_F_id_02,0,SUCCESS,200,16,0,169,
2026-10-07T20:21:49Z,youtube_api,commentThreads,YT_L_id_02,0,SUCCESS,200,7,0,198,
2026-10-07T20:21:49Z,forums_gardenweb,thread,GW_hydroponics,1995615,SUCCESS,200,1,0,2436,
2026-10-07T20:21:49Z,youtube_api,commentThreads,YT_K_id_00,0,SUCCESS,200,2,0,148,
2026-10-07T20:21:50Z,youtube_api,commentThreads,YT_K_id_02,0,SUCCESS,200,20,0,477,
2026-10-07T20:21:50Z,youtube_api,commentThreads,YT_E_id_01,0,SUCCESS,200,4,0,191,
2026-10-07T20:21:50Z,youtube_api,commentThreads,YT_K_id_01,0,SUCCESS,200,22,0,327,
2026-10-07T20:21:50Z,youtube_api,commentThreads,YT_I_id_01,0,SUCCESS,200,8,0,198,
2026-10-07T20:21:51Z,youtube_api,commentThreads,YT_E_id_00,0,SUCCESS,200,9,0,172,
2026-10-07T20:21:51Z,youtube_api,commentThreads,YT_K_id_01,0,SUCCESS,200,6,0,209,
2026-10-07T20:21:51Z,youtube_api,commentThreads,YT_I_id_01,0,SUCCESS,200,15,0,239,
2026-10-07T20:21:51Z,youtube_api,commentThreads,YT_A_id_01,0,SUCCESS,200,18,0,228,
2026-10-07T20:21:52Z,youtube_api,commentThreads,YT_E_id_03,0,SUCCESS,200,8,0,206,
2026-10-07T20:21:52Z,youtube_api,commentThreads,YT_A_id_01,0,SUCCESS,200,38,0,365,
2026-10-07T20:21:52Z,forums_gardenweb,thread,GW_hydroponics,1986284,SUCCESS,200,1,0,1232,
2026-10-07T20:21:52Z,youtube_api,commentThreads,YT_E_id_03,0,SUCCESS,200,6,0,348,
2026-10-07T20:21:53Z,youtube_api,commentThreads,YT_A_id_01,0,SUCCESS,200,19,0,342,
2026-10-07T20:21:53Z,youtube_api,commentThreads,YT_K_id_01,0,SUCCESS,200,10,0,211,
2026-10-07T20:21:53Z,youtube_api,commentThreads,YT_K_id_00,0,SUCCESS,200,8,0,219,
2026-10-07T20:21:53Z,youtube_api,commentThreads,YT_A_id_01,0,SUCCESS,200,10,0,219,
2026-10-07T20:21:53Z,youtube_api,commentThreads,YT_K_id_02,0,SUCCESS,200,4,0,181,
2026-10-07T20:21:54Z,reddit_arcticshift,posts_search,RD_FULL_ClickAndGrow,2018-10-01,SUCCESS,200,4,1,1514,
2026-10-07T20:21:54Z,youtube_api,commentThreads,YT_D_id_02,0,SUCCESS,200,5,0,162,
2026-10-07T20:21:54Z,youtube_api,commentThreads,YT_E_id_04,0,SUCCESS,200,7,0,203,
2026-10-07T20:21:54Z,youtube_api,commentThreads,YT_A_id_02,0,SUCCESS,200,23,0,241,
2026-10-07T20:21:55Z,youtube_api,commentThreads,YT_D_id_01,0,SUCCESS,200,44,0,399,
2026-10-07T20:21:55Z,youtube_api,commentThreads,YT_C_id_02,0,SUCCESS,200,3,0,138,
2026-10-07T20:21:55Z,youtube_api,commentThreads,YT_F_id_02,0,SUCCESS,200,8,0,254,
2026-10-07T20:21:55Z,youtube_api,commentThreads,YT_A_id_00,0,SUCCESS,200,90,0,441,
2026-10-07T20:21:56Z,youtube_api,commentThreads,YT_I_id_02,0,SUCCESS,200,7,0,196,
2026-10-07T20:21:56Z,youtube_api,commentThreads,YT_E_id_03,0,SUCCESS,200,36,0,275,
2026-10-07T20:21:56Z,youtube_api,commentThreads,YT_E_id_00,0,SUCCESS,200,27,0,266,
2026-10-07T20:21:57Z,youtube_api,commentThreads,YT_F_id_03,0,SUCCESS,200,6,0,204,
2026-10-07T20:21:57Z,forums_gardenweb,thread,GW_hydroponics,3840387,SUCCESS,200,1,0,1955,
2026-10-07T20:21:57Z,reddit_arcticshift,posts_search,RD_FULL_ClickAndGrow,2019-01-01,SUCCESS,200,3,0,2452,
2026-10-07T20:21:57Z,youtube_api,commentThreads,YT_J_id_01,0,SUCCESS,200,62,0,493,
2026-10-07T20:21:57Z,youtube_api,commentThreads,YT_E_id_03,0,SUCCESS,200,5,0,152,
2026-10-07T20:21:57Z,youtube_api,commentThreads,YT_J_id_01,0,SUCCESS,200,53,0,261,
2026-10-07T20:21:58Z,youtube_api,commentThreads,YT_D_id_02,0,SUCCESS,200,10,0,231,
2026-10-07T20:21:58Z,youtube_api,commentThreads,YT_L_id_00,0,SUCCESS,200,26,0,311,
2026-10-07T20:21:58Z,youtube_api,commentThreads,YT_D_id_03,0,SUCCESS,200,9,0,316,
2026-10-07T20:21:59Z,youtube_api,commentThreads,YT_D_id_02,0,SUCCESS,200,4,0,253,
2026-10-07T20:21:59Z,youtube_api,commentThreads,YT_E_id_00,0,SUCCESS,200,3,0,139,
2026-10-07T20:21:59Z,youtube_api,commentThreads,YT_I_id_02,0,SUCCESS,200,6,0,224,
2026-10-07T20:22:00Z,youtube_api,commentThreads,YT_D_id_00,0,SUCCESS,200,100,0,708,
2026-10-07T20:22:00Z,youtube_api,commentThreads,YT_D_id_00,1,SUCCESS,200,100,0,495,
2026-10-07T20:22:01Z,youtube_api,commentThreads,YT_D_id_00,2,SUCCESS,200,100,0,451,
2026-10-07T20:22:01Z,youtube_api,commentThreads,YT_E_id_04,0,SUCCESS,200,8,0,262,
2026-10-07T20:22:01Z,youtube_api,commentThreads,YT_F_id_01,0,SUCCESS,200,31,0,235,
2026-10-07T20:22:02Z,youtube_api,commentThreads,YT_G_id_03,0,SUCCESS,200,7,0,215,
2026-10-07T20:22:02Z,forums_gardenweb,thread,GW_hydroponics,4679433,SUCCESS,200,1,0,3036,
2026-10-07T20:22:02Z,youtube_api,commentThreads,YT_E_id_05,0,SUCCESS,200,5,0,242,
2026-10-07T20:22:02Z,youtube_api,commentThreads,YT_J_id_01,0,SUCCESS,200,58,0,382,
2026-10-07T20:22:02Z,youtube_api,commentThreads,YT_E_id_02,0,SUCCESS,200,3,0,199,
2026-10-07T20:22:03Z,youtube_api,commentThreads,YT_A_id_02,0,SUCCESS,200,3,0,200,
2026-10-07T20:22:03Z,youtube_api,commentThreads,YT_B_id_01,0,SUCCESS,200,100,0,366,
2026-10-07T20:22:03Z,youtube_api,commentThreads,YT_B_id_01,1,SUCCESS,200,28,0,424,
2026-10-07T20:22:04Z,youtube_api,commentThreads,YT_B_id_02,0,SUCCESS,200,30,0,226,
2026-10-07T20:22:04Z,youtube_api,commentThreads,YT_D_id_02,0,SUCCESS,200,27,0,264,
2026-10-07T20:22:04Z,youtube_api,commentThreads,YT_D_id_01,0,SUCCESS,200,6,0,260,
2026-10-07T20:22:05Z,youtube_api,commentThreads,YT_K_id_01,0,SUCCESS,200,36,0,323,
2026-10-07T20:22:05Z,youtube_api,commentThreads,YT_K_id_01,0,SUCCESS,200,2,0,140,
2026-10-07T20:22:05Z,forums_gardenweb,thread,GW_hydroponics,4354885,SUCCESS,200,1,0,2313,
2026-10-07T20:22:05Z,youtube_api,commentThreads,YT_A_id_00,0,SUCCESS,200,21,0,217,
2026-10-07T20:22:05Z,youtube_api,commentThreads,YT_E_id_01,0,SUCCESS,200,9,0,245,
2026-10-07T20:22:05Z,youtube_api,commentThreads,YT_K_id_02,0,SUCCESS,200,3,0,145,
2026-10-07T20:22:06Z,youtube_api,commentThreads,YT_J_id_01,0,SUCCESS,200,100,0,524,
2026-10-07T20:22:06Z,youtube_api,commentThreads,YT_J_id_01,1,SUCCESS,200,100,0,410,
2026-10-07T20:22:07Z,youtube_api,commentThreads,YT_J_id_01,2,SUCCESS,200,100,0,486,
2026-10-07T20:22:07Z,youtube_api,commentThreads,YT_K_id_01,0,SUCCESS,200,41,0,344,
2026-10-07T20:22:07Z,youtube_api,commentThreads,YT_D_id_00,0,SUCCESS,200,3,0,136,
2026-10-07T20:22:08Z,youtube_api,commentThreads,YT_K_id_01,0,SUCCESS,200,2,0,201,
2026-10-07T20:22:08Z,youtube_api,commentThreads,YT_M_id_01,0,SUCCESS,200,16,0,231,
2026-10-07T20:22:08Z,youtube_api,commentThreads,YT_E_id_03,0,SUCCESS,200,25,0,392,
2026-10-07T20:22:09Z,youtube_api,commentThreads,YT_D_id_03,0,SUCCESS,200,9,0,154,
2026-10-07T20:22:09Z,youtube_api,commentThreads,YT_L_id_01,0,SUCCESS,200,49,0,351,
2026-10-07T20:22:09Z,forums_gardenweb,thread,GW_hydroponics,1986411,SUCCESS,200,1,0,2407,
2026-10-07T20:22:09Z,youtube_api,commentThreads,YT_F_id_03,0,SUCCESS,200,2,0,131,
2026-10-07T20:22:09Z,youtube_api,commentThreads,YT_C_id_01,0,SUCCESS,200,39,0,253,
2026-10-07T20:22:10Z,youtube_api,commentThreads,YT_D_id_00,0,SUCCESS,200,8,0,208,
2026-10-07T20:22:10Z,youtube_api,commentThreads,YT_F_id_01,0,SUCCESS,200,1,0,148,
2026-10-07T20:22:10Z,youtube_api,commentThreads,YT_K_id_00,0,SUCCESS,200,17,0,237,
2026-10-07T20:22:10Z,youtube_api,commentThreads,YT_E_id_01,0,SUCCESS,200,15,0,213,
2026-10-07T20:22:11Z,youtube_api,commentThreads,YT_E_id_04,0,SUCCESS,200,14,0,324,
2026-10-07T20:22:11Z,youtube_api,commentThreads,YT_D_id_00,0,SUCCESS,200,10,0,336,
2026-10-07T20:22:11Z,youtube_api,commentThreads,YT_G_id_04,0,SUCCESS,200,36,0,282,
2026-10-07T20:22:12Z,youtube_api,commentThreads,YT_K_id_02,0,SUCCESS,200,3,0,237,
2026-10-07T20:22:12Z,youtube_api,commentThreads,YT_E_id_03,0,SUCCESS,200,17,0,219,
2026-10-07T20:22:12Z,youtube_api,commentThreads,YT_D_id_03,0,SUCCESS,200,1,0,191,
2026-10-07T20:22:12Z,youtube_api,commentThreads,YT_H_id_00,0,SUCCESS,200,8,0,189,
2026-10-07T20:22:12Z,youtube_api,commentThreads,YT_K_id_01,0,SUCCESS,200,5,0,236,
2026-10-07T20:22:13Z,youtube_api,commentThreads,YT_G_id_00,0,SUCCESS,200,70,0,373,
2026-10-07T20:22:13Z,youtube_api,commentThreads,YT_K_id_02,0,SUCCESS,200,7,0,234,
2026-10-07T20:22:13Z,youtube_api,commentThreads,YT_D_id_01,0,SUCCESS,200,7,0,183,
2026-10-07T20:22:14Z,youtube_api,commentThreads,YT_F_id_02,0,SUCCESS,200,75,0,379,
2026-10-07T20:22:14Z,forums_gardenweb,thread,GW_hydroponics,1995863,SUCCESS,200,1,0,3018,
2026-10-07T20:22:14Z,youtube_api,commentThreads,YT_E_id_04,0,SUCCESS,200,100,0,385,
2026-10-07T20:22:15Z,youtube_api,commentThreads,YT_E_id_04,1,SUCCESS,200,100,0,501,
2026-10-07T20:22:15Z,youtube_api,commentThreads,YT_E_id_04,2,SUCCESS,200,100,0,590,
2026-10-07T20:22:15Z,youtube_api,commentThreads,YT_E_id_01,0,SUCCESS,200,6,0,186,
2026-10-07T20:22:16Z,youtube_api,commentThreads,YT_H_id_00,0,SUCCESS,200,21,0,348,
2026-10-07T20:22:16Z,youtube_api,commentThreads,YT_E_id_05,0,SUCCESS,200,3,0,167,
2026-10-07T20:22:16Z,youtube_api,commentThreads,YT_F_id_01,0,SUCCESS,200,4,0,208,
2026-10-07T20:22:16Z,youtube_api,commentThreads,YT_F_id_03,0,SUCCESS,200,1,0,170,
2026-10-07T20:22:17Z,youtube_api,commentThreads,YT_B_id_03,0,SUCCESS,200,36,0,259,
2026-10-07T20:22:17Z,youtube_api,commentThreads,YT_K_id_00,0,SUCCESS,200,100,0,311,
2026-10-07T20:22:17Z,reddit_arcticshift,posts_search,RD_FULL_ClickAndGrow,2019-04-01,SUCCESS,200,5,1,4408,
2026-10-07T20:22:17Z,youtube_api,commentThreads,YT_K_id_00,1,SUCCESS,200,88,0,367,
2026-10-07T20:22:18Z,youtube_api,commentThreads,YT_E_id_03,0,SUCCESS,200,2,0,144,
2026-10-07T20:22:18Z,youtube_api,commentThreads,YT_C_id_00,0,SUCCESS,200,28,0,246,
2026-10-07T20:22:18Z,youtube_api,commentThreads,YT_F_id_02,0,SUCCESS,200,5,0,209,
2026-10-07T20:22:18Z,youtube_api,commentThreads,YT_G_id_00,0,SUCCESS,200,6,0,210,
2026-10-07T20:22:19Z,youtube_api,commentThreads,YT_E_id_04,0,SUCCESS,200,3,0,186,
2026-10-07T20:22:19Z,youtube_api,commentThreads,YT_E_id_01,0,SUCCESS,200,7,0,214,
2026-10-07T20:22:19Z,youtube_api,commentThreads,YT_L_id_00,0,SUCCESS,200,28,0,330,
2026-10-07T20:22:19Z,youtube_api,commentThreads,YT_G_id_00,0,SUCCESS,200,18,0,266,
2026-10-07T20:22:19Z,forums_gardenweb,thread,GW_hydroponics,1992516,SUCCESS,200,1,0,4752,
2026-10-07T20:22:20Z,youtube_api,commentThreads,YT_D_id_01,0,SUCCESS,200,36,0,304,
2026-10-07T20:22:20Z,youtube_api,commentThreads,YT_I_id_01,0,SUCCESS,200,7,0,231,
2026-10-07T20:22:20Z,youtube_api,commentThreads,YT_A_id_01,0,SUCCESS,200,23,0,289,
2026-10-07T20:22:20Z,youtube_api,commentThreads,YT_E_id_00,0,SUCCESS,200,6,0,166,
2026-10-07T20:22:21Z,reddit_arcticshift,posts_search,RD_FULL_ClickAndGrow,2019-07-01,SUCCESS,200,0,0,3432,
2026-10-07T20:22:21Z,youtube_api,commentThreads,YT_D_id_02,0,SUCCESS,200,23,0,229,
2026-10-07T20:22:21Z,youtube_api,commentThreads,YT_J_id_00,0,SUCCESS,200,100,0,393,
2026-10-07T20:22:21Z,youtube_api,commentThreads,YT_J_id_00,1,SUCCESS,200,69,0,356,
2026-10-07T20:22:22Z,youtube_api,commentThreads,YT_A_id_00,0,SUCCESS,200,62,0,496,
2026-10-07T20:22:22Z,youtube_api,commentThreads,YT_I_id_03,0,SUCCESS,200,2,0,143,
2026-10-07T20:22:22Z,youtube_api,commentThreads,YT_J_id_00,0,SUCCESS,200,6,0,227,
2026-10-07T20:22:23Z,forums_gardenweb,thread,GW_hydroponics,1996238,SUCCESS,200,1,0,3060,
2026-10-07T20:22:23Z,youtube_api,commentThreads,YT_A_id_02,0,SUCCESS,200,15,0,235,
2026-10-07T20:22:23Z,youtube_api,commentThreads,YT_E_id_04,0,SUCCESS,200,31,0,225,
2026-10-07T20:22:23Z,youtube_api,commentThreads,YT_B_id_01,0,SUCCESS,200,100,0,342,
2026-10-07T20:22:23Z,reddit_arcticshift,posts_search,RD_FULL_ClickAndGrow,2019-10-01,SUCCESS,200,6,0,2729,
2026-10-07T20:22:24Z,youtube_api,commentThreads,YT_B_id_01,1,SUCCESS,200,100,0,501,
2026-10-07T20:22:24Z,youtube_api,commentThreads,YT_B_id_01,2,SUCCESS,200,100,0,422,
2026-10-07T20:22:24Z,youtube_api,commentThreads,YT_D_id_02,0,SUCCESS,200,8,0,207,
2026-10-07T20:22:25Z,youtube_api,commentThreads,YT_E_id_03,0,SUCCESS,200,3,0,168,
2026-10-07T20:22:25Z,youtube_api,commentThreads,YT_E_id_04,0,SUCCESS,200,34,0,247,
2026-10-07T20:22:25Z,youtube_api,commentThreads,YT_C_id_01,0,SUCCESS,200,9,0,199,
2026-10-07T20:22:25Z,youtube_api,commentThreads,YT_I_id_01,0,SUCCESS,200,18,0,242,
2026-10-07T20:22:26Z,youtube_api,commentThreads,YT_D_id_02,0,SUCCESS,200,9,0,270,
2026-10-07T20:22:26Z,youtube_api,commentThreads,YT_E_id_05,0,SUCCESS,200,6,0,193,
2026-10-07T20:22:26Z,youtube_api,commentThreads,YT_K_id_00,0,SUCCESS,200,4,0,247,
2026-10-07T20:22:26Z,forums_gardenweb,thread,GW_hydroponics,1995741,SUCCESS,200,1,0,2852,
2026-10-07T20:22:26Z,youtube_api,commentThreads,YT_K_id_00,0,SUCCESS,200,17,0,323,
2026-10-07T20:22:27Z,youtube_api,commentThreads,YT_D_id_01,0,SUCCESS,200,4,0,195,
2026-10-07T20:22:27Z,youtube_api,commentThreads,YT_F_id_02,0,SUCCESS,200,3,0,195,
2026-10-07T20:22:30Z,forums_gardenweb,thread,GW_hydroponics,1991078,SUCCESS,200,1,0,2059,
2026-10-07T20:22:35Z,forums_gardenweb,thread,GW_hydroponics,1983395,SUCCESS,200,1,0,3609,
2026-10-07T20:22:38Z,forums_gardenweb,thread,GW_hydroponics,1994060,SUCCESS,200,1,0,2768,
2026-10-07T20:22:39Z,youtube_api,commentThreads,YT_E_id_00,0,SUCCESS,200,29,0,390,
2026-10-07T20:22:39Z,youtube_api,commentThreads,YT_H_id_00,0,SUCCESS,200,42,0,390,
2026-10-07T20:22:39Z,youtube_api,commentThreads,YT_I_id_01,0,SUCCESS,200,5,0,194,
2026-10-07T20:22:40Z,youtube_api,commentThreads,YT_L_id_00,0,SUCCESS,200,100,0,430,
2026-10-07T20:22:40Z,youtube_api,commentThreads,YT_L_id_00,1,SUCCESS,200,100,0,391,
2026-10-07T20:22:41Z,youtube_api,commentThreads,YT_L_id_00,2,SUCCESS,200,49,0,394,
2026-10-07T20:22:41Z,youtube_api,commentThreads,YT_D_id_02,0,SUCCESS,200,5,0,178,
2026-10-07T20:22:41Z,youtube_api,commentThreads,YT_F_id_02,0,SUCCESS,200,1,0,205,
2026-10-07T20:22:41Z,youtube_api,commentThreads,YT_E_id_00,0,SUCCESS,200,3,0,154,
2026-10-07T20:22:41Z,forums_gardenweb,thread,GW_hydroponics,1995907,SUCCESS,200,1,0,1708,
2026-10-07T20:22:42Z,youtube_api,commentThreads,YT_A_id_01,0,SUCCESS,200,46,0,396,
2026-10-07T20:22:42Z,youtube_api,commentThreads,YT_J_id_01,0,SUCCESS,200,20,0,487,
2026-10-07T20:22:43Z,youtube_api,commentThreads,YT_H_id_00,0,SUCCESS,200,100,0,634,
2026-10-07T20:22:43Z,youtube_api,commentThreads,YT_H_id_00,1,SUCCESS,200,100,0,468,
2026-10-07T20:22:44Z,youtube_api,commentThreads,YT_H_id_00,2,SUCCESS,200,100,0,372,
2026-10-07T20:22:44Z,youtube_api,commentThreads,YT_F_id_02,0,SUCCESS,200,45,0,254,
2026-10-07T20:22:44Z,youtube_api,commentThreads,YT_G_id_00,0,SUCCESS,200,12,0,207,
2026-10-07T20:22:44Z,youtube_api,commentThreads,YT_D_id_03,0,SUCCESS,200,5,0,298,
2026-10-07T20:22:45Z,youtube_api,commentThreads,YT_K_id_01,0,SUCCESS,200,5,0,201,
2026-10-07T20:22:45Z,youtube_api,commentThreads,YT_G_id_01,0,SUCCESS,200,2,0,226,
2026-10-07T20:22:45Z,youtube_api,commentThreads,YT_D_id_01,0,SUCCESS,200,2,0,197,
2026-10-07T20:22:45Z,youtube_api,commentThreads,YT_M_id_00,0,SUCCESS,200,2,0,323,
2026-10-07T20:22:46Z,youtube_api,commentThreads,YT_E_id_05,0,SUCCESS,200,6,0,155,
2026-10-07T20:22:46Z,youtube_api,commentThreads,YT_J_id_01,0,SUCCESS,200,19,0,204,
2026-10-07T20:22:46Z,youtube_api,commentThreads,YT_K_id_00,0,SUCCESS,200,3,0,149,
2026-10-07T20:22:46Z,youtube_api,commentThreads,YT_A_id_00,0,SUCCESS,200,47,0,348,
2026-10-07T20:22:47Z,youtube_api,commentThreads,YT_I_id_00,0,SUCCESS,200,8,0,302,
2026-10-07T20:22:47Z,youtube_api,commentThreads,YT_F_id_00,0,SUCCESS,200,3,0,165,
2026-10-07T20:22:47Z,youtube_api,commentThreads,YT_G_id_00,0,SUCCESS,200,3,0,198,
2026-10-07T20:22:47Z,youtube_api,commentThreads,YT_A_id_00,0,SUCCESS,200,7,0,186,
2026-10-07T20:22:47Z,youtube_api,commentThreads,YT_I_en_00,0,SUCCESS,200,7,0,187,
2026-10-07T20:22:47Z,forums_gardenweb,thread,GW_hydroponics,1995410,SUCCESS,200,1,0,3970,
2026-10-07T20:22:48Z,youtube_api,commentThreads,YT_C_en_00,0,SUCCESS,200,67,0,311,
2026-10-07T20:22:48Z,youtube_api,commentThreads,YT_M_en_00,0,SUCCESS,200,33,0,284,
2026-10-07T20:22:48Z,youtube_api,commentThreads,YT_C_en_00,0,SUCCESS,200,26,0,234,
2026-10-07T20:22:49Z,youtube_api,commentThreads,YT_C_en_00,0,SUCCESS,200,84,0,329,
2026-10-07T20:22:49Z,forums_gardenweb,thread,GW_hydroponics,1986345,SUCCESS,200,1,0,1307,
2026-10-07T20:22:49Z,youtube_api,commentThreads,YT_A_en_00,0,SUCCESS,200,100,0,346,
2026-10-07T20:22:49Z,youtube_api,commentThreads,YT_A_en_00,1,SUCCESS,200,100,0,352,
2026-10-07T20:22:50Z,youtube_api,commentThreads,YT_A_en_00,2,SUCCESS,200,56,0,272,
2026-10-07T20:22:50Z,youtube_api,commentThreads,YT_I_en_00,0,SUCCESS,200,11,0,208,
2026-10-07T20:22:50Z,youtube_api,commentThreads,YT_K_en_00,0,SUCCESS,200,11,0,308,
2026-10-07T20:22:51Z,youtube_api,commentThreads,YT_I_en_00,0,SUCCESS,200,55,0,364,
2026-10-07T20:22:51Z,youtube_api,commentThreads,YT_A_en_00,0,SUCCESS,200,81,0,363,
2026-10-07T20:22:52Z,youtube_api,commentThreads,YT_H_en_00,0,SUCCESS,200,100,0,433,
2026-10-07T20:22:52Z,youtube_api,commentThreads,YT_H_en_00,1,SUCCESS,200,100,0,421,
2026-10-07T20:22:52Z,youtube_api,commentThreads,YT_H_en_00,2,SUCCESS,200,24,0,330,
2026-10-07T20:22:53Z,youtube_api,commentThreads,YT_D_en_00,0,SUCCESS,200,89,0,395,
2026-10-07T20:22:53Z,youtube_api,commentThreads,YT_I_en_00,0,SUCCESS,200,100,0,389,
2026-10-07T20:22:53Z,forums_gardenweb,thread,GW_hydroponics,1992926,SUCCESS,200,1,0,1672,
2026-10-07T20:22:54Z,youtube_api,commentThreads,YT_I_en_00,1,SUCCESS,200,62,0,398,
2026-10-07T20:22:54Z,youtube_api,commentThreads,YT_H_en_00,0,SUCCESS,200,100,0,751,
2026-10-07T20:22:55Z,youtube_api,commentThreads,YT_H_en_00,1,SUCCESS,200,100,0,382,
2026-10-07T20:22:55Z,youtube_api,commentThreads,YT_H_en_00,2,SUCCESS,200,100,0,416,
2026-10-07T20:22:55Z,youtube_api,commentThreads,YT_M_en_00,0,SUCCESS,200,17,0,297,
2026-10-07T20:22:56Z,youtube_api,commentThreads,YT_G_en_00,0,SUCCESS,200,32,0,316,
2026-10-07T20:22:56Z,youtube_api,commentThreads,YT_D_en_00,0,SUCCESS,200,9,0,149,
2026-10-07T20:22:56Z,youtube_api,commentThreads,YT_B_en_00,0,SUCCESS,200,41,0,441,
2026-10-07T20:22:57Z,youtube_api,commentThreads,YT_J_en_00,0,SUCCESS,200,4,0,199,
2026-10-07T20:22:57Z,youtube_api,commentThreads,YT_J_en_00,0,SUCCESS,200,24,0,259,
2026-10-07T20:22:57Z,forums_gardenweb,thread,GW_hydroponics,1997010,SUCCESS,200,1,0,1776,
2026-10-07T20:22:57Z,youtube_api,commentThreads,YT_A_en_00,0,SUCCESS,200,100,0,427,
2026-10-07T20:22:58Z,youtube_api,commentThreads,YT_A_en_00,1,SUCCESS,200,67,0,432,
2026-10-07T20:22:58Z,youtube_api,commentThreads,YT_I_en_00,0,SUCCESS,200,64,0,329,
2026-10-07T20:22:58Z,reddit_arcticshift,posts_search,RD_FULL_ClickAndGrow,2020-01-01,SUCCESS,200,13,2,3305,
2026-10-07T20:22:59Z,youtube_api,commentThreads,YT_E_en_00,0,SUCCESS,200,100,0,364,
2026-10-07T20:22:59Z,youtube_api,commentThreads,YT_E_en_00,1,SUCCESS,200,100,0,442,
2026-10-07T20:22:59Z,youtube_api,commentThreads,YT_E_en_00,2,SUCCESS,200,100,0,419,
2026-10-07T20:23:00Z,youtube_api,commentThreads,YT_G_en_00,0,SUCCESS,200,3,0,198,
2026-10-07T20:23:00Z,youtube_api,commentThreads,YT_D_en_00,0,SUCCESS,200,78,0,477,
2026-10-07T20:23:00Z,youtube_api,commentThreads,YT_G_en_00,0,SUCCESS,200,3,0,196,
2026-10-07T20:23:01Z,youtube_api,commentThreads,YT_N_en_00,0,SUCCESS,200,10,0,221,
2026-10-07T20:23:01Z,youtube_api,commentThreads,YT_N_en_00,0,SUCCESS,200,3,0,157,
2026-10-07T20:23:01Z,youtube_api,commentThreads,YT_F_en_00,0,SUCCESS,200,62,0,284,
2026-10-07T20:23:01Z,forums_gardenweb,thread,GW_hydroponics,1998093,SUCCESS,200,1,0,1880,
2026-10-07T20:23:02Z,youtube_api,commentThreads,YT_L_en_00,0,SUCCESS,200,51,0,535,
2026-10-07T20:23:02Z,youtube_api,commentThreads,YT_H_en_00,0,SUCCESS,200,100,0,625,
2026-10-07T20:23:03Z,youtube_api,commentThreads,YT_H_en_00,1,SUCCESS,200,100,0,459,
2026-10-07T20:23:03Z,youtube_api,commentThreads,YT_H_en_00,2,SUCCESS,200,18,0,228,
2026-10-07T20:23:03Z,youtube_api,commentThreads,YT_K_en_00,0,SUCCESS,200,2,0,148,
2026-10-07T20:23:04Z,youtube_api,commentThreads,YT_L_en_00,0,SUCCESS,200,100,0,495,
2026-10-07T20:23:04Z,youtube_api,commentThreads,YT_L_en_00,1,SUCCESS,200,100,0,581,
2026-10-07T20:23:05Z,youtube_api,commentThreads,YT_L_en_00,2,SUCCESS,200,100,0,389,
2026-10-07T20:23:05Z,youtube_api,commentThreads,YT_L_en_00,0,SUCCESS,200,82,0,372,
2026-10-07T20:23:05Z,forums_gardenweb,thread,GW_hydroponics,1996955,SUCCESS,200,1,0,1876,
2026-10-07T20:23:06Z,youtube_api,commentThreads,YT_A_en_00,0,SUCCESS,200,100,0,501,
2026-10-07T20:23:06Z,youtube_api,commentThreads,YT_A_en_00,1,SUCCESS,200,100,0,469,
2026-10-07T20:23:07Z,youtube_api,commentThreads,YT_A_en_00,2,SUCCESS,200,100,0,450,
2026-10-07T20:23:07Z,youtube_api,commentThreads,YT_F_en_00,0,SUCCESS,200,2,0,143,
2026-10-07T20:23:07Z,youtube_api,commentThreads,YT_G_en_00,0,SUCCESS,200,100,0,524,
2026-10-07T20:23:08Z,youtube_api,commentThreads,YT_G_en_00,1,SUCCESS,200,19,0,253,
2026-10-07T20:23:08Z,youtube_api,commentThreads,YT_E_en_00,0,SUCCESS,200,19,0,222,
2026-10-07T20:23:08Z,youtube_api,commentThreads,YT_F_en_00,0,SUCCESS,200,100,0,446,
2026-10-07T20:23:09Z,youtube_api,commentThreads,YT_F_en_00,1,SUCCESS,200,58,0,285,
2026-10-07T20:23:09Z,youtube_api,commentThreads,YT_B_en_00,0,SUCCESS,200,100,0,335,
2026-10-07T20:23:09Z,youtube_api,commentThreads,YT_B_en_00,1,SUCCESS,200,92,0,382,
2026-10-07T20:23:10Z,forums_gardenweb,thread,GW_hydroponics,1990382,SUCCESS,200,1,0,2022,
2026-10-07T20:23:10Z,youtube_api,commentThreads,YT_N_en_00,0,SUCCESS,200,22,0,217,
2026-10-07T20:23:10Z,youtube_api,commentThreads,YT_M_en_00,0,SUCCESS,200,100,0,405,
2026-10-07T20:23:11Z,youtube_api,commentThreads,YT_M_en_00,1,SUCCESS,200,100,0,438,
2026-10-07T20:23:11Z,youtube_api,commentThreads,YT_M_en_00,2,SUCCESS,200,77,0,405,
2026-10-07T20:23:11Z,youtube_api,commentThreads,YT_A_en_00,0,SUCCESS,200,100,0,413,
2026-10-07T20:23:12Z,youtube_api,commentThreads,YT_A_en_00,1,SUCCESS,200,28,0,225,
2026-10-07T20:23:12Z,youtube_api,commentThreads,YT_E_en_00,0,SUCCESS,200,4,0,224,
2026-10-07T20:23:12Z,youtube_api,commentThreads,YT_F_en_00,0,SUCCESS,200,5,0,218,
2026-10-07T20:23:13Z,youtube_api,commentThreads,YT_M_en_00,0,SUCCESS,200,57,0,503,
2026-10-07T20:23:13Z,youtube_api,commentThreads,YT_D_en_00,0,SUCCESS,200,6,0,180,
2026-10-07T20:23:13Z,youtube_api,commentThreads,YT_C_en_00,0,SUCCESS,200,92,0,515,
2026-10-07T20:23:13Z,forums_gardenweb,thread,GW_hydroponics,1984301,SUCCESS,200,1,0,1895,
2026-10-07T20:23:14Z,youtube_api,commentThreads,YT_D_en_00,0,SUCCESS,200,3,0,184,
2026-10-07T20:23:14Z,youtube_api,commentThreads,YT_K_en_00,0,SUCCESS,200,5,0,129,
2026-10-07T20:23:15Z,youtube_api,commentThreads,YT_C_en_00,0,SUCCESS,200,100,0,663,
2026-10-07T20:23:15Z,youtube_api,commentThreads,YT_C_en_00,1,SUCCESS,200,100,0,408,
2026-10-07T20:23:15Z,youtube_api,commentThreads,YT_C_en_00,2,SUCCESS,200,100,0,449,
2026-10-07T20:23:16Z,reddit_arcticshift,posts_search,RD_FULL_ClickAndGrow,2020-04-01,SUCCESS,200,16,1,3429,
2026-10-07T20:23:16Z,youtube_api,commentThreads,YT_E_en_00,0,SUCCESS,200,100,0,631,
2026-10-07T20:23:16Z,youtube_api,commentThreads,YT_E_en_00,1,SUCCESS,200,100,0,355,
2026-10-07T20:23:17Z,youtube_api,commentThreads,YT_E_en_00,2,SUCCESS,200,100,0,460,
2026-10-07T20:23:17Z,youtube_api,commentThreads,YT_N_en_00,0,SUCCESS,200,1,0,145,
2026-10-07T20:23:17Z,youtube_api,commentThreads,YT_I_en_00,0,SUCCESS,200,4,0,187,
2026-10-07T20:23:18Z,youtube_api,commentThreads,YT_H_en_00,0,SUCCESS,200,44,0,257,
2026-10-07T20:23:18Z,youtube_api,commentThreads,YT_F_en_00,0,SUCCESS,200,20,0,465,
2026-10-07T20:23:18Z,forums_gardenweb,thread,GW_hydroponics,1995133,SUCCESS,200,1,0,2572,
2026-10-07T20:23:19Z,youtube_api,commentThreads,YT_F_en_00,0,SUCCESS,200,67,0,377,
2026-10-07T20:23:19Z,reddit_arcticshift,posts_search,RD_FULL_ClickAndGrow,2020-07-01,SUCCESS,200,15,0,2665,
2026-10-07T20:23:19Z,youtube_api,commentThreads,YT_F_en_00,0,SUCCESS,200,11,0,186,
2026-10-07T20:23:19Z,youtube_api,commentThreads,YT_H_en_00,0,SUCCESS,200,100,0,408,
2026-10-07T20:23:20Z,youtube_api,commentThreads,YT_H_en_00,1,SUCCESS,200,100,0,459,
2026-10-07T20:23:20Z,youtube_api,commentThreads,YT_H_en_00,2,SUCCESS,200,24,0,293,
2026-10-07T20:23:20Z,youtube_api,commentThreads,YT_H_en_00,0,SUCCESS,200,55,0,311,
2026-10-07T20:23:21Z,youtube_api,commentThreads,YT_A_en_00,0,SUCCESS,200,100,0,503,
2026-10-07T20:23:21Z,youtube_api,commentThreads,YT_A_en_00,1,SUCCESS,200,97,0,404,
2026-10-07T20:23:22Z,youtube_api,commentThreads,YT_L_en_00,0,SUCCESS,200,29,0,340,
2026-10-07T20:23:22Z,forums_gardenweb,thread,GW_hydroponics,1991590,SUCCESS,200,1,0,2157,
2026-10-07T20:23:22Z,youtube_api,commentThreads,YT_A_en_00,0,SUCCESS,200,15,0,228,
2026-10-07T20:23:22Z,youtube_api,commentThreads,YT_A_en_00,0,SUCCESS,200,100,0,360,
2026-10-07T20:23:22Z,youtube_api,commentThreads,YT_K_en_00,0,SUCCESS,200,8,0,223,
2026-10-07T20:23:23Z,youtube_api,commentThreads,YT_A_en_00,0,SUCCESS,200,100,0,665,
2026-10-07T20:23:23Z,youtube_api,commentThreads,YT_A_en_00,1,SUCCESS,200,15,0,327,
2026-10-07T20:23:24Z,youtube_api,commentThreads,YT_B_en_00,0,SUCCESS,200,100,0,513,
2026-10-07T20:23:24Z,youtube_api,commentThreads,YT_B_en_00,1,SUCCESS,200,16,0,264,
2026-10-07T20:23:25Z,youtube_api,commentThreads,YT_L_en_00,0,SUCCESS,200,99,0,708,
2026-10-07T20:23:25Z,youtube_api,commentThreads,YT_L_en_00,1,SUCCESS,200,100,0,481,
2026-10-07T20:23:26Z,youtube_api,commentThreads,YT_L_en_00,2,SUCCESS,200,65,0,358,
2026-10-07T20:23:26Z,youtube_api,commentThreads,YT_B_en_00,0,SUCCESS,200,100,0,409,
2026-10-07T20:23:26Z,forums_gardenweb,thread,GW_hydroponics,3641803,SUCCESS,200,1,0,2853,
2026-10-07T20:23:27Z,youtube_api,commentThreads,YT_B_en_00,1,SUCCESS,200,100,0,336,
2026-10-07T20:23:27Z,youtube_api,commentThreads,YT_B_en_00,2,SUCCESS,200,100,0,458,
2026-10-07T20:23:28Z,youtube_api,commentThreads,YT_J_en_00,0,SUCCESS,200,41,0,382,
2026-10-07T20:23:28Z,youtube_api,commentThreads,YT_J_en_00,0,SUCCESS,200,30,0,238,
2026-10-07T20:23:28Z,youtube_api,commentThreads,YT_A_en_00,0,SUCCESS,200,19,0,262,
2026-10-07T20:23:28Z,youtube_api,commentThreads,YT_J_en_00,0,SUCCESS,200,24,0,213,
2026-10-07T20:23:29Z,youtube_api,commentThreads,YT_B_en_00,0,SUCCESS,200,3,0,184,
2026-10-07T20:23:29Z,youtube_api,commentThreads,YT_D_en_00,0,SUCCESS,200,29,0,303,
2026-10-07T20:23:29Z,youtube_api,commentThreads,YT_L_en_00,0,SUCCESS,200,3,0,179,
2026-10-07T20:23:29Z,youtube_api,commentThreads,YT_I_en_00,0,SUCCESS,200,27,0,400,
2026-10-07T20:23:30Z,youtube_api,commentThreads,YT_B_en_00,0,SUCCESS,200,100,0,336,
2026-10-07T20:23:30Z,youtube_api,commentThreads,YT_B_en_00,1,SUCCESS,200,60,0,405,
2026-10-07T20:23:30Z,youtube_api,commentThreads,YT_N_en_00,0,SUCCESS,200,6,0,221,
2026-10-07T20:23:31Z,youtube_api,commentThreads,YT_B_en_00,0,SUCCESS,200,93,0,341,
2026-10-07T20:23:31Z,youtube_api,commentThreads,YT_J_en_00,0,SUCCESS,200,3,0,199,
2026-10-07T20:23:31Z,forums_gardenweb,thread,GW_hydroponics,1993877,SUCCESS,200,1,0,3577,
2026-10-07T20:23:31Z,youtube_api,commentThreads,YT_L_en_00,0,SUCCESS,200,6,0,296,
2026-10-07T20:23:32Z,youtube_api,commentThreads,YT_D_en_00,0,SUCCESS,200,2,0,291,
2026-10-07T20:23:32Z,youtube_api,commentThreads,YT_N_en_00,0,SUCCESS,200,2,0,166,
2026-10-07T20:23:32Z,youtube_api,commentThreads,YT_J_en_00,0,SUCCESS,200,29,0,218,
2026-10-07T20:23:32Z,youtube_api,commentThreads,YT_A_en_00,0,SUCCESS,200,37,0,234,
2026-10-07T20:23:33Z,youtube_api,commentThreads,YT_J_en_00,0,SUCCESS,200,5,0,198,
2026-10-07T20:23:33Z,youtube_api,commentThreads,YT_F_en_00,0,SUCCESS,200,10,0,165,
2026-10-07T20:23:33Z,youtube_api,commentThreads,YT_A_en_00,0,SUCCESS,200,30,0,355,
2026-10-07T20:23:33Z,youtube_api,commentThreads,YT_E_en_00,0,SUCCESS,200,31,0,276,
2026-10-07T20:23:34Z,youtube_api,commentThreads,YT_I_en_00,0,SUCCESS,200,4,0,148,
2026-10-07T20:23:34Z,youtube_api,commentThreads,YT_K_en_00,0,SUCCESS,200,8,0,146,
2026-10-07T20:23:34Z,youtube_api,commentThreads,YT_K_en_00,0,SUCCESS,200,12,0,193,
2026-10-07T20:23:35Z,youtube_api,commentThreads,YT_I_en_00,0,SUCCESS,200,70,0,434,
2026-10-07T20:23:35Z,forums_gardenweb,thread,GW_hydroponics,1990559,SUCCESS,200,1,0,3102,
2026-10-07T20:23:35Z,youtube_api,commentThreads,YT_F_en_00,0,SUCCESS,200,90,0,350,
2026-10-07T20:23:35Z,youtube_api,commentThreads,YT_K_en_00,0,SUCCESS,200,100,0,544,
2026-10-07T20:23:35Z,reddit_arcticshift,posts_search,RD_FULL_ClickAndGrow,2020-10-01,SUCCESS,200,20,1,2992,
2026-10-07T20:23:36Z,youtube_api,commentThreads,YT_K_en_00,1,SUCCESS,200,71,0,328,
2026-10-07T20:23:36Z,youtube_api,commentThreads,YT_I_en_00,0,SUCCESS,200,13,0,215,
2026-10-07T20:23:36Z,youtube_api,commentThreads,YT_A_en_00,0,SUCCESS,200,24,0,219,
2026-10-07T20:23:36Z,youtube_api,commentThreads,YT_B_en_00,0,SUCCESS,200,7,0,216,
2026-10-07T20:23:37Z,youtube_api,commentThreads,YT_A_en_00,0,SUCCESS,200,70,0,434,
2026-10-07T20:23:37Z,youtube_api,commentThreads,YT_F_en_00,0,SUCCESS,200,72,0,328,
2026-10-07T20:23:38Z,youtube_api,commentThreads,YT_L_en_00,0,SUCCESS,200,10,0,191,
2026-10-07T20:23:38Z,youtube_api,commentThreads,YT_J_en_00,0,SUCCESS,200,24,0,241,
2026-10-07T20:23:38Z,youtube_api,commentThreads,YT_K_en_00,0,SUCCESS,200,34,0,208,
2026-10-07T20:23:38Z,youtube_api,commentThreads,YT_G_en_00,0,SUCCESS,200,31,0,358,
2026-10-07T20:23:39Z,youtube_api,commentThreads,YT_N_en_00,0,SUCCESS,200,10,0,223,
2026-10-07T20:23:39Z,forums_gardenweb,thread,GW_hydroponics,1994195,SUCCESS,200,1,0,3314,
2026-10-07T20:23:39Z,youtube_api,commentThreads,YT_A_en_00,0,SUCCESS,200,100,0,450,
2026-10-07T20:23:40Z,youtube_api,commentThreads,YT_A_en_00,1,SUCCESS,200,100,0,510,
2026-10-07T20:23:40Z,youtube_api,commentThreads,YT_A_en_00,2,SUCCESS,200,100,0,410,
2026-10-07T20:23:40Z,youtube_api,commentThreads,YT_A_en_00,0,SUCCESS,200,14,0,224,
2026-10-07T20:23:41Z,youtube_api,commentThreads,YT_A_en_00,0,SUCCESS,200,24,0,236,
2026-10-07T20:23:41Z,youtube_api,commentThreads,YT_G_en_00,0,SUCCESS,200,8,0,226,
2026-10-07T20:23:41Z,youtube_api,commentThreads,YT_N_en_00,0,SUCCESS,200,3,0,149,
2026-10-07T20:23:41Z,youtube_api,commentThreads,YT_N_en_00,0,SUCCESS,200,42,0,330,
2026-10-07T20:23:42Z,youtube_api,commentThreads,YT_M_en_00,0,SUCCESS,200,5,0,237,
2026-10-07T20:23:42Z,forums_gardenweb,thread,GW_hydroponics,1985589,SUCCESS,200,1,0,1986,
2026-10-07T20:23:43Z,youtube_api,commentThreads,YT_F_en_00,0,SUCCESS,200,3,0,1428,
2026-10-07T20:23:43Z,youtube_api,commentThreads,YT_A_en_00,0,SUCCESS,200,10,0,184,
2026-10-07T20:23:44Z,youtube_api,commentThreads,YT_N_en_00,0,SUCCESS,200,23,0,349,
2026-10-07T20:23:44Z,youtube_api,commentThreads,YT_C_en_00,0,SUCCESS,200,4,0,275,
2026-10-07T20:23:44Z,youtube_api,commentThreads,YT_C_en_00,0,SUCCESS,200,13,0,218,
2026-10-07T20:23:44Z,youtube_api,commentThreads,YT_A_en_00,0,SUCCESS,200,4,0,254,
2026-10-07T20:23:45Z,youtube_api,commentThreads,YT_L_en_00,0,SUCCESS,200,5,0,318,
2026-10-07T20:23:45Z,youtube_api,commentThreads,YT_E_en_00,0,SUCCESS,200,28,0,224,
2026-10-07T20:23:45Z,youtube_api,commentThreads,YT_N_en_00,0,SUCCESS,200,3,0,186,
2026-10-07T20:23:45Z,youtube_api,commentThreads,YT_D_en_00,0,SUCCESS,200,3,0,137,
2026-10-07T20:23:46Z,youtube_api,commentThreads,YT_A_en_00,0,SUCCESS,200,95,0,442,
2026-10-07T20:23:46Z,youtube_api,commentThreads,YT_K_en_00,0,SUCCESS,200,25,0,436,
2026-10-07T20:23:46Z,forums_gardenweb,thread,GW_hydroponics,1998441,SUCCESS,200,1,0,2645,
2026-10-07T20:23:47Z,youtube_api,commentThreads,YT_A_en_00,0,SUCCESS,200,100,0,424,
2026-10-07T20:23:47Z,youtube_api,commentThreads,YT_A_en_00,1,SUCCESS,200,20,0,223,
2026-10-07T20:23:47Z,youtube_api,commentThreads,YT_D_en_00,0,SUCCESS,200,12,0,338,
2026-10-07T20:23:48Z,youtube_api,commentThreads,YT_G_en_00,0,SUCCESS,200,27,0,316,
2026-10-07T20:23:48Z,youtube_api,commentThreads,YT_B_en_00,0,SUCCESS,200,7,0,213,
2026-10-07T20:23:48Z,youtube_api,commentThreads,YT_J_en_00,0,SUCCESS,200,3,0,149,
2026-10-07T20:23:48Z,youtube_api,commentThreads,YT_E_en_00,0,SUCCESS,200,63,0,436,
2026-10-07T20:23:49Z,youtube_api,commentThreads,YT_E_en_00,0,SUCCESS,200,2,0,148,
2026-10-07T20:23:49Z,youtube_api,commentThreads,YT_D_en_00,0,SUCCESS,200,3,0,201,
2026-10-07T20:23:49Z,youtube_api,commentThreads,YT_M_en_00,0,SUCCESS,200,99,0,436,
2026-10-07T20:23:50Z,youtube_api,commentThreads,YT_M_en_00,1,SUCCESS,200,17,0,228,
2026-10-07T20:23:50Z,forums_gardenweb,thread,GW_hydroponics,1990551,SUCCESS,200,1,0,2052,
2026-10-07T20:23:50Z,youtube_api,commentThreads,YT_A_en_00,0,SUCCESS,200,56,0,450,
2026-10-07T20:23:50Z,youtube_api,commentThreads,YT_F_en_00,0,SUCCESS,200,0,0,99,
2026-10-07T20:23:51Z,youtube_api,commentThreads,YT_C_en_00,0,SUCCESS,200,30,0,305,
2026-10-07T20:23:51Z,youtube_api,commentThreads,YT_L_en_00,0,SUCCESS,200,100,0,402,
2026-10-07T20:23:52Z,youtube_api,commentThreads,YT_L_en_00,1,SUCCESS,200,84,0,1093,
2026-10-07T20:23:52Z,youtube_api,commentThreads,YT_N_en_00,0,SUCCESS,200,13,0,247,
2026-10-07T20:23:53Z,youtube_api,commentThreads,YT_K_en_00,0,SUCCESS,200,3,0,173,
2026-10-07T20:23:53Z,youtube_api,commentThreads,YT_K_en_00,0,SUCCESS,200,11,0,179,
2026-10-07T20:23:53Z,youtube_api,commentThreads,YT_N_en_00,0,SUCCESS,200,59,0,451,
2026-10-07T20:23:53Z,forums_gardenweb,thread,GW_hydroponics,1993558,SUCCESS,200,1,0,1754,
2026-10-07T20:23:53Z,youtube_api,commentThreads,YT_I_en_00,0,SUCCESS,200,16,0,213,
2026-10-07T20:23:54Z,youtube_api,commentThreads,YT_J_en_00,0,SUCCESS,200,50,0,364,
2026-10-07T20:23:54Z,reddit_arcticshift,posts_search,RD_FULL_ClickAndGrow,2021-01-01,SUCCESS,200,50,1,3178,
2026-10-07T20:23:54Z,youtube_api,commentThreads,YT_A_en_00,0,SUCCESS,200,100,0,407,
2026-10-07T20:23:55Z,youtube_api,commentThreads,YT_A_en_00,1,SUCCESS,200,100,0,353,
2026-10-07T20:23:55Z,youtube_api,commentThreads,YT_A_en_00,2,SUCCESS,200,4,0,206,
2026-10-07T20:23:55Z,youtube_api,commentThreads,YT_H_en_00,0,SUCCESS,200,100,0,556,
2026-10-07T20:23:56Z,youtube_api,commentThreads,YT_H_en_00,1,SUCCESS,200,100,0,537,
2026-10-07T20:23:57Z,youtube_api,commentThreads,YT_H_en_00,2,SUCCESS,200,100,0,542,
2026-10-07T20:23:57Z,reddit_arcticshift,posts_search,RD_FULL_ClickAndGrow,2021-04-01,SUCCESS,200,31,0,2945,
2026-10-07T20:23:57Z,youtube_api,commentThreads,YT_F_en_00,0,SUCCESS,200,69,0,519,
2026-10-07T20:23:58Z,youtube_api,commentThreads,YT_F_en_00,0,SUCCESS,200,22,0,418,
2026-10-07T20:23:58Z,forums_gardenweb,thread,GW_hydroponics,1996614,SUCCESS,200,1,0,2350,
2026-10-07T20:23:58Z,youtube_api,commentThreads,YT_E_en_00,0,SUCCESS,200,18,0,397,
2026-10-07T20:23:58Z,youtube_api,commentThreads,YT_F_en_00,0,SUCCESS,200,4,0,187,
2026-10-07T20:23:58Z,youtube_api,commentThreads,YT_A_en_00,0,SUCCESS,200,7,0,180,
2026-10-07T20:23:59Z,youtube_api,commentThreads,YT_L_en_00,0,SUCCESS,200,4,0,151,
2026-10-07T20:23:59Z,youtube_api,commentThreads,YT_G_en_00,0,SUCCESS,200,20,0,238,
2026-10-07T20:23:59Z,youtube_api,commentThreads,YT_E_en_00,0,SUCCESS,200,20,0,235,
2026-10-07T20:23:59Z,youtube_api,commentThreads,YT_C_en_00,0,SUCCESS,200,56,0,305,
2026-10-07T20:24:00Z,youtube_api,commentThreads,YT_H_en_00,0,SUCCESS,200,100,0,375,
2026-10-07T20:24:00Z,youtube_api,commentThreads,YT_H_en_00,1,SUCCESS,200,76,0,406,
2026-10-07T20:24:01Z,youtube_api,commentThreads,YT_G_en_00,0,SUCCESS,200,4,0,312,
2026-10-07T20:24:01Z,reddit_arcticshift,posts_search,RD_FULL_ClickAndGrow,2021-07-01,SUCCESS,200,13,0,3669,
2026-10-07T20:24:01Z,youtube_api,commentThreads,YT_F_en_00,0,SUCCESS,200,60,0,244,
2026-10-07T20:24:01Z,youtube_api,commentThreads,YT_A_en_00,0,SUCCESS,200,100,0,585,
2026-10-07T20:24:02Z,youtube_api,commentThreads,YT_A_en_00,1,SUCCESS,200,100,0,572,
2026-10-07T20:24:02Z,forums_gardenweb,thread,GW_hydroponics,1989344,SUCCESS,200,1,0,2611,
2026-10-07T20:24:02Z,youtube_api,commentThreads,YT_A_en_00,2,SUCCESS,200,100,0,468,
2026-10-07T20:24:03Z,youtube_api,commentThreads,YT_N_en_00,0,BLOCKED,403,0,0,61,"{   ""error"": {     ""code"": 403,     ""message"": ""The video identified by the \u003ccode\u003e\u003ca href=\""/youtube/v3/docs/commentThreads/list#videoId\""\u003evideoId\u003c/a\u003e\u003c/code\u003e pa"
2026-10-07T20:24:03Z,youtube_api,commentThreads,YT_G_en_00,0,SUCCESS,200,6,0,224,
2026-10-07T20:24:03Z,youtube_api,commentThreads,YT_I_en_00,0,SUCCESS,200,51,0,273,
2026-10-07T20:24:03Z,reddit_arcticshift,posts_search,RD_FULL_ClickAndGrow,2021-10-01,SUCCESS,200,20,0,2743,
2026-10-07T20:24:04Z,youtube_api,commentThreads,YT_K_en_00,0,SUCCESS,200,100,0,378,
2026-10-07T20:24:04Z,youtube_api,commentThreads,YT_K_en_00,1,SUCCESS,200,100,0,368,
2026-10-07T20:24:04Z,youtube_api,commentThreads,YT_K_en_00,2,SUCCESS,200,69,0,450,
2026-10-07T20:24:05Z,youtube_api,commentThreads,YT_A_en_00,0,SUCCESS,200,52,0,318,
2026-10-07T20:24:05Z,youtube_api,commentThreads,YT_D_en_00,0,SUCCESS,200,58,0,395,
2026-10-07T20:24:05Z,youtube_api,commentThreads,YT_C_en_00,0,SUCCESS,200,28,0,248,
2026-10-07T20:24:06Z,youtube_api,commentThreads,YT_F_en_00,0,SUCCESS,200,100,0,466,
2026-10-07T20:24:06Z,youtube_api,commentThreads,YT_F_en_00,1,SUCCESS,200,23,0,245,
2026-10-07T20:24:06Z,reddit_arcticshift,posts_search,RD_FULL_ClickAndGrow,2022-01-01,SUCCESS,200,28,0,2971,
2026-10-07T20:24:07Z,youtube_api,commentThreads,YT_G_en_00,0,SUCCESS,200,100,0,402,
2026-10-07T20:24:07Z,forums_gardenweb,thread,GW_hydroponics,1997892,SUCCESS,200,1,0,3079,
2026-10-07T20:24:07Z,youtube_api,commentThreads,YT_G_en_00,1,SUCCESS,200,7,0,243,
2026-10-07T20:24:07Z,youtube_api,commentThreads,YT_G_en_00,0,SUCCESS,200,6,0,203,
2026-10-07T20:24:08Z,youtube_api,commentThreads,YT_E_en_00,0,SUCCESS,200,100,0,433,
2026-10-07T20:24:08Z,youtube_api,commentThreads,YT_E_en_00,1,SUCCESS,200,57,0,357,
2026-10-07T20:24:08Z,youtube_api,commentThreads,YT_G_en_00,0,SUCCESS,200,10,0,151,
2026-10-07T20:24:08Z,youtube_api,commentThreads,YT_M_en_00,0,SUCCESS,200,4,0,199,
2026-10-07T20:24:09Z,youtube_api,commentThreads,YT_G_en_00,0,SUCCESS,200,38,0,222,
2026-10-07T20:24:09Z,youtube_api,commentThreads,YT_A_en_00,0,SUCCESS,200,5,0,205,
2026-10-07T20:24:09Z,reddit_arcticshift,posts_search,RD_FULL_ClickAndGrow,2022-04-01,SUCCESS,200,26,0,2485,
2026-10-07T20:24:09Z,forums_gardenweb,thread,GW_hydroponics,1984062,SUCCESS,200,1,0,1543,
2026-10-07T20:24:09Z,youtube_api,commentThreads,YT_A_en_00,0,SUCCESS,200,100,0,516,
2026-10-07T20:24:10Z,youtube_api,commentThreads,YT_A_en_00,1,SUCCESS,200,100,0,333,
2026-10-07T20:24:10Z,youtube_api,commentThreads,YT_A_en_00,2,SUCCESS,200,100,0,353,
2026-10-07T20:24:11Z,youtube_api,commentThreads,YT_E_en_00,0,SUCCESS,200,54,0,420,
2026-10-07T20:24:11Z,youtube_api,commentThreads,YT_A_en_00,0,SUCCESS,200,36,0,326,
2026-10-07T20:24:11Z,youtube_api,commentThreads,YT_K_en_00,0,SUCCESS,200,6,0,211,
2026-10-07T20:24:11Z,youtube_api,commentThreads,YT_D_en_00,0,SUCCESS,200,39,0,289,
2026-10-07T20:24:12Z,youtube_api,commentThreads,YT_F_en_00,0,SUCCESS,200,2,0,129,
2026-10-07T20:24:12Z,reddit_arcticshift,posts_search,RD_FULL_ClickAndGrow,2022-07-01,SUCCESS,200,16,0,2706,
2026-10-07T20:24:12Z,youtube_api,commentThreads,YT_J_en_00,0,SUCCESS,200,55,0,575,
2026-10-07T20:24:12Z,youtube_api,commentThreads,YT_K_en_00,0,SUCCESS,200,3,0,168,
2026-10-07T20:24:13Z,youtube_api,commentThreads,YT_A_en_00,0,SUCCESS,200,100,0,601,
2026-10-07T20:24:13Z,youtube_api,commentThreads,YT_A_en_00,1,SUCCESS,200,26,0,245,
2026-10-07T20:24:13Z,forums_gardenweb,thread,GW_hydroponics,1984067,SUCCESS,200,1,0,1678,
2026-10-07T20:24:13Z,youtube_api,commentThreads,YT_B_en_00,0,SUCCESS,200,8,0,225,
2026-10-07T20:24:14Z,youtube_api,commentThreads,YT_A_en_00,0,SUCCESS,200,8,0,134,
2026-10-07T20:24:14Z,youtube_api,commentThreads,YT_M_en_00,0,SUCCESS,200,2,0,132,
2026-10-07T20:24:15Z,youtube_api,commentThreads,YT_J_en_00,0,SUCCESS,200,100,0,648,
2026-10-07T20:24:15Z,reddit_arcticshift,posts_search,RD_FULL_ClickAndGrow,2022-10-01,SUCCESS,200,19,0,3064,
2026-10-07T20:24:15Z,youtube_api,commentThreads,YT_J_en_00,1,SUCCESS,200,100,0,410,
2026-10-07T20:24:15Z,youtube_api,commentThreads,YT_J_en_00,2,SUCCESS,200,85,0,383,
2026-10-07T20:24:16Z,youtube_api,commentThreads,YT_A_en_00,0,SUCCESS,200,4,0,217,
2026-10-07T20:24:16Z,youtube_api,commentThreads,YT_N_en_00,0,SUCCESS,200,58,0,331,
2026-10-07T20:24:16Z,youtube_api,commentThreads,YT_D_en_00,0,SUCCESS,200,7,0,214,
2026-10-07T20:24:17Z,youtube_api,commentThreads,YT_N_en_00,0,SUCCESS,200,66,0,397,
2026-10-07T20:24:17Z,youtube_api,commentThreads,YT_M_en_00,0,SUCCESS,200,24,0,220,
2026-10-07T20:24:17Z,youtube_api,commentThreads,YT_G_en_00,0,SUCCESS,200,34,0,444,
2026-10-07T20:24:18Z,youtube_api,commentThreads,YT_G_en_00,0,SUCCESS,200,8,0,227,
2026-10-07T20:24:18Z,youtube_api,commentThreads,YT_A_en_00,0,SUCCESS,200,100,0,488,
2026-10-07T20:24:18Z,reddit_arcticshift,posts_search,RD_FULL_ClickAndGrow,2023-01-01,SUCCESS,200,32,0,3471,
2026-10-07T20:24:18Z,youtube_api,commentThreads,YT_A_en_00,1,SUCCESS,200,100,0,358,
2026-10-07T20:24:19Z,forums_gardenweb,thread,GW_hydroponics,1986950,SUCCESS,200,1,0,3185,
2026-10-07T20:24:19Z,youtube_api,commentThreads,YT_A_en_00,2,SUCCESS,200,100,0,504,
2026-10-07T20:24:20Z,youtube_api,commentThreads,YT_J_en_00,0,SUCCESS,200,100,0,523,
2026-10-07T20:24:20Z,youtube_api,commentThreads,YT_J_en_00,1,SUCCESS,200,100,0,543,
2026-10-07T20:24:20Z,youtube_api,commentThreads,YT_J_en_00,2,SUCCESS,200,100,0,392,
2026-10-07T20:24:21Z,youtube_api,commentThreads,YT_N_en_00,0,SUCCESS,200,10,0,174,
2026-10-07T20:24:21Z,reddit_arcticshift,posts_search,RD_FULL_ClickAndGrow,2023-04-01,SUCCESS,200,23,0,2565,
2026-10-07T20:24:21Z,youtube_api,commentThreads,YT_G_en_00,0,SUCCESS,200,20,0,208,
2026-10-07T20:24:21Z,youtube_api,commentThreads,YT_B_en_00,0,SUCCESS,200,40,0,412,
2026-10-07T20:24:22Z,forums_gardenweb,thread,GW_hydroponics,1985163,SUCCESS,200,1,0,2185,
2026-10-07T20:24:22Z,youtube_api,commentThreads,YT_L_en_00,0,SUCCESS,200,100,0,491,
2026-10-07T20:24:22Z,youtube_api,commentThreads,YT_L_en_00,1,SUCCESS,200,100,0,358,
2026-10-07T20:24:23Z,youtube_api,commentThreads,YT_L_en_00,2,SUCCESS,200,100,0,382,
2026-10-07T20:24:23Z,youtube_api,commentThreads,YT_K_en_00,0,SUCCESS,200,4,0,141,
2026-10-07T20:24:23Z,youtube_api,commentThreads,YT_I_en_00,0,SUCCESS,200,58,0,378,
2026-10-07T20:24:24Z,youtube_api,commentThreads,YT_J_en_00,0,SUCCESS,200,32,0,381,
2026-10-07T20:24:24Z,reddit_arcticshift,posts_search,RD_FULL_ClickAndGrow,2023-07-01,SUCCESS,200,20,0,3218,
2026-10-07T20:24:24Z,youtube_api,commentThreads,YT_A_en_00,0,SUCCESS,200,66,0,439,
2026-10-07T20:24:24Z,youtube_api,commentThreads,YT_K_en_00,0,SUCCESS,200,4,0,211,
2026-10-07T20:24:24Z,youtube_api,commentThreads,YT_A_en_00,0,SUCCESS,200,4,0,175,
2026-10-07T20:24:25Z,youtube_api,commentThreads,YT_H_en_00,0,SUCCESS,200,36,0,238,
2026-10-07T20:24:25Z,youtube_api,commentThreads,YT_I_en_00,0,SUCCESS,200,20,0,217,
2026-10-07T20:24:25Z,youtube_api,commentThreads,YT_D_en_00,0,SUCCESS,200,27,0,389,
2026-10-07T20:24:26Z,youtube_api,commentThreads,YT_E_en_00,0,SUCCESS,200,23,0,226,
2026-10-07T20:24:26Z,youtube_api,commentThreads,YT_A_en_00,0,SUCCESS,200,32,0,263,
2026-10-07T20:24:26Z,youtube_api,commentThreads,YT_G_en_00,0,SUCCESS,200,9,0,201,
2026-10-07T20:24:27Z,youtube_api,commentThreads,YT_F_en_00,0,SUCCESS,200,81,0,370,
2026-10-07T20:24:27Z,forums_gardenweb,thread,GW_hydroponics,1997582,SUCCESS,200,1,0,2896,
2026-10-07T20:24:27Z,youtube_api,commentThreads,YT_F_en_00,0,SUCCESS,200,50,0,397,
2026-10-07T20:24:27Z,youtube_api,commentThreads,YT_N_en_00,0,SUCCESS,200,3,0,183,
2026-10-07T20:24:28Z,reddit_arcticshift,posts_search,RD_FULL_ClickAndGrow,2023-10-01,SUCCESS,200,32,0,3559,
2026-10-07T20:24:28Z,youtube_api,commentThreads,YT_F_en_00,0,SUCCESS,200,100,0,522,
2026-10-07T20:24:28Z,youtube_api,commentThreads,YT_F_en_00,1,SUCCESS,200,100,0,443,
2026-10-07T20:24:29Z,youtube_api,commentThreads,YT_F_en_00,2,SUCCESS,200,79,0,508,
2026-10-07T20:24:29Z,youtube_api,commentThreads,YT_G_en_00,0,SUCCESS,200,14,0,196,
2026-10-07T20:24:29Z,youtube_api,commentThreads,YT_D_en_00,0,SUCCESS,200,1,0,137,
2026-10-07T20:24:29Z,youtube_api,commentThreads,YT_I_en_00,0,SUCCESS,200,18,0,285,
2026-10-07T20:24:30Z,forums_gardenweb,thread,GW_hydroponics,1988138,SUCCESS,200,1,0,2173,
2026-10-07T20:24:30Z,youtube_api,commentThreads,YT_M_en_00,0,SUCCESS,200,100,0,572,
2026-10-07T20:24:30Z,youtube_api,commentThreads,YT_M_en_00,1,SUCCESS,200,73,0,408,
2026-10-07T20:24:30Z,reddit_arcticshift,posts_search,RD_FULL_ClickAndGrow,2024-01-01,SUCCESS,200,40,0,2746,
2026-10-07T20:24:31Z,youtube_api,commentThreads,YT_H_en_00,0,SUCCESS,200,3,0,210,
2026-10-07T20:24:31Z,youtube_api,commentThreads,YT_F_en_00,0,SUCCESS,200,84,0,472,
2026-10-07T20:24:32Z,youtube_api,commentThreads,YT_D_en_00,0,SUCCESS,200,37,0,366,
2026-10-07T20:24:32Z,youtube_api,commentThreads,YT_C_en_00,0,SUCCESS,200,25,0,351,
2026-10-07T20:24:32Z,youtube_api,commentThreads,YT_D_en_00,0,SUCCESS,200,13,0,185,
2026-10-07T20:24:32Z,youtube_api,commentThreads,YT_N_en_00,0,SUCCESS,200,8,0,157,
2026-10-07T20:24:33Z,youtube_api,commentThreads,YT_A_en_00,0,SUCCESS,200,100,0,358,
2026-10-07T20:24:33Z,youtube_api,commentThreads,YT_A_en_00,1,SUCCESS,200,28,0,211,
2026-10-07T20:24:33Z,youtube_api,commentThreads,YT_D_en_00,0,SUCCESS,200,7,0,203,
2026-10-07T20:24:33Z,reddit_arcticshift,posts_search,RD_FULL_ClickAndGrow,2024-04-01,SUCCESS,200,25,0,2696,
2026-10-07T20:24:33Z,youtube_api,commentThreads,YT_B_en_00,0,SUCCESS,200,20,0,256,
2026-10-07T20:24:34Z,youtube_api,commentThreads,YT_B_en_00,0,SUCCESS,200,100,0,304,
2026-10-07T20:24:34Z,youtube_api,commentThreads,YT_B_en_00,1,SUCCESS,200,35,0,356,
2026-10-07T20:24:34Z,youtube_api,commentThreads,YT_K_en_00,0,SUCCESS,200,31,0,237,
2026-10-07T20:24:35Z,forums_gardenweb,thread,GW_hydroponics,1983438,SUCCESS,200,1,0,2886,
2026-10-07T20:24:35Z,youtube_api,commentThreads,YT_M_en_00,0,SUCCESS,200,14,0,257,
2026-10-07T20:24:35Z,youtube_api,commentThreads,YT_K_en_00,0,SUCCESS,200,3,0,149,
2026-10-07T20:24:35Z,youtube_api,commentThreads,YT_L_en_00,0,SUCCESS,200,7,0,168,
2026-10-07T20:24:35Z,youtube_api,commentThreads,YT_J_en_00,0,SUCCESS,200,12,0,304,
2026-10-07T20:24:36Z,youtube_api,commentThreads,YT_N_en_00,0,SUCCESS,200,2,0,349,
2026-10-07T20:24:36Z,youtube_api,commentThreads,YT_B_en_00,0,SUCCESS,200,100,0,663,
2026-10-07T20:24:37Z,youtube_api,commentThreads,YT_B_en_00,1,SUCCESS,200,100,0,478,
2026-10-07T20:24:37Z,youtube_api,commentThreads,YT_B_en_00,2,SUCCESS,200,100,0,406,
2026-10-07T20:24:38Z,youtube_api,commentThreads,YT_L_en_00,0,SUCCESS,200,100,0,657,
2026-10-07T20:24:38Z,forums_gardenweb,thread,GW_hydroponics,1989130,SUCCESS,200,1,0,2680,
2026-10-07T20:24:38Z,youtube_api,commentThreads,YT_L_en_00,1,SUCCESS,200,100,0,415,
2026-10-07T20:24:39Z,youtube_api,commentThreads,YT_L_en_00,2,SUCCESS,200,100,0,439,
2026-10-07T20:24:39Z,youtube_api,commentThreads,YT_B_en_00,0,SUCCESS,200,100,0,404,
2026-10-07T20:24:40Z,youtube_api,commentThreads,YT_B_en_00,1,SUCCESS,200,64,0,366,
2026-10-07T20:24:40Z,youtube_api,commentThreads,YT_E_en_00,0,SUCCESS,200,8,0,193,
2026-10-07T20:24:40Z,youtube_api,commentThreads,YT_H_en_00,0,SUCCESS,200,48,0,362,
2026-10-07T20:24:41Z,youtube_api,commentThreads,YT_N_en_00,0,SUCCESS,200,12,0,350,
2026-10-07T20:24:41Z,youtube_api,commentThreads,YT_E_en_00,0,SUCCESS,200,30,0,227,
2026-10-07T20:24:41Z,forums_gardenweb,thread,GW_hydroponics,1994029,SUCCESS,200,1,0,1380,
2026-10-07T20:24:41Z,youtube_api,commentThreads,YT_B_en_00,0,SUCCESS,200,100,0,336,
2026-10-07T20:24:41Z,youtube_api,commentThreads,YT_B_en_00,1,SUCCESS,200,6,0,198,
2026-10-07T20:24:42Z,youtube_api,commentThreads,YT_N_en_00,0,SUCCESS,200,2,0,270,
2026-10-07T20:24:42Z,youtube_api,commentThreads,YT_G_en_00,0,SUCCESS,200,21,0,235,
2026-10-07T20:24:42Z,youtube_api,commentThreads,YT_L_en_00,0,SUCCESS,200,100,0,520,
2026-10-07T20:24:43Z,youtube_api,commentThreads,YT_L_en_00,1,SUCCESS,200,100,0,447,
2026-10-07T20:24:43Z,youtube_api,commentThreads,YT_L_en_00,2,SUCCESS,200,100,0,430,
2026-10-07T20:24:44Z,youtube_api,commentThreads,YT_B_en_00,0,SUCCESS,200,100,0,378,
2026-10-07T20:24:44Z,youtube_api,commentThreads,YT_B_en_00,1,SUCCESS,200,10,0,226,
2026-10-07T20:24:45Z,youtube_api,commentThreads,YT_I_en_00,0,SUCCESS,200,100,0,434,
2026-10-07T20:24:45Z,youtube_api,commentThreads,YT_I_en_00,1,SUCCESS,200,72,0,303,
2026-10-07T20:24:45Z,youtube_api,commentThreads,YT_A_en_00,0,SUCCESS,200,47,0,485,
2026-10-07T20:24:46Z,youtube_api,commentThreads,YT_K_en_00,0,SUCCESS,200,25,0,217,
2026-10-07T20:24:46Z,youtube_api,commentThreads,YT_M_en_00,0,SUCCESS,200,2,0,141,
2026-10-07T20:24:46Z,forums_gardenweb,thread,GW_hydroponics,2879774,SUCCESS,200,1,0,2112,
2026-10-07T20:24:46Z,youtube_api,commentThreads,YT_I_en_00,0,SUCCESS,200,13,0,223,
2026-10-07T20:24:46Z,youtube_api,commentThreads,YT_D_en_00,0,SUCCESS,200,7,0,300,
2026-10-07T20:24:47Z,youtube_api,commentThreads,YT_N_en_00,0,SUCCESS,200,7,0,214,
2026-10-07T20:24:47Z,youtube_api,commentThreads,YT_F_en_00,0,SUCCESS,200,15,0,310,
2026-10-07T20:24:47Z,youtube_api,commentThreads,YT_A_en_00,0,SUCCESS,200,28,0,225,
2026-10-07T20:24:47Z,youtube_api,commentThreads,YT_N_en_00,0,SUCCESS,200,11,0,225,
2026-10-07T20:24:48Z,youtube_api,commentThreads,YT_K_en_00,0,SUCCESS,200,16,0,207,
2026-10-07T20:24:48Z,youtube_api,commentThreads,YT_B_en_00,0,SUCCESS,200,92,0,331,
2026-10-07T20:24:48Z,youtube_api,commentThreads,YT_B_en_00,0,SUCCESS,200,100,0,454,
2026-10-07T20:24:49Z,youtube_api,commentThreads,YT_B_en_00,1,SUCCESS,200,11,0,198,
2026-10-07T20:24:49Z,youtube_api,commentThreads,YT_J_en_00,0,SUCCESS,200,7,0,196,
2026-10-07T20:24:49Z,youtube_api,commentThreads,YT_E_en_00,0,SUCCESS,200,3,0,147,
2026-10-07T20:24:49Z,youtube_api,commentThreads,YT_I_en_00,0,SUCCESS,200,6,0,171,
2026-10-07T20:24:49Z,youtube_api,commentThreads,YT_N_en_00,0,SUCCESS,200,3,0,262,
2026-10-07T20:24:50Z,reddit_arcticshift,posts_search,RD_FULL_ClickAndGrow,2024-07-01,SUCCESS,200,28,1,2986,
2026-10-07T20:24:50Z,forums_gardenweb,thread,GW_hydroponics,1986140,SUCCESS,200,1,0,2407,
2026-10-07T20:24:50Z,youtube_api,commentThreads,YT_A_en_00,0,SUCCESS,200,100,0,737,
2026-10-07T20:24:51Z,youtube_api,commentThreads,YT_A_en_00,1,SUCCESS,200,100,0,370,
2026-10-07T20:24:51Z,youtube_api,commentThreads,YT_A_en_00,2,SUCCESS,200,100,0,361,
2026-10-07T20:24:51Z,youtube_api,commentThreads,YT_M_en_00,0,SUCCESS,200,100,0,404,
2026-10-07T20:24:52Z,youtube_api,commentThreads,YT_M_en_00,1,SUCCESS,200,100,0,431,
2026-10-07T20:24:52Z,youtube_api,commentThreads,YT_M_en_00,2,SUCCESS,200,100,0,540,
2026-10-07T20:24:53Z,youtube_api,commentThreads,YT_A_en_00,0,SUCCESS,200,65,0,473,
2026-10-07T20:24:53Z,forums_gardenweb,thread,GW_hydroponics,1987489,SUCCESS,200,1,0,1737,
2026-10-07T20:24:54Z,youtube_api,commentThreads,YT_B_en_00,0,SUCCESS,200,99,0,706,
2026-10-07T20:24:54Z,youtube_api,commentThreads,YT_B_en_00,1,SUCCESS,200,100,0,500,
2026-10-07T20:24:55Z,youtube_api,commentThreads,YT_B_en_00,2,SUCCESS,200,99,0,388,
2026-10-07T20:24:55Z,youtube_api,commentThreads,YT_D_en_00,0,SUCCESS,200,9,0,162,
2026-10-07T20:24:55Z,youtube_api,commentThreads,YT_E_en_00,0,SUCCESS,200,18,0,247,
2026-10-07T20:24:55Z,youtube_api,commentThreads,YT_F_en_00,0,SUCCESS,200,3,0,176,
2026-10-07T20:24:55Z,youtube_api,commentThreads,YT_K_en_00,0,SUCCESS,200,3,0,192,
2026-10-07T20:24:56Z,youtube_api,commentThreads,YT_J_en_00,0,SUCCESS,200,4,0,211,
2026-10-07T20:24:56Z,youtube_api,commentThreads,YT_B_en_00,0,SUCCESS,200,14,0,209,
2026-10-07T20:24:56Z,youtube_api,commentThreads,YT_D_en_00,0,SUCCESS,200,78,0,411,
2026-10-07T20:24:57Z,youtube_api,commentThreads,YT_D_en_00,0,SUCCESS,200,87,0,417,
2026-10-07T20:24:57Z,youtube_api,commentThreads,YT_H_en_00,0,SUCCESS,200,100,0,627,
2026-10-07T20:24:58Z,youtube_api,commentThreads,YT_H_en_00,1,SUCCESS,200,100,0,619,
2026-10-07T20:24:58Z,youtube_api,commentThreads,YT_H_en_00,2,SUCCESS,200,100,0,390,
2026-10-07T20:24:59Z,forums_gardenweb,thread,GW_hydroponics,1994888,SUCCESS,200,1,0,2955,
2026-10-07T20:24:59Z,youtube_api,commentThreads,YT_A_en_00,0,SUCCESS,200,18,0,363,
2026-10-07T20:24:59Z,youtube_api,commentThreads,YT_G_en_00,0,SUCCESS,200,7,0,195,
2026-10-07T20:24:59Z,youtube_api,commentThreads,YT_K_en_00,0,SUCCESS,200,12,0,154,
2026-10-07T20:25:00Z,youtube_api,commentThreads,YT_A_en_00,0,SUCCESS,200,22,0,250,
2026-10-07T20:25:00Z,youtube_api,commentThreads,YT_N_en_00,0,SUCCESS,200,8,0,562,
2026-10-07T20:25:00Z,youtube_api,commentThreads,YT_F_en_00,0,SUCCESS,200,24,0,330,
2026-10-07T20:25:01Z,youtube_api,commentThreads,YT_C_en_00,0,SUCCESS,200,100,0,449,
2026-10-07T20:25:01Z,youtube_api,commentThreads,YT_C_en_00,1,SUCCESS,200,100,0,468,
2026-10-07T20:25:02Z,youtube_api,commentThreads,YT_C_en_00,2,SUCCESS,200,100,0,437,
2026-10-07T20:25:02Z,youtube_api,commentThreads,YT_F_en_00,0,SUCCESS,200,2,0,151,
2026-10-07T20:25:02Z,youtube_api,commentThreads,YT_F_en_00,0,SUCCESS,200,29,0,346,
2026-10-07T20:25:03Z,youtube_api,commentThreads,YT_D_en_00,0,SUCCESS,200,5,0,212,
2026-10-07T20:25:03Z,youtube_api,commentThreads,YT_H_en_00,0,SUCCESS,200,1,0,157,
2026-10-07T20:25:03Z,forums_gardenweb,thread,GW_hydroponics,1991526,SUCCESS,200,1,0,3295,
2026-10-07T20:25:03Z,youtube_api,commentThreads,YT_J_en_00,0,SUCCESS,200,9,0,213,
2026-10-07T20:25:03Z,youtube_api,commentThreads,YT_K_en_00,0,SUCCESS,200,12,0,294,
2026-10-07T20:25:04Z,youtube_api,commentThreads,YT_E_en_00,0,SUCCESS,200,89,0,338,
2026-10-07T20:25:04Z,youtube_api,commentThreads,YT_H_en_00,0,SUCCESS,200,100,0,381,
2026-10-07T20:25:05Z,youtube_api,commentThreads,YT_H_en_00,1,SUCCESS,200,100,0,358,
2026-10-07T20:25:05Z,youtube_api,commentThreads,YT_H_en_00,2,SUCCESS,200,52,0,310,
2026-10-07T20:25:05Z,youtube_api,commentThreads,YT_F_en_00,0,SUCCESS,200,22,0,287,
2026-10-07T20:25:06Z,youtube_api,commentThreads,YT_B_en_00,0,SUCCESS,200,83,0,368,
2026-10-07T20:25:06Z,youtube_api,commentThreads,YT_I_en_00,0,SUCCESS,200,2,0,158,
2026-10-07T20:25:06Z,youtube_api,commentThreads,YT_I_en_00,0,SUCCESS,200,26,0,264,
2026-10-07T20:25:06Z,youtube_api,commentThreads,YT_G_en_00,0,SUCCESS,200,3,0,174,
2026-10-07T20:25:06Z,forums_gardenweb,thread,GW_hydroponics,1991064,SUCCESS,200,1,0,2567,
2026-10-07T20:25:06Z,youtube_api,commentThreads,YT_G_en_00,0,SUCCESS,200,20,0,236,
2026-10-07T20:25:07Z,youtube_api,commentThreads,YT_J_en_00,0,SUCCESS,200,100,0,397,
2026-10-07T20:25:07Z,youtube_api,commentThreads,YT_J_en_00,1,SUCCESS,200,100,0,419,
2026-10-07T20:25:08Z,reddit_arcticshift,posts_search,RD_FULL_ClickAndGrow,2024-10-01,SUCCESS,200,30,1,2153,
2026-10-07T20:25:08Z,youtube_api,commentThreads,YT_J_en_00,2,SUCCESS,200,100,0,548,
2026-10-07T20:25:08Z,youtube_api,commentThreads,YT_I_en_00,0,SUCCESS,200,100,0,416,
2026-10-07T20:25:09Z,youtube_api,commentThreads,YT_I_en_00,1,SUCCESS,200,16,0,257,
2026-10-07T20:25:09Z,youtube_api,commentThreads,YT_D_en_00,0,SUCCESS,200,6,0,211,
2026-10-07T20:25:09Z,youtube_api,commentThreads,YT_K_en_00,0,SUCCESS,200,100,0,665,
2026-10-07T20:25:10Z,youtube_api,commentThreads,YT_K_en_00,1,SUCCESS,200,100,0,521,
2026-10-07T20:25:10Z,forums_gardenweb,thread,GW_hydroponics,1985948,SUCCESS,200,1,0,2427,
2026-10-07T20:25:10Z,youtube_api,commentThreads,YT_K_en_00,2,SUCCESS,200,100,0,305,
2026-10-07T20:25:11Z,youtube_api,commentThreads,YT_A_en_00,0,SUCCESS,200,66,0,421,
2026-10-07T20:25:11Z,reddit_arcticshift,posts_search,RD_FULL_ClickAndGrow,2025-01-01,SUCCESS,200,43,0,2765,
2026-10-07T20:25:11Z,youtube_api,commentThreads,YT_B_en_00,0,SUCCESS,200,100,0,428,
2026-10-07T20:25:11Z,youtube_api,commentThreads,YT_B_en_00,1,SUCCESS,200,10,0,178,
2026-10-07T20:25:12Z,youtube_api,commentThreads,YT_G_en_00,0,SUCCESS,200,4,0,131,
2026-10-07T20:25:12Z,youtube_api,commentThreads,YT_N_en_00,0,SUCCESS,200,3,0,339,
2026-10-07T20:25:12Z,youtube_api,commentThreads,YT_F_en_00,0,SUCCESS,200,100,0,461,
2026-10-07T20:25:13Z,youtube_api,commentThreads,YT_F_en_00,1,SUCCESS,200,30,0,257,
2026-10-07T20:25:13Z,youtube_api,commentThreads,YT_F_en_00,0,SUCCESS,200,3,0,135,
2026-10-07T20:25:13Z,reddit_arcticshift,posts_search,RD_FULL_ClickAndGrow,2025-04-01,SUCCESS,200,14,0,2009,
2026-10-07T20:25:13Z,youtube_api,commentThreads,YT_A_en_00,0,SUCCESS,200,77,0,270,
2026-10-07T20:25:14Z,youtube_api,commentThreads,YT_B_en_00,0,SUCCESS,200,100,0,343,
2026-10-07T20:25:14Z,youtube_api,commentThreads,YT_B_en_00,1,SUCCESS,200,70,0,324,
2026-10-07T20:25:14Z,youtube_api,commentThreads,YT_C_en_00,0,SUCCESS,200,70,0,334,
2026-10-07T20:25:14Z,forums_gardenweb,thread,GW_hydroponics,1983451,SUCCESS,200,1,0,2715,
2026-10-07T20:25:15Z,youtube_api,commentThreads,YT_D_en_00,0,SUCCESS,200,19,0,221,
2026-10-07T20:25:15Z,youtube_api,commentThreads,YT_N_en_00,0,SUCCESS,200,13,0,230,
2026-10-07T20:25:15Z,youtube_api,commentThreads,YT_G_en_00,0,SUCCESS,200,14,0,248,
2026-10-07T20:25:15Z,youtube_api,commentThreads,YT_A_en_00,0,SUCCESS,200,100,0,423,
2026-10-07T20:25:16Z,youtube_api,commentThreads,YT_A_en_00,1,SUCCESS,200,44,0,290,
2026-10-07T20:25:16Z,youtube_api,commentThreads,YT_B_en_00,0,SUCCESS,200,12,0,355,
2026-10-07T20:25:16Z,youtube_api,commentThreads,YT_N_en_00,0,SUCCESS,200,2,0,198,
2026-10-07T20:25:16Z,youtube_api,commentThreads,YT_D_en_00,0,SUCCESS,200,7,0,143,
2026-10-07T20:25:17Z,youtube_api,commentThreads,YT_J_en_00,0,SUCCESS,200,5,0,135,
2026-10-07T20:25:17Z,reddit_arcticshift,posts_search,RD_FULL_ClickAndGrow,2025-07-01,SUCCESS,200,25,0,3416,
2026-10-07T20:25:17Z,youtube_api,commentThreads,YT_B_en_00,0,SUCCESS,200,100,0,372,
2026-10-07T20:25:18Z,youtube_api,commentThreads,YT_B_en_00,1,SUCCESS,200,100,0,351,
2026-10-07T20:25:18Z,youtube_api,commentThreads,YT_B_en_00,2,SUCCESS,200,100,0,427,
2026-10-07T20:25:18Z,forums_gardenweb,thread,GW_hydroponics,1987336,SUCCESS,200,1,0,2511,
2026-10-07T20:25:18Z,youtube_api,commentThreads,YT_G_en_00,0,SUCCESS,200,83,0,303,
2026-10-07T20:25:19Z,youtube_api,commentThreads,YT_A_en_00,0,SUCCESS,200,44,0,312,
2026-10-07T20:25:19Z,youtube_api,commentThreads,YT_H_en_00,0,SUCCESS,200,2,0,154,
2026-10-07T20:25:19Z,youtube_api,commentThreads,YT_K_en_00,0,SUCCESS,200,7,0,212,
2026-10-07T20:25:19Z,youtube_api,commentThreads,YT_B_en_00,0,SUCCESS,200,9,0,173,
2026-10-07T20:25:19Z,youtube_api,commentThreads,YT_E_en_00,0,SUCCESS,200,17,0,211,
2026-10-07T20:25:20Z,youtube_api,commentThreads,YT_N_en_00,0,SUCCESS,200,2,0,136,
2026-10-07T20:25:20Z,youtube_api,commentThreads,YT_D_en_00,0,SUCCESS,200,21,0,249,
2026-10-07T20:25:20Z,reddit_arcticshift,posts_search,RD_FULL_ClickAndGrow,2025-10-01,SUCCESS,200,27,0,3171,
2026-10-07T20:25:20Z,youtube_api,commentThreads,YT_E_en_00,0,SUCCESS,200,7,0,153,
2026-10-07T20:25:20Z,youtube_api,commentThreads,YT_J_en_00,0,SUCCESS,200,14,0,220,
2026-10-07T20:25:21Z,youtube_api,commentThreads,YT_N_en_00,0,SUCCESS,200,2,0,193,
2026-10-07T20:25:21Z,youtube_api,commentThreads,YT_A_en_00,0,SUCCESS,200,58,0,262,
2026-10-07T20:25:21Z,youtube_api,commentThreads,YT_H_en_00,0,SUCCESS,200,42,0,310,
2026-10-07T20:25:22Z,youtube_api,commentThreads,YT_A_en_00,0,SUCCESS,200,78,0,477,
2026-10-07T20:25:22Z,youtube_api,commentThreads,YT_G_en_00,0,SUCCESS,200,8,0,238,
2026-10-07T20:25:22Z,forums_gardenweb,thread,GW_hydroponics,1990797,SUCCESS,200,1,0,2589,
2026-10-07T20:25:23Z,reddit_arcticshift,posts_search,RD_FULL_ClickAndGrow,2026-01-01,SUCCESS,200,26,0,3067,
2026-10-07T20:25:26Z,reddit_arcticshift,posts_search,RD_FULL_ClickAndGrow,2026-04-01,SUCCESS,200,8,0,2532,
2026-10-07T20:25:27Z,forums_gardenweb,thread,GW_hydroponics,4280878,SUCCESS,200,1,0,3554,
2026-10-07T20:25:28Z,reddit_arcticshift,posts_search,RD_FULL_ClickAndGrow,2026-07-01,SUCCESS,200,9,0,2018,
2026-10-07T20:25:31Z,forums_gardenweb,thread,GW_hydroponics,4147981,SUCCESS,200,1,0,3244,
2026-10-07T20:25:32Z,reddit_arcticshift,posts_search,RD_FULL_ClickAndGrow,2026-10-01,SUCCESS,200,0,0,3598,
2026-10-07T20:25:35Z,forums_gardenweb,thread,GW_hydroponics,1985126,SUCCESS,200,1,0,2997,
2026-10-07T20:25:38Z,forums_gardenweb,thread,GW_hydroponics,5611039,SUCCESS,200,1,0,2585,
2026-10-07T20:25:41Z,forums_gardenweb,thread,GW_hydroponics,1990124,SUCCESS,200,1,0,1805,
2026-10-07T20:25:46Z,forums_gardenweb,thread,GW_hydroponics,1982708,SUCCESS,200,1,0,2529,
2026-10-07T20:25:46Z,reddit_arcticshift,posts_search,RD_KW_gardening_hydroponic,0,SUCCESS,200,100,0,14512,
2026-10-07T20:25:50Z,forums_gardenweb,thread,GW_hydroponics,1997078,SUCCESS,200,1,0,2632,
2026-10-07T20:25:54Z,forums_gardenweb,thread,GW_hydroponics,1988549,SUCCESS,200,1,0,1900,
2026-10-07T20:25:58Z,forums_gardenweb,thread,GW_hydroponics,1993902,SUCCESS,200,1,0,2047,
2026-10-07T20:26:02Z,forums_gardenweb,thread,GW_hydroponics,1993271,SUCCESS,200,1,0,2046,
2026-10-07T20:26:07Z,forums_gardenweb,thread,GW_hydroponics,1994286,SUCCESS,200,1,0,3340,
2026-10-07T20:26:10Z,forums_gardenweb,thread,GW_hydroponics,1998008,SUCCESS,200,1,0,2416,
2026-10-07T20:26:14Z,forums_gardenweb,thread,GW_hydroponics,1985806,SUCCESS,200,1,0,2611,
2026-10-07T20:26:19Z,forums_gardenweb,thread,GW_hydroponics,1990986,SUCCESS,200,1,0,3183,
2026-10-07T20:26:23Z,forums_gardenweb,thread,GW_hydroponics,1985284,SUCCESS,200,1,0,2803,
2026-10-07T20:26:27Z,forums_gardenweb,thread,GW_hydroponics,1996798,SUCCESS,200,1,0,3051,
2026-10-07T20:26:29Z,forums_gardenweb,thread,GW_hydroponics,3010306,SUCCESS,200,1,0,1618,
2026-10-07T20:26:37Z,forums_gardenweb,thread,GW_hydroponics,3955792,SUCCESS,200,1,0,5179,
2026-10-07T20:26:41Z,forums_gardenweb,thread,GW_hydroponics,3688715,SUCCESS,200,1,0,4065,
2026-10-07T20:26:44Z,forums_gardenweb,thread,GW_hydroponics,1988647,SUCCESS,200,1,0,2603,
2026-10-07T20:26:48Z,forums_gardenweb,thread,GW_hydroponics,1983582,SUCCESS,200,1,0,3215,
2026-10-07T20:26:53Z,forums_gardenweb,thread,GW_hydroponics,3663372,SUCCESS,200,1,0,4130,
2026-10-07T20:26:57Z,forums_gardenweb,thread,GW_hydroponics,5140011,SUCCESS,200,1,0,3505,
2026-10-07T20:27:02Z,forums_gardenweb,thread,GW_hydroponics,1992613,SUCCESS,200,1,0,4415,
2026-10-07T20:27:05Z,forums_gardenweb,thread,GW_hydroponics,1985458,SUCCESS,200,1,0,2871,
2026-10-07T20:27:09Z,forums_gardenweb,thread,GW_hydroponics,1998278,SUCCESS,200,1,0,3760,
2026-10-07T20:27:13Z,forums_gardenweb,thread,GW_hydroponics,1998138,SUCCESS,200,1,0,3452,
2026-10-07T20:27:19Z,forums_gardenweb,thread,GW_hydroponics,1986237,SUCCESS,200,1,0,5478,
2026-10-07T20:27:23Z,forums_gardenweb,thread,GW_hydroponics,1985700,SUCCESS,200,1,0,3633,
2026-10-07T20:27:26Z,forums_gardenweb,thread,GW_hydroponics,1985546,SUCCESS,200,1,0,3055,
2026-10-07T20:27:29Z,forums_gardenweb,thread,GW_hydroponics,1996190,SUCCESS,200,1,0,2207,
2026-10-07T20:27:34Z,forums_gardenweb,thread,GW_hydroponics,1998411,SUCCESS,200,1,0,2909,
2026-10-07T20:27:41Z,forums_gardenweb,thread,GW_hydroponics,1993665,SUCCESS,200,1,0,5411,
2026-10-07T20:27:44Z,forums_gardenweb,thread,GW_hydroponics,3496248,SUCCESS,200,1,0,3233,
2026-10-07T20:27:48Z,forums_gardenweb,thread,GW_hydroponics,1988067,SUCCESS,200,1,0,3709,
2026-10-07T20:27:52Z,forums_gardenweb,thread,GW_hydroponics,1987361,SUCCESS,200,1,0,3797,
2026-10-07T20:27:54Z,forums_gardenweb,thread,GW_hydroponics,4276522,SUCCESS,200,1,0,1603,
2026-10-07T20:28:00Z,forums_gardenweb,thread,GW_hydroponics,1993418,SUCCESS,200,1,0,3563,
2026-10-07T20:28:05Z,forums_gardenweb,thread,GW_hydroponics,1990522,SUCCESS,200,1,0,4716,
2026-10-07T20:28:08Z,forums_gardenweb,thread,GW_hydroponics,1997930,SUCCESS,200,1,0,2832,
2026-10-07T20:28:12Z,forums_gardenweb,thread,GW_hydroponics,4391320,SUCCESS,200,1,0,2926,
2026-10-07T20:28:17Z,forums_gardenweb,thread,GW_hydroponics,1988496,SUCCESS,200,1,0,3928,
2026-10-07T20:28:20Z,forums_gardenweb,thread,GW_hydroponics,1987784,SUCCESS,200,1,0,2278,
2026-10-07T20:28:25Z,forums_gardenweb,thread,GW_hydroponics,1990023,SUCCESS,200,1,0,3053,
2026-10-07T20:28:30Z,forums_gardenweb,thread,GW_hydroponics,1995233,SUCCESS,200,1,0,4046,
2026-10-07T20:28:34Z,forums_gardenweb,thread,GW_hydroponics,1998037,SUCCESS,200,1,0,4685,
2026-10-07T20:28:37Z,forums_gardenweb,thread,GW_hydroponics,1989990,SUCCESS,200,1,0,2497,
2026-10-07T20:28:39Z,reddit_arcticshift,posts_search,RD_KW_gardening_hydroponic,0,SUCCESS,200,100,7,13111,
2026-10-07T20:28:41Z,forums_gardenweb,thread,GW_hydroponics,1995442,SUCCESS,200,1,0,2427,
2026-10-07T20:28:46Z,forums_gardenweb,thread,GW_hydroponics,1992642,SUCCESS,200,1,0,3860,
2026-10-07T20:28:52Z,forums_gardenweb,thread,GW_hydroponics,3139776,SUCCESS,200,1,0,5754,
2026-10-07T20:28:57Z,forums_gardenweb,thread,GW_hydroponics,1998661,SUCCESS,200,1,0,5176,
2026-10-07T20:28:59Z,forums_gardenweb,thread,GW_hydroponics,1984511,SUCCESS,200,1,0,1762,
2026-10-07T20:29:07Z,forums_gardenweb,thread,GW_hydroponics,1992352,SUCCESS,200,1,0,5730,
2026-10-07T20:29:11Z,forums_gardenweb,thread,GW_hydroponics,1996287,SUCCESS,200,1,0,3964,
2026-10-07T20:29:14Z,forums_gardenweb,thread,GW_hydroponics,4217336,SUCCESS,200,1,0,3365,
2026-10-07T20:29:19Z,forums_gardenweb,thread,GW_hydroponics,1986079,SUCCESS,200,1,0,3759,
2026-10-07T20:29:23Z,forums_gardenweb,thread,GW_hydroponics,1989615,SUCCESS,200,1,0,4300,
2026-10-07T20:29:30Z,forums_gardenweb,thread,GW_hydroponics,1992310,SUCCESS,200,1,0,6840,
2026-10-07T20:29:35Z,forums_gardenweb,thread,GW_hydroponics,1987153,SUCCESS,200,1,0,4427,
2026-10-07T20:29:38Z,forums_gardenweb,thread,GW_hydroponics,1985860,SUCCESS,200,1,0,3701,
2026-10-07T20:29:41Z,forums_gardenweb,thread,GW_hydroponics,3495312,SUCCESS,200,1,0,2504,
2026-10-07T20:29:46Z,forums_gardenweb,thread,GW_hydroponics,1998212,SUCCESS,200,1,0,3144,
2026-10-07T20:29:51Z,forums_gardenweb,thread,GW_hydroponics,1992096,SUCCESS,200,1,0,4750,
2026-10-07T20:29:54Z,forums_gardenweb,thread,GW_hydroponics,1993841,SUCCESS,200,1,0,2841,
2026-10-07T20:29:57Z,forums_gardenweb,thread,GW_hydroponics,1997326,SUCCESS,200,1,0,1615,
2026-10-07T20:30:03Z,forums_gardenweb,thread,GW_hydroponics,3387609,SUCCESS,200,1,0,3255,
2026-10-07T20:30:06Z,forums_gardenweb,thread,GW_hydroponics,1982699,SUCCESS,200,1,0,2798,
2026-10-07T20:30:10Z,forums_gardenweb,thread,GW_hydroponics,1993637,SUCCESS,200,1,0,2555,
2026-10-07T20:30:16Z,forums_gardenweb,thread,GW_hydroponics,1995283,SUCCESS,200,1,0,4455,
2026-10-07T20:30:19Z,forums_gardenweb,thread,GW_hydroponics,1994633,SUCCESS,200,1,0,3242,
2026-10-07T20:30:24Z,forums_gardenweb,thread,GW_hydroponics,1997862,SUCCESS,200,1,0,3694,
2026-10-07T20:30:30Z,forums_gardenweb,thread,GW_hydroponics,1996242,SUCCESS,200,1,0,6228,
2026-10-07T20:30:35Z,forums_gardenweb,thread,GW_hydroponics,1993662,SUCCESS,200,1,0,4466,
2026-10-07T20:30:42Z,forums_gardenweb,thread,GW_hydroponics,1995411,SUCCESS,200,1,0,7500,
2026-10-07T20:30:47Z,forums_gardenweb,thread,GW_hydroponics,4651611,SUCCESS,200,1,0,4481,
2026-10-07T20:30:51Z,forums_gardenweb,thread,GW_hydroponics,1993601,SUCCESS,200,1,0,3742,
2026-10-07T20:30:54Z,forums_gardenweb,thread,GW_hydroponics,1985620,SUCCESS,200,1,0,3358,
2026-10-07T20:31:01Z,forums_gardenweb,thread,GW_hydroponics,1991854,SUCCESS,200,1,0,6679,
2026-10-07T20:31:05Z,forums_gardenweb,thread,GW_hydroponics,1992444,SUCCESS,200,1,0,3600,
2026-10-07T20:31:10Z,forums_gardenweb,thread,GW_hydroponics,1990862,SUCCESS,200,1,0,4476,
2026-10-07T20:31:14Z,forums_gardenweb,thread,GW_hydroponics,1987913,SUCCESS,200,1,0,4048,
2026-10-07T20:31:18Z,forums_gardenweb,thread,GW_hydroponics,1990323,SUCCESS,200,1,0,3571,
2026-10-07T20:31:21Z,forums_gardenweb,thread,GW_hydroponics,4567285,SUCCESS,200,1,0,3126,
2026-10-07T20:31:28Z,forums_gardenweb,thread,GW_hydroponics,1989079,SUCCESS,200,1,0,5466,
2026-10-07T20:31:32Z,forums_gardenweb,thread,GW_hydroponics,1987222,SUCCESS,200,1,0,4903,
2026-10-07T20:31:36Z,forums_gardenweb,thread,GW_hydroponics,1983276,SUCCESS,200,1,0,3148,
2026-10-07T20:31:41Z,forums_gardenweb,thread,GW_hydroponics,5314640,SUCCESS,200,1,0,4477,
2026-10-07T20:31:48Z,forums_gardenweb,thread,GW_hydroponics,3930880,SUCCESS,200,1,0,7294,
2026-10-07T20:31:52Z,forums_gardenweb,thread,GW_hydroponics,1993282,SUCCESS,200,1,0,3291,
2026-10-07T20:31:56Z,forums_gardenweb,thread,GW_hydroponics,1991110,SUCCESS,200,1,0,3969,
2026-10-07T20:32:00Z,forums_gardenweb,thread,GW_hydroponics,1992219,SUCCESS,200,1,0,3463,
2026-10-07T20:32:05Z,forums_gardenweb,thread,GW_hydroponics,1993582,SUCCESS,200,1,0,4234,
2026-10-07T20:32:08Z,forums_gardenweb,thread,GW_hydroponics,1988061,SUCCESS,200,1,0,2799,
2026-10-07T20:32:12Z,forums_gardenweb,thread,GW_hydroponics,1983970,SUCCESS,200,1,0,3646,
2026-10-07T20:32:16Z,forums_gardenweb,thread,GW_hydroponics,5744588,SUCCESS,200,1,0,3407,
2026-10-07T20:32:23Z,forums_gardenweb,thread,GW_hydroponics,3609436,SUCCESS,200,1,0,6541,
2026-10-07T20:32:27Z,forums_gardenweb,thread,GW_hydroponics,1995292,SUCCESS,200,1,0,3888,
2026-10-07T20:32:31Z,forums_gardenweb,thread,GW_hydroponics,1987229,SUCCESS,200,1,0,3779,
2026-10-07T20:32:37Z,forums_gardenweb,thread,GW_hydroponics,1985551,SUCCESS,200,1,0,5284,
2026-10-07T20:32:41Z,forums_gardenweb,thread,GW_hydroponics,1991988,SUCCESS,200,1,0,4121,
2026-10-07T20:32:43Z,forums_gardenweb,thread,GW_hydroponics,1994917,SUCCESS,200,1,0,2366,
2026-10-07T20:32:48Z,forums_gardenweb,thread,GW_hydroponics,1995300,SUCCESS,200,1,0,3580,
2026-10-07T20:32:51Z,forums_gardenweb,thread,GW_hydroponics,2810542,SUCCESS,200,1,0,2551,
2026-10-07T20:32:56Z,forums_gardenweb,thread,GW_hydroponics,1989801,SUCCESS,200,1,0,3296,
2026-10-07T20:32:59Z,forums_gardenweb,thread,GW_hydroponics,1989316,SUCCESS,200,1,0,2149,
2026-10-07T20:33:04Z,forums_gardenweb,thread,GW_hydroponics,1994386,SUCCESS,200,1,0,3122,
2026-10-07T20:33:09Z,forums_gardenweb,thread,GW_hydroponics,1991082,SUCCESS,200,1,0,3809,
2026-10-07T20:33:12Z,forums_gardenweb,thread,GW_hydroponics,1997440,SUCCESS,200,1,0,3274,
2026-10-07T20:33:15Z,forums_gardenweb,thread,GW_hydroponics,1984938,SUCCESS,200,1,0,2457,
2026-10-07T20:33:18Z,reddit_arcticshift,posts_search,RD_KW_gardening_hydroponic,1,FAILED,422,0,10,861,"{""data"":null,""error"":""Timeout. Maybe slow down a bit""}"
2026-10-07T20:33:23Z,forums_gardenweb,thread,GW_hydroponics,1985581,SUCCESS,200,1,0,5943,
2026-10-07T20:33:26Z,forums_gardenweb,thread,GW_hydroponics,1995573,SUCCESS,200,1,0,2906,
2026-10-07T20:33:31Z,forums_gardenweb,thread,GW_hydroponics,1990825,SUCCESS,200,1,0,4244,
2026-10-07T20:33:36Z,forums_gardenweb,thread,GW_hydroponics,1984243,SUCCESS,200,1,0,4791,
2026-10-07T20:33:39Z,forums_gardenweb,thread,GW_hydroponics,1991403,SUCCESS,200,1,0,2832,
2026-10-07T20:33:42Z,forums_gardenweb,thread,GW_hydroponics,1984141,SUCCESS,200,1,0,2515,
2026-10-07T20:33:48Z,forums_gardenweb,thread,GW_hydroponics,1997365,SUCCESS,200,1,0,4004,
2026-10-07T20:33:50Z,forums_gardenweb,thread,GW_hydroponics,4894575,SUCCESS,200,1,0,2062,
2026-10-07T20:33:56Z,forums_gardenweb,thread,GW_hydroponics,1997928,SUCCESS,200,1,0,3947,
2026-10-07T20:34:00Z,forums_gardenweb,thread,GW_hydroponics,1997122,SUCCESS,200,1,0,3879,
2026-10-07T20:34:07Z,forums_gardenweb,thread,GW_hydroponics,1997943,SUCCESS,200,1,0,7468,
2026-10-07T20:34:12Z,forums_gardenweb,thread,GW_hydroponics,1991438,SUCCESS,200,1,0,4076,
2026-10-07T20:34:14Z,forums_gardenweb,thread,GW_hydroponics,1997269,SUCCESS,200,1,0,2363,
2026-10-07T20:34:20Z,forums_gardenweb,thread,GW_hydroponics,1996475,SUCCESS,200,1,0,4001,
2026-10-07T20:34:22Z,forums_gardenweb,thread,GW_hydroponics,5553370,SUCCESS,200,1,0,2302,
2026-10-07T20:34:28Z,forums_gardenweb,thread,GW_hydroponics,1983547,SUCCESS,200,1,0,4416,
2026-10-07T20:34:33Z,forums_gardenweb,thread,GW_hydroponics,4064089,SUCCESS,200,1,0,4448,
2026-10-07T20:34:38Z,forums_gardenweb,thread,GW_hydroponics,2870549,SUCCESS,200,1,0,5515,
2026-10-07T20:34:45Z,forums_gardenweb,thread,GW_hydroponics,1986561,SUCCESS,200,1,0,6705,
2026-10-07T20:34:48Z,forums_gardenweb,thread,GW_hydroponics,2991176,SUCCESS,200,1,0,2886,
2026-10-07T20:34:53Z,forums_gardenweb,thread,GW_hydroponics,1986424,SUCCESS,200,1,0,3805,
2026-10-07T20:34:56Z,forums_gardenweb,thread,GW_hydroponics,1998137,SUCCESS,200,1,0,3052,
2026-10-07T20:35:01Z,forums_gardenweb,thread,GW_hydroponics,1983981,SUCCESS,200,1,0,3943,
2026-10-07T20:35:06Z,forums_gardenweb,thread,GW_hydroponics,1997265,SUCCESS,200,1,0,5000,
2026-10-07T20:35:11Z,forums_gardenweb,thread,GW_hydroponics,1986029,SUCCESS,200,1,0,5291,
2026-10-07T20:35:15Z,forums_gardenweb,thread,GW_hydroponics,1993755,SUCCESS,200,1,0,3577,
2026-10-07T20:35:18Z,forums_gardenweb,thread,GW_hydroponics,3973549,SUCCESS,200,1,0,2855,
2026-10-07T20:35:22Z,forums_gardenweb,thread,GW_hydroponics,1994969,SUCCESS,200,1,0,2451,
2026-10-07T20:35:28Z,forums_gardenweb,thread,GW_hydroponics,1985785,SUCCESS,200,1,0,4457,
2026-10-07T20:35:33Z,forums_gardenweb,thread,GW_hydroponics,1997840,SUCCESS,200,1,0,4578,
2026-10-07T20:35:35Z,forums_gardenweb,thread,GW_hydroponics,1992975,SUCCESS,200,1,0,2354,
2026-10-07T20:35:41Z,forums_gardenweb,thread,GW_hydroponics,1993144,SUCCESS,200,1,0,4793,
2026-10-07T20:35:44Z,forums_gardenweb,thread,GW_hydroponics,1995567,SUCCESS,200,1,0,2178,
2026-10-07T20:35:48Z,forums_gardenweb,thread,GW_hydroponics,1982872,SUCCESS,200,1,0,2758,
2026-10-07T20:35:53Z,forums_gardenweb,thread,GW_hydroponics,3749544,SUCCESS,200,1,0,3316,
2026-10-07T20:35:56Z,forums_gardenweb,thread,GW_hydroponics,1995394,SUCCESS,200,1,0,2640,
2026-10-07T20:36:00Z,forums_gardenweb,thread,GW_hydroponics,4381851,SUCCESS,200,1,0,3051,
2026-10-07T20:36:03Z,forums_gardenweb,thread,GW_hydroponics,1997777,SUCCESS,200,1,0,1980,
2026-10-07T20:36:11Z,forums_gardenweb,thread,GW_hydroponics,1992872,SUCCESS,200,1,0,5174,
2026-10-07T20:36:12Z,forums_gardenweb,thread,GW_hydroponics,1990764,SUCCESS,200,1,0,1493,
2026-10-07T20:36:17Z,forums_gardenweb,thread,GW_hydroponics,5126430,SUCCESS,200,1,0,1980,
2026-10-07T20:36:17Z,reddit_arcticshift,posts_search,RD_KW_gardening_hydroponics,0,SUCCESS,200,100,7,14773,
2026-10-07T20:36:21Z,forums_gardenweb,thread,GW_hydroponics,1990283,SUCCESS,200,1,0,2209,
2026-10-07T20:36:27Z,reddit_arcticshift,posts_search,RD_KW_gardening_hydroponics,1,SUCCESS,200,100,0,10130,
2026-10-07T20:36:27Z,forums_gardenweb,thread,GW_hydroponics,1986446,SUCCESS,200,1,0,4768,
2026-10-07T20:36:33Z,forums_gardenweb,thread,GW_hydroponics,1995028,SUCCESS,200,1,0,5656,
2026-10-07T20:36:37Z,forums_gardenweb,thread,GW_hydroponics,1992021,SUCCESS,200,1,0,3660,
2026-10-07T20:36:39Z,reddit_arcticshift,posts_search,RD_KW_gardening_hydroponics,2,SUCCESS,200,100,0,11225,
2026-10-07T20:36:42Z,forums_gardenweb,thread,GW_hydroponics,1994998,SUCCESS,200,1,0,4932,
2026-10-07T20:36:49Z,forums_gardenweb,thread,GW_hydroponics,1990378,SUCCESS,200,1,0,6905,
2026-10-07T20:36:55Z,forums_gardenweb,thread,GW_hydroponics,1991698,SUCCESS,200,1,0,5889,
2026-10-07T20:36:59Z,forums_gardenweb,thread,GW_hydroponics,1989943,SUCCESS,200,1,0,3931,
2026-10-07T20:37:03Z,forums_gardenweb,thread,GW_hydroponics,4660484,SUCCESS,200,1,0,4364,
2026-10-07T20:37:06Z,forums_gardenweb,thread,GW_hydroponics,1986552,SUCCESS,200,1,0,2965,
2026-10-07T20:37:11Z,forums_gardenweb,thread,GW_hydroponics,1995264,SUCCESS,200,1,0,3158,
2026-10-07T20:37:19Z,forums_gardenweb,thread,GW_hydroponics,1994522,SUCCESS,200,1,0,7087,
2026-10-07T20:37:26Z,forums_gardenweb,thread,GW_hydroponics,1984834,SUCCESS,200,1,0,6961,
2026-10-07T20:37:29Z,forums_gardenweb,thread,GW_hydroponics,1995384,SUCCESS,200,1,0,2989,
2026-10-07T20:37:33Z,forums_gardenweb,thread,GW_hydroponics,1997949,SUCCESS,200,1,0,3594,
2026-10-07T20:37:38Z,forums_gardenweb,thread,GW_hydroponics,1991615,SUCCESS,200,1,0,4409,
2026-10-07T20:37:42Z,forums_gardenweb,thread,GW_hydroponics,5852464,SUCCESS,200,1,0,4437,
2026-10-07T20:37:47Z,forums_gardenweb,thread,GW_hydroponics,1991571,SUCCESS,200,1,0,4675,
2026-10-07T20:37:50Z,forums_gardenweb,thread,GW_hydroponics,1989988,SUCCESS,200,1,0,3006,
2026-10-07T20:37:54Z,forums_gardenweb,thread,GW_hydroponics,1988217,SUCCESS,200,1,0,2488,
2026-10-07T20:37:59Z,forums_gardenweb,thread,GW_hydroponics,1984733,SUCCESS,200,1,0,3892,
2026-10-07T20:38:02Z,forums_gardenweb,thread,GW_hydroponics,1984137,SUCCESS,200,1,0,2395,
2026-10-07T20:38:07Z,forums_gardenweb,thread,GW_hydroponics,1991033,SUCCESS,200,1,0,4115,
2026-10-07T20:38:10Z,forums_gardenweb,thread,GW_hydroponics,5213745,SUCCESS,200,1,0,2661,
2026-10-07T20:38:15Z,forums_gardenweb,thread,GW_hydroponics,4257054,SUCCESS,200,1,0,3213,
2026-10-07T20:38:17Z,forums_gardenweb,thread,GW_hydroponics,1984296,SUCCESS,200,1,0,1941,
2026-10-07T20:38:23Z,forums_gardenweb,thread,GW_hydroponics,1983902,SUCCESS,200,1,0,4023,
2026-10-07T20:38:27Z,forums_gardenweb,thread,GW_hydroponics,1990328,SUCCESS,200,1,0,3096,
2026-10-07T20:38:30Z,forums_gardenweb,thread,GW_hydroponics,1998089,SUCCESS,200,1,0,2466,
2026-10-07T20:38:36Z,forums_gardenweb,thread,GW_hydroponics,1984408,SUCCESS,200,1,0,4609,
2026-10-07T20:38:38Z,forums_gardenweb,thread,GW_hydroponics,1987542,SUCCESS,200,1,0,1761,
2026-10-07T20:38:44Z,forums_gardenweb,thread,GW_hydroponics,1995965,SUCCESS,200,1,0,3821,
2026-10-07T20:38:46Z,forums_gardenweb,thread,GW_hydroponics,1993062,SUCCESS,200,1,0,1417,
2026-10-07T20:38:51Z,forums_gardenweb,thread,GW_hydroponics,1989576,SUCCESS,200,1,0,2648,
2026-10-07T20:38:54Z,forums_gardenweb,thread,GW_hydroponics,4822156,SUCCESS,200,1,0,2188,
2026-10-07T20:38:59Z,forums_gardenweb,thread,GW_hydroponics,1988941,SUCCESS,200,1,0,3194,
2026-10-07T20:39:04Z,forums_gardenweb,thread,GW_hydroponics,1992647,SUCCESS,200,1,0,3498,
2026-10-07T20:39:08Z,forums_gardenweb,thread,GW_hydroponics,6234055,SUCCESS,200,1,0,4071,
2026-10-07T20:39:12Z,forums_gardenweb,thread,GW_hydroponics,5319708,SUCCESS,200,1,0,3961,
2026-10-07T20:39:17Z,forums_gardenweb,thread,GW_hydroponics,1993322,SUCCESS,200,1,0,5090,
2026-10-07T20:39:19Z,forums_gardenweb,thread,GW_hydroponics,1990515,SUCCESS,200,1,0,1875,
2026-10-07T20:39:25Z,forums_gardenweb,thread,GW_hydroponics,1986402,SUCCESS,200,1,0,3068,
2026-10-07T20:39:31Z,forums_gardenweb,thread,GW_hydroponics,1989250,SUCCESS,200,1,0,5100,
2026-10-07T20:39:33Z,forums_gardenweb,thread,GW_hydroponics,1996973,SUCCESS,200,1,0,2186,
2026-10-07T20:39:37Z,forums_gardenweb,thread,GW_hydroponics,6065157,SUCCESS,200,1,0,2472,
2026-10-07T20:39:42Z,forums_gardenweb,thread,GW_hydroponics,1989477,SUCCESS,200,1,0,3225,
2026-10-07T20:39:46Z,forums_gardenweb,thread,GW_hydroponics,1993064,SUCCESS,200,1,0,3661,
2026-10-07T20:39:50Z,forums_gardenweb,thread,GW_hydroponics,1998513,SUCCESS,200,1,0,3843,
2026-10-07T20:39:55Z,forums_gardenweb,thread,GW_hydroponics,4577284,SUCCESS,200,1,0,4642,
2026-10-07T20:39:59Z,forums_gardenweb,thread,GW_hydroponics,1987307,SUCCESS,200,1,0,3262,
2026-10-07T20:40:03Z,forums_gardenweb,thread,GW_hydroponics,3882559,SUCCESS,200,1,0,3555,
2026-10-07T20:40:07Z,forums_gardenweb,thread,GW_hydroponics,3974968,SUCCESS,200,1,0,3852,
2026-10-07T20:40:10Z,forums_gardenweb,thread,GW_hydroponics,1995257,SUCCESS,200,1,0,3189,
2026-10-07T20:40:16Z,forums_gardenweb,thread,GW_hydroponics,1986278,SUCCESS,200,1,0,4553,
2026-10-07T20:40:19Z,forums_gardenweb,thread,GW_hydroponics,1983557,SUCCESS,200,1,0,3278,
2026-10-07T20:40:23Z,forums_gardenweb,thread,GW_hydroponics,1993615,SUCCESS,200,1,0,2890,
2026-10-07T20:40:26Z,forums_gardenweb,thread,GW_hydroponics,4164384,SUCCESS,200,1,0,2567,
2026-10-07T20:40:30Z,forums_gardenweb,thread,GW_hydroponics,1998013,SUCCESS,200,1,0,2079,
2026-10-07T20:40:34Z,forums_gardenweb,thread,GW_hydroponics,1997827,SUCCESS,200,1,0,2192,
2026-10-07T20:40:40Z,forums_gardenweb,thread,GW_hydroponics,1993965,SUCCESS,200,1,0,3773,
2026-10-07T20:40:43Z,forums_gardenweb,thread,GW_hydroponics,3598471,SUCCESS,200,1,0,3404,
2026-10-07T20:40:48Z,forums_gardenweb,thread,GW_hydroponics,1998317,SUCCESS,200,1,0,3585,
2026-10-07T20:40:49Z,forums_gardenweb,thread,GW_hydroponics,1993618,SUCCESS,200,1,0,1435,
2026-10-07T20:40:57Z,forums_gardenweb,thread,GW_hydroponics,1997900,SUCCESS,200,1,0,4814,
2026-10-07T20:41:01Z,forums_gardenweb,thread,GW_hydroponics,1997714,SUCCESS,200,1,0,3809,
2026-10-07T20:41:04Z,reddit_arcticshift,posts_search,RD_KW_gardening_hydroponics,3,FAILED,422,0,10,2057,"{""data"":null,""error"":""Timeout. Maybe slow down a bit""}"
2026-10-07T20:41:04Z,forums_gardenweb,thread,GW_hydroponics,1990574,SUCCESS,200,1,0,3141,
2026-10-07T20:41:08Z,forums_gardenweb,thread,GW_hydroponics,1997357,SUCCESS,200,1,0,2983,
2026-10-07T20:41:12Z,forums_gardenweb,thread,GW_hydroponics,3590693,SUCCESS,200,1,0,3489,
2026-10-07T20:41:15Z,forums_gardenweb,thread,GW_hydroponics,1994260,SUCCESS,200,1,0,2229,
2026-10-07T20:41:18Z,forums_gardenweb,thread,GW_hydroponics,1985579,SUCCESS,200,1,0,1443,
2026-10-07T20:41:25Z,forums_gardenweb,thread,GW_hydroponics,1983664,SUCCESS,200,1,0,4242,
2026-10-07T20:41:28Z,forums_gardenweb,thread,GW_hydroponics,3801026,SUCCESS,200,1,0,2492,
2026-10-07T20:41:31Z,forums_gardenweb,thread,GW_hydroponics,1984818,SUCCESS,200,1,0,2277,
2026-10-07T20:41:35Z,forums_gardenweb,thread,GW_hydroponics,1993865,SUCCESS,200,1,0,2049,
2026-10-07T20:41:39Z,forums_gardenweb,thread,GW_hydroponics,1982767,SUCCESS,200,1,0,2187,
2026-10-07T20:41:44Z,forums_gardenweb,thread,GW_hydroponics,1983897,SUCCESS,200,1,0,2786,
2026-10-07T20:41:49Z,forums_gardenweb,thread,GW_hydroponics,1992340,SUCCESS,200,1,0,3590,
2026-10-07T20:41:54Z,forums_gardenweb,thread,GW_hydroponics,1994364,SUCCESS,200,1,0,4611,
2026-10-07T20:41:58Z,forums_gardenweb,thread,GW_hydroponics,1989944,SUCCESS,200,1,0,4113,
2026-10-07T20:42:02Z,forums_gardenweb,thread,GW_hydroponics,4506814,SUCCESS,200,1,0,3791,
2026-10-07T20:42:07Z,forums_gardenweb,thread,GW_hydroponics,1995232,SUCCESS,200,1,0,4665,
2026-10-07T20:42:09Z,forums_gardenweb,thread,GW_hydroponics,1995802,SUCCESS,200,1,0,2763,
2026-10-07T20:42:11Z,reddit_arcticshift,posts_search,RD_KW_IndoorGarden_hydroponic,0,SUCCESS,200,100,3,13802,
2026-10-07T20:42:14Z,forums_gardenweb,thread,GW_hydroponics,1987450,SUCCESS,200,1,0,3615,
2026-10-07T20:42:18Z,forums_gardenweb,thread,GW_hydroponics,1990770,SUCCESS,200,1,0,3291,
2026-10-07T20:42:20Z,forums_gardenweb,thread,GW_hydroponics,1990735,SUCCESS,200,1,0,1623,
2026-10-07T20:42:26Z,forums_gardenweb,thread,GW_hydroponics,1985267,SUCCESS,200,1,0,3128,
2026-10-07T20:42:30Z,forums_gardenweb,thread,GW_hydroponics,1988729,SUCCESS,200,1,0,3144,
2026-10-07T20:42:32Z,forums_gardenweb,thread,GW_hydroponics,1992911,SUCCESS,200,1,0,1731,
2026-10-07T20:42:39Z,forums_gardenweb,thread,GW_hydroponics,1992696,SUCCESS,200,1,0,4160,
2026-10-07T20:42:42Z,forums_gardenweb,thread,GW_hydroponics,1995354,SUCCESS,200,1,0,3330,
2026-10-07T20:42:45Z,forums_gardenweb,thread,GW_hydroponics,5201851,SUCCESS,200,1,0,2147,
2026-10-07T20:42:51Z,forums_gardenweb,thread,GW_hydroponics,1997973,SUCCESS,200,1,0,3634,
2026-10-07T20:42:54Z,forums_gardenweb,thread,GW_hydroponics,1998042,SUCCESS,200,1,0,3185,
2026-10-07T20:42:57Z,forums_gardenweb,thread,GW_hydroponics,4030775,SUCCESS,200,1,0,2434,
2026-10-07T20:43:02Z,forums_gardenweb,thread,GW_hydroponics,1989805,SUCCESS,200,1,0,3280,
2026-10-07T20:43:06Z,forums_gardenweb,thread,GW_hydroponics,5033043,SUCCESS,200,1,0,3297,
2026-10-07T20:43:09Z,forums_gardenweb,thread,GW_hydroponics,3669554,SUCCESS,200,1,0,2013,
2026-10-07T20:43:14Z,forums_gardenweb,thread,GW_hydroponics,1993480,SUCCESS,200,1,0,3360,
2026-10-07T20:43:18Z,forums_gardenweb,thread,GW_hydroponics,1991065,SUCCESS,200,1,0,2987,
2026-10-07T20:43:21Z,forums_gardenweb,thread,GW_hydroponics,1993644,SUCCESS,200,1,0,2483,
2026-10-07T20:43:28Z,forums_gardenweb,thread,GW_hydroponics,1988251,SUCCESS,200,1,0,4708,
2026-10-07T20:43:32Z,forums_gardenweb,thread,GW_hydroponics,1992552,SUCCESS,200,1,0,4764,
2026-10-07T20:43:35Z,forums_gardenweb,thread,GW_hydroponics,1988298,SUCCESS,200,1,0,2520,
2026-10-07T20:43:42Z,forums_gardenweb,thread,GW_hydroponics,3899434,SUCCESS,200,1,0,5202,
2026-10-07T20:43:46Z,forums_gardenweb,thread,GW_hydroponics,1989605,SUCCESS,200,1,0,3999,
2026-10-07T20:43:48Z,forums_gardenweb,thread,GW_hydroponics,5402289,SUCCESS,200,1,0,2522,
2026-10-07T20:43:49Z,reddit_arcticshift,posts_search,RD_KW_IndoorGarden_hydroponic,1,SUCCESS,200,100,4,15169,
2026-10-07T20:43:53Z,forums_gardenweb,thread,GW_hydroponics,1997229,SUCCESS,200,1,0,3448,
2026-10-07T20:43:56Z,forums_gardenweb,thread,GW_hydroponics,1997984,SUCCESS,200,1,0,2443,
2026-10-07T20:44:01Z,forums_gardenweb,thread,GW_hydroponics,1982801,SUCCESS,200,1,0,2945,
2026-10-07T20:44:07Z,forums_gardenweb,thread,GW_hydroponics,3826152,SUCCESS,200,1,0,5385,
2026-10-07T20:44:11Z,forums_gardenweb,thread,GW_hydroponics,1987496,SUCCESS,200,1,0,3934,
2026-10-07T20:44:14Z,forums_gardenweb,thread,GW_hydroponics,4418075,SUCCESS,200,1,0,2698,
2026-10-07T20:44:19Z,forums_gardenweb,thread,GW_hydroponics,1990628,SUCCESS,200,1,0,4133,
2026-10-07T20:44:23Z,forums_gardenweb,thread,GW_hydroponics,1990320,SUCCESS,200,1,0,3586,
2026-10-07T20:44:27Z,forums_gardenweb,thread,GW_hydroponics,1994215,SUCCESS,200,1,0,3734,
2026-10-07T20:44:32Z,forums_gardenweb,thread,GW_hydroponics,3053760,SUCCESS,200,1,0,4843,
2026-10-07T20:44:37Z,forums_gardenweb,thread,GW_hydroponics,1986739,SUCCESS,200,1,0,4586,
2026-10-07T20:44:39Z,forums_gardenweb,thread,GW_hydroponics,1985594,SUCCESS,200,1,0,2342,
2026-10-07T20:44:43Z,forums_gardenweb,thread,GW_hydroponics,1989869,SUCCESS,200,1,0,2165,
2026-10-07T20:44:50Z,forums_gardenweb,thread,GW_hydroponics,4093209,SUCCESS,200,1,0,4862,
2026-10-07T20:44:53Z,forums_gardenweb,thread,GW_hydroponics,1997635,SUCCESS,200,1,0,3210,
2026-10-07T20:44:57Z,forums_gardenweb,thread,GW_hydroponics,1992432,SUCCESS,200,1,0,3060,
2026-10-07T20:45:01Z,forums_gardenweb,thread,GW_hydroponics,1987900,SUCCESS,200,1,0,3537,
2026-10-07T20:45:06Z,forums_gardenweb,thread,GW_hydroponics,1982832,SUCCESS,200,1,0,4205,
2026-10-07T20:45:10Z,forums_gardenweb,thread,GW_hydroponics,1989470,SUCCESS,200,1,0,4172,
2026-10-07T20:45:15Z,forums_gardenweb,thread,GW_hydroponics,1986842,SUCCESS,200,1,0,5102,
2026-10-07T20:45:20Z,forums_gardenweb,thread,GW_hydroponics,6428382,SUCCESS,200,1,0,4384,
2026-10-07T20:45:23Z,forums_gardenweb,thread,GW_hydroponics,1987354,SUCCESS,200,1,0,2981,
2026-10-07T20:45:28Z,forums_gardenweb,thread,GW_hydroponics,1986837,SUCCESS,200,1,0,3662,
2026-10-07T20:45:31Z,forums_gardenweb,thread,GW_hydroponics,1988331,SUCCESS,200,1,0,3033,
2026-10-07T20:45:34Z,forums_gardenweb,thread,GW_hydroponics,1992463,SUCCESS,200,1,0,2354,
2026-10-07T20:45:39Z,forums_gardenweb,thread,GW_hydroponics,1992056,SUCCESS,200,1,0,2824,
2026-10-07T20:45:43Z,forums_gardenweb,thread,GW_hydroponics,1992855,SUCCESS,200,1,0,3095,
2026-10-07T20:45:48Z,forums_gardenweb,thread,GW_hydroponics,3421272,SUCCESS,200,1,0,4544,
2026-10-07T20:45:51Z,forums_gardenweb,thread,GW_hydroponics,1984737,SUCCESS,200,1,0,2739,
2026-10-07T20:45:55Z,forums_gardenweb,thread,GW_hydroponics,1989257,SUCCESS,200,1,0,2753,
2026-10-07T20:46:00Z,forums_gardenweb,thread,GW_hydroponics,1989461,SUCCESS,200,1,0,3859,
2026-10-07T20:46:02Z,forums_gardenweb,thread,GW_hydroponics,4887133,SUCCESS,200,1,0,1259,
2026-10-07T20:46:08Z,forums_gardenweb,thread,GW_hydroponics,3034267,SUCCESS,200,1,0,3642,
2026-10-07T20:46:15Z,forums_gardenweb,thread,GW_hydroponics,1998135,SUCCESS,200,1,0,6432,
2026-10-07T20:46:19Z,forums_gardenweb,thread,GW_hydroponics,1998179,SUCCESS,200,1,0,4081,
2026-10-07T20:46:22Z,forums_gardenweb,thread,GW_hydroponics,1983119,SUCCESS,200,1,0,2763,
2026-10-07T20:46:27Z,forums_gardenweb,thread,GW_hydroponics,1993741,SUCCESS,200,1,0,3820,
2026-10-07T20:46:30Z,forums_gardenweb,thread,GW_hydroponics,4440856,SUCCESS,200,1,0,2352,
2026-10-07T20:46:35Z,forums_gardenweb,thread,GW_hydroponics,1989970,SUCCESS,200,1,0,3387,
2026-10-07T20:46:38Z,forums_gardenweb,thread,GW_hydroponics,1985447,SUCCESS,200,1,0,2428,
2026-10-07T20:46:42Z,forums_gardenweb,thread,GW_hydroponics,1984659,SUCCESS,200,1,0,2597,
2026-10-07T20:46:49Z,forums_gardenweb,thread,GW_hydroponics,1987860,SUCCESS,200,1,0,5297,
2026-10-07T20:46:51Z,forums_gardenweb,thread,GW_hydroponics,1991316,SUCCESS,200,1,0,2736,
2026-10-07T20:46:57Z,forums_gardenweb,thread,GW_hydroponics,3232949,SUCCESS,200,1,0,4462,
2026-10-07T20:47:01Z,forums_gardenweb,thread,GW_hydroponics,1988359,SUCCESS,200,1,0,3753,
2026-10-07T20:47:04Z,forums_gardenweb,thread,GW_hydroponics,1990312,SUCCESS,200,1,0,3333,
2026-10-07T20:47:08Z,forums_gardenweb,thread,GW_hydroponics,1998408,SUCCESS,200,1,0,2890,
2026-10-07T20:47:13Z,forums_gardenweb,thread,GW_hydroponics,1984256,SUCCESS,200,1,0,3632,
2026-10-07T20:47:16Z,forums_gardenweb,thread,GW_hydroponics,1995542,SUCCESS,200,1,0,2761,
2026-10-07T20:47:21Z,forums_gardenweb,thread,GW_hydroponics,1995073,SUCCESS,200,1,0,3632,
2026-10-07T20:47:25Z,forums_gardenweb,thread,GW_hydroponics,1989918,SUCCESS,200,1,0,3670,
2026-10-07T20:47:28Z,forums_gardenweb,thread,GW_hydroponics,1993653,SUCCESS,200,1,0,2910,
2026-10-07T20:47:32Z,forums_gardenweb,thread,GW_hydroponics,1994955,SUCCESS,200,1,0,3142,
2026-10-07T20:47:37Z,forums_gardenweb,thread,GW_hydroponics,1986689,SUCCESS,200,1,0,3607,
2026-10-07T20:47:42Z,forums_gardenweb,thread,GW_hydroponics,1992580,SUCCESS,200,1,0,4390,
2026-10-07T20:47:46Z,forums_gardenweb,thread,GW_hydroponics,1995518,SUCCESS,200,1,0,3945,
2026-10-07T20:47:49Z,forums_gardenweb,thread,GW_hydroponics,1983339,SUCCESS,200,1,0,2971,
2026-10-07T20:47:53Z,forums_gardenweb,thread,GW_hydroponics,1993616,SUCCESS,200,1,0,3017,
2026-10-07T20:47:56Z,forums_gardenweb,thread,GW_hydroponics,1983279,SUCCESS,200,1,0,2304,
2026-10-07T20:47:57Z,reddit_arcticshift,posts_search,RD_KW_IndoorGarden_hydroponic,2,SUCCESS,200,100,9,11538,
2026-10-07T20:48:02Z,forums_gardenweb,thread,GW_hydroponics,3776524,SUCCESS,200,1,0,4141,
2026-10-07T20:48:04Z,forums_gardenweb,thread,GW_hydroponics,1988521,SUCCESS,200,1,0,2627,
2026-10-07T20:48:10Z,forums_gardenweb,thread,GW_hydroponics,1987864,SUCCESS,200,1,0,3920,
2026-10-07T20:48:13Z,forums_gardenweb,thread,GW_hydroponics,1995686,SUCCESS,200,1,0,3257,
2026-10-07T20:48:18Z,forums_gardenweb,thread,GW_hydroponics,1984453,SUCCESS,200,1,0,3768,
2026-10-07T20:48:21Z,forums_gardenweb,thread,GW_hydroponics,1988916,SUCCESS,200,1,0,3475,
2026-10-07T20:48:26Z,forums_gardenweb,thread,GW_hydroponics,1984053,SUCCESS,200,1,0,4070,
2026-10-07T20:48:26Z,forums_gardenweb,thread,GW_hydroponics,1982751,SUCCESS,200,1,0,118,
2026-10-07T20:48:34Z,forums_gardenweb,thread,GW_hydroponics,1993422,SUCCESS,200,1,0,4472,
2026-10-07T20:48:37Z,forums_gardenweb,thread,GW_hydroponics,3807511,SUCCESS,200,1,0,2932,
2026-10-07T20:48:42Z,forums_gardenweb,thread,GW_hydroponics,1989797,SUCCESS,200,1,0,3510,
2026-10-07T20:48:46Z,forums_gardenweb,thread,GW_hydroponics,1998591,SUCCESS,200,1,0,3508,
2026-10-07T20:48:49Z,forums_gardenweb,thread,GW_hydroponics,1996825,SUCCESS,200,1,0,2354,
2026-10-07T20:48:55Z,forums_gardenweb,thread,GW_hydroponics,1983313,SUCCESS,200,1,0,4175,
2026-10-07T20:48:58Z,forums_gardenweb,thread,GW_hydroponics,1991132,SUCCESS,200,1,0,3348,
2026-10-07T20:49:02Z,forums_gardenweb,thread,GW_hydroponics,3945637,SUCCESS,200,1,0,3125,
2026-10-07T20:49:06Z,forums_gardenweb,thread,GW_hydroponics,1993355,SUCCESS,200,1,0,3777,
2026-10-07T20:49:09Z,forums_gardenweb,thread,GW_hydroponics,1991868,SUCCESS,200,1,0,2351,
2026-10-07T20:49:14Z,forums_gardenweb,thread,GW_hydroponics,2769452,SUCCESS,200,1,0,3346,
2026-10-07T20:49:18Z,forums_gardenweb,thread,GW_hydroponics,1988333,SUCCESS,200,1,0,3334,
2026-10-07T20:49:23Z,forums_gardenweb,thread,GW_hydroponics,1994831,SUCCESS,200,1,0,3866,
2026-10-07T20:49:29Z,forums_gardenweb,thread,GW_hydroponics,4837010,SUCCESS,200,1,0,6242,
2026-10-07T20:49:32Z,forums_gardenweb,thread,GW_hydroponics,1991301,SUCCESS,200,1,0,3211,
2026-10-07T20:49:36Z,forums_gardenweb,thread,GW_hydroponics,1993876,SUCCESS,200,1,0,3211,
2026-10-07T20:49:43Z,forums_gardenweb,thread,GW_hydroponics,1989816,SUCCESS,200,1,0,6416,
2026-10-07T20:49:46Z,forums_gardenweb,thread,GW_hydroponics,1996282,SUCCESS,200,1,0,2525,
2026-10-07T20:49:53Z,forums_gardenweb,thread,GW_hydroponics,1992653,SUCCESS,200,1,0,5438,
2026-10-07T20:49:59Z,forums_gardenweb,thread,GW_hydroponics,1998654,SUCCESS,200,1,0,5635,
2026-10-07T20:50:03Z,forums_gardenweb,thread,GW_hydroponics,5865376,SUCCESS,200,1,0,3994,
2026-10-07T20:50:07Z,forums_gardenweb,thread,GW_hydroponics,1985260,SUCCESS,200,1,0,4329,
2026-10-07T20:50:12Z,forums_gardenweb,thread,GW_hydroponics,1990376,SUCCESS,200,1,0,4653,
2026-10-07T20:50:16Z,forums_gardenweb,thread,GW_hydroponics,1998758,SUCCESS,200,1,0,3949,
2026-10-07T20:50:19Z,forums_gardenweb,thread,GW_hydroponics,1996527,SUCCESS,200,1,0,2987,
2026-10-07T20:50:28Z,forums_gardenweb,thread,GW_hydroponics,1986097,SUCCESS,200,1,0,8197,
2026-10-07T20:50:36Z,forums_gardenweb,thread,GW_hydroponics,1988717,SUCCESS,200,1,0,8009,
2026-10-07T20:50:39Z,forums_gardenweb,thread,GW_hydroponics,1988212,SUCCESS,200,1,0,2991,
2026-10-07T20:50:45Z,forums_gardenweb,thread,GW_hydroponics,1993121,SUCCESS,200,1,0,4600,
2026-10-07T20:50:48Z,forums_gardenweb,thread,GW_hydroponics,1983337,SUCCESS,200,1,0,3488,
2026-10-07T20:50:53Z,forums_gardenweb,thread,GW_hydroponics,1983918,SUCCESS,200,1,0,4013,
2026-10-07T20:50:56Z,forums_gardenweb,thread,GW_hydroponics,1984575,SUCCESS,200,1,0,2962,
2026-10-07T20:51:02Z,forums_gardenweb,thread,GW_hydroponics,1998348,SUCCESS,200,1,0,5464,
2026-10-07T20:51:07Z,forums_gardenweb,thread,GW_hydroponics,1992159,SUCCESS,200,1,0,4671,
2026-10-07T20:51:11Z,forums_gardenweb,thread,GW_hydroponics,6201882,SUCCESS,200,1,0,3641,
2026-10-07T20:51:14Z,forums_gardenweb,thread,GW_hydroponics,1994535,SUCCESS,200,1,0,2843,
2026-10-07T20:51:18Z,forums_gardenweb,thread,GW_hydroponics,1989388,SUCCESS,200,1,0,2567,
2026-10-07T20:51:22Z,forums_gardenweb,thread,GW_hydroponics,1996255,SUCCESS,200,1,0,3117,
2026-10-07T20:51:26Z,forums_gardenweb,thread,GW_hydroponics,1996441,SUCCESS,200,1,0,2834,
2026-10-07T20:51:32Z,forums_gardenweb,thread,GW_hydroponics,1984030,SUCCESS,200,1,0,5233,
2026-10-07T20:51:36Z,forums_gardenweb,thread,GW_hydroponics,1990025,SUCCESS,200,1,0,3778,
2026-10-07T20:51:41Z,forums_gardenweb,thread,GW_hydroponics,1997520,SUCCESS,200,1,0,4922,
2026-10-07T20:51:45Z,forums_gardenweb,thread,GW_hydroponics,1997285,SUCCESS,200,1,0,3504,
2026-10-07T20:51:49Z,forums_gardenweb,thread,GW_hydroponics,1997771,SUCCESS,200,1,0,3518,
2026-10-07T20:51:53Z,forums_gardenweb,thread,GW_hydroponics,1987533,SUCCESS,200,1,0,4141,
2026-10-07T20:51:59Z,forums_gardenweb,thread,GW_hydroponics,6159984,SUCCESS,200,1,0,5946,
2026-10-07T20:52:02Z,forums_gardenweb,thread,GW_hydroponics,1994648,SUCCESS,200,1,0,3102,
2026-10-07T20:52:10Z,forums_gardenweb,thread,GW_hydroponics,1996601,SUCCESS,200,1,0,6896,
2026-10-07T20:52:13Z,forums_gardenweb,thread,GW_hydroponics,1997412,SUCCESS,200,1,0,2865,
2026-10-07T20:52:18Z,forums_gardenweb,thread,GW_hydroponics,1997976,SUCCESS,200,1,0,3276,
2026-10-07T20:52:22Z,forums_gardenweb,thread,GW_hydroponics,1993313,SUCCESS,200,1,0,3354,
2026-10-07T20:52:25Z,forums_gardenweb,thread,GW_hydroponics,1989613,SUCCESS,200,1,0,2608,
2026-10-07T20:52:30Z,forums_gardenweb,thread,GW_hydroponics,1994680,SUCCESS,200,1,0,3469,
2026-10-07T20:52:35Z,forums_gardenweb,thread,GW_hydroponics,1991324,SUCCESS,200,1,0,4522,
2026-10-07T20:52:38Z,forums_gardenweb,thread,GW_hydroponics,1996127,SUCCESS,200,1,0,2946,
2026-10-07T20:52:40Z,reddit_arcticshift,posts_search,RD_KW_IndoorGarden_hydroponic,3,FAILED,422,0,10,1211,"{""data"":null,""error"":""Timeout. Maybe slow down a bit""}"
2026-10-07T20:52:40Z,forums_gardenweb,thread,GW_hydroponics,1994559,SUCCESS,200,1,0,1330,
2026-10-07T20:52:45Z,forums_gardenweb,thread,GW_hydroponics,1983624,SUCCESS,200,1,0,1851,
2026-10-07T20:52:51Z,forums_gardenweb,thread,GW_hydroponics,3779013,SUCCESS,200,1,0,3790,
2026-10-07T20:52:53Z,reddit_arcticshift,posts_search,RD_KW_IndoorGarden_hydroponics,0,SUCCESS,200,100,0,11589,
2026-10-07T20:52:54Z,forums_gardenweb,thread,GW_hydroponics,1986816,SUCCESS,200,1,0,3368,
2026-10-07T20:53:01Z,forums_gardenweb,thread,GW_hydroponics,1991873,SUCCESS,200,1,0,5746,
2026-10-07T20:53:04Z,forums_gardenweb,thread,GW_hydroponics,1986063,SUCCESS,200,1,0,3381,
2026-10-07T20:53:09Z,forums_gardenweb,thread,GW_hydroponics,1989601,SUCCESS,200,1,0,4205,
2026-10-07T20:53:14Z,forums_gardenweb,thread,GW_hydroponics,1986908,SUCCESS,200,1,0,4903,
2026-10-07T20:53:17Z,forums_gardenweb,thread,GW_hydroponics,1986698,SUCCESS,200,1,0,3212,
2026-10-07T20:53:23Z,forums_gardenweb,thread,GW_hydroponics,6393668,SUCCESS,200,1,0,5448,
2026-10-07T20:53:27Z,forums_gardenweb,thread,GW_hydroponics,1989809,SUCCESS,200,1,0,3237,
2026-10-07T20:53:32Z,forums_gardenweb,thread,GW_hydroponics,1994132,SUCCESS,200,1,0,4362,
2026-10-07T20:53:35Z,forums_gardenweb,thread,GW_hydroponics,1991779,SUCCESS,200,1,0,3612,
2026-10-07T20:53:39Z,forums_gardenweb,thread,GW_hydroponics,1985652,SUCCESS,200,1,0,3172,
2026-10-07T20:53:44Z,forums_gardenweb,thread,GW_hydroponics,3708174,SUCCESS,200,1,0,3813,
2026-10-07T20:53:47Z,forums_gardenweb,thread,GW_hydroponics,1996852,SUCCESS,200,1,0,3208,
2026-10-07T20:53:52Z,forums_gardenweb,thread,GW_hydroponics,1995810,SUCCESS,200,1,0,4496,
2026-10-07T20:53:56Z,forums_gardenweb,thread,GW_hydroponics,1982943,SUCCESS,200,1,0,3844,
2026-10-07T20:54:00Z,forums_gardenweb,thread,GW_hydroponics,1997944,SUCCESS,200,1,0,3561,
2026-10-07T20:54:03Z,forums_gardenweb,thread,GW_hydroponics,1987379,SUCCESS,200,1,0,2952,
2026-10-07T20:54:08Z,forums_gardenweb,thread,GW_hydroponics,1997723,SUCCESS,200,1,0,3636,
2026-10-07T20:54:12Z,forums_gardenweb,thread,GW_hydroponics,1992467,SUCCESS,200,1,0,4067,
2026-10-07T20:54:16Z,forums_gardenweb,thread,GW_hydroponics,1984968,SUCCESS,200,1,0,3866,
2026-10-07T20:54:21Z,forums_gardenweb,thread,GW_hydroponics,3544097,SUCCESS,200,1,0,4026,
2026-10-07T20:54:23Z,forums_gardenweb,thread,GW_hydroponics,1997993,SUCCESS,200,1,0,2778,
2026-10-07T20:54:29Z,forums_gardenweb,thread,GW_hydroponics,3302836,SUCCESS,200,1,0,3929,
2026-10-07T20:54:30Z,forums_gardenweb,thread,GW_hydroponics,1993625,SUCCESS,200,1,0,1791,
2026-10-07T20:54:39Z,forums_gardenweb,thread,GW_hydroponics,1993310,SUCCESS,200,1,0,5888,
2026-10-07T20:54:44Z,forums_gardenweb,thread,GW_hydroponics,1994914,SUCCESS,200,1,0,5480,
2026-10-07T20:54:49Z,forums_gardenweb,thread,GW_hydroponics,1990419,SUCCESS,200,1,0,5108,
2026-10-07T20:54:53Z,forums_gardenweb,thread,GW_hydroponics,1985389,SUCCESS,200,1,0,3700,
2026-10-07T20:54:56Z,forums_gardenweb,thread,GW_hydroponics,1995269,SUCCESS,200,1,0,2558,
2026-10-07T20:55:02Z,forums_gardenweb,thread,GW_hydroponics,1991651,SUCCESS,200,1,0,4535,
2026-10-07T20:55:06Z,forums_gardenweb,thread,GW_hydroponics,1992807,SUCCESS,200,1,0,4002,
2026-10-07T20:55:09Z,forums_gardenweb,thread,GW_hydroponics,1990115,SUCCESS,200,1,0,3514,
2026-10-07T20:55:12Z,forums_gardenweb,thread,GW_hydroponics,1987534,SUCCESS,200,1,0,2101,
2026-10-07T20:55:17Z,forums_gardenweb,thread,GW_hydroponics,1985828,SUCCESS,200,1,0,3188,
2026-10-07T20:55:21Z,forums_gardenweb,thread,GW_hydroponics,1987181,SUCCESS,200,1,0,3208,
2026-10-07T20:55:25Z,forums_gardenweb,thread,GW_hydroponics,1992273,SUCCESS,200,1,0,3069,
2026-10-07T20:55:29Z,forums_gardenweb,thread,GW_hydroponics,1984936,SUCCESS,200,1,0,3128,
2026-10-07T20:55:33Z,forums_gardenweb,thread,GW_hydroponics,1986925,SUCCESS,200,1,0,3187,
2026-10-07T20:55:37Z,forums_gardenweb,thread,GW_hydroponics,1993371,SUCCESS,200,1,0,2643,
2026-10-07T20:55:44Z,forums_gardenweb,thread,GW_hydroponics,3783458,SUCCESS,200,1,0,6256,
2026-10-07T20:55:47Z,forums_gardenweb,thread,GW_hydroponics,1992506,SUCCESS,200,1,0,2702,
2026-10-07T20:55:50Z,reddit_arcticshift,posts_search,RD_KW_IndoorGarden_hydroponics,1,SUCCESS,200,100,7,11278,
2026-10-07T20:55:52Z,forums_gardenweb,thread,GW_hydroponics,3124383,SUCCESS,200,1,0,3539,
2026-10-07T20:55:58Z,forums_gardenweb,thread,GW_hydroponics,1992287,SUCCESS,200,1,0,5699,
2026-10-07T20:55:59Z,reddit_arcticshift,posts_search,RD_KW_IndoorGarden_hydroponics,2,SUCCESS,200,81,0,8908,
2026-10-07T20:56:01Z,forums_gardenweb,thread,GW_hydroponics,1997503,SUCCESS,200,1,0,2837,
2026-10-07T20:56:05Z,forums_gardenweb,thread,GW_hydroponics,1997823,SUCCESS,200,1,0,2601,
2026-10-07T20:56:09Z,forums_gardenweb,thread,GW_hydroponics,5021209,SUCCESS,200,1,0,2798,
2026-10-07T20:56:11Z,reddit_arcticshift,posts_search,RD_KW_indoorgardening_hydroponic,0,SUCCESS,200,100,0,11174,
2026-10-07T20:56:13Z,forums_gardenweb,thread,GW_hydroponics,1994912,SUCCESS,200,1,0,3381,
2026-10-07T20:56:19Z,forums_gardenweb,thread,GW_hydroponics,4267445,SUCCESS,200,1,0,4653,
2026-10-07T20:56:22Z,forums_gardenweb,thread,GW_hydroponics,1987522,SUCCESS,200,1,0,3318,
2026-10-07T20:56:27Z,forums_gardenweb,thread,GW_hydroponics,1990079,SUCCESS,200,1,0,4784,
2026-10-07T20:56:31Z,forums_gardenweb,thread,GW_hydroponics,1989370,SUCCESS,200,1,0,3649,
2026-10-07T20:56:36Z,forums_gardenweb,thread,GW_hydroponics,1994294,SUCCESS,200,1,0,4052,
2026-10-07T20:56:37Z,reddit_arcticshift,posts_search,RD_KW_indoorgardening_hydroponic,1,SUCCESS,200,100,1,11921,
2026-10-07T20:56:39Z,forums_gardenweb,thread,GW_hydroponics,1990750,SUCCESS,200,1,0,3482,
2026-10-07T20:56:45Z,forums_gardenweb,thread,GW_hydroponics,1987107,SUCCESS,200,1,0,5023,
2026-10-07T20:56:49Z,forums_gardenweb,thread,GW_hydroponics,1984316,SUCCESS,200,1,0,4471,
2026-10-07T20:56:54Z,forums_gardenweb,thread,GW_hydroponics,1996033,SUCCESS,200,1,0,4478,
2026-10-07T20:57:01Z,forums_gardenweb,thread,GW_hydroponics,1991820,SUCCESS,200,1,0,6862,
2026-10-07T20:57:02Z,reddit_arcticshift,posts_search,RD_KW_indoorgardening_hydroponic,2,SUCCESS,200,77,1,11753,
2026-10-07T20:57:07Z,forums_gardenweb,thread,GW_hydroponics,1988579,SUCCESS,200,1,0,6523,
2026-10-07T20:57:12Z,forums_gardenweb,thread,GW_hydroponics,1992417,SUCCESS,200,1,0,5173,
2026-10-07T20:57:15Z,forums_gardenweb,thread,GW_hydroponics,5143647,SUCCESS,200,1,0,2203,
2026-10-07T20:57:16Z,reddit_arcticshift,posts_search,RD_KW_indoorgardening_hydroponics,0,SUCCESS,200,100,0,13939,
2026-10-07T20:57:19Z,forums_gardenweb,thread,GW_hydroponics,4112335,SUCCESS,200,1,0,2981,
2026-10-07T20:57:23Z,forums_gardenweb,thread,GW_hydroponics,1998535,SUCCESS,200,1,0,3159,
2026-10-07T20:57:29Z,forums_gardenweb,thread,GW_hydroponics,1995415,SUCCESS,200,1,0,4885,
2026-10-07T20:57:31Z,forums_gardenweb,thread,GW_hydroponics,1995824,SUCCESS,200,1,0,2201,
2026-10-07T20:57:36Z,forums_gardenweb,thread,GW_hydroponics,1983776,SUCCESS,200,1,0,2579,
2026-10-07T20:57:41Z,forums_gardenweb,thread,GW_hydroponics,1984367,SUCCESS,200,1,0,3605,
2026-10-07T20:57:46Z,forums_gardenweb,thread,GW_hydroponics,1996402,SUCCESS,200,1,0,4629,
2026-10-07T20:57:50Z,forums_gardenweb,thread,GW_hydroponics,1995582,SUCCESS,200,1,0,4219,
2026-10-07T20:57:56Z,forums_gardenweb,thread,GW_hydroponics,1996134,SUCCESS,200,1,0,6174,
2026-10-07T20:57:58Z,reddit_arcticshift,posts_search,RD_KW_indoorgardening_hydroponics,1,SUCCESS,200,42,2,10628,
2026-10-07T20:57:59Z,forums_gardenweb,thread,GW_hydroponics,6276678,SUCCESS,200,1,0,2668,
2026-10-07T20:58:03Z,forums_gardenweb,thread,GW_hydroponics,1991695,SUCCESS,200,1,0,2417,
2026-10-07T20:58:07Z,forums_gardenweb,thread,GW_hydroponics,1987799,SUCCESS,200,1,0,2881,
2026-10-07T20:58:12Z,forums_gardenweb,thread,GW_hydroponics,1991009,SUCCESS,200,1,0,3076,
2026-10-07T20:58:16Z,forums_gardenweb,thread,GW_hydroponics,1994576,SUCCESS,200,1,0,3107,
2026-10-07T20:58:18Z,forums_gardenweb,thread,GW_hydroponics,1985991,SUCCESS,200,1,0,1939,
2026-10-07T20:58:23Z,forums_gardenweb,thread,GW_hydroponics,1992007,SUCCESS,200,1,0,2790,
2026-10-07T20:58:26Z,reddit_arcticshift,posts_search,RD_KW_homestead_hydroponic,0,SUCCESS,200,81,1,14065,
2026-10-07T20:58:29Z,forums_gardenweb,thread,GW_hydroponics,1997870,SUCCESS,200,1,0,4277,
2026-10-07T20:58:32Z,forums_gardenweb,thread,GW_hydroponics,1995406,SUCCESS,200,1,0,2755,
2026-10-07T20:58:35Z,forums_gardenweb,thread,GW_hydroponics,1992061,SUCCESS,200,1,0,2523,
2026-10-07T20:58:39Z,forums_gardenweb,thread,GW_hydroponics,1992610,SUCCESS,200,1,0,2441,
2026-10-07T20:58:41Z,reddit_arcticshift,posts_search,RD_KW_homestead_hydroponics,0,SUCCESS,200,85,0,15126,
2026-10-07T20:58:44Z,forums_gardenweb,thread,GW_hydroponics,1987807,SUCCESS,200,1,0,2733,
2026-10-07T20:58:49Z,forums_gardenweb,thread,GW_hydroponics,1995227,SUCCESS,200,1,0,4450,
2026-10-07T20:58:53Z,forums_gardenweb,thread,GW_hydroponics,1994026,SUCCESS,200,1,0,3754,
2026-10-07T20:58:58Z,forums_gardenweb,thread,GW_hydroponics,1986844,SUCCESS,200,1,0,4185,
2026-10-07T20:59:02Z,forums_gardenweb,thread,GW_hydroponics,1986705,SUCCESS,200,1,0,4607,
2026-10-07T20:59:09Z,forums_gardenweb,thread,GW_hydroponics,1990327,SUCCESS,200,1,0,6756,
2026-10-07T20:59:13Z,forums_gardenweb,thread,GW_hydroponics,6428920,SUCCESS,200,1,0,3606,
2026-10-07T20:59:17Z,forums_gardenweb,thread,GW_hydroponics,1983508,SUCCESS,200,1,0,3998,
2026-10-07T20:59:21Z,forums_gardenweb,thread,GW_hydroponics,1997109,SUCCESS,200,1,0,3768,
2026-10-07T20:59:26Z,forums_gardenweb,thread,GW_hydroponics,1987127,SUCCESS,200,1,0,4893,
2026-10-07T20:59:30Z,forums_gardenweb,thread,GW_hydroponics,1983799,SUCCESS,200,1,0,3609,
2026-10-07T20:59:35Z,forums_gardenweb,thread,GW_hydroponics,3251425,SUCCESS,200,1,0,4747,
2026-10-07T20:59:39Z,forums_gardenweb,thread,GW_hydroponics,1998310,SUCCESS,200,1,0,4388,
2026-10-07T20:59:43Z,forums_gardenweb,thread,GW_hydroponics,1993207,SUCCESS,200,1,0,3499,
2026-10-07T20:59:46Z,forums_gardenweb,thread,GW_hydroponics,4353206,SUCCESS,200,1,0,3023,
2026-10-07T20:59:51Z,forums_gardenweb,thread,GW_hydroponics,1984481,SUCCESS,200,1,0,3568,
2026-10-07T20:59:57Z,forums_gardenweb,thread,GW_hydroponics,1984294,SUCCESS,200,1,0,5679,
2026-10-07T20:59:59Z,forums_gardenweb,thread,GW_hydroponics,3733606,SUCCESS,200,1,0,2404,
2026-10-07T21:00:05Z,forums_gardenweb,thread,GW_hydroponics,5965843,SUCCESS,200,1,0,3884,
2026-10-07T21:00:09Z,forums_gardenweb,thread,GW_hydroponics,1986626,SUCCESS,200,1,0,3870,
2026-10-07T21:00:13Z,forums_gardenweb,thread,GW_hydroponics,1985712,SUCCESS,200,1,0,4332,
2026-10-07T21:00:17Z,forums_gardenweb,thread,GW_hydroponics,1991195,SUCCESS,200,1,0,3486,
2026-10-07T21:00:21Z,forums_gardenweb,thread,GW_hydroponics,1986290,SUCCESS,200,1,0,4068,
2026-10-07T21:00:26Z,forums_gardenweb,thread,GW_hydroponics,1996569,SUCCESS,200,1,0,4411,
2026-10-07T21:00:29Z,forums_gardenweb,thread,GW_hydroponics,4207644,SUCCESS,200,1,0,3390,
2026-10-07T21:00:32Z,forums_gardenweb,thread,GW_hydroponics,1996628,SUCCESS,200,1,0,1975,
2026-10-07T21:00:36Z,forums_gardenweb,thread,GW_hydroponics,1991649,SUCCESS,200,1,0,2397,
2026-10-07T21:00:42Z,forums_gardenweb,thread,GW_hydroponics,1990081,SUCCESS,200,1,0,4177,
2026-10-07T21:00:46Z,forums_gardenweb,thread,GW_hydroponics,3414988,SUCCESS,200,1,0,3418,
2026-10-07T21:00:51Z,forums_gardenweb,thread,GW_hydroponics,1998611,SUCCESS,200,1,0,4931,
2026-10-07T21:00:56Z,forums_gardenweb,thread,GW_hydroponics,1995305,SUCCESS,200,1,0,4594,
2026-10-07T21:00:59Z,forums_gardenweb,thread,GW_hydroponics,1995452,SUCCESS,200,1,0,3042,
2026-10-07T21:01:04Z,forums_gardenweb,thread,GW_hydroponics,6032563,SUCCESS,200,1,0,3979,
2026-10-07T21:01:08Z,forums_gardenweb,thread,GW_hydroponics,2887521,SUCCESS,200,1,0,3983,
2026-10-07T21:01:12Z,forums_gardenweb,thread,GW_hydroponics,1997142,SUCCESS,200,1,0,4084,
2026-10-07T21:01:17Z,forums_gardenweb,thread,GW_hydroponics,4787687,SUCCESS,200,1,0,4858,
2026-10-07T21:01:22Z,forums_gardenweb,thread,GW_hydroponics,3970396,SUCCESS,200,1,0,4943,
2026-10-07T21:01:28Z,forums_gardenweb,thread,GW_hydroponics,5241425,SUCCESS,200,1,0,5810,
2026-10-07T21:01:32Z,forums_gardenweb,thread,GW_hydroponics,3885150,SUCCESS,200,1,0,4079,
2026-10-07T21:01:36Z,forums_gardenweb,thread,GW_hydroponics,5810596,SUCCESS,200,1,0,4263,
2026-10-07T21:01:42Z,forums_gardenweb,thread,GW_hydroponics,1993148,SUCCESS,200,1,0,5719,
2026-10-07T21:01:48Z,forums_gardenweb,thread,GW_hydroponics,2966595,SUCCESS,200,1,0,5501,
2026-10-07T21:01:54Z,forums_gardenweb,thread,GW_hydroponics,4391178,SUCCESS,200,1,0,6179,
2026-10-07T21:01:59Z,forums_gardenweb,thread,GW_hydroponics,1987935,SUCCESS,200,1,0,5163,
2026-10-07T21:02:05Z,forums_gardenweb,thread,GW_hydroponics,1995242,SUCCESS,200,1,0,5557,
2026-10-07T21:02:09Z,forums_gardenweb,thread,GW_hydroponics,1984789,SUCCESS,200,1,0,3925,
2026-10-07T21:02:11Z,forums_gardenweb,thread,GW_hydroponics,1993043,SUCCESS,200,1,0,2649,
2026-10-07T21:02:17Z,forums_gardenweb,thread,GW_hydroponics,1982992,SUCCESS,200,1,0,4672,
2026-10-07T21:02:24Z,forums_gardenweb,thread,GW_hydroponics,1990580,SUCCESS,200,1,0,6092,
2026-10-07T21:02:27Z,forums_gardenweb,thread,GW_hydroponics,1998297,SUCCESS,200,1,0,3173,
2026-10-07T21:02:33Z,forums_gardenweb,thread,GW_hydroponics,1992605,SUCCESS,200,1,0,5624,
2026-10-07T21:02:37Z,forums_gardenweb,thread,GW_hydroponics,1987867,SUCCESS,200,1,0,3536,
2026-10-07T21:02:41Z,forums_gardenweb,thread,GW_hydroponics,1993424,SUCCESS,200,1,0,3942,
2026-10-07T21:02:47Z,forums_gardenweb,thread,GW_hydroponics,1998384,SUCCESS,200,1,0,6053,
2026-10-07T21:02:50Z,forums_gardenweb,thread,GW_hydroponics,1994919,SUCCESS,200,1,0,2966,
2026-10-07T21:02:54Z,forums_gardenweb,thread,GW_hydroponics,1983045,SUCCESS,200,1,0,3073,
2026-10-07T21:03:01Z,forums_gardenweb,thread,GW_hydroponics,1995749,SUCCESS,200,1,0,5479,
2026-10-07T21:03:06Z,forums_gardenweb,thread,GW_hydroponics,1997242,SUCCESS,200,1,0,4778,
2026-10-07T21:03:13Z,forums_gardenweb,thread,GW_hydroponics,1996944,SUCCESS,200,1,0,7716,
2026-10-07T21:03:16Z,reddit_arcticshift,posts_search,RD_KW_indonesia_hidroponik,0,SUCCESS,200,9,10,11940,
2026-10-07T21:03:17Z,forums_gardenweb,thread,GW_hydroponics,1995001,SUCCESS,200,1,0,3684,
2026-10-07T21:03:21Z,forums_gardenweb,thread,GW_hydroponics,1984866,SUCCESS,200,1,0,3885,
2026-10-07T21:03:25Z,forums_gardenweb,thread,GW_hydroponics,1990014,SUCCESS,200,1,0,3735,
2026-10-07T21:03:29Z,reddit_arcticshift,posts_search,RD_KW_indonesia_hydroponic,0,SUCCESS,200,3,0,12869,
2026-10-07T21:03:29Z,forums_gardenweb,thread,GW_hydroponics,1997793,SUCCESS,200,1,0,3932,
2026-10-07T21:03:35Z,forums_gardenweb,thread,GW_hydroponics,1988551,SUCCESS,200,1,0,5360,
2026-10-07T21:03:39Z,forums_gardenweb,thread,GW_hydroponics,1983650,SUCCESS,200,1,0,3632,
2026-10-07T21:03:41Z,reddit_arcticshift,posts_search,RD_KW_indonesia_hydroponics,0,SUCCESS,200,0,0,12380,
2026-10-07T21:03:42Z,forums_gardenweb,thread,GW_hydroponics,1997813,SUCCESS,200,1,0,3417,
2026-10-07T21:03:46Z,forums_gardenweb,thread,GW_hydroponics,1993230,SUCCESS,200,1,0,2731,
2026-10-07T21:03:51Z,forums_gardenweb,thread,GW_hydroponics,1988975,SUCCESS,200,1,0,4114,
2026-10-07T21:03:55Z,forums_gardenweb,thread,GW_hydroponics,1992406,SUCCESS,200,1,0,4143,
2026-10-07T21:03:59Z,forums_gardenweb,thread,GW_hydroponics,4265722,SUCCESS,200,1,0,3430,
2026-10-07T21:04:02Z,forums_gardenweb,thread,GW_hydroponics,3575209,SUCCESS,200,1,0,2824,
2026-10-07T21:04:06Z,forums_gardenweb,thread,GW_hydroponics,1989127,SUCCESS,200,1,0,3122,
2026-10-07T21:04:09Z,reddit_arcticshift,posts_search,RD_KW_malaysia_hidroponik,0,SUCCESS,200,0,1,12085,
2026-10-07T21:04:13Z,forums_gardenweb,thread,GW_hydroponics,4065205,SUCCESS,200,1,0,5639,
2026-10-07T21:04:18Z,forums_gardenweb,thread,GW_hydroponics,1992375,SUCCESS,200,1,0,5130,
2026-10-07T21:04:21Z,forums_gardenweb,thread,GW_hydroponics,1984947,SUCCESS,200,1,0,3080,
2026-10-07T21:04:26Z,forums_gardenweb,thread,GW_hydroponics,1988827,SUCCESS,200,1,0,3773,
2026-10-07T21:04:29Z,forums_gardenweb,thread,GW_hydroponics,1995297,SUCCESS,200,1,0,2486,
2026-10-07T21:04:34Z,forums_gardenweb,thread,GW_hydroponics,3215855,SUCCESS,200,1,0,3766,
2026-10-07T21:04:38Z,forums_gardenweb,thread,GW_hydroponics,1986943,SUCCESS,200,1,0,3581,
2026-10-07T21:04:42Z,forums_gardenweb,thread,GW_hydroponics,1994383,SUCCESS,200,1,0,3352,
2026-10-07T21:04:46Z,forums_gardenweb,thread,GW_hydroponics,1998208,SUCCESS,200,1,0,3710,
2026-10-07T21:04:51Z,forums_gardenweb,thread,GW_hydroponics,1998749,SUCCESS,200,1,0,4463,
2026-10-07T21:04:54Z,forums_gardenweb,thread,GW_hydroponics,1992991,SUCCESS,200,1,0,3271,
2026-10-07T21:04:58Z,forums_gardenweb,thread,GW_hydroponics,1987162,SUCCESS,200,1,0,2676,
2026-10-07T21:05:04Z,forums_gardenweb,thread,GW_hydroponics,1986780,SUCCESS,200,1,0,5103,
2026-10-07T21:05:09Z,forums_gardenweb,thread,GW_hydroponics,1998284,SUCCESS,200,1,0,5469,
2026-10-07T21:05:13Z,forums_gardenweb,thread,GW_hydroponics,1996059,SUCCESS,200,1,0,3338,
2026-10-07T21:05:16Z,forums_gardenweb,thread,GW_hydroponics,1995450,SUCCESS,200,1,0,2559,
2026-10-07T21:05:21Z,forums_gardenweb,thread,GW_hydroponics,1993785,SUCCESS,200,1,0,3975,
2026-10-07T21:05:26Z,forums_gardenweb,thread,GW_hydroponics,1995697,SUCCESS,200,1,0,4295,
2026-10-07T21:05:32Z,forums_gardenweb,thread,GW_hydroponics,1988802,SUCCESS,200,1,0,5865,
2026-10-07T21:05:56Z,forums_gardenweb,thread,GW_hydroponics,1983730,SUCCESS,200,1,1,5154,
2026-10-07T21:06:00Z,forums_gardenweb,thread,GW_hydroponics,1998624,SUCCESS,200,1,0,4241,
2026-10-07T21:06:04Z,forums_gardenweb,thread,GW_hydroponics,1990122,SUCCESS,200,1,0,4154,
2026-10-07T21:06:08Z,forums_gardenweb,thread,GW_hydroponics,1995070,SUCCESS,200,1,0,3287,
2026-10-07T21:06:13Z,forums_gardenweb,thread,GW_hydroponics,1993795,SUCCESS,200,1,0,4895,
2026-10-07T21:06:17Z,forums_gardenweb,thread,GW_hydroponics,1997232,SUCCESS,200,1,0,4001,
2026-10-07T21:06:22Z,forums_gardenweb,thread,GW_hydroponics,2810502,SUCCESS,200,1,0,4968,
2026-10-07T21:06:26Z,forums_gardenweb,thread,GW_hydroponics,4130524,SUCCESS,200,1,0,3811,
2026-10-07T21:06:29Z,forums_gardenweb,thread,GW_hydroponics,1992809,SUCCESS,200,1,0,3059,
2026-10-07T21:06:35Z,forums_gardenweb,thread,GW_hydroponics,1993269,SUCCESS,200,1,0,4306,
2026-10-07T21:06:40Z,forums_gardenweb,thread,GW_hydroponics,1988476,SUCCESS,200,1,0,5393,
2026-10-07T21:06:45Z,forums_gardenweb,thread,GW_hydroponics,1993598,SUCCESS,200,1,0,4706,
2026-10-07T21:06:51Z,forums_gardenweb,thread,GW_hydroponics,1992791,SUCCESS,200,1,0,6115,
2026-10-07T21:06:55Z,forums_gardenweb,thread,GW_hydroponics,1984312,SUCCESS,200,1,0,4009,
2026-10-07T21:06:58Z,forums_gardenweb,thread,GW_hydroponics,1996778,SUCCESS,200,1,0,2251,
2026-10-07T21:07:08Z,forums_gardenweb,thread,GW_hydroponics,3858424,SUCCESS,200,1,0,8542,
2026-10-07T21:07:11Z,forums_gardenweb,thread,GW_hydroponics,1994979,SUCCESS,200,1,0,3212,
2026-10-07T21:07:15Z,forums_gardenweb,thread,GW_hydroponics,1995594,SUCCESS,200,1,0,3205,
2026-10-07T21:07:17Z,reddit_arcticshift,posts_search,RD_KW_malaysia_hydroponic,0,SUCCESS,200,3,7,14104,
2026-10-07T21:07:20Z,forums_gardenweb,thread,GW_hydroponics,5254244,SUCCESS,200,1,0,3941,
2026-10-07T21:07:24Z,forums_gardenweb,thread,GW_hydroponics,1985276,SUCCESS,200,1,0,3620,
2026-10-07T21:07:29Z,forums_gardenweb,thread,GW_hydroponics,1983061,SUCCESS,200,1,0,5153,
2026-10-07T21:07:33Z,forums_gardenweb,thread,GW_hydroponics,4608256,SUCCESS,200,1,0,3441,
2026-10-07T21:07:41Z,forums_gardenweb,thread,GW_hydroponics,3350369,SUCCESS,200,1,0,7743,
2026-10-07T21:07:46Z,forums_gardenweb,thread,GW_hydroponics,1998453,SUCCESS,200,1,0,5280,
2026-10-07T21:07:52Z,forums_gardenweb,thread,GW_hydroponics,1995834,SUCCESS,200,1,0,5582,
2026-10-07T21:08:00Z,forums_gardenweb,thread,GW_hydroponics,1996349,SUCCESS,200,1,0,7543,
2026-10-07T21:08:05Z,forums_gardenweb,thread,GW_hydroponics,1992736,SUCCESS,200,1,0,5038,
2026-10-07T21:08:09Z,forums_gardenweb,thread,GW_hydroponics,3686383,SUCCESS,200,1,0,4641,
2026-10-07T21:08:19Z,forums_gardenweb,thread,GW_hydroponics,1983132,SUCCESS,200,1,0,9258,
2026-10-07T21:08:22Z,forums_gardenweb,thread,GW_hydroponics,1992271,SUCCESS,200,1,0,3757,
2026-10-07T21:08:26Z,forums_gardenweb,thread,GW_hydroponics,1996746,SUCCESS,200,1,0,3755,
2026-10-07T21:08:32Z,forums_gardenweb,thread,GW_hydroponics,1985511,SUCCESS,200,1,0,5785,
2026-10-07T21:08:38Z,forums_gardenweb,thread,GW_hydroponics,1986759,SUCCESS,200,1,0,5650,
2026-10-07T21:08:42Z,forums_gardenweb,thread,GW_hydroponics,1983067,SUCCESS,200,1,0,4298,
2026-10-07T21:08:48Z,forums_gardenweb,thread,GW_hydroponics,3068276,SUCCESS,200,1,0,5325,
2026-10-07T21:08:53Z,forums_gardenweb,thread,GW_hydroponics,1983492,SUCCESS,200,1,0,4945,
2026-10-07T21:09:00Z,forums_gardenweb,thread,GW_hydroponics,4195514,SUCCESS,200,1,0,6769,
2026-10-07T21:09:06Z,forums_gardenweb,thread,GW_hydroponics,1996761,SUCCESS,200,1,0,5894,
2026-10-07T21:09:10Z,forums_gardenweb,thread,GW_hydroponics,3909659,SUCCESS,200,1,0,4768,
2026-10-07T21:09:17Z,forums_gardenweb,thread,GW_hydroponics,1996431,SUCCESS,200,1,0,6781,
2026-10-07T21:09:22Z,forums_gardenweb,thread,GW_hydroponics,1995910,SUCCESS,200,1,0,5182,
2026-10-07T21:09:30Z,forums_gardenweb,thread,GW_hydroponics,1985045,SUCCESS,200,1,0,7156,
2026-10-07T21:09:34Z,forums_gardenweb,thread,GW_hydroponics,1994330,SUCCESS,200,1,0,4437,
2026-10-07T21:09:40Z,forums_gardenweb,thread,GW_hydroponics,1987387,SUCCESS,200,1,0,5730,
2026-10-07T21:09:45Z,forums_gardenweb,thread,GW_hydroponics,1990363,SUCCESS,200,1,0,5263,
2026-10-07T21:09:53Z,forums_gardenweb,thread,GW_hydroponics,1998090,SUCCESS,200,1,0,7630,
2026-10-07T21:10:00Z,forums_gardenweb,thread,GW_hydroponics,1983158,SUCCESS,200,1,0,6732,
2026-10-07T21:10:12Z,forums_gardenweb,thread,GW_hydroponics,1984444,SUCCESS,200,1,0,11983,
2026-10-07T21:10:24Z,forums_gardenweb,thread,GW_hydroponics,1987316,SUCCESS,200,1,0,11905,
2026-10-07T21:10:33Z,forums_gardenweb,thread,GW_hydroponics,1990774,SUCCESS,200,1,0,9203,
2026-10-07T21:10:40Z,forums_gardenweb,thread,GW_hydroponics,1994423,SUCCESS,200,1,0,7051,
2026-10-07T21:10:42Z,reddit_arcticshift,posts_search,RD_KW_malaysia_hydroponics,0,SUCCESS,200,0,8,12567,
2026-10-07T21:10:51Z,forums_gardenweb,thread,GW_hydroponics,2837641,SUCCESS,200,1,0,10972,
2026-10-07T21:10:55Z,reddit_arcticshift,posts_search,RD_KW_singapore_hydroponic,0,SUCCESS,200,1,0,12848,
2026-10-07T21:11:01Z,forums_gardenweb,thread,GW_hydroponics,1996130,SUCCESS,200,1,0,9628,
2026-10-07T21:11:05Z,forums_gardenweb,thread,GW_hydroponics,1986040,SUCCESS,200,1,0,4523,
2026-10-07T21:11:12Z,forums_gardenweb,thread,GW_hydroponics,4754350,SUCCESS,200,1,0,5865,
2026-10-07T21:11:18Z,forums_gardenweb,thread,GW_hydroponics,1991726,SUCCESS,200,1,0,6768,
2026-10-07T21:11:26Z,forums_gardenweb,thread,GW_hydroponics,3105474,SUCCESS,200,1,0,7288,
2026-10-07T21:11:31Z,forums_gardenweb,thread,GW_hydroponics,1997957,SUCCESS,200,1,0,5311,
2026-10-07T21:11:39Z,forums_gardenweb,thread,GW_hydroponics,1986182,SUCCESS,200,1,0,7964,
2026-10-07T21:11:46Z,forums_gardenweb,thread,GW_hydroponics,1987992,SUCCESS,200,1,0,6448,
2026-10-07T21:11:50Z,forums_gardenweb,thread,GW_hydroponics,1988239,SUCCESS,200,1,0,4696,
2026-10-07T21:11:54Z,forums_gardenweb,thread,GW_hydroponics,1993294,SUCCESS,200,1,0,3885,
2026-10-07T21:12:02Z,forums_gardenweb,thread,GW_hydroponics,1995634,SUCCESS,200,1,0,7768,
2026-10-07T21:12:05Z,forums_gardenweb,thread,GW_hydroponics,2810501,SUCCESS,200,1,0,3213,
2026-10-07T21:12:11Z,forums_gardenweb,thread,GW_hydroponics,1988291,SUCCESS,200,1,0,4801,
2026-10-07T21:12:15Z,forums_gardenweb,thread,GW_hydroponics,1997747,SUCCESS,200,1,0,3850,
2026-10-07T21:12:20Z,forums_gardenweb,thread,GW_hydroponics,1990441,SUCCESS,200,1,0,4857,
2026-10-07T21:12:25Z,forums_gardenweb,thread,GW_hydroponics,1991717,SUCCESS,200,1,0,4581,
2026-10-07T21:12:30Z,forums_gardenweb,thread,GW_hydroponics,1995423,SUCCESS,200,1,0,5044,
2026-10-07T21:12:35Z,forums_gardenweb,thread,GW_hydroponics,1990339,SUCCESS,200,1,0,5703,
2026-10-07T21:12:39Z,forums_gardenweb,thread,GW_hydroponics,3530253,SUCCESS,200,1,0,3745,
2026-10-07T21:12:43Z,forums_gardenweb,thread,GW_hydroponics,1983541,SUCCESS,200,1,0,3381,
2026-10-07T21:12:48Z,forums_gardenweb,thread,GW_hydroponics,1987798,SUCCESS,200,1,0,4520,
2026-10-07T21:12:52Z,forums_gardenweb,thread,GW_hydroponics,3538916,SUCCESS,200,1,0,4125,
2026-10-07T21:12:57Z,forums_gardenweb,thread,GW_hydroponics,1983770,SUCCESS,200,1,0,5008,
2026-10-07T21:13:03Z,forums_gardenweb,thread,GW_hydroponics,1993732,SUCCESS,200,1,0,5467,
2026-10-07T21:13:09Z,forums_gardenweb,thread,GW_hydroponics,3320034,SUCCESS,200,1,0,5849,
2026-10-07T21:13:14Z,forums_gardenweb,thread,GW_hydroponics,6333419,SUCCESS,200,1,0,5073,
2026-10-07T21:13:17Z,forums_gardenweb,thread,GW_hydroponics,1988700,SUCCESS,200,1,0,3089,
2026-10-07T21:13:21Z,forums_gardenweb,thread,GW_hydroponics,1992315,SUCCESS,200,1,0,3135,
2026-10-07T21:13:27Z,forums_gardenweb,thread,GW_hydroponics,1986038,SUCCESS,200,1,0,4624,
2026-10-07T21:13:32Z,forums_gardenweb,thread,GW_hydroponics,1987650,SUCCESS,200,1,0,4862,
2026-10-07T21:13:36Z,forums_gardenweb,thread,GW_hydroponics,1993124,SUCCESS,200,1,0,4173,
2026-10-07T21:13:40Z,forums_gardenweb,thread,GW_hydroponics,1982636,SUCCESS,200,1,0,4412,
2026-10-07T21:13:43Z,forums_gardenweb,thread,GW_hydroponics,1993675,SUCCESS,200,1,0,2699,
2026-10-07T21:13:51Z,forums_gardenweb,thread,GW_hydroponics,1995977,SUCCESS,200,1,0,6627,
2026-10-07T21:13:54Z,forums_gardenweb,thread,GW_hydroponics,1984654,SUCCESS,200,1,0,3550,
2026-10-07T21:13:57Z,forums_gardenweb,thread,GW_hydroponics,1997959,SUCCESS,200,1,0,1965,
2026-10-07T21:14:02Z,forums_gardenweb,thread,GW_hydroponics,1998131,SUCCESS,200,1,0,3096,
2026-10-07T21:14:07Z,forums_gardenweb,thread,GW_hydroponics,1990027,SUCCESS,200,1,0,4128,
2026-10-07T21:14:12Z,forums_gardenweb,thread,GW_hydroponics,1991219,SUCCESS,200,1,0,4553,
2026-10-07T21:14:14Z,forums_gardenweb,thread,GW_hydroponics,1995779,SUCCESS,200,1,0,2219,
2026-10-07T21:14:19Z,forums_gardenweb,thread,GW_hydroponics,1990288,SUCCESS,200,1,0,3352,
2026-10-07T21:14:23Z,forums_gardenweb,thread,GW_hydroponics,1997102,SUCCESS,200,1,0,2890,
2026-10-07T21:14:29Z,forums_gardenweb,thread,GW_hydroponics,3955355,SUCCESS,200,1,0,4839,
2026-10-07T21:14:33Z,forums_gardenweb,thread,GW_hydroponics,1991914,SUCCESS,200,1,0,4246,
2026-10-07T21:14:36Z,forums_gardenweb,thread,GW_hydroponics,4195372,SUCCESS,200,1,0,3124,
2026-10-07T21:14:43Z,forums_gardenweb,thread,GW_hydroponics,1989259,SUCCESS,200,1,0,6089,
2026-10-07T21:14:46Z,forums_gardenweb,thread,GW_hydroponics,1991121,SUCCESS,200,1,0,3059,
2026-10-07T21:14:51Z,forums_gardenweb,thread,GW_hydroponics,1991305,SUCCESS,200,1,0,4379,
2026-10-07T21:14:54Z,forums_gardenweb,thread,GW_hydroponics,6193866,SUCCESS,200,1,0,2388,
2026-10-07T21:14:59Z,forums_gardenweb,thread,GW_hydroponics,1986010,SUCCESS,200,1,0,3536,
2026-10-07T21:15:01Z,reddit_arcticshift,posts_search,RD_KW_singapore_hydroponics,0,SUCCESS,200,5,9,11706,
2026-10-07T21:15:03Z,forums_gardenweb,thread,GW_hydroponics,1983297,SUCCESS,200,1,0,3769,
2026-10-07T21:15:07Z,forums_gardenweb,thread,GW_hydroponics,3851845,SUCCESS,200,1,0,3939,
2026-10-07T21:15:13Z,forums_gardenweb,thread,GW_hydroponics,1986853,SUCCESS,200,1,0,5915,
2026-10-07T21:15:17Z,forums_gardenweb,thread,GW_hydroponics,3443629,SUCCESS,200,1,0,3918,
2026-10-07T21:15:21Z,forums_gardenweb,thread,GW_hydroponics,1996165,SUCCESS,200,1,0,3683,
2026-10-07T21:15:24Z,forums_gardenweb,thread,GW_hydroponics,1993905,SUCCESS,200,1,0,2207,
2026-10-07T21:15:29Z,forums_gardenweb,thread,GW_hydroponics,1997903,SUCCESS,200,1,0,3943,
2026-10-07T21:15:33Z,forums_gardenweb,thread,GW_hydroponics,1992280,SUCCESS,200,1,0,3180,
2026-10-07T21:15:38Z,forums_gardenweb,thread,GW_hydroponics,1995532,SUCCESS,200,1,0,4423,
2026-10-07T21:15:41Z,forums_gardenweb,thread,GW_hydroponics,1994908,SUCCESS,200,1,0,3294,
2026-10-07T21:15:45Z,forums_gardenweb,thread,GW_hydroponics,1996161,SUCCESS,200,1,0,2884,
2026-10-07T21:15:49Z,forums_gardenweb,thread,GW_hydroponics,1997860,SUCCESS,200,1,0,3263,
2026-10-07T21:15:54Z,forums_gardenweb,thread,GW_hydroponics,1993398,SUCCESS,200,1,0,3614,
2026-10-07T21:15:59Z,forums_gardenweb,thread,GW_hydroponics,3891552,SUCCESS,200,1,0,4763,
2026-10-07T21:16:00Z,reddit_arcticshift,posts_search,RD_KW_Philippines_hydroponic,0,SUCCESS,200,8,2,12818,
2026-10-07T21:16:03Z,forums_gardenweb,thread,GW_hydroponics,3791213,SUCCESS,200,1,0,4771,
2026-10-07T21:16:07Z,forums_gardenweb,thread,GW_hydroponics,1996505,SUCCESS,200,1,0,3087,
2026-10-07T21:16:12Z,forums_gardenweb,thread,GW_hydroponics,1991067,SUCCESS,200,1,0,3965,
2026-10-07T21:16:14Z,forums_gardenweb,thread,GW_hydroponics,1995151,SUCCESS,200,1,0,2737,
2026-10-07T21:16:19Z,forums_gardenweb,thread,GW_hydroponics,1992327,SUCCESS,200,1,0,3835,
2026-10-07T21:16:26Z,forums_gardenweb,thread,GW_hydroponics,3153369,SUCCESS,200,1,0,6047,
2026-10-07T21:16:28Z,forums_gardenweb,thread,GW_hydroponics,1996758,SUCCESS,200,1,0,2208,
2026-10-07T21:16:28Z,reddit_arcticshift,posts_search,RD_KW_Philippines_hydroponics,0,SUCCESS,200,16,1,13097,
2026-10-07T21:16:35Z,forums_gardenweb,thread,GW_hydroponics,4094710,SUCCESS,200,1,0,4900,
2026-10-07T21:16:38Z,forums_gardenweb,thread,GW_hydroponics,1995648,SUCCESS,200,1,0,3745,
2026-10-07T21:16:44Z,forums_gardenweb,thread,GW_hydroponics,1983080,SUCCESS,200,1,0,5773,
2026-10-07T21:16:49Z,forums_gardenweb,thread,GW_hydroponics,1992533,SUCCESS,200,1,0,4627,
2026-10-07T21:16:52Z,forums_gardenweb,thread,GW_hydroponics,1993403,SUCCESS,200,1,0,2658,
2026-10-07T21:16:56Z,forums_gardenweb,thread,GW_hydroponics,1987350,SUCCESS,200,1,0,3314,
2026-10-07T21:16:57Z,reddit_arcticshift,posts_search,RD_KW_microgreens_hydroponic,0,SUCCESS,200,100,1,13595,
2026-10-07T21:17:01Z,forums_gardenweb,thread,GW_hydroponics,6401574,SUCCESS,200,1,0,3994,
2026-10-07T21:17:04Z,forums_gardenweb,thread,GW_hydroponics,1983942,SUCCESS,200,1,0,2977,
2026-10-07T21:17:09Z,forums_gardenweb,thread,GW_hydroponics,3292930,SUCCESS,200,1,0,3584,
2026-10-07T21:17:12Z,forums_gardenweb,thread,GW_hydroponics,1995618,SUCCESS,200,1,0,2762,
2026-10-07T21:17:16Z,forums_gardenweb,thread,GW_hydroponics,1994384,SUCCESS,200,1,0,2399,
2026-10-07T21:17:22Z,forums_gardenweb,thread,GW_hydroponics,1988000,SUCCESS,200,1,0,4354,
2026-10-07T21:17:25Z,forums_gardenweb,thread,GW_hydroponics,1996550,SUCCESS,200,1,0,3224,
2026-10-07T21:17:26Z,reddit_arcticshift,posts_search,RD_KW_microgreens_hydroponic,1,SUCCESS,200,53,1,10098,
2026-10-07T21:17:29Z,forums_gardenweb,thread,GW_hydroponics,1988220,SUCCESS,200,1,0,3059,
2026-10-07T21:17:32Z,forums_gardenweb,thread,GW_hydroponics,1985983,SUCCESS,200,1,0,2237,
2026-10-07T21:17:36Z,forums_gardenweb,thread,GW_hydroponics,1987995,SUCCESS,200,1,0,2198,
2026-10-07T21:17:43Z,forums_gardenweb,thread,GW_hydroponics,3591635,SUCCESS,200,1,0,5215,
2026-10-07T21:17:46Z,forums_gardenweb,thread,GW_hydroponics,1988383,SUCCESS,200,1,0,2618,
2026-10-07T21:17:50Z,forums_gardenweb,thread,GW_hydroponics,1983367,SUCCESS,200,1,0,2688,
2026-10-07T21:17:55Z,forums_gardenweb,thread,GW_hydroponics,1988680,SUCCESS,200,1,0,3792,
2026-10-07T21:17:59Z,forums_gardenweb,thread,GW_hydroponics,1982927,SUCCESS,200,1,0,4142,
2026-10-07T21:18:05Z,forums_gardenweb,thread,GW_hydroponics,1993461,SUCCESS,200,1,0,5685,
2026-10-07T21:18:09Z,forums_gardenweb,thread,GW_hydroponics,1989167,SUCCESS,200,1,0,3779,
2026-10-07T21:18:13Z,forums_gardenweb,thread,GW_hydroponics,1985796,SUCCESS,200,1,0,3900,
2026-10-07T21:18:15Z,forums_gardenweb,thread,GW_hydroponics,1994727,SUCCESS,200,1,0,2151,
2026-10-07T21:18:23Z,forums_gardenweb,thread,GW_hydroponics,6321735,SUCCESS,200,1,0,5933,
2026-10-07T21:18:25Z,forums_gardenweb,thread,GW_hydroponics,1984708,SUCCESS,200,1,0,2134,
2026-10-07T21:18:29Z,reddit_arcticshift,posts_search,RD_KW_SmartGarden_hydroponic,0,SUCCESS,200,0,3,11330,
2026-10-07T21:18:31Z,forums_gardenweb,thread,GW_hydroponics,1997782,SUCCESS,200,1,0,4490,
2026-10-07T21:18:37Z,forums_gardenweb,thread,GW_hydroponics,1996493,SUCCESS,200,1,0,5193,
2026-10-07T21:18:40Z,reddit_arcticshift,posts_search,RD_KW_SmartGarden_sensor,0,SUCCESS,200,0,0,10431,
2026-10-07T21:18:41Z,forums_gardenweb,thread,GW_hydroponics,1986465,SUCCESS,200,1,0,4556,
2026-10-07T21:18:45Z,forums_gardenweb,thread,GW_hydroponics,1996131,SUCCESS,200,1,0,3277,
2026-10-07T21:18:49Z,forums_gardenweb,thread,GW_hydroponics,3446821,SUCCESS,200,1,0,4186,
2026-10-07T21:18:52Z,forums_gardenweb,thread,GW_hydroponics,1992368,SUCCESS,200,1,0,2779,
2026-10-07T21:18:53Z,reddit_arcticshift,posts_search,RD_KW_urbanfarming_hydroponic,0,SUCCESS,200,45,0,13094,
2026-10-07T21:18:56Z,reddit_arcticshift,comments_tree,RD_TREE,9lnh1h,SUCCESS,200,4,0,2047,
2026-10-07T21:18:56Z,forums_gardenweb,thread,GW_hydroponics,4338126,SUCCESS,200,1,0,2819,
2026-10-07T21:18:59Z,reddit_arcticshift,comments_tree,RD_TREE,b0usoo,SUCCESS,200,2,0,1898,
2026-10-07T21:19:00Z,forums_gardenweb,thread,GW_hydroponics,1990058,SUCCESS,200,1,0,2324,
2026-10-07T21:19:02Z,reddit_arcticshift,comments_tree,RD_TREE,hf2un4,SUCCESS,200,2,0,2758,
2026-10-07T21:19:04Z,forums_gardenweb,thread,GW_hydroponics,1992197,SUCCESS,200,1,0,2667,
2026-10-07T21:19:05Z,reddit_arcticshift,comments_tree,RD_TREE,lb6uwb,SUCCESS,200,3,0,2559,
2026-10-07T21:19:08Z,reddit_arcticshift,comments_tree,RD_TREE,ybskng,SUCCESS,200,5,0,3076,
2026-10-07T21:19:10Z,forums_gardenweb,thread,GW_hydroponics,1994301,SUCCESS,200,1,0,4615,
2026-10-07T21:19:13Z,forums_gardenweb,thread,GW_hydroponics,5034347,SUCCESS,200,1,0,2502,
2026-10-07T21:19:18Z,forums_gardenweb,thread,GW_hydroponics,1987947,SUCCESS,200,1,0,3684,
2026-10-07T21:19:21Z,forums_gardenweb,thread,GW_hydroponics,1997689,SUCCESS,200,1,0,2814,
2026-10-07T21:19:25Z,forums_gardenweb,thread,GW_hydroponics,1991327,SUCCESS,200,1,0,3004,
2026-10-07T21:19:26Z,reddit_arcticshift,comments_tree,RD_TREE,14egdej,SUCCESS,200,2,1,1894,
2026-10-07T21:19:28Z,reddit_arcticshift,comments_tree,RD_TREE,1bjtx76,SUCCESS,200,3,0,2122,
2026-10-07T21:19:30Z,forums_gardenweb,thread,GW_hydroponics,1983350,SUCCESS,200,1,0,3965,
2026-10-07T21:19:31Z,reddit_arcticshift,comments_tree,RD_TREE,1if1b88,SUCCESS,200,2,0,2036,
2026-10-07T21:19:33Z,reddit_arcticshift,comments_tree,RD_TREE,1qa13l0,SUCCESS,200,3,0,2298,
2026-10-07T21:19:35Z,forums_gardenweb,thread,GW_hydroponics,1986122,SUCCESS,200,1,0,4764,
2026-10-07T21:19:36Z,reddit_arcticshift,comments_tree,RD_TREE,1owmpy,SUCCESS,200,1,0,2456,
2026-10-07T21:19:38Z,reddit_arcticshift,comments_tree,RD_TREE,frzuts,SUCCESS,200,3,0,2241,
2026-10-07T21:19:39Z,forums_gardenweb,thread,GW_hydroponics,4516395,SUCCESS,200,1,0,3687,
2026-10-07T21:19:41Z,reddit_arcticshift,comments_tree,RD_TREE,mwwv7,SUCCESS,200,3,0,2143,
2026-10-07T21:19:42Z,forums_gardenweb,thread,GW_hydroponics,1997429,SUCCESS,200,1,0,3377,
2026-10-07T21:19:45Z,reddit_arcticshift,comments_tree,RD_TREE,zf36f,SUCCESS,200,4,0,3530,
2026-10-07T21:19:47Z,forums_gardenweb,thread,GW_hydroponics,1996961,SUCCESS,200,1,0,3891,
2026-10-07T21:19:47Z,reddit_arcticshift,comments_tree,RD_TREE,1cbq6x,SUCCESS,200,3,0,2759,
2026-10-07T21:19:50Z,forums_gardenweb,thread,GW_hydroponics,1984899,SUCCESS,200,1,0,2591,
2026-10-07T21:19:51Z,reddit_arcticshift,comments_tree,RD_TREE,20f6bd,SUCCESS,200,3,0,3084,
2026-10-07T21:19:53Z,reddit_arcticshift,comments_tree,RD_TREE,37agvk,SUCCESS,200,3,0,2548,
2026-10-07T21:19:56Z,forums_gardenweb,thread,GW_hydroponics,1988722,SUCCESS,200,1,0,4731,
2026-10-07T21:19:56Z,reddit_arcticshift,comments_tree,RD_TREE,4osmpv,SUCCESS,200,3,0,2746,
2026-10-07T21:19:58Z,reddit_arcticshift,comments_tree,RD_TREE,77g4vn,SUCCESS,200,1,0,1946,
2026-10-07T21:19:59Z,forums_gardenweb,thread,GW_hydroponics,1990226,SUCCESS,200,1,0,3178,
2026-10-07T21:20:01Z,reddit_arcticshift,comments_tree,RD_TREE,8xwu0h,SUCCESS,200,7,0,2179,
2026-10-07T21:20:03Z,reddit_arcticshift,comments_tree,RD_TREE,weahr,SUCCESS,200,4,0,2392,
2026-10-07T21:20:05Z,forums_gardenweb,thread,GW_hydroponics,1997587,SUCCESS,200,1,0,4967,
2026-10-07T21:20:06Z,reddit_arcticshift,comments_tree,RD_TREE,1g0d7t,SUCCESS,200,2,0,2263,
2026-10-07T21:20:08Z,reddit_arcticshift,comments_tree,RD_TREE,23nekp,SUCCESS,200,7,0,2345,
2026-10-07T21:20:11Z,reddit_arcticshift,comments_tree,RD_TREE,3aveqe,SUCCESS,200,3,0,2290,
2026-10-07T21:20:14Z,reddit_arcticshift,comments_tree,RD_TREE,4aom93,SUCCESS,200,5,0,2788,
2026-10-07T21:20:14Z,forums_gardenweb,thread,GW_hydroponics,1997726,SUCCESS,200,1,0,9436,
2026-10-07T21:20:17Z,reddit_arcticshift,comments_tree,RD_TREE,7gklf9,SUCCESS,200,1,0,3397,
2026-10-07T21:20:18Z,forums_gardenweb,thread,GW_hydroponics,1986579,SUCCESS,200,1,0,3243,
2026-10-07T21:20:20Z,reddit_arcticshift,comments_tree,RD_TREE,9ezxsm,SUCCESS,200,3,0,2734,
2026-10-07T21:20:22Z,reddit_arcticshift,comments_tree,RD_TREE,ec4j3g,SUCCESS,200,8,0,1730,
2026-10-07T21:20:25Z,forums_gardenweb,thread,GW_hydroponics,3183805,SUCCESS,200,1,0,6200,
2026-10-07T21:20:25Z,reddit_arcticshift,comments_tree,RD_TREE,hg85yu,SUCCESS,200,1,0,2425,
2026-10-07T21:20:27Z,reddit_arcticshift,comments_tree,RD_TREE,pwvn69,SUCCESS,200,19,0,2481,
2026-10-07T21:20:30Z,forums_gardenweb,thread,GW_hydroponics,4240370,SUCCESS,200,1,0,5190,
2026-10-07T21:20:30Z,reddit_arcticshift,comments_tree,RD_TREE,zusjk8,SUCCESS,200,4,0,2867,
2026-10-07T21:20:33Z,reddit_arcticshift,comments_tree,RD_TREE,16unxju,SUCCESS,200,3,0,2585,
2026-10-07T21:20:33Z,forums_gardenweb,thread,GW_hydroponics,6416928,SUCCESS,200,1,0,3460,
2026-10-07T21:20:35Z,reddit_arcticshift,comments_tree,RD_TREE,1fqryfw,SUCCESS,200,1,0,2411,
2026-10-07T21:20:37Z,reddit_arcticshift,comments_tree,RD_TREE,1ntvpy2,SUCCESS,200,6,0,1920,
2026-10-07T21:20:39Z,forums_gardenweb,thread,GW_hydroponics,2810580,SUCCESS,200,1,0,4890,
2026-10-07T21:20:40Z,reddit_arcticshift,comments_tree,RD_TREE,1woy24h,SUCCESS,200,4,0,2186,
2026-10-07T21:20:42Z,forums_gardenweb,thread,GW_hydroponics,1987893,SUCCESS,200,1,0,3383,
2026-10-07T21:20:43Z,reddit_arcticshift,comments_tree,RD_TREE,1c4c9h,SUCCESS,200,1,0,2452,
2026-10-07T21:20:45Z,reddit_arcticshift,comments_tree,RD_TREE,1wb6r5,SUCCESS,200,7,0,2286,
2026-10-07T21:20:47Z,forums_gardenweb,thread,GW_hydroponics,1996717,SUCCESS,200,1,0,3865,
2026-10-07T21:20:48Z,reddit_arcticshift,comments_tree,RD_TREE,3i0l8m,SUCCESS,200,5,0,2469,
2026-10-07T21:20:50Z,reddit_arcticshift,comments_tree,RD_TREE,5b4dpy,SUCCESS,200,4,0,2281,
2026-10-07T21:20:51Z,forums_gardenweb,thread,GW_hydroponics,1993258,SUCCESS,200,1,0,4267,
2026-10-07T21:20:53Z,reddit_arcticshift,comments_tree,RD_TREE,612ip4,SUCCESS,200,2,0,2439,
2026-10-07T21:20:54Z,forums_gardenweb,thread,GW_hydroponics,3354521,SUCCESS,200,1,0,2809,
2026-10-07T21:20:55Z,reddit_arcticshift,comments_tree,RD_TREE,99557d,SUCCESS,200,4,0,2575,
2026-10-07T21:20:57Z,reddit_arcticshift,comments_tree,RD_TREE,ecz2rv,SUCCESS,200,2,0,2101,
2026-10-07T21:20:59Z,forums_gardenweb,thread,GW_hydroponics,1997529,SUCCESS,200,1,0,3822,
2026-10-07T21:21:00Z,reddit_arcticshift,comments_tree,RD_TREE,i7vsxa,SUCCESS,200,1,0,1933,
2026-10-07T21:21:03Z,reddit_arcticshift,comments_tree,RD_TREE,m1oba2,SUCCESS,200,2,0,2221,
2026-10-07T21:21:03Z,forums_gardenweb,thread,GW_hydroponics,1996573,SUCCESS,200,1,0,4124,
2026-10-07T21:21:05Z,reddit_arcticshift,comments_tree,RD_TREE,tkvkgo,SUCCESS,200,3,0,2568,
2026-10-07T21:21:07Z,forums_gardenweb,thread,GW_hydroponics,1985964,SUCCESS,200,1,0,3795,
2026-10-07T21:21:08Z,reddit_arcticshift,comments_tree,RD_TREE,150kgj6,SUCCESS,200,14,0,2511,
2026-10-07T21:21:10Z,reddit_arcticshift,comments_tree,RD_TREE,1c6cddt,SUCCESS,200,3,0,2196,
2026-10-07T21:21:11Z,forums_gardenweb,thread,GW_hydroponics,4663334,SUCCESS,200,1,0,4181,
2026-10-07T21:21:14Z,reddit_arcticshift,comments_tree,RD_TREE,1ihyhu4,SUCCESS,200,3,0,3263,
2026-10-07T21:21:15Z,forums_gardenweb,thread,GW_hydroponics,1986622,SUCCESS,200,1,0,3082,
2026-10-07T21:21:18Z,reddit_arcticshift,comments_tree,RD_TREE,1uwiw2p,SUCCESS,200,3,0,3971,
2026-10-07T21:21:18Z,forums_gardenweb,thread,GW_hydroponics,4257308,SUCCESS,200,1,0,2328,
2026-10-07T21:21:21Z,reddit_arcticshift,comments_tree,RD_TREE,20jg93,SUCCESS,200,17,0,2751,
2026-10-07T21:21:22Z,forums_gardenweb,thread,GW_hydroponics,1989099,SUCCESS,200,1,0,2967,
2026-10-07T21:21:23Z,reddit_arcticshift,comments_tree,RD_TREE,5hx017,SUCCESS,200,2,0,2199,
2026-10-07T21:21:26Z,reddit_arcticshift,comments_tree,RD_TREE,5xfnz1,SUCCESS,200,6,0,2487,
2026-10-07T21:21:28Z,reddit_arcticshift,comments_tree,RD_TREE,dy0ikw,SUCCESS,200,24,0,2619,
2026-10-07T21:21:29Z,forums_gardenweb,thread,GW_hydroponics,1985999,SUCCESS,200,1,0,5388,
2026-10-07T21:21:31Z,reddit_arcticshift,comments_tree,RD_TREE,gmngub,SUCCESS,200,2,0,2356,
2026-10-07T21:21:32Z,forums_gardenweb,thread,GW_hydroponics,1992278,SUCCESS,200,1,0,3407,
2026-10-07T21:21:33Z,reddit_arcticshift,comments_tree,RD_TREE,n1tpnm,SUCCESS,200,4,0,2655,
2026-10-07T21:21:36Z,reddit_arcticshift,comments_tree,RD_TREE,14nqj65,SUCCESS,200,11,0,2553,
2026-10-07T21:21:36Z,forums_gardenweb,thread,GW_hydroponics,1991787,SUCCESS,200,1,0,3025,
2026-10-07T21:21:37Z,reddit_arcticshift,comments_tree,RD_TREE,1daazvz,SUCCESS,200,4,0,1490,
2026-10-07T21:21:41Z,reddit_arcticshift,comments_tree,RD_TREE,1j6c9c4,SUCCESS,200,1,0,2095,
2026-10-07T21:21:42Z,forums_gardenweb,thread,GW_hydroponics,1987855,SUCCESS,200,1,0,5283,
2026-10-07T21:21:43Z,reddit_arcticshift,comments_tree,RD_TREE,1uzsop0,SUCCESS,200,13,0,2099,
2026-10-07T21:21:46Z,reddit_arcticshift,comments_tree,RD_TREE,bwtd3,SUCCESS,200,2,0,2752,
2026-10-07T21:21:47Z,forums_gardenweb,thread,GW_hydroponics,1995909,SUCCESS,200,1,0,4297,
2026-10-07T21:21:49Z,reddit_arcticshift,comments_tree,RD_TREE,4llo0e,SUCCESS,200,3,0,2637,
2026-10-07T21:21:50Z,forums_gardenweb,thread,GW_hydroponics,1996183,SUCCESS,200,1,0,2863,
2026-10-07T21:21:52Z,reddit_arcticshift,comments_tree,RD_TREE,6zchsw,SUCCESS,200,3,0,2778,
2026-10-07T21:21:54Z,forums_gardenweb,thread,GW_hydroponics,3760534,SUCCESS,200,1,0,3594,
2026-10-07T21:21:54Z,reddit_arcticshift,comments_tree,RD_TREE,8111qk,SUCCESS,200,2,0,2640,
2026-10-07T21:21:57Z,reddit_arcticshift,comments_tree,RD_TREE,ehedi6,SUCCESS,200,3,0,2739,
2026-10-07T21:21:59Z,forums_gardenweb,thread,GW_hydroponics,1994468,SUCCESS,200,1,0,3979,
2026-10-07T21:21:59Z,reddit_arcticshift,comments_tree,RD_TREE,frii95,SUCCESS,200,6,0,2351,
2026-10-07T21:22:01Z,forums_gardenweb,thread,GW_hydroponics,1984940,SUCCESS,200,1,0,2331,
2026-10-07T21:22:02Z,reddit_arcticshift,comments_tree,RD_TREE,mef53s,SUCCESS,200,6,0,2605,
2026-10-07T21:22:05Z,reddit_arcticshift,comments_tree,RD_TREE,xh71s6,SUCCESS,200,2,0,2451,
2026-10-07T21:22:07Z,forums_gardenweb,thread,GW_hydroponics,1993727,SUCCESS,200,1,0,3878,
2026-10-07T21:22:07Z,reddit_arcticshift,comments_tree,RD_TREE,18qqme0,SUCCESS,200,3,0,2650,
2026-10-07T21:22:10Z,reddit_arcticshift,comments_tree,RD_TREE,1h9vhgh,SUCCESS,200,4,0,2395,
2026-10-07T21:22:11Z,forums_gardenweb,thread,GW_hydroponics,1991982,SUCCESS,200,1,0,3890,
2026-10-07T21:22:12Z,reddit_arcticshift,comments_tree,RD_TREE,1llg7dp,SUCCESS,200,1,0,2347,
2026-10-07T21:22:14Z,forums_gardenweb,thread,GW_hydroponics,5149209,SUCCESS,200,1,0,3159,
2026-10-07T21:22:14Z,reddit_arcticshift,comments_tree,RD_TREE,1vxlqp9,SUCCESS,200,11,0,2018,
2026-10-07T21:22:17Z,forums_gardenweb,thread,GW_hydroponics,1997144,SUCCESS,200,1,0,2421,
2026-10-07T21:22:18Z,reddit_arcticshift,comments_tree,RD_TREE,181xtc5,SUCCESS,200,6,0,2921,
2026-10-07T21:22:20Z,reddit_arcticshift,comments_tree,RD_TREE,1frhwxp,SUCCESS,200,1,0,2432,
2026-10-07T21:22:22Z,forums_gardenweb,thread,GW_hydroponics,1984791,SUCCESS,200,1,0,3765,
2026-10-07T21:22:23Z,reddit_arcticshift,comments_tree,RD_TREE,1k0vvsh,SUCCESS,200,3,0,2314,
2026-10-07T21:22:25Z,reddit_arcticshift,comments_tree,RD_TREE,1qpltga,SUCCESS,200,8,0,2250,
2026-10-07T21:22:27Z,forums_gardenweb,thread,GW_hydroponics,1997897,SUCCESS,200,1,0,3948,
2026-10-07T21:22:28Z,reddit_arcticshift,comments_tree,RD_TREE,eqhnd,SUCCESS,200,3,0,3081,
2026-10-07T21:22:31Z,reddit_arcticshift,comments_tree,RD_TREE,rs5cm,SUCCESS,200,9,0,2944,
2026-10-07T21:22:32Z,forums_gardenweb,thread,GW_hydroponics,1997686,SUCCESS,200,1,0,4836,
2026-10-07T21:22:34Z,reddit_arcticshift,comments_tree,RD_TREE,1b63z8,SUCCESS,200,3,0,2304,
2026-10-07T21:22:36Z,reddit_arcticshift,comments_tree,RD_TREE,2a0fc5,SUCCESS,200,9,0,1737,
2026-10-07T21:22:36Z,forums_gardenweb,thread,GW_hydroponics,1984397,SUCCESS,200,1,0,4890,
2026-10-07T21:22:39Z,reddit_arcticshift,comments_tree,RD_TREE,45n6pr,SUCCESS,200,3,0,2663,
2026-10-07T21:22:39Z,forums_gardenweb,thread,GW_hydroponics,1993621,SUCCESS,200,1,0,2864,
2026-10-07T21:22:41Z,reddit_arcticshift,comments_tree,RD_TREE,68ivv1,SUCCESS,200,4,0,1547,
2026-10-07T21:22:43Z,forums_gardenweb,thread,GW_hydroponics,1987358,SUCCESS,200,1,0,2184,
2026-10-07T21:22:43Z,reddit_arcticshift,comments_tree,RD_TREE,a5apg9,SUCCESS,200,5,0,1679,
2026-10-07T21:22:47Z,reddit_arcticshift,comments_tree,RD_TREE,dv73re,SUCCESS,200,2,0,2464,
2026-10-07T21:22:48Z,forums_gardenweb,thread,GW_hydroponics,1993979,SUCCESS,200,1,0,3338,
2026-10-07T21:22:49Z,reddit_arcticshift,comments_tree,RD_TREE,jcpayg,SUCCESS,200,5,0,2919,
2026-10-07T21:22:52Z,reddit_arcticshift,comments_tree,RD_TREE,lfic39,SUCCESS,200,7,0,2596,
2026-10-07T21:22:52Z,forums_gardenweb,thread,GW_hydroponics,1996708,SUCCESS,200,1,0,3680,
2026-10-07T21:22:55Z,reddit_arcticshift,comments_tree,RD_TREE,yb16lm,SUCCESS,200,10,0,2920,
2026-10-07T21:22:56Z,forums_gardenweb,thread,GW_hydroponics,1992632,SUCCESS,200,1,0,3622,
2026-10-07T21:22:58Z,reddit_arcticshift,comments_tree,RD_TREE,157ovrd,SUCCESS,200,18,0,2643,
2026-10-07T21:23:00Z,reddit_arcticshift,comments_tree,RD_TREE,1fvsdn6,SUCCESS,200,3,0,2210,
2026-10-07T21:23:02Z,forums_gardenweb,thread,GW_hydroponics,3678250,SUCCESS,200,1,0,5059,
2026-10-07T21:23:03Z,reddit_arcticshift,comments_tree,RD_TREE,1prj94l,SUCCESS,200,8,0,2941,
2026-10-07T21:23:06Z,reddit_arcticshift,comments_tree,RD_TREE,1w9l338,SUCCESS,200,2,0,2961,
2026-10-07T21:23:08Z,reddit_arcticshift,comments_tree,RD_TREE,ram3o,SUCCESS,200,3,0,2156,
2026-10-07T21:23:08Z,forums_gardenweb,thread,GW_hydroponics,5590206,SUCCESS,200,1,0,6773,
2026-10-07T21:23:11Z,reddit_arcticshift,comments_tree,RD_TREE,1rshoj,SUCCESS,200,5,0,2435,
2026-10-07T21:23:13Z,reddit_arcticshift,comments_tree,RD_TREE,21dpqr,SUCCESS,200,4,0,1853,
2026-10-07T21:23:15Z,forums_gardenweb,thread,GW_hydroponics,1995267,SUCCESS,200,1,0,6174,
2026-10-07T21:23:16Z,reddit_arcticshift,comments_tree,RD_TREE,3paj5d,SUCCESS,200,5,0,1915,
2026-10-07T21:23:17Z,forums_gardenweb,thread,GW_hydroponics,1995361,SUCCESS,200,1,0,2479,
2026-10-07T21:23:19Z,reddit_arcticshift,comments_tree,RD_TREE,4orjd7,SUCCESS,200,3,0,3286,
2026-10-07T21:23:22Z,reddit_arcticshift,comments_tree,RD_TREE,6jbo0g,SUCCESS,200,2,0,2083,
2026-10-07T21:23:23Z,forums_gardenweb,thread,GW_hydroponics,1986803,SUCCESS,200,1,0,3777,
2026-10-07T21:23:24Z,reddit_arcticshift,comments_tree,RD_TREE,a8hzby,SUCCESS,200,3,0,1909,
2026-10-07T21:23:27Z,reddit_arcticshift,comments_tree,RD_TREE,bywtj9,SUCCESS,200,2,0,2375,
2026-10-07T21:23:29Z,reddit_arcticshift,comments_tree,RD_TREE,klxj5w,SUCCESS,200,1,0,1972,
2026-10-07T21:23:30Z,forums_gardenweb,thread,GW_hydroponics,3268770,SUCCESS,200,1,0,7126,
2026-10-07T21:23:32Z,reddit_arcticshift,comments_tree,RD_TREE,mavug6,SUCCESS,200,2,0,2145,
2026-10-07T21:23:34Z,reddit_arcticshift,comments_tree,RD_TREE,x6fhuz,SUCCESS,200,9,0,2037,
2026-10-07T21:23:35Z,forums_gardenweb,thread,GW_hydroponics,1998476,SUCCESS,200,1,0,4920,
2026-10-07T21:23:37Z,reddit_arcticshift,comments_tree,RD_TREE,15upopy,SUCCESS,200,3,0,2548,
2026-10-07T21:23:39Z,forums_gardenweb,thread,GW_hydroponics,1993830,SUCCESS,200,1,0,4540,
2026-10-07T21:23:40Z,reddit_arcticshift,comments_tree,RD_TREE,1aujehk,SUCCESS,200,7,0,2472,
2026-10-07T21:23:42Z,reddit_arcticshift,comments_tree,RD_TREE,1pywhbs,SUCCESS,200,3,0,2071,
2026-10-07T21:23:44Z,reddit_arcticshift,comments_tree,RD_TREE,1s6k51u,SUCCESS,200,31,0,1843,
2026-10-07T21:23:45Z,forums_gardenweb,thread,GW_hydroponics,1994335,SUCCESS,200,1,0,5571,
2026-10-07T21:23:47Z,reddit_arcticshift,comments_tree,RD_TREE,3wue5c,SUCCESS,200,3,0,2147,
2026-10-07T21:23:49Z,reddit_arcticshift,comments_tree,RD_TREE,g2w83g,SUCCESS,200,7,0,2085,
2026-10-07T21:23:49Z,forums_gardenweb,thread,GW_hydroponics,1985289,SUCCESS,200,1,0,4066,
2026-10-07T21:23:51Z,forums_gardenweb,thread,GW_hydroponics,4124984,SUCCESS,200,1,0,2151,
2026-10-07T21:23:52Z,reddit_arcticshift,comments_tree,RD_TREE,u9civ4,SUCCESS,200,11,0,2063,
2026-10-07T21:23:55Z,reddit_arcticshift,comments_tree,RD_TREE,18dw83h,SUCCESS,200,19,0,2431,
2026-10-07T21:23:56Z,reddit_arcticshift,comments_tree,RD_TREE,1ejq4xd,SUCCESS,200,11,0,1811,
2026-10-07T21:23:56Z,forums_gardenweb,thread,GW_hydroponics,1987466,SUCCESS,200,1,0,3199,
2026-10-07T21:23:59Z,reddit_arcticshift,comments_tree,RD_TREE,1n2shg0,SUCCESS,200,6,0,1929,
2026-10-07T21:24:02Z,reddit_arcticshift,comments_tree,RD_TREE,4wdn3e,SUCCESS,200,2,0,2366,
2026-10-07T21:24:03Z,forums_gardenweb,thread,GW_hydroponics,4510893,SUCCESS,200,1,0,5447,
2026-10-07T21:24:04Z,reddit_arcticshift,comments_tree,RD_TREE,782wmy,SUCCESS,200,3,0,2292,
2026-10-07T21:24:07Z,reddit_arcticshift,comments_tree,RD_TREE,a8s346,SUCCESS,200,4,0,2108,
2026-10-07T21:24:07Z,forums_gardenweb,thread,GW_hydroponics,3990175,SUCCESS,200,1,0,4583,
2026-10-07T21:24:09Z,reddit_arcticshift,comments_tree,RD_TREE,e1e5tf,SUCCESS,200,3,0,1949,
2026-10-07T21:24:12Z,reddit_arcticshift,comments_tree,RD_TREE,k0x6b2,SUCCESS,200,2,0,2016,
2026-10-07T21:24:12Z,forums_gardenweb,thread,GW_hydroponics,1994205,SUCCESS,200,1,0,4443,
2026-10-07T21:24:14Z,reddit_arcticshift,comments_tree,RD_TREE,lfkd44,SUCCESS,200,5,0,2177,
2026-10-07T21:24:17Z,forums_gardenweb,thread,GW_hydroponics,1987825,SUCCESS,200,1,0,4748,
2026-10-07T21:24:17Z,reddit_arcticshift,comments_tree,RD_TREE,sqq5ec,SUCCESS,200,2,0,2102,
2026-10-07T21:24:20Z,reddit_arcticshift,comments_tree,RD_TREE,12uqs9e,SUCCESS,200,2,0,2967,
2026-10-07T21:24:23Z,reddit_arcticshift,comments_tree,RD_TREE,1hnp7nq,SUCCESS,200,3,0,2643,
2026-10-07T21:24:25Z,reddit_arcticshift,comments_tree,RD_TREE,1ow4rm7,SUCCESS,200,7,0,2387,
2026-10-07T21:24:26Z,forums_gardenweb,thread,GW_hydroponics,1982858,SUCCESS,200,1,0,9188,
2026-10-07T21:24:28Z,reddit_arcticshift,comments_tree,RD_TREE,1s736dr,SUCCESS,200,7,0,2436,
2026-10-07T21:24:30Z,reddit_arcticshift,comments_tree,RD_TREE,6spq2j,SUCCESS,200,2,0,2170,
2026-10-07T21:24:30Z,forums_gardenweb,thread,GW_hydroponics,1993605,SUCCESS,200,1,0,4163,
2026-10-07T21:24:32Z,reddit_arcticshift,comments_tree,RD_TREE,7s0ma0,SUCCESS,200,3,0,2220,
2026-10-07T21:24:35Z,reddit_arcticshift,comments_tree,RD_TREE,cciuvu,SUCCESS,200,2,0,1749,
2026-10-07T21:24:35Z,forums_gardenweb,thread,GW_hydroponics,1989967,SUCCESS,200,1,0,5230,
2026-10-07T21:24:37Z,reddit_arcticshift,comments_tree,RD_TREE,i7u6yg,SUCCESS,200,3,0,1884,
2026-10-07T21:24:40Z,reddit_arcticshift,comments_tree,RD_TREE,n3fw5a,SUCCESS,200,2,0,2108,
2026-10-07T21:24:41Z,forums_gardenweb,thread,GW_hydroponics,4405999,SUCCESS,200,1,0,5763,
2026-10-07T21:24:43Z,reddit_arcticshift,comments_tree,RD_TREE,u7d3vm,SUCCESS,200,1,0,2674,
2026-10-07T21:24:45Z,reddit_arcticshift,comments_tree,RD_TREE,101gvqu,SUCCESS,200,3,0,2503,
2026-10-07T21:24:46Z,forums_gardenweb,thread,GW_hydroponics,1991722,SUCCESS,200,1,0,5183,
2026-10-07T21:24:48Z,reddit_arcticshift,comments_tree,RD_TREE,1dxhsqs,SUCCESS,200,4,0,2864,
2026-10-07T21:24:51Z,reddit_arcticshift,comments_tree,RD_TREE,1jk2al3,SUCCESS,200,5,0,2368,
2026-10-07T21:24:53Z,forums_gardenweb,thread,GW_hydroponics,1992981,SUCCESS,200,1,0,6419,
2026-10-07T21:24:53Z,reddit_arcticshift,comments_tree,RD_TREE,1s00v1i,SUCCESS,200,7,0,1962,
2026-10-07T21:24:56Z,reddit_arcticshift,comments_tree,RD_TREE,vqhmw9,SUCCESS,200,49,0,2285,
2026-10-07T21:24:58Z,forums_gardenweb,thread,GW_hydroponics,1983879,SUCCESS,200,1,0,4987,
2026-10-07T21:24:58Z,reddit_arcticshift,comments_tree,RD_TREE,11q6vxi,SUCCESS,200,10,0,1965,
2026-10-07T21:25:00Z,reddit_arcticshift,comments_tree,RD_TREE,195h22h,SUCCESS,200,3,0,1780,
2026-10-07T21:25:02Z,forums_gardenweb,thread,GW_hydroponics,4713715,SUCCESS,200,1,0,4187,
2026-10-07T21:25:04Z,reddit_arcticshift,comments_tree,RD_TREE,1372z7,SUCCESS,200,3,0,3142,
2026-10-07T21:25:07Z,forums_gardenweb,thread,GW_hydroponics,1991881,SUCCESS,200,1,0,4706,
2026-10-07T21:25:07Z,reddit_arcticshift,comments_tree,RD_TREE,1ufcyg,SUCCESS,200,5,0,3008,
2026-10-07T21:25:10Z,reddit_arcticshift,comments_tree,RD_TREE,3zfa44,SUCCESS,200,3,0,2526,
2026-10-07T21:25:12Z,reddit_arcticshift,comments_tree,RD_TREE,74dffl,SUCCESS,200,5,0,2027,
2026-10-07T21:25:12Z,forums_gardenweb,thread,GW_hydroponics,2810511,SUCCESS,200,1,0,5602,
2026-10-07T21:25:14Z,reddit_arcticshift,comments_tree,RD_TREE,8zpdg4,SUCCESS,200,2,0,2108,
2026-10-07T21:25:16Z,reddit_arcticshift,comments_tree,RD_TREE,bnex54,SUCCESS,200,3,0,1758,
2026-10-07T21:25:19Z,forums_gardenweb,thread,GW_hydroponics,1997826,SUCCESS,200,1,0,6200,
2026-10-07T21:25:20Z,reddit_arcticshift,comments_tree,RD_TREE,hw338u,SUCCESS,200,4,0,2630,
2026-10-07T21:25:22Z,reddit_arcticshift,comments_tree,RD_TREE,r20k9o,SUCCESS,200,9,0,2354,
2026-10-07T21:25:24Z,forums_gardenweb,thread,GW_hydroponics,1994617,SUCCESS,200,1,0,5528,
2026-10-07T21:25:25Z,reddit_arcticshift,comments_tree,RD_TREE,z6xya5,SUCCESS,200,13,0,2500,
2026-10-07T21:25:27Z,reddit_arcticshift,comments_tree,RD_TREE,12i2ii3,SUCCESS,200,1,0,2100,
2026-10-07T21:25:28Z,forums_gardenweb,thread,GW_hydroponics,1984357,SUCCESS,200,1,0,3696,
2026-10-07T21:25:29Z,reddit_arcticshift,comments_tree,RD_TREE,1dm0q25,SUCCESS,200,4,0,2029,
2026-10-07T21:25:32Z,reddit_arcticshift,comments_tree,RD_TREE,1mv334b,SUCCESS,200,8,0,2297,
2026-10-07T21:25:33Z,forums_gardenweb,thread,GW_hydroponics,3885561,SUCCESS,200,1,0,4766,
2026-10-07T21:25:34Z,reddit_arcticshift,comments_tree,RD_TREE,1rw81wv,SUCCESS,200,2,0,1798,
2026-10-07T21:25:38Z,reddit_arcticshift,comments_tree,RD_TREE,40pwkb,SUCCESS,200,5,0,2756,
2026-10-07T21:25:38Z,forums_gardenweb,thread,GW_hydroponics,1997863,SUCCESS,200,1,0,5389,
2026-10-07T21:25:39Z,reddit_arcticshift,comments_tree,RD_TREE,826f2c,SUCCESS,200,9,0,1890,
2026-10-07T21:25:43Z,reddit_arcticshift,comments_tree,RD_TREE,1h9wptu,SUCCESS,200,66,0,2593,
2026-10-07T21:25:44Z,forums_gardenweb,thread,GW_hydroponics,1988049,SUCCESS,200,1,0,5384,
2026-10-07T21:25:45Z,reddit_arcticshift,comments_tree,RD_TREE,2imvo5,SUCCESS,200,4,0,2252,
2026-10-07T21:25:48Z,reddit_arcticshift,comments_tree,RD_TREE,3oo1vj,SUCCESS,200,3,0,2562,
2026-10-07T21:25:50Z,forums_gardenweb,thread,GW_hydroponics,1997607,SUCCESS,200,1,0,6098,
2026-10-07T21:25:50Z,reddit_arcticshift,comments_tree,RD_TREE,5w3ljg,SUCCESS,200,4,0,2342,
2026-10-07T21:25:52Z,reddit_arcticshift,comments_tree,RD_TREE,a72g79,SUCCESS,200,6,0,2014,
2026-10-07T21:25:55Z,reddit_arcticshift,comments_tree,RD_TREE,bo8iiq,SUCCESS,200,6,0,2099,
2026-10-07T21:25:57Z,forums_gardenweb,thread,GW_hydroponics,3882287,SUCCESS,200,1,0,7050,
2026-10-07T21:25:57Z,reddit_arcticshift,comments_tree,RD_TREE,illi5c,SUCCESS,200,1,0,1986,
2026-10-07T21:26:01Z,reddit_arcticshift,comments_tree,RD_TREE,l0jyl3,SUCCESS,200,4,0,2785,
2026-10-07T21:26:03Z,forums_gardenweb,thread,GW_hydroponics,1994037,SUCCESS,200,1,0,5470,
2026-10-07T21:26:03Z,reddit_arcticshift,comments_tree,RD_TREE,7rawyu,SUCCESS,200,2,0,2735,
2026-10-07T21:26:05Z,reddit_arcticshift,comments_tree,RD_TREE,bgo4mx,SUCCESS,200,2,0,2072,
2026-10-07T21:26:08Z,reddit_arcticshift,comments_tree,RD_TREE,k9ll1j,SUCCESS,200,2,0,1919,
2026-10-07T21:26:10Z,reddit_arcticshift,comments_tree,RD_TREE,mw67ud,SUCCESS,200,4,0,2178,
2026-10-07T21:26:11Z,forums_gardenweb,thread,GW_hydroponics,4089752,SUCCESS,200,1,0,8529,
2026-10-07T21:26:13Z,reddit_arcticshift,comments_tree,RD_TREE,s2ccty,SUCCESS,200,5,0,2404,
2026-10-07T21:26:15Z,reddit_arcticshift,comments_tree,RD_TREE,17h0s3k,SUCCESS,200,2,0,2076,
2026-10-07T21:26:16Z,forums_gardenweb,thread,GW_hydroponics,1990890,SUCCESS,200,1,0,4394,
2026-10-07T21:26:18Z,reddit_arcticshift,comments_tree,RD_TREE,1goxeao,SUCCESS,200,4,0,2421,
2026-10-07T21:26:21Z,reddit_arcticshift,comments_tree,RD_TREE,1kj3dkk,SUCCESS,200,4,0,2703,
2026-10-07T21:26:23Z,forums_gardenweb,thread,GW_hydroponics,1993779,SUCCESS,200,1,0,7474,
2026-10-07T21:26:23Z,reddit_arcticshift,comments_tree,RD_TREE,1t15451,SUCCESS,200,4,0,2339,
2026-10-07T21:26:25Z,reddit_arcticshift,comments_tree,RD_TREE,1p0b7x,SUCCESS,200,2,0,1929,
2026-10-07T21:26:29Z,reddit_arcticshift,comments_tree,RD_TREE,hgm3x3,SUCCESS,200,7,0,2753,
2026-10-07T21:26:30Z,forums_gardenweb,thread,GW_hydroponics,1988303,SUCCESS,200,1,0,7021,
2026-10-07T21:26:32Z,reddit_arcticshift,comments_tree,RD_TREE,1djdni,SUCCESS,200,3,0,2973,
2026-10-07T21:26:34Z,reddit_arcticshift,comments_tree,RD_TREE,23ixp8,SUCCESS,200,1,0,2392,
2026-10-07T21:26:36Z,forums_gardenweb,thread,GW_hydroponics,3128178,SUCCESS,200,1,0,6029,
2026-10-07T21:26:36Z,reddit_arcticshift,comments_tree,RD_TREE,30ac66,SUCCESS,200,2,0,2209,
2026-10-07T21:26:39Z,reddit_arcticshift,comments_tree,RD_TREE,57yeff,SUCCESS,200,1,0,1952,
2026-10-07T21:26:41Z,reddit_arcticshift,comments_tree,RD_TREE,8mr81g,SUCCESS,200,1,0,2045,
2026-10-07T21:26:41Z,forums_gardenweb,thread,GW_hydroponics,1992040,SUCCESS,200,1,0,4979,
2026-10-07T21:26:44Z,reddit_arcticshift,comments_tree,RD_TREE,td5ci,SUCCESS,200,1,0,2597,
2026-10-07T21:26:47Z,reddit_arcticshift,comments_tree,RD_TREE,1g67dl,SUCCESS,200,3,0,2404,
2026-10-07T21:26:47Z,forums_gardenweb,thread,GW_hydroponics,1995569,SUCCESS,200,1,0,5522,
2026-10-07T21:26:49Z,reddit_arcticshift,comments_tree,RD_TREE,1un5hv,SUCCESS,200,2,0,2119,
2026-10-07T21:26:51Z,forums_gardenweb,thread,GW_hydroponics,1993212,SUCCESS,200,1,0,4118,
2026-10-07T21:26:52Z,reddit_arcticshift,comments_tree,RD_TREE,3wgjxh,SUCCESS,200,2,0,2596,
2026-10-07T21:26:54Z,reddit_arcticshift,comments_tree,RD_TREE,4ag6ay,SUCCESS,200,2,0,2472,
2026-10-07T21:26:57Z,reddit_arcticshift,comments_tree,RD_TREE,6iabwq,SUCCESS,200,3,0,2484,
2026-10-07T21:26:58Z,forums_gardenweb,thread,GW_hydroponics,1987576,SUCCESS,200,1,0,7134,
2026-10-07T21:27:00Z,reddit_arcticshift,comments_tree,RD_TREE,a9zuip,SUCCESS,200,4,0,2768,
2026-10-07T21:27:02Z,forums_gardenweb,thread,GW_hydroponics,1984592,SUCCESS,200,1,0,4096,
2026-10-07T21:27:03Z,reddit_arcticshift,comments_tree,RD_TREE,b4ksq8,SUCCESS,200,2,0,2813,
2026-10-07T21:27:05Z,reddit_arcticshift,comments_tree,RD_TREE,kk4z9i,SUCCESS,200,4,0,2384,
2026-10-07T21:27:06Z,forums_gardenweb,thread,GW_hydroponics,6391252,SUCCESS,200,1,0,4060,
2026-10-07T21:27:08Z,reddit_arcticshift,comments_tree,RD_TREE,mh76ez,SUCCESS,200,1,0,2646,
2026-10-07T21:27:09Z,reddit_arcticshift,comments_tree,RD_TREE,trfuzl,SUCCESS,200,5,0,1577,
2026-10-07T21:27:12Z,forums_gardenweb,thread,GW_hydroponics,1990776,SUCCESS,200,1,0,5881,
2026-10-07T21:27:13Z,reddit_arcticshift,comments_tree,RD_TREE,16uv9s9,SUCCESS,200,2,0,2500,
2026-10-07T21:27:15Z,reddit_arcticshift,comments_tree,RD_TREE,1hobm21,SUCCESS,200,2,0,2548,
2026-10-07T21:27:18Z,reddit_arcticshift,comments_tree,RD_TREE,1jn7tko,SUCCESS,200,3,0,2416,
2026-10-07T21:27:18Z,forums_gardenweb,thread,GW_hydroponics,1983717,SUCCESS,200,1,0,5643,
2026-10-07T21:27:20Z,reddit_arcticshift,comments_tree,RD_TREE,1wpoprv,SUCCESS,200,13,0,2318,
2026-10-07T21:27:23Z,reddit_arcticshift,comments_tree,RD_TREE,1ec957,SUCCESS,200,8,0,2651,
2026-10-07T21:27:25Z,reddit_arcticshift,comments_tree,RD_TREE,2eo2pe,SUCCESS,200,4,0,1934,
2026-10-07T21:27:27Z,forums_gardenweb,thread,GW_hydroponics,1993521,SUCCESS,200,1,0,8772,
2026-10-07T21:27:27Z,reddit_arcticshift,comments_tree,RD_TREE,3tewey,SUCCESS,200,2,0,1731,
2026-10-07T21:27:30Z,reddit_arcticshift,comments_tree,RD_TREE,4tv8fs,SUCCESS,200,4,0,2103,
2026-10-07T21:27:32Z,reddit_arcticshift,comments_tree,RD_TREE,6u43z4,SUCCESS,200,1,0,1967,
2026-10-07T21:27:33Z,forums_gardenweb,thread,GW_hydroponics,1997100,SUCCESS,200,1,0,6387,
2026-10-07T21:27:35Z,reddit_arcticshift,comments_tree,RD_TREE,8qtke6,SUCCESS,200,2,0,2273,
2026-10-07T21:27:38Z,reddit_arcticshift,comments_tree,RD_TREE,b5b53g,SUCCESS,200,5,0,2116,
2026-10-07T21:27:40Z,reddit_arcticshift,comments_tree,RD_TREE,kiyoag,SUCCESS,200,2,0,2212,
2026-10-07T21:27:41Z,forums_gardenweb,thread,GW_hydroponics,1990954,SUCCESS,200,1,0,8102,
2026-10-07T21:27:43Z,reddit_arcticshift,comments_tree,RD_TREE,r38lgk,SUCCESS,200,3,0,2128,
2026-10-07T21:27:45Z,reddit_arcticshift,comments_tree,RD_TREE,wfa3yc,SUCCESS,200,2,0,2092,
2026-10-07T21:27:47Z,forums_gardenweb,thread,GW_hydroponics,5907177,SUCCESS,200,1,0,5621,
2026-10-07T21:27:48Z,reddit_arcticshift,comments_tree,RD_TREE,17h0qkm,SUCCESS,200,5,0,2908,
2026-10-07T21:27:52Z,reddit_arcticshift,comments_tree,RD_TREE,1gkbpfu,SUCCESS,200,3,0,3076,
2026-10-07T21:27:53Z,forums_gardenweb,thread,GW_hydroponics,5060128,SUCCESS,200,1,0,5886,
2026-10-07T21:27:54Z,reddit_arcticshift,comments_tree,RD_TREE,1opsttd,SUCCESS,200,1,0,2750,
2026-10-07T21:27:56Z,reddit_arcticshift,comments_tree,RD_TREE,1scwm6t,SUCCESS,200,2,0,1762,
2026-10-07T21:28:00Z,reddit_arcticshift,comments_tree,RD_TREE,6ny2zh,SUCCESS,200,6,0,2947,
2026-10-07T21:28:01Z,forums_gardenweb,thread,GW_hydroponics,1986148,SUCCESS,200,1,0,7681,
2026-10-07T21:28:03Z,reddit_arcticshift,comments_tree,RD_TREE,bewg7s,SUCCESS,200,4,0,3113,
2026-10-07T21:28:05Z,reddit_arcticshift,comments_tree,RD_TREE,c9wiz,SUCCESS,200,3,0,2420,
2026-10-07T21:28:06Z,forums_gardenweb,thread,GW_hydroponics,1986617,SUCCESS,200,1,0,5167,
2026-10-07T21:28:08Z,reddit_arcticshift,comments_tree,RD_TREE,5kwy0i,SUCCESS,200,2,0,3054,
2026-10-07T21:28:10Z,reddit_arcticshift,comments_tree,RD_TREE,6kwjes,SUCCESS,200,3,0,1931,
2026-10-07T21:28:11Z,forums_gardenweb,thread,GW_hydroponics,3187646,SUCCESS,200,1,0,4988,
2026-10-07T21:28:13Z,reddit_arcticshift,comments_tree,RD_TREE,9b69rh,SUCCESS,200,2,0,2542,
2026-10-07T21:28:16Z,reddit_arcticshift,comments_tree,RD_TREE,av7uqb,SUCCESS,200,2,0,2594,
2026-10-07T21:28:17Z,forums_gardenweb,thread,GW_hydroponics,5186245,SUCCESS,200,1,0,6343,
2026-10-07T21:28:18Z,reddit_arcticshift,comments_tree,RD_TREE,hcro3a,SUCCESS,200,9,0,2381,
2026-10-07T21:28:21Z,reddit_arcticshift,comments_tree,RD_TREE,rp0648,SUCCESS,200,2,0,2400,
2026-10-07T21:28:23Z,reddit_arcticshift,comments_tree,RD_TREE,tkv5u4,SUCCESS,200,3,0,2244,
2026-10-07T21:28:24Z,forums_gardenweb,thread,GW_hydroponics,1997835,SUCCESS,200,1,0,6646,
2026-10-07T21:28:27Z,reddit_arcticshift,comments_tree,RD_TREE,18o4f6a,SUCCESS,200,1,0,2920,
2026-10-07T21:28:30Z,reddit_arcticshift,comments_tree,RD_TREE,1bsaipn,SUCCESS,200,5,0,3048,
2026-10-07T21:28:32Z,reddit_arcticshift,comments_tree,RD_TREE,1pxw2ba,SUCCESS,200,4,0,2158,
2026-10-07T21:28:32Z,forums_gardenweb,thread,GW_hydroponics,1983894,SUCCESS,200,1,0,7694,
2026-10-07T21:28:34Z,reddit_arcticshift,comments_tree,RD_TREE,1rgsas7,SUCCESS,200,4,0,2260,
2026-10-07T21:28:37Z,forums_gardenweb,thread,GW_hydroponics,5581872,SUCCESS,200,1,0,4804,
2026-10-07T21:28:37Z,reddit_arcticshift,comments_tree,RD_TREE,17wuxs9,SUCCESS,200,10,0,2108,
2026-10-07T21:28:39Z,reddit_arcticshift,comments_tree,RD_TREE,1c2pmq2,SUCCESS,200,2,0,2014,
2026-10-07T21:28:40Z,forums_gardenweb,thread,GW_hydroponics,4879061,SUCCESS,200,1,0,3833,
2026-10-07T21:28:42Z,reddit_arcticshift,comments_tree,RD_TREE,1owj4ge,SUCCESS,200,2,0,2659,
2026-10-07T21:28:45Z,forums_gardenweb,thread,GW_hydroponics,1987340,SUCCESS,200,1,0,4298,
2026-10-07T21:28:46Z,reddit_arcticshift,comments_tree,RD_TREE,1v1myr0,SUCCESS,200,8,0,3472,
2026-10-07T21:28:48Z,reddit_arcticshift,comments_tree,RD_TREE,tqyev,SUCCESS,200,11,0,2238,
2026-10-07T21:28:50Z,reddit_arcticshift,comments_tree,RD_TREE,1teo02,SUCCESS,200,3,0,1673,
2026-10-07T21:28:51Z,forums_gardenweb,thread,GW_hydroponics,1991396,SUCCESS,200,1,0,6298,
2026-10-07T21:28:53Z,reddit_arcticshift,comments_tree,RD_TREE,5kyn6x,SUCCESS,200,9,0,2622,
2026-10-07T21:28:55Z,forums_gardenweb,thread,GW_hydroponics,1997576,SUCCESS,200,1,0,3908,
2026-10-07T21:28:56Z,reddit_arcticshift,comments_tree,RD_TREE,64f1bo,SUCCESS,200,14,0,2844,
2026-10-07T21:28:58Z,forums_gardenweb,thread,GW_hydroponics,1998483,SUCCESS,200,1,0,2898,
2026-10-07T21:28:59Z,reddit_arcticshift,comments_tree,RD_TREE,9ivqhc,SUCCESS,200,6,0,2489,
2026-10-07T21:29:01Z,reddit_arcticshift,comments_tree,RD_TREE,cq43bo,SUCCESS,200,3,0,2513,
2026-10-07T21:29:02Z,forums_gardenweb,thread,GW_hydroponics,1990905,SUCCESS,200,1,0,3146,
2026-10-07T21:29:04Z,reddit_arcticshift,comments_tree,RD_TREE,jiepmq,SUCCESS,200,2,0,2573,
2026-10-07T21:29:05Z,reddit_arcticshift,comments_tree,RD_TREE,r3r5la,SUCCESS,200,4,0,1506,
2026-10-07T21:29:07Z,forums_gardenweb,thread,GW_hydroponics,1991814,SUCCESS,200,1,0,3815,
2026-10-07T21:29:09Z,reddit_arcticshift,comments_tree,RD_TREE,wlgz09,SUCCESS,200,7,0,2425,
2026-10-07T21:29:11Z,forums_gardenweb,thread,GW_hydroponics,1987383,SUCCESS,200,1,0,3757,
2026-10-07T21:29:12Z,reddit_arcticshift,comments_tree,RD_TREE,14mkaad,SUCCESS,200,11,0,2788,
2026-10-07T21:29:15Z,reddit_arcticshift,comments_tree,RD_TREE,1dgq3ey,SUCCESS,200,14,0,2841,
2026-10-07T21:29:16Z,forums_gardenweb,thread,GW_hydroponics,1988575,SUCCESS,200,1,0,4680,
2026-10-07T21:29:17Z,reddit_arcticshift,comments_tree,RD_TREE,1m76p6t,SUCCESS,200,14,0,2243,
2026-10-07T21:29:19Z,reddit_arcticshift,comments_tree,RD_TREE,1s0mw38,SUCCESS,200,2,0,1984,
2026-10-07T21:29:21Z,forums_gardenweb,thread,GW_hydroponics,1988241,SUCCESS,200,1,0,4622,
2026-10-07T21:29:22Z,reddit_arcticshift,comments_tree,RD_TREE,v7a7y,SUCCESS,200,4,0,2660,
2026-10-07T21:29:25Z,reddit_arcticshift,comments_tree,RD_TREE,1qng91,SUCCESS,200,3,0,2464,
2026-10-07T21:29:26Z,forums_gardenweb,thread,GW_hydroponics,1986613,SUCCESS,200,1,0,5273,
2026-10-07T21:29:27Z,reddit_arcticshift,comments_tree,RD_TREE,2lixef,SUCCESS,200,2,0,2037,
2026-10-07T21:29:29Z,reddit_arcticshift,comments_tree,RD_TREE,36juur,SUCCESS,200,6,0,1750,
2026-10-07T21:29:31Z,forums_gardenweb,thread,GW_hydroponics,1994582,SUCCESS,200,1,0,4970,
2026-10-07T21:29:32Z,reddit_arcticshift,comments_tree,RD_TREE,51fwuo,SUCCESS,200,8,0,2319,
2026-10-07T21:29:34Z,forums_gardenweb,thread,GW_hydroponics,1987835,SUCCESS,200,1,0,2680,
2026-10-07T21:29:34Z,reddit_arcticshift,comments_tree,RD_TREE,6vvqil,SUCCESS,200,2,0,2246,
2026-10-07T21:29:37Z,reddit_arcticshift,comments_tree,RD_TREE,8nvn0r,SUCCESS,200,3,0,2021,
2026-10-07T21:29:39Z,reddit_arcticshift,comments_tree,RD_TREE,d6mj6i,SUCCESS,200,5,0,1851,
2026-10-07T21:29:40Z,forums_gardenweb,thread,GW_hydroponics,1984837,SUCCESS,200,1,0,4844,
2026-10-07T21:29:42Z,reddit_arcticshift,comments_tree,RD_TREE,iwt447,SUCCESS,200,4,0,2435,
2026-10-07T21:29:44Z,reddit_arcticshift,comments_tree,RD_TREE,m77tai,SUCCESS,200,10,0,2069,
2026-10-07T21:29:45Z,forums_gardenweb,thread,GW_hydroponics,1991027,SUCCESS,200,1,0,4763,
2026-10-07T21:29:47Z,reddit_arcticshift,comments_tree,RD_TREE,xiyehb,SUCCESS,200,6,0,2179,
2026-10-07T21:29:50Z,reddit_arcticshift,comments_tree,RD_TREE,16upfqz,SUCCESS,200,3,0,2319,
2026-10-07T21:29:52Z,reddit_arcticshift,comments_tree,RD_TREE,1d836h6,SUCCESS,200,4,0,1829,
2026-10-07T21:29:54Z,forums_gardenweb,thread,GW_hydroponics,1990159,SUCCESS,200,1,0,9040,
2026-10-07T21:29:55Z,reddit_arcticshift,comments_tree,RD_TREE,1jkqi5n,SUCCESS,200,23,0,2490,
2026-10-07T21:29:57Z,reddit_arcticshift,comments_tree,RD_TREE,1u6r8pa,SUCCESS,200,12,0,2593,
2026-10-07T21:29:57Z,forums_gardenweb,thread,GW_hydroponics,1993566,SUCCESS,200,1,0,3697,
2026-10-07T21:30:00Z,reddit_arcticshift,comments_tree,RD_TREE,16bdubb,SUCCESS,200,6,0,2366,
2026-10-07T21:30:02Z,forums_gardenweb,thread,GW_hydroponics,5571078,SUCCESS,200,1,0,4273,
2026-10-07T21:30:03Z,reddit_arcticshift,comments_tree,RD_TREE,1np6pk3,SUCCESS,200,4,0,2668,
2026-10-07T21:30:05Z,reddit_arcticshift,comments_tree,RD_TREE,78dv92,SUCCESS,200,1,0,2856,
2026-10-07T21:30:07Z,forums_gardenweb,thread,GW_hydroponics,1998684,SUCCESS,200,1,0,4713,
2026-10-07T21:30:08Z,reddit_arcticshift,comments_tree,RD_TREE,av6cmb,SUCCESS,200,3,0,2353,
2026-10-07T21:30:10Z,reddit_arcticshift,comments_tree,RD_TREE,knubt1,SUCCESS,200,2,0,2401,
2026-10-07T21:30:11Z,forums_gardenweb,thread,GW_hydroponics,1992126,SUCCESS,200,1,0,4552,
2026-10-07T21:30:13Z,reddit_arcticshift,comments_tree,RD_TREE,romq99,SUCCESS,200,5,0,2211,
2026-10-07T21:30:15Z,reddit_arcticshift,comments_tree,RD_TREE,w3rl2z,SUCCESS,200,5,0,2464,
2026-10-07T21:30:15Z,forums_gardenweb,thread,GW_hydroponics,1986093,SUCCESS,200,1,0,4014,
2026-10-07T21:30:19Z,forums_gardenweb,thread,GW_hydroponics,1998347,SUCCESS,200,1,0,3706,
2026-10-07T21:30:19Z,reddit_arcticshift,comments_tree,RD_TREE,17vi8rb,SUCCESS,200,1,0,3852,
2026-10-07T21:30:23Z,reddit_arcticshift,comments_tree,RD_TREE,1hk377c,SUCCESS,200,3,0,3492,
2026-10-07T21:30:24Z,forums_gardenweb,thread,GW_hydroponics,1985026,SUCCESS,200,1,0,4782,
2026-10-07T21:30:25Z,reddit_arcticshift,comments_tree,RD_TREE,1omdkcm,SUCCESS,200,2,0,2133,
2026-10-07T21:30:27Z,reddit_arcticshift,comments_tree,RD_TREE,1vu48zi,SUCCESS,200,6,0,1782,
2026-10-07T21:30:27Z,forums_gardenweb,thread,GW_hydroponics,1991386,SUCCESS,200,1,0,3128,
2026-10-07T21:30:30Z,reddit_arcticshift,comments_tree,RD_TREE,9we77p,SUCCESS,200,3,0,2008,
2026-10-07T21:30:31Z,forums_gardenweb,thread,GW_hydroponics,1996665,SUCCESS,200,1,0,2492,
2026-10-07T21:30:33Z,reddit_arcticshift,comments_tree,RD_TREE,bb9xyn,SUCCESS,200,2,0,2329,
2026-10-07T21:30:34Z,reddit_arcticshift,comments_tree,RD_TREE,kf3xv1,SUCCESS,200,3,0,1664,
2026-10-07T21:30:36Z,forums_gardenweb,thread,GW_hydroponics,1983749,SUCCESS,200,1,0,3906,
2026-10-07T21:30:37Z,reddit_arcticshift,comments_tree,RD_TREE,mey3iw,SUCCESS,200,3,0,2157,
2026-10-07T21:30:40Z,forums_gardenweb,thread,GW_hydroponics,1992222,SUCCESS,200,1,0,3789,
2026-10-07T21:30:41Z,reddit_arcticshift,comments_tree,RD_TREE,rxb5zi,SUCCESS,200,5,0,3013,
2026-10-07T21:30:43Z,reddit_arcticshift,comments_tree,RD_TREE,132ga22,SUCCESS,200,3,0,1945,
2026-10-07T21:30:44Z,forums_gardenweb,thread,GW_hydroponics,1987494,SUCCESS,200,1,0,3761,
2026-10-07T21:30:45Z,reddit_arcticshift,comments_tree,RD_TREE,1dcvbht,SUCCESS,200,3,0,1833,
2026-10-07T21:30:48Z,reddit_arcticshift,comments_tree,RD_TREE,1mnzlqk,SUCCESS,200,3,0,1713,
2026-10-07T21:30:48Z,forums_gardenweb,thread,GW_hydroponics,3733644,SUCCESS,200,1,0,3905,
2026-10-07T21:30:51Z,reddit_arcticshift,comments_tree,RD_TREE,1syye50,SUCCESS,200,10,0,2809,
2026-10-07T21:30:53Z,forums_gardenweb,thread,GW_hydroponics,1989163,SUCCESS,200,1,0,4820,
2026-10-07T21:30:54Z,reddit_arcticshift,comments_tree,RD_TREE,7hghgp,SUCCESS,200,5,0,2735,
2026-10-07T21:30:56Z,reddit_arcticshift,comments_tree,RD_TREE,a12mx7,SUCCESS,200,4,0,2479,
2026-10-07T21:30:59Z,reddit_arcticshift,comments_tree,RD_TREE,c4lhkv,SUCCESS,200,5,0,2213,
2026-10-07T21:30:59Z,forums_gardenweb,thread,GW_hydroponics,1983480,SUCCESS,200,1,0,5515,
2026-10-07T21:31:01Z,forums_gardenweb,thread,GW_hydroponics,1995652,SUCCESS,200,1,0,2742,
2026-10-07T21:31:02Z,reddit_arcticshift,comments_tree,RD_TREE,j9w1jq,SUCCESS,200,3,0,2832,
2026-10-07T21:31:05Z,reddit_arcticshift,comments_tree,RD_TREE,lxrpj1,SUCCESS,200,2,0,2726,
2026-10-07T21:31:07Z,forums_gardenweb,thread,GW_hydroponics,1995743,SUCCESS,200,1,0,4312,
2026-10-07T21:31:07Z,reddit_arcticshift,comments_tree,RD_TREE,xqteg9,SUCCESS,200,2,0,2636,
2026-10-07T21:31:10Z,reddit_arcticshift,comments_tree,RD_TREE,18g8poa,SUCCESS,200,3,0,2346,
2026-10-07T21:31:11Z,forums_gardenweb,thread,GW_hydroponics,4169593,SUCCESS,200,1,0,4268,
2026-10-07T21:31:12Z,reddit_arcticshift,comments_tree,RD_TREE,1b2crdq,SUCCESS,200,1,0,2656,
2026-10-07T21:31:14Z,reddit_arcticshift,comments_tree,RD_TREE,1j606cj,SUCCESS,200,2,0,2023,
2026-10-07T21:31:16Z,forums_gardenweb,thread,GW_hydroponics,1994862,SUCCESS,200,1,0,4720,
2026-10-07T21:31:17Z,reddit_arcticshift,comments_tree,RD_TREE,1s83tv2,SUCCESS,200,5,0,2595,
2026-10-07T21:31:20Z,reddit_arcticshift,comments_tree,RD_TREE,4qcjw0,SUCCESS,200,5,0,2529,
2026-10-07T21:31:21Z,forums_gardenweb,thread,GW_hydroponics,1996727,SUCCESS,200,1,0,4582,
2026-10-07T21:31:24Z,reddit_arcticshift,comments_tree,RD_TREE,3azu8d,SUCCESS,200,6,0,3757,
2026-10-07T21:31:25Z,forums_gardenweb,thread,GW_hydroponics,1985239,SUCCESS,200,1,0,4546,
2026-10-07T21:31:27Z,reddit_arcticshift,comments_tree,RD_TREE,itarp2,SUCCESS,200,4,0,3494,
2026-10-07T21:31:29Z,reddit_arcticshift,comments_tree,RD_TREE,p7mc8q,SUCCESS,200,2,0,2014,
2026-10-07T21:31:30Z,forums_gardenweb,thread,GW_hydroponics,1991430,SUCCESS,200,1,0,4372,
2026-10-07T21:31:32Z,reddit_arcticshift,comments_tree,RD_TREE,s71kjs,SUCCESS,200,2,0,1995,
2026-10-07T21:31:34Z,reddit_arcticshift,comments_tree,RD_TREE,18r8ugk,SUCCESS,200,8,0,2204,
2026-10-07T21:31:35Z,forums_gardenweb,thread,GW_hydroponics,2810577,SUCCESS,200,1,0,5701,
2026-10-07T21:31:37Z,reddit_arcticshift,comments_tree,RD_TREE,1ahe9an,SUCCESS,200,4,0,2090,
2026-10-07T21:31:37Z,forums_gardenweb,thread,GW_hydroponics,1989161,SUCCESS,200,1,0,1971,
2026-10-07T21:31:39Z,reddit_arcticshift,comments_tree,RD_TREE,1k6chcn,SUCCESS,200,3,0,2055,
2026-10-07T21:31:42Z,reddit_arcticshift,comments_tree,RD_TREE,1srrc0s,SUCCESS,200,4,0,2279,
2026-10-07T21:31:44Z,forums_gardenweb,thread,GW_hydroponics,1996831,SUCCESS,200,1,0,4351,
2026-10-07T21:31:44Z,reddit_arcticshift,comments_tree,RD_TREE,h8zj53,SUCCESS,200,1,0,2000,
2026-10-07T21:31:46Z,forums_gardenweb,thread,GW_hydroponics,1994588,SUCCESS,200,1,0,2517,
2026-10-07T21:31:48Z,reddit_arcticshift,comments_tree,RD_TREE,2fgwrp,SUCCESS,200,3,0,2869,
2026-10-07T21:31:50Z,reddit_arcticshift,comments_tree,RD_TREE,2zvb29,SUCCESS,200,3,0,2462,
2026-10-07T21:31:50Z,forums_gardenweb,thread,GW_hydroponics,1998517,SUCCESS,200,1,0,2383,
2026-10-07T21:31:53Z,reddit_arcticshift,comments_tree,RD_TREE,7p3skc,SUCCESS,200,1,0,2451,
2026-10-07T21:31:55Z,reddit_arcticshift,comments_tree,RD_TREE,thpcv,SUCCESS,200,3,0,1985,
2026-10-07T21:31:55Z,forums_gardenweb,thread,GW_hydroponics,1990763,SUCCESS,200,1,0,2834,
2026-10-07T21:31:58Z,reddit_arcticshift,comments_tree,RD_TREE,1iir0j,SUCCESS,200,6,0,2616,
2026-10-07T21:31:58Z,forums_gardenweb,thread,GW_hydroponics,1998418,SUCCESS,200,1,0,2405,
2026-10-07T21:32:00Z,reddit_arcticshift,comments_tree,RD_TREE,29od6q,SUCCESS,200,1,0,2131,
2026-10-07T21:32:03Z,reddit_arcticshift,comments_tree,RD_TREE,35g2sn,SUCCESS,200,1,0,2377,
2026-10-07T21:32:03Z,forums_gardenweb,thread,GW_hydroponics,5954429,SUCCESS,200,1,0,3561,
2026-10-07T21:32:05Z,reddit_arcticshift,comments_tree,RD_TREE,56pzsa,SUCCESS,200,3,0,2436,
2026-10-07T21:32:07Z,reddit_arcticshift,comments_tree,RD_TREE,6bnooq,SUCCESS,200,4,0,1916,
2026-10-07T21:32:07Z,forums_gardenweb,thread,GW_hydroponics,1989949,SUCCESS,200,1,0,3581,
2026-10-07T21:32:11Z,forums_gardenweb,thread,GW_hydroponics,1990879,SUCCESS,200,1,0,2775,
2026-10-07T21:32:11Z,reddit_arcticshift,comments_tree,RD_TREE,a6c2rk,SUCCESS,200,7,0,2911,
2026-10-07T21:32:13Z,reddit_arcticshift,comments_tree,RD_TREE,c3dcum,SUCCESS,200,6,0,2478,
2026-10-07T21:32:15Z,forums_gardenweb,thread,GW_hydroponics,4525932,SUCCESS,200,1,0,3187,
2026-10-07T21:32:15Z,reddit_arcticshift,comments_tree,RD_TREE,klw42k,SUCCESS,200,7,0,2172,
2026-10-07T21:32:18Z,forums_gardenweb,thread,GW_hydroponics,1983838,SUCCESS,200,1,0,2248,
2026-10-07T21:32:23Z,forums_gardenweb,thread,GW_hydroponics,1996850,SUCCESS,200,1,0,3461,
