record_id,platform,spam_probability,spam_reason_codes,text_model
reddit:t3_bsgk7s,reddit,0.25,MANY_URLS,"ADVICE Required on my Alternative to Masterblend,Calcium Nitrate and Epson Salt Hi all, looking for a bit of help with my Nutrient Formula The main USA nutrient formula seems to be : 1 US Gallon of water, (3.8 Liters) pH is between 5.5 - 6.5 2 Grams of Masterblend 4-18-38 2 Grams Calcium Nitrate Ca(NO3)2. 1 Gram of Epson Salt(Magnesium sulfate) Alot of people in the US use the [Masterblend tomato]( feed with a [NPK]( of 4-18-38 but so far I can't find that here in the UK. [Tomorite ]( all over the garden centres and I have some here at home but has a NPK of 4-3-8, I also have some [Elixir Gardens® Bumper Crop Tomato Food]( which is closer to Masterblend with a NPK of 6-12-36 so that might be a option, but that also has 3% Magnesium. Epson Salt (Magnesium sulfate), well I have some of that. The local supermarkets stock it, and I use it in brewing my home-made beers sometimes. Calcium Nitrate Ca(NO3)2. is used a lot over in the USA for this style of hydroponics, but again I am unable to source this here at a price that's right. So I'll need to find something else to replace the Calcium. &#x200B; I do have some [TNC CalMag]( that I use for my chilli growing. Which I think would be able to replace both the Epson Salt and Calcium Nitrate as used in the USA. This has 1% Magnesium and 3.4% Calcium, along with another 4% Nitrogen. So I reckon that if I use [Elixir Gardens® Bumper Crop Tomato Food]( and the [TNC CalMag]( that might do the trick. 1 US Gallon of water, (3.8 Liters) pH between 5.5 - 6.5 2g of Elixir Gardens® Bumper Crop Tomato Food 6-12-36 2.5ml of TNC CalMag (Recommended on the bottle is 2ml per litre but I can increase this as required) &#x200B; Do you all think that this nutrient formula would work as a starting point? This would be used for chillies and Basil, maybe a few other things, if i get this Kratky bug :)"
youtube:UgyDwIO-LcJnWO3OXEN4AaABAg,youtube,0.3,LOW_ALPHA,❤❤❤
youtube:UgyaB2U_vaZykWKXOu54AaABAg.AWHqlmmKNlfAWm1S7gp4uh,youtube,0.3,LOW_ALPHA,😮😊
youtube:Ugxgzmp5qG-zzYZgrzh4AaABAg.AXwWynm9rskAXwZjE0jCRa,youtube,0.45,AUTHOR_REPEATED_TEXT,"Sama"" kak semoga bermanfaat ya 😊"
youtube:UgzWCKokUrSrqfROCmh4AaABAg.971EWjNO_oX971GmXdK3-5,youtube,0.45,AUTHOR_REPEATED_TEXT,Great 💐
youtube:Ugx-BZZhIFGZottoMSx4AaABAg.A9GAy5MccrmAWYX2mRt1k9,youtube,0.3,LOW_ALPHA,😊😊
lemmy:https://lemmy.world/post/43379956,lemmy,0.35,PROMO_TERMS,"Project 91. Chapter 1: The Escape --- ## Project 91. Chapter 1: The Escape **January 28, 2036** **04:32 AM** **Kall Burst Military Base** **Northern Region, Border Range** The wind dragged sand against the metallic skin of the base, creating a harsh, rhythmic rasp. It wasn’t a storm; it was something more insidious—a relentless friction, as if the mountain itself were trying to grind down everything man had built upon it. At this hour, the range was a jagged, obsidian mass beneath a moonless sky. Perimeter lights traced the silhouettes of hangars, watchtowers, and armored platforms bolted into the living rock, casting long shadows that seemed to dance within the swirling dust. Inside the tactical room, the world was different: sterile, controlled, synthetic. ""Captain Mike."" ""Present, sir."" The Major didn’t look up from the tactical map projected before him. Several sectors of the complex pulsed in a cautionary yellow. ""Assemble a squad. Sector 12. Immediate inspection."" Mike stood rigid, hands clasped behind his back. ""My team is assigned to the eastern border. We’re expecting a delivery at 0600."" ""Orders have changed."" An uncomfortable silence filled the room. The low hum of the projector was the only sound for a second that stretched far longer than it should have. ""Nature of the inspection?"" Mike asked. The Major hesitated. It was slight—barely a flicker—but enough for Mike to catch. ""Irregular activity. Internal security reinforcement. Nothing more you need to know."" ***Nothing more I need to know?*** Mike held his superior’s gaze, his expression a mask of stone. ""Understood."" The Major finally looked him in the eye. ""Keep a low profile, Captain. And..."" he lowered his voice, ""don't ask unnecessary questions."" ""I never do, sir."" The Major gave a single, curt nod and swept out of the room. The door hissed shut with a definitive click. Mike remained motionless for a moment, then turned toward the reinforced glass overlooking the exterior plaza. Out there, the dust skittered under the floodlights. Something wasn’t right. He turned to his team. ""Alright, gear up. You heard the man."" Sigma Squad was ready before the order was even finished. ""John, Lucas, Martin, Tomas. You’re with me. The rest stay on border watch. I want zero distractions."" ""Yes, sir,"" they responded in near-unison. John checked his rifle with mechanical precision. Lucas synced his portable terminal. Martin inventoried extra magazines. Tomas verified the comms channels. These weren't mere soldiers; they were the hard core of Sigma Squad—men who had tasted real combat, men who didn't just react; they acted. Mike watched them for a heartbeat longer than necessary. ""Light gear. Nothing heavy until we confirm the sit-rep. We move in three."" As the group dispersed to finalize their kits, a gust of wind sent a spray of grit against the glass. The mountain remained unmoved. But something deep inside it was beginning to stir. --- ### Sector 34 **Floor 59 — 295 Meters Below Surface** **Room 74** The room was held in a state of absolute silence—an artificial hush maintained by sound-dampening systems and reinforced bulkheads. The lab took up nearly the entire floor: a cathedral of steel, glass, and technical panels bathed in a cold, clinical white light. At the far end stood the pod. It was a towering, vertical cylinder, hermetically sealed. Thick black conduits snaked across the floor and walls, feeding it from multiple power points. Along its sides, wide tubes pulsed with a translucent, viscous fluid, rhythmic and steady, as if the structure itself were breathing. Everything converged at a central command console. There, a man in a crisp white uniform and lab coat operated the interface. He wore no visible rank. His posture was relaxed, almost bored. The dry click of keys broke the silence. ""Initiate subject status check."" ""Welcome, Operator 01,"" a synthetic voice replied. ""Starting check sequence."" Screens flooded with data. ""Vitals stable. Blood pressure within parameters. Glucose, sodium, protein, vitamin, and mineral levels... stable. General check complete."" The operator watched with detached indifference. ""Proceed with diagnostics."" ""Diagnostics in progress... Subject condition stable. Do you wish to expand details?"" ""No."" A brief silence reclaimed the room. ""Diagnostics complete. Closing voice channel."" Operator 01 rested his hands on the console for a moment. ""Initiate DNA assimilation check. Verify negative alterations."" ""Sequence started... checking assimilation... Result: Seventy-five percent. Assimilation stable. No negative alterations detected."" The man nodded slowly. ""Good. Finalize."" ""Process complete. Closing voice channel."" Operator 01 departed without a backward glance. The heavy doors sealed behind him with an airtight hiss, leaving the laboratory in total isolation. Only the pod remained active. Inside, suspended in the fluid, was a subject. At a glance, he appeared human: a young man, fair-skinned with a slight tan. Sharp, defined features. Light brown hair drifting lazily in the brine. But on closer inspection, the anomalies emerged. Small, jet-black scales shimmered along the sides of his head. From the hairline, obsidian horns curved backward—unnatural, yet perfectly integrated into his skull. For several seconds, there was no movement. Then, the subject opened his eyes. The pupils were vertical slits. The iris, a pale amber, caught the sterile light of the room. With a slow blink, the pupils began to contract... until they were round. Perfectly human. The pod hummed on. The room remained silent. --- ### The Descent into Sector 12 Captain Mike and his men arrived at Sector 12 to find a fortified bunker carved directly into the bedrock. Two massive blue steel doors guarded the entrance. Two armed sentries stood watch. Between them stood a man in a white suit. The man stepped forward with measured grace. ""You must be Captain Mike."" ""I am. These are my men."" ""We were informed you’d be conducting an inspection. You're lucky; not many are cleared for these sectors."" Mike ignored the pleasantry. ""Why were we sent here? And who am I speaking to?"" ""My identity is irrelevant,"" the man replied. ""From this moment on, I am in charge. Before we proceed, understand this: everything in this sector is Classified. Any leak will be treated as high treason. A threat to national security. If you proceed, you do so under your own recognizance. If you choose to leave, there will be no reprisal."" The man offered a thin, ghost of a smile. Mike didn't blink. ***Empty words.*** He knew the chain of command. You didn't just walk away from a direct order without consequences, regardless of what this civilian said. ""We’re staying,"" Mike said. John leaned in slightly. ""What's the play, Captain?"" he whispered. ""Keep your head on a swivel,"" Mike murmured back. ""And look the other way at whatever you see."" The man in white turned toward the blue doors. ""Follow me."" They passed through a decontamination chamber first. Jets of chemical mist hissed over their tactical suits. ""Biological weapons?"" Tomas muttered. ""Something like that,"" the man in white replied. ""We're preventing 'anomalies'."" ***Anomalies?*** The inner doors slid open. The interior was a massive laboratory: a labyrinth of interconnected corridors, multi-level observation decks, and rooms filled with samples, solvents, and containers labeled with codes none of them recognized. The upper levels seemed standard—research into pathogens. It was too orderly. Too clean. The group took the primary elevator. The man in white punched the sequence: **Sub... 1... 3... 3.** The descent was long. When the doors opened at Sub-level 133, the atmosphere shifted. The air was colder, heavier. They walked past observation rooms where organisms—biologically impossible structures and lifeforms in horrific states of transition—were visible behind the glass. ***What is happening here?*** ""What are these things?"" Mike demanded. ""Not your concern, Captain."" ""Then tell me why we're here."" The silence lasted only a heartbeat. ""Experiments,"" the man finally said. ""The upper floors are a front. The true biological projects begin at Sub-level 115."" ""So everything above is just a facade."" ""Correct."" John spoke up, his voice unfiltered. ""And where exactly are you taking us?"" The man in white stopped before a set of reinforced blast doors. ""Zone C. Failed experiments that breached containment. The area is under total quarantine."" Mike stared him down. ""And the previous team?"" ""Annulated. Or so we assume. Your mission is to sweep the zone. Eliminate any threat. If you find survivors... do what you deem appropriate."" ***They aren't even trying to rescue their own?*** No one said a word. The doors groaned open. In Zone C, the darkness was punctuated only by strobe-like red emergency lights. Shattered glass and bloodstains painted the dim hallways; scraps of unidentifiable tissue clung to the walls. Some rooms held deformed biological masses, now inert. As they pushed deeper, the light faded completely. ""Stay sharp,"" Mike ordered. ""This place gives me the creeps,"" John whispered. ""We weren't the first ones here,"" Martin added, pointing to bullet pockmarks in the concrete. Mike turned to Lucas. ""The drone?"" Lucas gave a grim smirk. ""Always ready."" He deployed the **K1-9 drone**. The device rose with a soft hum and darted down the corridor, feeding real-time data to the team’s tactical HUDs. A map began to stitch itself together. Thermal signatures, movement, and automated classifications flickered onto their visors. ""No activity for five hundred meters,"" Lucas reported. ""But I’m tagging multiple unknown morphologies between six hundred and a thousand."" ""Count?"" ""Five left, ten right, seven straight ahead."" Mike processed the data. ""Left first. Martin, John, with me. Tomas, Lucas, watch our six."" The drone switched to auto-pathing, expanding the map as the team moved forward, night vision humming. They moved slowly—too slowly for an empty hallway. Mike didn't trust the AI blindly. Machines fail, and men die. He had survived enough combat to know that. The first junction was five hundred meters out. There was nothing but absolute silence, save for the crunch of their boots and the drone’s whir. Then— The sensor spiked. A thermal signature shifted. It was moving fast—faster than any human. Something had stopped wandering. It was hunting. --- ### The Breach Back in Room 74, the silence held. The pod remained active, vitals stable. The 75% assimilation report had been logged hours ago. Operator 01 was long gone. Outside, two guards with SMGs stood like statues. They were trained for CQC; in these tight quarters, long rifles were a liability. A researcher in a white coat approached, swiped his badge, and entered. He sat at the console. Heart rate steady. Neural activity suppressed. No spikes. He leaned his elbows on the desk, thinking about Operator 01. ***Meticulous. Secretive. Always there for every check, insisting on hand-delivering reports. Three months ago, no one knew him. Three months ago, the project didn't even exist. Too much funding, too much secrecy. All this for one room? It’s suspicious.*** The console chirped. ""Automated check sequence initiated."" The researcher frowned. ""Vitals stable. Blood pressure... 170 mmHg. Glucose... 125 mg/dl. Sodium... 245 mEq/L... stable. Protein... 123 g/L... stable."" The values were wrong—dangerously high—yet the system flagged them as ""within parameters."" He leaned closer to the screen. ""Initiating DNA assimilation check... Result: One hundred percent. Assimilation complete. No negative alterations detected."" The researcher froze. ***One hundred percent?*** This morning it was seventy-five. The project was supposed to take weeks, months more. ""This is impossible..."" He scrambled for the controls. ""Console! Initiate memory wipe sequence!"" ""Starting memory wipe. Sequence in—"" The audio cut out. A crack echoed through the room. It was faint at first, then violent. The pod shuddered. The ultra-compacted glass fractured from within. Spiderwebs of white blossomed across the surface. The internal pressure reached its breaking point. **Boom.** The explosion sprayed shards across the room. A hand emerged from the spilling brine. It wasn't human. Black scales covered the fingers and forearm, glinting like jewels. Then the arm followed. Then the entire figure. The researcher backed away, blood leaking from glass splinters embedded in his skin. ""You shouldn't be awake..."" Cold sweat drenched his spine. Before him, those amber eyes watched. The pupils were vertical. Conscious. The man turned to run, but before he could take a step, a side-impact launched him off his feet, slamming him into the wall with a sickening thud. Silence followed. For a second. Outside, the guards reacted to the noise. One had barely started to turn when the heavy door was blown off its hinges. The impact threw them back yards. There were no gunshots—only a single scream that was cut short. Alarms began to wail across Sector 34. *""Containment breach. Sub-level 59. All armed personnel respond immediately.""* Soldiers flooded the halls; researchers scrambled for exits. Gunfire erupted—short, panicked bursts followed by silence. The metallic echo multiplied as the figure advanced. It didn't run. It moved with predatory precision. Every step left a trail of bodies: soldiers, technicians, even other creatures released by the structural damage. Blast doors were torn from their tracks or punched through. The chaos spread like a virus. *""Update: Threat moving to Sub-level 58.""* *""Sub-level 57.""* It was too fast. No defensive line could hold. The walls vibrated with every impact. From the depths to the surface, only one truth remained: the threat was climbing. --- ### The Skirmish in the Dark The thermal signature on Mike's HUD was a pulsing red dot. ""450 meters... 430... 420..."" The team stood frozen, weapons raised, breaths shallow inside their helmets. In this narrow stone corridor, one mistake was a death sentence. ""310 meters."" Mike didn't look away from the darkness. He had always been meticulous. He waited for the threshold. ""150 meters..."" ""I’ve got him at twelve o'clock,"" John whispered. The muzzle flash shattered the dark. The silhouette emerged from the gloom like a nightmare made flesh. It was humanoid, but the skin was a pale, hairless grey, stretched tight over malformed muscle. Bony protrusions like jagged spines broke through its arched back. It moved on all fours with a twitchy, unnatural gait. Where eyes should have been, there was only smooth skin. But its mouth was a cavern of needles. Claws scraped the metal floor as it lunged. It dodged the first volley with erratic jerks, letting out a piercing shriek that rattled their helmets. But the lead finally caught up. It collapsed, black, viscous blood pooling out—a stench so foul it bypassed their suit filters. ""What the hell was that?"" Tomas asked. The drone chirped a frantic warning. More thermal signatures. Dozens of them. Even with suppressors, the supersonic rounds cracked like thunder in the tunnels. The echo was calling the rest. ""Looks like we poked the hive,"" Lucas said. ""Form up! Position!"" Mike barked. Then they appeared. A tide of them. Some had hands like bone-rakes; others had skin like organic armor. They were different, but they shared one trait: absolute, mindless hostility. They even tore at each other in their rush to reach the humans. Stealth was over. ""Push toward the low-density signatures! Move!"" The team conducted a tactical retreat, leap-frogging and firing. One by one, the creatures were shredded, but more took their place. ""Reloading!"" John yelled. ""Eight o'clock!"" Tomas shouted. ***We need a choke point. Now.*** Mike spotted a side room. ""There! Get inside!"" They dove in, covering each other. They held the doorway, piling bodies into a grisly rampart. Finally, the radar cleared. Silence returned, broken only by the sound of brass casings rolling on the floor. ""Report,"" Mike ordered. ""Scuffed up, but no casualties,"" Lucas panted. ""Brought enough ammo... luckily."" Mike nodded. ""Five minutes. Then we move."" The left sector was clear. They pushed through the next zones at a higher tempo. Caution was a luxury they could no longer afford. They found the researchers first—or what was left of them. Then they found the previous squad. Bodies snapped in half. Limbs missing. Sigma was used to gore, but this was systematic butchery. ""New signature. 1200 meters, twelve o'clock,"" Tomas said. At five hundred meters, they saw it. Humanoid. Wearing a tactical security suit. It moved with a broken, erratic limp. It turned its head. The face was a hollowed-out mask. The arms had stretched into lanky, disproportionate limbs ending in curved talons. Scaly cartilage covered its skin. It broke into a mad sprint toward them. Mike remembered the Major’s words: *Do what you deem appropriate.* ""It’s not a survivor,"" Mike said. ""It’s an infection."" The team opened fire. The tactical vest soaked up the rounds at first, but a burst to the cranium dropped it. ""What a way to go,"" Martin muttered. They cleared the remaining zones until the radar went dark. Exhausted, low on ammo, but alive. Mike keyed his radio. ""Sigma to Command. Mission complete."" Silence. ""Command? Do you read?"" Tomas checked his gear. ""Signal's dead. Something’s blocking us."" A new silence filled the hall—heavier, colder. Outside, the desert sun was rising, but down here, it felt like midnight. Then, the floor shook. A deep, tectonic vibration. Like something massive had struck the very heart of the mountain. The second impact was stronger. Dust rained from the ceiling. ""That wasn't an internal blast,"" Lucas said. ""That came from above."" A third explosion rocked the complex. The lights flickered and died. Emergency power failed to kick in for a long heartbeat before the night vision took over. ""Generators are down,"" John whispered. A distant sound filtered through the tunnels—not gunfire, but the sound of metal screaming. Structures collapsing. ""This isn't just Sector 12 anymore,"" Mike said. Another tremor, followed by a thunderous explosion from the main complex. And then, every thermal signature on the radar vanished. Not because the life was gone, but because the system had been wiped clean. ""Sir..."" Martin whispered. ""That’s not normal."" Mike gritted his teeth. The mission was over. The nightmare was just beginning. ""Change of plans. We head for the surface. Now."" For the first time since they went dark, they had no idea what was waiting for them at the top. --- ### The Surface They took the elevator—climbing 133 flights of stairs wasn't an option. Usually, you could hear the thrum of the base: the chatter of personnel, the hum of the cooling fans. The base never slept. Now, there was only the screech of rusted gears. The doors groaned open to a world of smoke. A thick, grey shroud hung in the air, tasting of pulverized concrete and ozone. Emergency lights bathed the ruins in a rhythmic, bloody red. Sections of the ceiling had pancaked; live wires hissed and sparked on the floor. ""This wasn't a normal blast,"" Lucas noted. Mike led the way, rifle raised. He stepped over the dead—soldiers, techs, all twisted in the wreckage. Some were crushed; others had been perforated by something long and sharp. The walls were gouged with deep, irregular furrows. Not bullet holes. Claws. They reached the main exit. In the distance, through the haze, they heard the desperate music of a losing battle: screams and frantic gunfire. ""Don't stop firing!"" a voice wailed in the distance. ""Help! God, help me!"" Sigma Squad broke into the daylight. The sun was up, but the sky was choked with black smoke. Vehicles were pyres of twisted metal. Automated turrets were firing blindly into the smoke. Lab-grown horrors were tearing through the ranks. ""Tight formation!"" Mike roared. They moved with the discipline of ghosts through a graveyard. Mike’s priority was regrouping, but he knew the stakes. If even one of these things reached the outside world, it was over. Then, through a rift in the smoke, he saw it. A figure—tall, humanoid, black as midnight. Before he could even aim, it was gone. It didn't even look at them. It simply moved, and with a sudden, violent snap, wings unfurled, pushing the smoke away in a Great gust as it took to the sky. Mike barely had time to process it. They pushed toward a nearby transport—an escape route. ""Scatter!"" Mike yelled. A missile meant for a vehicle strayed, impacting a nearby truck. The shockwave tossed Mike through the air. He rolled, gasping for air, having lost contact with his team in the chaos. Through the dust, he saw a silhouette drop a spent RPG. The man drew a pistol and began executing wounded soldiers on the ground. It was the man in the white suit. The man was bald, dark-skinned, his sunglasses reflecting the surrounding inferno. ""Protocol, Captain,"" he said with a thin, cruel smile. Mike didn't hesitate. He drew and fired. The two agents traded shots in the heart of the riot. *Click.* Mike's SMG ran dry. The man in white stepped out to finish him, but Mike was already moving. He closed the distance in a blur of violent motion. **Bam.** The pistol barked, but the shot went wide as Mike parried the arm, his hands working the slide of the man's weapon. In a single fluid motion, he twisted the man's wrist. *Crunch.* The man let out a grunt and kicked Mike back, the sound of broken ribs audible. The gun was lost in the dirt. Both men drew combat knives. It was a dance of surgical precision. Cut, parry, riposte. Steel clanged against steel. Every block was a matter of millimeters. The man in white caught Mike in a hold, disarming him, but Mike countered with a brutal headbutt. Blood masked both their faces. They traded blows—fists, elbows, knees. They were perfectly matched, but Mike was fading. The fatigue of the sub-levels was catching up. Finally, the man in white gained the upper hand, throwing Mike several meters back into the dirt. He recovered his pistol and leveled it at Mike’s head. ""Why?"" Mike spat. ""Nothing personal, Captain. Evidence must be redacted."" The man’s finger tightened on the trigger. Then, out of the corner of his eye, Mike saw a shadow. A multi-ton vehicle was flying through the air toward them. There was no time to dodge. The impact was instantaneous. Only the man’s feet remained visible beneath the crushed, burning heap of metal. Mike lay there in shock. But he wouldn't wait for the same fate. He hauled himself up with the last of his strength. This wasn't an operation anymore. It was survival. He scavenged a loaded rifle and looked toward the horizon. In the distance, a dark silhouette was banking toward the jagged peaks of the mountains. The creature from the smoke. Behind him, the base continued to burn—a monument to man's arrogance, crumbling into the desert heat. The dead littered the sand. The few survivors would think only of home, hoping to bury the memory of this day. But something had left that mountain this morning. And the world didn't know it yet... ..."" *--""Continue reading and experience the original text in Spanish at [ Join our open-source community of writers today!""--*"
youtube:Ugx_szlfRlsorbtgrld4AaABAg.9bmI77iKeuj9boA3xYrZAz,youtube,0.45,AUTHOR_REPEATED_TEXT,"Yes, thanks"
youtube:UgwHkgTeCX_Bm3yAUfV4AaABAg.9LjlCPR-hN6AHLupyAP-MF,youtube,0.3,LOW_ALPHA,8
youtube:UgzYKZtKf6WP0Mb_qmB4AaABAg.9raqAyZ0u529rbXM0krmAu,youtube,0.45,AUTHOR_REPEATED_TEXT,Aamiin
youtube:UgxMaS-3ESlqY6GZAdF4AaABAg.8zBH3E_Q5wq8zCMIVzVDMH,youtube,0.4,LINK_ONLY,@adekholid8937
hackernews:36835885,hackernews,0.35,PROMO_TERMS,"Are you looking to boost your income with a flexible part-time job from the comfort of your own home? If so, we have an incredible opportunity waiting for you!Join our team of online marketing professionals and start earning $15 - $20 per hour by promoting goods and services on behalf of top-notch companies. Best of all, no prior experience is required! Our comprehensive training program will equip you with all the tools you need to succeed in this dynamic field. Embrace the digital revolution and unleash your creativity as you help businesses thrive in the online world. Whether you're a student, stay-at-home parent, or anyone seeking a side hustle, this opportunity is perfect for you! Click the link below to kickstart your journey in the world of online marketing and embark on a rewarding part-time career that offers unlimited growth potential! Don't miss out on this chance to earn while learning! #OnlineMarketing #PartTimeJob #WorkFromHome #NoExperienceNeeded #EarnMoneyOnline #DigitalOpportunity"
youtube:UgxDM5ghmFYKbeA8J594AaABAg.9D2ji_kqCUQAHMKzZCtvXH,youtube,0.45,AUTHOR_REPEATED_TEXT,Gan biasanya penyakit pada tumbuhan hidroponik apa aja ya? Dan kenapa?
youtube:UgzdAsaQ-UzW3q-HPep4AaABAg,youtube,0.3,LOW_ALPHA,❤❤
youtube:UgzWyON3o6BuHbr0HWt4AaABAg.9M_pwBsCeL-9Ma8vUdlS3A,youtube,0.4,LINK_ONLY,Lanjut kemari
youtube:Ugxl77jUDr0Adtp0-iB4AaABAg.AMENZmFTw78AMEniCvkHy6,youtube,0.3,LOW_ALPHA,🙄
lemmy:https://aussie.zone/post/11818501,lemmy,0.25,MANY_URLS,"Federated Communities/Magazines and Users for the ""Outside"" **This is a replication of the creator of this community who has since removed their account** *This will be a living document (and is a Work In Progress) so if readers are aware of instances/communities/magazines that suit the umbrella of the ""environment"", including ""gardening"" etc., please comment to add them. Use the browsers at the bottom to find your own. This was originally a Lemmy list but has expanded to the 'Fediverse'.* **Lemmy Instances (visit to check their communities for suitability, the first 2 have a massive list of related spaces, far too many to list here):** - [Mander.xyz]( An instance dedicated to nature and science. - [SLRPNK.net]( - Solarpunk imagines a world in which today’s existential threat - the climate crisis - is being approached with camaraderie and adaptive ingenuity. - - This is a home for gardeners and plant-lovers and anyone else who wants a warm place to thrive. - [lemmy.srv.eco]( - Self-sufficiency, mutual aid, collapse, and other subjects related to the environment and our place and role(s) within it. **Lemmy Communities:** - - An Australian community for everything from your backyard to beyond the black stump. - - A community for all things relating to Aussie gardens. No problem too small. No question too unimportant. Come in and brag about your garden, show us what you’re doing, share that flower, ask that question. - - All things green, outdoors, and nature-y. Whether it’s animals in their natural habitat, hiking trails and mountains, or planting a little garden for yourself (and everything in between), you can talk about it here. - - Environmental and ecological discussion, particularly of things like weather and other natural phenomena (especially if they’re not breaking news). - - A community about our environment (*Editor's note: the midwest America I presume*) - - This is the place to discuss environmentalism, preservation, direct action and anything related to it! - - - A community devoted to alternatives to monoculture lawns, with an emphasis on native plants and conservation. Rain gardens, xeriscaping, strolling gardens, native plants, and much more! - - Ponds, barns, livestock, gardens, food preservation, fishing, hunting, tractors, pigs, chickens, cattle, worms, 4H, permaculture, organic, grazing, canning, aquaculture, trees, woodland, farmers, agriculture, agronomy, horticulture, wwoofers, bees, honey, wildcrafting, dairy, goats, nuts, berries, vegetables, sustainability, off grid, wood stoves, chainsaws, wood heat, tools, welding, green woodworking, farmers markets, composting toilets, straw bale homes, cob building... - - A community dedicated to environmental topics discussing climate change, renewable energy, ecosystems across the biosphere, and more. - - Your Ultimate Gardening Guide. - - Permaculture theory and practice. - - Caring about the earth, that is what it’s about. - - Natural gardening is for all; permaculture is often for upper middle class hipsters. - - A community for talking about gardening, Eco news, and all things Mother Earth! - - Beekeeping, bee gardens, bee research, bee pictures, and honey appreciation. - - A community for vegan gardeners to share their successes and learnings. Vegan gardening (or veganic gardening) is gardening without the use of animal agriculture including common inputs like manure, bone and blood. It also avoids chemical fertilizers and pesticides. Instead of these elements veganic gardening uses crop rotation, mulching, compost, green manures, etc to replenish the soil and minimize loss to pests. - - A community dedicated to all things outdoors. Hiking, backpacking, cycling, camping, gardening, walking, any discussions surrounding outdoor activities you can think of are welcome here! Write properly, behave politely, encourage a respectful community, and most importantly, GO OUTSIDE!! - - This is the place for discussing the potential collapse of modern civilization and the environment. (*Editor's Note: has frequently posted environmental articles of worldwide issues.*) - - A place to share news, experiences and discussion about the continuing climate crisis, societal collapse, and biosphere collapse. Please be respectful of each other and remember the human. - - (*Editor's Note: defederated? Use as a single instance if so.*) **kbin Magazines (same as Communities - list needs work):** - - - - - - **Mastodon Instances** ([click here]( for Instance descriptions - word count issue): - - - - - - - - - - - - - - - - **Mastodon User Lists:** - - - - - - - - - - - - - - - - - - - - - [@notjustbikes]( - @gardening@a.gup.pe - - @plants@a.gup.pe - *Credit for Instances and User Lists to [@GlennMagusHarvey@mander.xyz]( - **Mastodon Tips**: - Use #tags in areas of interest and search for @users that are posting your favourite content and follow. Search and favourite a list of #tags to populate your feed while you locate @users. - You can follow Lemmy/kbin communities from Mastodon (e.g. search ""@environment@aussie.zone"" and follow, posts will come in from that point, including every comment which fills your feed poorly), post back into Lemmy ([there is a specific way to do this]( and reply to threads also. Federation isn't pretty between Mastodon and Lemmy, it's up to the user if they want to persist. Recommended to have 2 separate accounts for full usability at this point. kbin has ""microblogging"" built in which is Mastodon ""tooting"", only one account required if you are a kbin user. The Lemmy instances listed have *some* activity, until Lemmy matures the list may grow or shrink. Please review the communities as you desire and let me know if you find something better or the listed ones have died. **Search Engines for Lemmy:** - - Search by Instance or Community - Click on the 'House' icon to set your 'home instance' e.g. aussie.zone - - - using the ""Find Communities"" search by keyword will find active communities with more matches per word. **Bookmarklet:** ![A screenshot of how to create a bookmarklet in Firefox]( `javascript:(function() { const home = 'aussie.zone'; /*replace this with your local instance's host name */ const url = window.location.href; let community = url.split('/c/')[1]; if( !community.includes('@') ) { community += '@' + url.split('/')[2]; } if( community.endsWith( '@' + home ) ) { community = community.substring(0, community.length - 1 - home.length); } window.location.href = ' + home + '/c/' + community; })();` Click on the above bookmarklet once you've created it and placed on your toolbar (search on how to make one) when browsing another instance's community. It should open up the page where you can subscribe directly from the aussie.zone instance (or change your instance in code above). If ""Subscribe"" isn't working, ~~""Create Post"" and back out immediately~~ click on the community name and reload page, Subscribe should now be clickable (give it a couple of clicks as per Lemmy 0.18). An alternative to a bookmarklet on a desktop or mobile browser, install 'Violentmonkey' and a Userscript such as this: An extension for modern browsers:"
youtube:Ugy_9biqSHOZs43h0Ht4AaABAg.9vlH-tFGP8R9vlHbSE-_x8,youtube,0.45,AUTHOR_REPEATED_TEXT,Thanks
youtube:UgyxRCUUM_18pdHeP_x4AaABAg.A_38bRTJcLkA_38hvLQh89,youtube,0.3,LOW_ALPHA,10bi10×10=?
youtube:UgyvGuoskMiaHHyDIIF4AaABAg.ASapnHCXzf_AVJ9oPJCCDN,youtube,0.45,AUTHOR_REPEATED_TEXT,Glad you enjoyed it!
youtube:UgzcTY1KJ8GqS4a5n0J4AaABAg.A4yuQicHVOSA5I6-ND-SIw,youtube,0.45,AUTHOR_REPEATED_TEXT,Terimakasih 🙏
youtube:Ugwb4s8vb9O7EXnRe2l4AaABAg.A2yMPp17OczA3ATuAIjdZ0,youtube,0.45,AUTHOR_REPEATED_TEXT,Thank you too
youtube:UgzB7CyyL4pFECBFTXR4AaABAg.AO2_dugegZdAO2t4Z59B4z,youtube,0.45,AUTHOR_REPEATED_TEXT,bisa kak.👍
lemmy:https://sh.itjust.works/comment/9440754,lemmy,0.25,MANY_URLS,"# Relevance I discovered that this discussion is probably moot, based on looking at and loading 6 of the first ""Random"" Lemmy servers and 6 of the ""Most active"" Lemmy servers: - The ""Random"" servers: - and display ""No pornography."" prominently on their main pages. - The ""Code de conduite"" of ( contains text that expresses they don't want to host pornography (""Représentation du corps : contenu pornographique ou représentation choquante du corps sans avertissement préalable.""). - The locally featured ""Instance policies - PLEASE READ"" post on ( contains text that expresses they probably don't want to host pornography (""The primary focus and scope of our instance is subjects relating to GameStop, household investors participating in US stock markets, direct registration, holding the financial industry/Wall Street accountable, and/or related economic and financial topics. Although we do not intend to censor discussion, and will not enforce around any stance or viewpoint within this scope, we may prevent or remove communities with an out-of-scope topic from hosting themselves on our Lemmy instance.""). - displayed ""Limited porn"" after I clicked on ""Rules"" on the main page. - The web page associated to the text ""Our Instance rules are here"" on ( seems to express pornography is allowed, though ""porn"" is not currently discussed in any detail (""We are a NSFW enabled instance, which means there may be NSFW content in the Local and All categories if you leave NSFW enabled in your account.""). - The ""Most active"" servers: - does not seem to explicitly ban all pornography, though it doesn't seem to be a large amount of its content based on a search for ""porn"". - I expect allows and encourages distributing pornography. - displays ""No pornography"" prominently on its main page. - displays ""No porn."" prominently on its main page. - displays ""Keine Pornografie / Adult Content"" prominently on its main page. - does not seem to explicitly ban all pornography, though it doesn't seem to be a large amount of its content based on a search for ""porn"". Based on this survey, this discussion is only relevant on between 2/6 to 3/6 of all servers, and is not very relevant on more than 5/6 of all servers. # Overall response I think you didn't answer my question (""Why should I use Lemmy [...] for consuming pornography""). The post title is ""REMEMBER TO SPREAD THE WORD! THE PLATFORM THAT HAS THE PORN ALWAYS WINS!"" and the post body is ""Start telling people now, over on reddit. BEFORE they start cracking down. That way, everyone will know, and the growth will happen even more rapidly."". I am suggesting that you NOT ""spread the word"" or ""Start telling people now"" in regards to people who want to distribute pornography. I don't think you addressed that suggestion, though I did not make it explicit in my original reply. Also, you may have been misled about the role of pornography in the popularity of standards or services. has more information about this topic. I don't think it's important to put any amount of energy into discussing this topic, since our expressions are unlikely to directly affect any policy on a large majority of Lemmy instances. I do appreciate your response though, since we can't influence policy at all if we're silent, and I don't want to unnecessarily make it harder to contribute to making policies! # Specific responses > You’re doing a very good job of describing what YOU want. Thank you, I'm glad you think I managed to express myself well! My attention cannot be used as effectively to express other people's desires as it can to express my own desires, so it's probably best if we each express our personal desires and then consider each other's comments in order to make decisions that will benefit us. The primary purpose of policy documentation should be to benefit someone, and preferably to benefit a large number of people. > Are you a random girl who wants to post her tits and/or vag on /r/gonewild? Or are you a guy who wants to post his dong? No, I'm not. I don't think we should use energy considering their desires; I think we should use more energy considering the ideas shared by people who are using Lemmy right now, as I doubt the people who currently do not use Lemmy will contribute resources to maintaining Lemmy servers in the next month, and communities surely benefit more from *consistent* support than from *uncertain* amounts of support, and I see that many servers are explicitly hostile to people who want to distribute pornography. If you want to consider the desires of people who don't use Lemmy, making it easier for them to find relevant servers may be useful. > Do they even allow random users to post their nudes on danbooru? The answer is probably no, but I also mentioned pornhub, and I see which I think will be more effective to use to ""allow random users to post their nudes"" than Lemmy servers, as they are financially incentivized to host that content and pornhub probably has more competent management than the vast majority of Lemmy servers do (due to having a larger number of people managing it, if nothing else). > I’m asserting that Reddit will shortly ban and/or heavily restrict explicit user content [...] > That’s what the platform was made to be. [...] > On the one hand, I am suggesting that the influx of new users can be a positive thing, to ensure the healthy growth of this platform. [...] I agree with the sentiments you expressed. I agree that more people will use Lemmy as time passes, and that the rate of change of people using Lemmy can be affected by Reddit Inc. I agree Lemmy is a suitable replacement for Reddit and is an improvement for me. More people using Lemmy would probably be good for me. I also agree that having a large increase in the number of people using Lemmy will likely cause more discomfort in the short term due to new users' lack of familiarity with existing culture. > If you haven’t noticed [that [Reddit will shortly ban and/or heavily restrict explicit user content] will kick off a flood of users], I can only say that I am confused. I did notice that because you expressed it with the image attached to your post. You also gave me instructions by using the words ""REMEMBER"" and ""Start"", and I'm expressing that I don't want to follow those instructions and I'm urging other people to also not follow those instructions. > brace yourselves I probably won't have to, because the server I use clearly has a rule that pornography isn't allowed, so I probably won't have to deal with people posting pornography anytime soon. > I mean, I actually happen to enjoy anonymous tits and pussy, but you do you. I prefer my pornography to have documentation about how it was sourced. That way it's easier to find it if I want to see it again."
youtube:UgwP0sjbAwh_xRWaY1F4AaABAg,youtube,0.45,AUTHOR_REPEATED_TEXT,M
reddit:t3_8dwvc8,reddit,0.25,MANY_URLS,"Moving to apartment with windows that block UV. Can anyone give advice on getting a grow light? Hi! I’m a beginner to caring for plants, so all advice is welcome and appreciated!! I recently bought a hanging basket of impatiens and a small aloe plant. Impatiens can be seen [here]( but I think it’s too late to save them :( My [aloe]( is growing well IMO so that’s what I’m most concerned about. My new landlord told me that all of the windows in the apartment have a special layer that blocks all UV rays. My aloe is an indoor plant (It got very sunburnt when I tried putting it outside) but I’m scared that it’s going to die without the UV. Would a plant grow lamp be appropriate for my aloe? I’m very new and inexperienced with gardening, so I’m not sure if one would help (they seem to be mostly for seedlings and hydroponics?) Should I buy one with the LED’s (they’re more in my budget range)? The aloe will be in my bedroom, so 12 hours of red light distorting colors could get annoying, but I’m super stubborn and want to have at least one plant that doesn’t die under my care so I would get over the discoloring. Does anybody have any recommendations or suggestions on what I should do? If any of yall have a grow light, what kind is it? My aloe is still relatively small, so I don’t think I would need one that hangs from the ceiling [like this one]( (and I doubt my landlord would be too happy about it..) Would a light like [this one]( be sufficient? Edit: I’m reading more about grow lights and I think the best type for my usage is HPS or MH because they mimic natural daylight and aren’t specifically for blooming or elongating plants, they’re just imitations of normal sunlight. Does [this one]( from Amazon seem okay for my intended uses?"
youtube:Ugz_PMbXMmusypVed_R4AaABAg.AVy51eKgpLfAYiR0jQIZ6E,youtube,0.45,AUTHOR_REPEATED_TEXT,Iya kak 😊
youtube:UgzGpMxLqSkqg0WIkM14AaABAg,youtube,0.3,LOW_ALPHA,👍
youtube:Ugx6UsoCab3-s4TgiKN4AaABAg.A6Xki5ieYT9A6Y8WuOVMYv,youtube,0.45,AUTHOR_REPEATED_TEXT,Thanks 🌹
lemmy:https://lemmit.online/post/33443,lemmy,0.25,MANY_URLS,"We were stuck on a cruise ship for days and a creature on-board is on a killing spree. [Part 1] ## This is an automated archive made by the [Lemmit Bot]( The original was posted on [/r/nosleep]( by [/u/Joske-the-great]( on 2023-06-27 15:13:30+00:00. *** My name is Carl, 28 years old and my wife who I as just married to, Ashley is 27. Prior to our wedding, we had booked a honeymoon trip across the east coast on a cruise ship, all the way from Florida to Bahamas, then to New York and back to Florida. The view of the ship just as we were about to embark was unbelievably bulk and mesmerizing that it impressed both Ashley and I. Yeah I know cruise ships are big and stuffs, but seeing one in real life really makes you realize how much you would underestimate a rumor until you actually experience it. Right on the hull of the ship imprinted a huge name that reads ‘Royal Liner’ and beside it was the sign of a star protruding the R word like a spearhead. Below the company logo wrote the ship’s charming name ‘Aurora of the seas’. As soon as the both of us stepped into the entrance of the ship, we were greeted by a top notch class of hospitality by the staffs. Mr. Schwarz, a security officer asked for our tickets and ID and so we obliged. We went through some final affirmation and security check right before being led to our cabins. It was late afternoon when we were met with a fabulous scenery inside the ship. It felt like an enormous floating hotel. Each few steps we took, we would pass through countless of hallways and watertight doors. We took the elevator and it brought us to a long hallway. As we matched one of the doors to our given serial numbers ‘A-314’, I tapped the card against the scanner and the door clicked open, revealing a small yet fancy room with a fairly large window facing the ocean, or much rather the port as we were still yet to depart. The room induced a claustrophobic feeling within me but it was just enough for Ashley and me. We placed our bags and stuffs on the floor and rested for a moment. Everything felt so freshening and lovely as the smell of the freshly laundered carpets, mattress and curtains breezed against my nose. Half an hour passed before we heard a bone-chilling horn from the ship; it was departing. The sight of the port we once walked on slowly began to fade out of our view as the background of the vast ocean filled in. It was evening, and the reflection of the dusk sunlight from the ocean waves pierced through the window. It was then that Ashley shook my arms and gave me a hint that we should start venturing the ship. We were already re-energized by then, so I thought ‘Why not?’. The first day of the trip was an eye-opening experience. Virtually everything were pleasurable, especially now with the love of my life accompanying me. We went to every place they had to offer, like the theater, casino, museum and the luxury restaurant. The entire trip would take approximately one week, with a day or two to reach Bahamas and the rest to arrive in New York and Florida. That means I had a week to hang out alone with Ashley, what a moment to live in. About two days after our ship arrived in the Bahamas seas. The ship stopped near a harbor of an island which I don’t remember the name, but heck, the island was eye-catching. Filled with tropical jungles at the center of the island and sandy beaches along the coast, I couldn’t wait to step on the beautiful isle and interact with the locals. It was cool, to say the least to enjoy the sea breeze as Ashley and I hung around the island. We bought some souvenirs along the way and chilled at the beaches, drinking Piña Colada while enjoying the sunset. The ship was scheduled to depart for New York the next day. We ensured everything was not left off before boarding the ship. As I walked up the bridge that filled the gap between the port and the ship while holding Ashley’s hand, I couldn’t help but notice a shadow gliding below the waters. I couldn’t tell what it was as it vanished the moment I focused on it. It moved in such a speed that I thought that it was my eyes that were playing with me. The shadow, in such speed, overshot the bridge below us and directly below the ship’s hull. And that was it, gone. I asked Ashley if she saw that, but she showed a confused face, indicating that she did not even notice the shadow in the first place. She convinced me that I was tired, and needed some rest. I was unsure, and so I did not think too much of it. During night time of the same day, we enjoyed some drinks outside the bar at the top deck of the ship, enjoying the view of the night sky. On the deck was full of crowded people, also enjoying the peaceful background. There were people drinking beers, swimming, kids playing around and lively concerts. Just as Ashley and I were talking about our future, a sense of premonition hit right into my feeling. I couldn’t help myself but getting hit by a wave of deja vu as I looked into Ashley’s face. This was the kind of feeling that has always been associated with me since I was a kid; something bad, really bad was about to happen. I gestured to Ashley that we should go to somewhere else. She did not hesitate to agree, though she seemed a little disappointed that we had to leave early. “Why is it honey? You’re not feeling well?” “Kind of, why not we head to-” Our conversation was interrupted by a commotion. It came from a crowd that was just gathered around the bar. It was too crowded that it made me unsure of what had just happened. As we approached closer, I asked a guy that stood beside me. “Excuse me, what is going on?” I asked. The middle aged man stared at me before answering “I’m not sure, but I’ve been hearing stuffs like dead and blood.” “Jesus” I muttered. I felt a push against me in all of a sudden, only to realize that a group of paramedics were rushing in their way. They pushed themselves against the crowd, forming an empty lane towards the emergency scene. That was when I had a clear view of the center of the crowd. Dead...Blood...The words floating on my mind were finally linked to each other once I saw the decapitated bloke lying next to the chair. Ashley whined in disgust and was in the verge of puking. I also couldn’t stand the horrid scene and glanced away from him. I grabbed Ashley’s hands and pulled her away from the crowd, dragging her back to our cabin. We’ve had enough for the day. As we walked through a crowd of people, we couldn’t stop ourselves from imagining the gory graphic scene that we had just envisioned. It devastated me that this had to happen at our honeymoon. The hundreds of thoughts running wild in my mind was cut briefly following muffled but blood-curdling screams from where we came from. My heartbeat intensified, in which I instinctively pulled Amanda into a hidden corner. We stood against the wall beside a door, as the calamity enfolded behind us. One elderly man whooshed past us, red mist spraying everywhere over the floor as his exposed arm spurted blood. The old man then collapsed onto the carpet, not responding to our screams at all, signifying that he was probably unconscious. Ashley looked at me dead in the eyes and suggested that we immediately return to our cabin. I nodded and we took faster pace towards our destination, which would be our temporary safe haven. I took a look back, before gasping in shock as I saw a monstrous figure devouring a child’s body. Its humanoid figure stood on four overgrown limbs, had entirely pale skin, except for its horrid face which was covered in red blood. “Run! Don’t look back!” I frantically yelled at Ashley. We quickly took a corner and was met with an elevator room. “We’re not gonna make it” I told her, pointing at the spiral staircase at the edge of the room and dashing upwards immediately afterwards. The obnoxious growl of the creature amplified very quickly and I cursed silently. By the time we reached our floor, which I was thankful that we even made it that far, the creature could be heard dashing downwards with an ungodly speed. I stopped, knowing that it would be useless running straight away from it as it would only guarantee a gruesome death. Not with Ashley. I stood upright, looking at all directions, trying to figure out a solution to escape the chaos. I was jerked ahead as Ashley that was holding my hand did not stop in time. There was a filthy wooden door at the side of the stairwell. I gestured Ashley to enter the door as I opened it silently, but quickly. I let her enter foremost, followed by myself who closed the door even more stealthily as the monster tumbled down the stairway. The store room was dimly lit, making us barely seeing anything ahead of us. Ashley tapped me, pointing at a box of crates stacked at the corner. We formed a small space behind the crates and hid under. My arm hugged Ashley’s shoulder as we prayed for the best. My body shook in horror as the deafening sound of a wooden door blast roared the entire room. I covered Ashley’s mouth, reminding her of the element of silence. We heard footsteps tapping the deck floor, slowly approaching us at I could sense that thing scanning the room. Just as it was about to reach to us, it stopped. Another series of loud footsteps could be heard, except that now it was dashing away from us. I guess it heard someone else and was distracted from us. Thank fuck. It took us probably a few minutes, but an eternity from our perspectives to finally exit our hiding spot. I could notice Ashley sobbing from terror. I hugged her gently, confronting and encouraging her to be more patient. We might be lucky this time, but we were still in a very dangerous zone... *** Content cut off. Read original on"
youtube:UgwbTVgvmaTwP5iS6Ah4AaABAg,youtube,0.3,LOW_ALPHA,❤❤
mastodon:https://mastodon.social/users/naturelplant/statuses/113240786739787952,mastodon,0.3,HASHTAG_STUFFING,Top Questions Answered: All About the Chinese Money Plant! (5) #chinesemoneyplant #pileapeperomioides #houseplants #indoorplants #plantcare #plantparenting #indoorgardening #plantlovers #homedecor #airpurifyingplants #gardeningtips #sustainableliving #fengshui #plants
youtube:UgyaSRW7zszt_FphtGZ4AaABAg,youtube,0.3,LOW_ALPHA,6
youtube:UgwIwehHjfUy4bPE92x4AaABAg.ABQB3H4IJxFAGS9t8SnD1x,youtube,0.45,AUTHOR_REPEATED_TEXT,Gan orang hidroponik ada yang pake tanah media tanamnya itu gimana ya? Kenapa ga pake rockwool aja? Kalo tanah kan apa ga terkikis tanahnya oleh air yang mengalir (?)
reddit:t3_161mo17,reddit,0.45,AUTHOR_REPEATED_TEXT,Unleashing Hydroponic Potential with General Hydroponics Flora Series
youtube:UgxV1UyiloTplmVLtch4AaABAg.AGPfExh-LWqAGPnd5zqk9t,youtube,0.45,AUTHOR_REPEATED_TEXT,Get your FREE Hydroponics Starter Guide..link in description and comment section
youtube:UgwhVPViL0ViktzVz194AaABAg,youtube,0.35,PROMO_TERMS,I added your name as the affiliate when I just ordered my tower garden. :)
gardenweb:gw_a7399068,gardenweb,0.35,PROMO_TERMS,"Looks like a very efficient system, and I have a question but will hold off in case you would start a thread and put it there, it would be great to so a few people can see what you're up to, and we don't have to bury it down here in a different topic. As for the (blackstrap) molasses, looks like Oz follows the UK on that one and call it black treacle for the same stuff, and I agree completely it isn't something I would add but it does have most of the plant nutrients left over from the cane refining process (which is why refined white sugar has a reputation of being a non-nutritious food, since it all gets left in this black gunk in the bottom of the kettle). There is some somewhat dubious science that supports certain ""rare & special"" sugars that make up this kind of gooey liquid give some plant species a boost and they uptake them and use them, but I'm not convinced the widely promoted studies are gold standard in a scientific sense or just some snake oil salesman's gimmick. It seems to serve as a decent ingredient in lawns too but that might be for its ability to immobilize some tiny critter pests something like mineral and neem oil also can do. Speaking of molasses, it's hard enough to find so I'll follow your lead and keep the sweet molasses for my french toast (a.k.a., eggy bread) and my salty nutes for my plants. I do like vegemite, and apologize for the idea all Americans are horrified by it, which is so UNTRUE."
youtube:UgwUAP-jPtGlKth5LnV4AaABAg.AF08KD2_sQIAGPo6kt_ZDR,youtube,0.45,AUTHOR_REPEATED_TEXT,Get your FREE Hydroponics Starter Guide..link in description and comment section
lemmy:https://rimworld.gallery/m/RimWorldPorn/t/527/-/comment/1127,lemmy,0.6,PROMO_TERMS|MANY_URLS,HugsLib | RimSaves | RimHUD | Where is my weapon? | Stand Your Ground | Change map edge limit | Where's My Bed? | Follow Me | ReclaimFabric - 1.3 Update | Numbers | Automatic Night Owl | Blueprints | TD Enhancement Pack | QualityBuilder | Tilled Soil | Let Me Skill For You | Better Vanilla Masking | More visible pause | Pick Up And Haul | Map Designer | CloseAll | CleaningArea | Allow Tool | [GMT] Trading Spot | Storyteller control room | Wall Light | [KV] Adjustable Trade Ships | Moody | CM Color Coded Mood Bar [1.1+] | Colony Manager | Common Sense | Perfect Pathfinding | Table Diner | Better Bed Assignment | RimGPT | Reverse Commands | Progress Renderer | Devilsteel | Chocolate milk | 2nd Generation hydroponics | Pimp my Mechanoids |
youtube:UgzzTvrVx1wguW_59x54AaABAg,youtube,0.3,LOW_ALPHA,🎉🎉🎉❤❤
youtube:UgxRE2GOuWzmA8PA28d4AaABAg,youtube,0.3,LOW_ALPHA,😮
youtube:UgyQ9vNOEeMGznGSm214AaABAg.9kuP3hthpzy9muRjwONlq3,youtube,0.45,AUTHOR_REPEATED_TEXT,"In developing countries, this type of planting will cause losses. Blood spray!! This model is only for growing lettuce. There are many plants on earth that cannot be grown in this way.."
youtube:UgxZHcO739y9yDN9mFZ4AaABAg.9khZtbomPf-9kktirOfeKr,youtube,0.35,PROMO_TERMS,"@KeepOnGrowin i challenge you to make a side by side abx grow taste test. ask someone close and few ""test rabbits"" [how fitting] to give you and them some fruit/ salad blind. you taste the ""watery"" terpenes and flavenoids in the hydro. my recepie for soil would be 30% Vermiculite which adds bioavailable Silicium. 30% Worm Humus (extremly rich in Humic acids basicly like a superfood helping chelate other micronutrients and macro better. 30% Coconut fibres 10% perlite/ sand if you really want to get fancy organic growing get some PGPR PlantGrowthPromotingRhizobacteria which are basicly making every bit of nutrient available some even fix atmospheric nitrogen. They help the immune system against root fungus extremly. which i recommend most for basicly food as medicine (as a thought) no pesticides, biodiversity natural challenges and fights, give the organic plants resilience. in other word better for immune system, instead of a plant in pretty much sterile envirement for its live a little simplified but i think logical."
youtube:UgyzlWVLjwmNSVhW72J4AaABAg,youtube,0.3,LOW_ALPHA,❤❤
youtube:UgzJfANKaJKLLwhcWwJ4AaABAg.9XuGn3NnGaq9XwlRvJCwB7,youtube,0.75,LOW_ALPHA|AUTHOR_REPEATED_TEXT,💛
youtube:UgyIgYZZYPguEct0f8Z4AaABAg.A3DWERWKNPRAGPptc2OY-L,youtube,0.45,AUTHOR_REPEATED_TEXT,@mdellawandlife8037 Get Your FREE Hydroponics Starter Guide here👇
youtube:UgxWLcRHQm9fJBZQpIJ4AaABAg,youtube,0.3,LOW_ALPHA,😂😂
youtube:Ugy4sFjCRVuX5QSMNMJ4AaABAg.AbN26HFuuSFAbQSAvuWTJW,youtube,0.45,AUTHOR_REPEATED_TEXT,Bisa kak
hackernews:23630905,hackernews,0.25,MANY_URLS,I really like this video series from Exa Cognition on Vertical Farming that goes over many of the issues the article posts. And here's a video from Techno Farm he mentioned
youtube:Ugw6s8iYbaHlkKdVWNB4AaABAg.A_Rv447jFsDA_TTFCaWANG,youtube,0.45,AUTHOR_REPEATED_TEXT,Pupuk AB mix kak
youtube:Ugzcb6tcqTE1pTVjtO54AaABAg.9UivZGHleNN9UiwMEmsjw4,youtube,0.45,AUTHOR_REPEATED_TEXT,Pupuk ab mix sayuran daun
youtube:Ugz9FRryzyDlGKQyrHh4AaABAg.ASKB6ts5ax0AScbYGbkU77,youtube,0.45,AUTHOR_REPEATED_TEXT,Glad you liked it!
lemmy:https://lemmy.blahaj.zone/comment/11031478,lemmy,0.35,PROMO_TERMS,"Hi, I was doing OMAD and fasting sometimes 48 hours when I started HRT. What I found is that you get hungrier when you start estrogen, and even if I kept with OMAD I was binge eating in the evening to get enough calories. In general I recommend letting yourself eat when you start HRT. I gained something like 15 lbs over a few months, and my breast growth and body shape honestly benefited from it. However, it's also important to lose the male-distributed fat, and it's not great to stay too overweight if you are obese like I am. I guess I like to think my approach is somewhat like ""fat cycling"" where I am mostly trending towards weight-loss, but I let myself overeat when I get hungry and I have weeks where I semi-intentionally put on a little extra weight to force a plateau before continuing to lose weight. Since fasting wasn't working anymore (and my doctor even recommended I stop fasting so long, which was the main way I was losing weight), I do recommend like others do to use calories in / calories out (CICO) as a method of weight loss instead. There were a few things that finally unlocked weight loss on HRT for me: 1. recognizing that fasting was actually playing a role in getting too hungry and binge eating, and that even if you just eat a little bit (like, I started to just drink a couple tablespoons of ground flax seeds in water and a spoonful of peanut butter to break my fast around noon), it helped me not overeat as much later, so I learned to curb binge eating with strategic timing and not _over_ fasting. 2. I had tried and failed CICO in the past because I was moralizing and rigidly strict about it. Keeping a food log put me in a weird obsessive mindspace that was unhealthy, and I perfectionistically tried to weigh and calculate every single calorie I ate, which was exhausting labor. Instead, what I learned is that you don't have to track everything - tomatoes and lettuce just don't have that many calories. Track your carbs, oils & fats, etc. And more importantly: be comfortable with rough estimating and as long as you are keeping track of calories roughly, that's what matters. HRT actually helped me be less rigid, so this is a bit of a chicken and egg situation, mental health improvements then made it easier to adhere to tracking macros, which helped me lose weight, which then helped my mental health. Other aspects that were important for me, but which came naturally: I didn't set any calorie goal or even explicit intention about how much to eat or not eat, but merely writing down what I was eating and how many calories I was eating (very roughly), was enough to cause a feedback loop that naturally led to weight loss for me. That is, my eating behavior changed just by observing it. Overnight it went from struggling with eating too much and controlling my eating to actually struggling to make sure I ate _enough_. (This was genuinely surreal for me.) ""Just observing"" means I didn't form moralistic standards or goals that I could fail - all I did was observe, and I let myself overeat and didn't worry about it. I still do, when I feel really hungry. Now a lot of times I try to evaluate and judge my hunger based on the patterns I am observing, and it helps me be aware when I'm eating out of boredom vs hunger. Also helped me see how _eating_ (i.e. eating regular and sufficient meals) is important to not _over_ eating (i.e. compensating for eating too little one day by over-eating the next day, or not eating all day and then over-eating in a short window in the evening). I realized with CICO that what I was eating didn't really matter as much as I had thought before, and I started to relax about the moralizing and negative self-talk I was doing with my diet (which was a broken attempt at forcing myself to lose weight with shame). Before I would feel guilty for eating sweets or certain foods, and with tracking I was watching myself lose weight eating cake, etc. What you eat just doesn't matter _as much as_ the calories you eat. Anyway, we are all different, so not everything here will help you, and you have to figure out what works for you. I just recommend being gentle and loving with yourself, and being careful about any kind of rigid or demanding method of weight-loss (I think our society promotes a lot of toxicity on the topic, we are quick to blame people for being overweight, and quick to hate ourselves for meeting our basic needs by eating). Stress reduction, getting enough hydration and sleep, etc. are also important in shaping your appetite - when possible take care of yourself and alter your conditions to support you, and things that seemed impossible before can become easy."
youtube:UgwZ_VS8jMmdnRViC8V4AaABAg.9EcMygWCgTF9EdC9EJA6VV,youtube,0.45,AUTHOR_REPEATED_TEXT,@ahmadismakun8060 🙏🙏
youtube:Ugy0O6ppTcjwP8esqZl4AaABAg.9QNMe-a_reH9QNNP74rUzJ,youtube,0.45,AUTHOR_REPEATED_TEXT,AB mix sayuran daun
mastodon:https://pixelfed.automat.click/p/faab64/807920560028364214,mastodon,0.3,HASHTAG_STUFFING,My donated #avocado tree is now over 2 years old. Hopefully I will have a yard soon so I can grow it to be a full tree #Gardening #BalconyGarden #ContainerGarden #SouthOfFrance #Hydroponics #GrowYourOwn #Plants #France #GrowOwnFood @plants
youtube:UgwuWPTNEdlMex_GJ9B4AaABAg.ADZDA5TYm2TADg0fmV01u0,youtube,0.45,AUTHOR_REPEATED_TEXT,Wokey Bosque 👍
lemmy:https://ibbit.at/post/217979,lemmy,0.25,MANY_URLS,"DeBriefed 2 April 2026: Countries ‘revive’ energy-crisis measures W*elcome to Carbon Brief’s DeBriefed.* *An essential guide to the week’s key developments relating to climate change.* # **This week** ### **Crisis responses** **OIL SUPPLIES:** The International Energy Agency (IEA) warned that oil supply disruptions will worsen in April due to the Iran war, reported [CNBC]( The outlet added that the IEA was considering another release of strategic oil reserves. Meanwhile, US exports of liquefied natural gas (LNG) reached an “all-time high” in March, with shipments to Asia more than doubling from the previous month, said [Reuters]( **‘SLOWER GROWTH’:** The International Monetary Foundation (IMF) warned that “all roads lead to higher prices and slower growth worldwide” if the war continues to choke oil, gas and fertiliser supplies, reported the [Guardian]( The IMF said the UK and Italy were “especially exposed by their reliance on gas-fired power”, the newspaper added. **EU PREPARES:** The EU is considering “reviving energy-crisis measures” it used at the start of the Ukraine war, including “grid tariffs and taxes on electricity”, according to [Reuters]( France is considering new actions to electrify its economy and cut dependence on fossil imports, said [Le Monde]( Elsewhere, [BBC News]( rounded up crisis responses from around the world – including fuel rationing, fuel tax cuts, home working and free public transport. **COAL ‘SHORT-LIVED’:** Some countries announced plans to delay coal-plant shutdowns. Italy plans to push back its coal-power phaseout to 2038, according to [Reuters]( Germany will review whether to reactivate reserve plants, reported [Bloomberg]( South Korea also extended three plants set to close this year, said the [Korea Times]( However, a separate [Bloomberg]( comment piece stated that “any shift to burn more coal in 2026 will be short-lived” # **Around the world** **GAS SCRAPPED?:** New Zealand’s government cast doubt over plans to build an LNG import terminal as rising gas prices have worsened the economics, said the [New Zealand Herald]( Separately, plans for Vietnam’s largest LNG power plant may be scrapped in favour of a new renewable energy project, according to [Reuters]( SUMMIT:** [Climate Home News]( reported that 46 countries – including major oil producers – have confirmed they will attend the fossil-fuel phaseout summit being held in Colombia later this month.**INDIAN SUMMER:** India is “forecast to experience higher than normal heatwave days through June, raising the risk of power shortages” as the Middle East conflict worsens energy strains, reported [Bloomberg]( FLOODS:** Heavy rainfall and floods across Afghanistan have killed at least 48 people and damaged communities, following years of drought, said [Kabul Now]( BUYOUTS:** In an effort to halt remaining US offshore wind projects, the Trump administration is offering buyouts to developers in exchange for fossil-fuel investments, according to the [Financial Times]( ## 66% The annual increase in forest loss in Indonesia in 2025, according to Indonesian biodiversity thinktank [Auriga Nusantara]( reported by [Reuters]( # **Latest climate research** New research explores “patterns of distributional justice” in the mitigation scenarios used in the IPCC’s sixth assessment | [npj Climate Action]( surface melt will expand by more than 10% by 2100, if future greenhouse gas emissions continue to be high | [Nature Communications]( evolution of the urban heat island effect in Chinese cities is “not unidirectional, but depends on localised urbanisation and greening dynamics” | [PNAS Nexus]( (For more, see Carbon Brief’s in-depth daily summaries of the top climate news stories on [Monday]( [Tuesday]( [Wednesday]( and [Thursday]( # **Captured** ![]( [Carbon Brief]( analysis found that Great Britain has generated record levels of combined wind and solar output so far this year. The chart above shows monthly wind and solar output, which reached 11 terawatt hours (TWh) in March 2026. At current high gas prices, this saved the UK nearly £1bn worth of gas imports for the month, according to the analysis. # **Spotlight** ### **How ‘plug-in’ solar could reduce bills** *This week, Carbon Brief analysis finds that plug-in solar panels could save a typical household £1,100 over a 15-year lifetime.* In response to the ongoing energy crisis, the UK government announced on 15 March a [package]( of clean-energy measures to “boost” energy security. Among these was the introduction of “plug-in” solar panels to the UK. ### Plug-in panels Compared to rooftop solar, smaller plug-in solar systems consisting of [one to two]( panels can be [easily installed]( on balconies, in gardens and other outdoor spaces. They can be plugged directly into home sockets without the need for additional wiring, reducing electricity taken from the grid and thereby cutting bills. Plug-in solar has already taken off in Germany, with official [registrations]( already exceeding 1m installations (the actual number could be up to [4m]( Other [growing]( markets include France, Spain, the Netherlands and the [US]( Panels could be available in the UK “within months” at retailers, such as Lidl and [Sainsbury’s]( according to the [government]( (Many of the products from EcoFlow, one of the main providers of plug-in solar in the UK, are already [sold out]( online.) The government [said]( it will work with relevant bodies to update electrical regulations to allow the use of plug-in solar. The [Institution of Engineering and Technology]( (IET) has [advised]( homes to get their wiring checked before installing. ### Costs and benefits To assess the potential impact of plug-in solar, Carbon Brief conducted a cost-benefit analysis for an 800-watt (W) installation in a typical two-to-three bedroom home in London. The assumptions are approximate and will vary for different locations and set-ups. Optimally placed panels – south-facing and tilted at around 40 degrees – would generate around 820 kilowatt hours (kWh) each year in London – at a “[load factor]( of 12% – according to the EU’s [PVGIS]( database. Actual output is likely to be lower, due to sub-optimal placement – such as vertically on balconies – as well as orientation and shading. A [report]( by trade body [Solar Power Europe]( noted these factors could cut 30-60% from optimal output. This analysis assumes a 45% reduction from optimal output. If a household is able to use 90% of the output – [typical]( for such installations – then the panels would provide 400kWh of electricity each year, enough to meet 15% of typical [demand]( This will vary on the household usage patterns, but running appliances such as washing machines during peak daylight hours could improve capture rates. This could save £110 on electricity bills each year, meaning the [upfront cost]( of around £500 could be paid back within 5 years, according to Carbon Brief’s analysis. Assuming the panels last 15 years, total net savings over their lifetime could reach £1,100. These savings assume a fixed unit cost of 27p/kWh, based on [predictions]( for July 2026. If electricity prices [surged]( to 34p/kWh for a prolonged period – as they did during the 2022 [gas price crisis]( – then annual savings could increase to around £140, further reducing the payback time. If module costs fall over time as more suppliers enter the market, this could reduce the upfront cost and payback time. If 3m households take up plug-in solar – comparable to Germany’s current deployment – this would generate 1.2 terawatt hours (TWh), less than 1% of [UK demand]( While this would not significantly cut UK emissions overall, it could still save the households more than £330m in total and avoid around [two tankers’ worth]( of imported liquified natural gas (LNG) each year, according to Carbon Brief’s analysis. ### Unlocking participation Aside from its economic benefits, plug-in solar could unlock participation in the clean-energy transition for a wider percentage of the population. For example, renters make up around [one-third]( of UK households and lack control over the installation of rooftop solar and heat pumps. Plug-in solar would enable them to engage in and benefit from clean energy in their homes. *This spotlight was also published on Carbon Brief’s* [*website*]( # **Watch, read, listen** **HEAT HEADS:** The BBC’s [Climate Question]( podcast spoke to two women from Sierra Leone and Mexico about their role as “chief heat officers” for their cities. **OYSTER DIE-OFF**: A feature in the [Guardian]( explored how warming seas are causing mass die-offs of Japan’s oysters, threatening the shellfish trade.**SOLAR SWITCH:** [Climate Home News]( examined how Nigerian homes and businesses are increasingly switching from backup generators to solar power. # **Coming up** **8 April:** [International Energy Agency]( rare earth special report launch, Paris**10 April:** [Djibouti presidential election]( # **Pick of the jobs** **Grantham Institute for Climate Change**, [research fellow]( | Salary: £49,017-£57,472. Location: London (hybrid)**Stop Climate Chaos Scotland**, [advocacy lead]( | Salary: £35,000. Location: Scotland (remote)**The 19th News,**[contract climate reporter]( | Salary: $50 per hour. Location: US (remote) *DeBriefed is edited by Daisy Dunne. Please send any tips or feedback to* [*debriefed@carbonbrief.org*](mailto:debriefed@carbonbrief.org). *This is an online version of Carbon Brief’s weekly DeBriefed email newsletter. Subscribe for [free here.]( [![]( [DeBriefed 27 March 2026: North Sea myths debunked | India’s climate plan | IPCC and Indigenous knowledge]( DeBriefed | 27.03.26 [![]( [DeBriefed 20 March 2026: Energy crisis deepens | Brazil’s new climate plan | New Zealand climate case]( DeBriefed | 20.03.26 [![]( [DeBriefed 13 March 2026: War and oil | Why gas drives electricity prices | Japan’s ‘vulnerability’ to Iran crisis]( DeBriefed | 13.03.26 [![]( [DeBriefed 6 March 2026: Iran energy crisis | China climate plan | Bristol’s ‘pioneering’ wind turbine]( DeBriefed | 06.03.26 The post [DeBriefed 2 April 2026: Countries ‘revive’ energy-crisis measures | Record UK renewables | Plug-in solar savings]( appeared first on [Carbon Brief]( --- *From [Carbon Brief]( via [this RSS feed]("
youtube:UgwipmdYSX1XxUvm9Zd4AaABAg.9zV3REMIjt-AF2mAPiaFl-,youtube,0.75,LOW_ALPHA|AUTHOR_REPEATED_TEXT,🎉🎉
youtube:UgyNpyQyL4v7YfaAdUh4AaABAg.ADKUV0eGRnCADRstE55Chl,youtube,0.45,AUTHOR_REPEATED_TEXT,Thanks for watching!
youtube:Ugy9JHsa9Pw_j_vI29F4AaABAg.97DKrkebX0v97LZ9maBfbH,youtube,0.45,AUTHOR_REPEATED_TEXT,Great
youtube:UgwspY9rAgRv1L-hQut4AaABAg.A46Pqg-QOzGA4DV_zLHq2P,youtube,0.45,AUTHOR_REPEATED_TEXT,You can find these aeroponic towers on our website:
mastodon:https://mastodon.cosmicnation.co/users/seb_tmg/statuses/109371374813222182,mastodon,0.3,HASHTAG_STUFFING,"Let it grow, let it grow, let it grow.. Just expanded my indoor garden hobby in time for Christmas. · ┈┈ · ꕥ · ┈┈ · #Christmas2022 #christmasfeeling #christmasgifts #christmaslights #christmaslove #christmasmagic #giftideas #hobby #hobbyfarming #hobbylobby #indoorgardening #indoorplants #jul #passion #plantcollection #plantlife #plantlover #plants #plantsmakepeoplehappy #plantsofvero #santa #santaclaus #Verowellness #TMGcommunity"
mastodon:https://mastodon.social/users/jmychal90/statuses/114742178293253234,mastodon,0.4,LINK_ONLY,#Aerogarden
lemmy:https://yiffit.net/post/822028,lemmy,0.45,AUTHOR_REPEATED_TEXT,"Heartstopper: 'How the series helped me open up about my sexuality in later life' **Runaway Netflix hit Heartstopper was a huge hit with teenagers when the first series came out last year.** But while it may have been targeted at a younger audience - just like Alice Oseman's hugely popular graphic novels series of the same name - it ultimately had a much broader appeal. The series centred around the blossoming same sex relationship between school friends Charlie Spring (Joe Locke) and Nick Nelson (Kit Connor). The storyline follows Nick's coming out journey as he realises he is bisexual and series two, which drops on Netflix on Thursday, will follow Charlie and Nick's deepening romance. For the young LGBTQ+ community, Heartstopper is about representation, identity and first love, while the show also tackles other teen issues such as bullying and friendship problems. Older viewers have also been drawn to the series with its universal themes and nostalgia for rose-tinted schooldays (even if they weren't always so rose-tinted). For some though, it's had a more profound effect. Fiona - not her real name - says the show helped her to open up about her sexuality for the first time, in her 40s. ""Saying that Heartstopper made me realise I was bisexual is a bit of an oversimplification. There was probably a part of me that always knew but didn't really know how to label it because there weren't any people talking about bisexuality when I was growing up,"" she explains. More people identify as bisexual than gay or lesbian, a new study recently suggested. Fiona herself is married with a young child and her husband has been very supportive as she has begun to open up about her sexual orientation. But it was a very different landscape in the 1980s. She says that growing up through the Aids crisis and Section 28 was damaging, recalling once hearing Aids described by adults in hushed tones as the ""gay plague"". ""There was a lot of trauma and horror associated with not being straight. ""Because I liked boys as well, I just kind of pushed that side down. It [bisexuality] was always floating around in my head but I had those negative ideas of what it means to be bisexual."" She also feels that there's been a lack of bisexual storylines on our screens, which hasn't helped. Last year's Glaad report, which charts LGBTQ representation on TV in the US, noted that there was a four per cent decrease in bisexual characters compared with the previous year. While there have been prominent bisexual characters in recent TV series, such as Rosa Diaz in Brooklyn Nine-Nine and Darryl Whitefeather in Crazy Ex-Girlfriend, it was Heartstopper's Nick Nelson that made everything click for Fiona. ""When I saw his journey, the emotions he felt... the more I thought about it, the more I thought this is something I can relate a lot to the past. ""It was like jigsaw pieces floating around and watching Heartstopper was the thing that finally... they all fit into place. She says that while the show has ""been really important for young people... because it normalises those feelings... there is a generation of older people who are realising they are bisexual because Heartstopper is helping them to go through the things they went through as a teenager and recognise it"". Heartstopper doesn't sugar-coat the issues that still exist today in coming out; Nick is part of a very macho school rugby team, for example, which includes some members who are openly homophobic. ""The fear of coming out to friends is very relatable. That's something I'm still going through at the moment,"" says Fiona. But she notes that Heartstopper is also a ""simple love story... that isn't drenched in trauma"", which she feels is significant. ""There was a big phase where every gay storyline involved HIV... you couldn't just have simple love stories like straight people."" Watching Heartstopper led to Fiona tentatively begin to explore her newly uncovered identity. ""I just subconsciously started using the [bisexuality] label for myself to see how felt. It's like unlocking a part of your identity that's always been hidden. ""Everything just clicked and I was crying at the end when Nick comes out to his mum."" Fiona recently attended her first Pride event but while her husband has been an ally, she isn't ready to come out to her wider family yet. ""My family are very heteronormative. I'm a bit of a misfit because they do (traditional) gender roles, women do this and men do that, and I've always kicked against that."" While Fiona's coming out journey is at her own pace, Connor revealed on Twitter last year that he was bisexual, but suggested he was forced to come out after pressure on social media. ""No-one should be forced to come out when they're not ready, they should be able to do that in their own time. He was pushed into a corner where he felt he had to do that, it was completely unacceptable,"" Fiona says. Connor himself said recently: ""One of the really powerful things about Heartstopper is that it's a voice for a lot of people. ""We do try and teach people that no matter what, it's OK. It's okay not to know, and it's OK to explore and it's okay to work things out. You'll get there. It's going to be the best thing ever when you do."" Series two will see the relationship between Charlie and Nick grow and mature. The pair are ""super, super optimistic and hopeful about their relationship,"" Connor says. ""But it's maybe not as easy as they thought it would be, to suddenly be as out and proud as they want to be."" Dr Julia Shaw, a psychologist and author of the book, Bi: The Hidden Culture, History and Science of Bisexuality, says bisexual people face ""double discrimination, expressed to them by both homosexual and heterosexual people"". ""There's an assumption that for bisexual women, it's probably a phase, whereas for bisexual men, it's kind of the opposite... the assumption will be that you're actually gay but just not willing or brave enough to come out yet. ""Often bisexual people are seen as not queer enough to be fully part of the queer and homosexual community,"" she adds. Dr Shaw also recognises the importance of representation on screen. ""Parasocial relationships are when we have relationships with... or get to know people on screen, or in other media contexts,"" she explains. For example, the viewer may feel a genuine connection with Connor's character through shared experiences. ""We know that parasocial relationships are important for changing people's hearts and minds when it comes to queer issues. ""So if you feel like you know someone [who is gay or bisexual] in your real life, or through the media, you're much more likely to accept that that's a sexuality that really exists."" She adds: ""I think that bisexual representation in the last five years has shot up massively, although it's still not proportionate. ""I think Heartstopper is one of the first representations of a delicate portrayal of bisexuality in boys in a way that we haven't seen before."" Oseman herself, who identifies as asexual and aromantic and uses both she and they pronouns, says: ""We want to see our struggles represented accurately in the media, but we also often want media that makes us feel hopeful, comforted, and happy, and I like to think Heartstopper does both those things."" So what would Fiona say to Oseman if she met her now? ""Thank you for giving my generation the representation that we didn't have. I don't know if she will ever realise what impact she's really had."""
reddit:t3_o8pehg,reddit,0.35,PROMO_TERMS,"A Small Comparison of Air Stones, With Photos Recently, in a discussion of air stones, I said I'd do some testing. I happened to be given a large clear jar, so I did a quick comparison of four air stones. For this, I selected for both brands that had longevity on Amazon and low cost. They were: **Pawfly 1.6"" Disc** **Pawfly 2"" Cylinder** **Vivosun 4"" Cylinder** **Pawfly 2"" Ball** **Pawfly 4"" Single Side Disc** The pump was a Simple Deluxe 602 GPH 18 watts. Used with a six way manifold with valves. This is not my usual pump. My others are 32 watts, and I bought the 18 watt by mistake some time ago and use if as a reserve, but I thought it more meaningful to use the lesser pump. With a 2"" stone attached, the pump expelled the air from a one liter jar almost instantly. It was likely performing at least to rating. The photos are in Imgur. Follow the link. [ I tested most stones at full flow and reduced flow (valve set about about mid position, but I suspect it is not at all a linear valve). For this stage, each stone got the full flow of the pump, **Some things noted:** The cylinders, when on end, appeared to void most of the air volume in large bubbles through the end. The Pawfly 2"" cylinder did little better on its side. The 4"" Vivosun cylinder did much better on its side, still expelling some large end bubbles but putting out a lot of small bubbles on the side. The lesson is, at least from this, don't set cylinders on end. The Pawfly 2"" ball was disappointing all around, releasing most of its air from around the connector. The Pawfly 4"" disc was really in a different class from the others, and it produced a good pattern of small bubbles. When all the first four were run off the manifold at the same time, the results were the same as individually. Sharing the pump output did not seem to make much difference, at least when all the valves had resistance, which was satisfying, since I always have up to six mainfold positions flowing. I think it shows that the stones present a fair amount of resistance, which is generally a good thing, implying small pores. When one more manifold valve was opened without a tube connected, all suffered badly from the drop in pressure, the cylinders faring best. The ball was pretty much useless, and I'm tossing them all. Looked like a good idea, but on reflection, the flat disc almost has to be better. I had never used the 2"" cylinder and won't start now. Best bang for the buck was the Pawfly 2"" disc at $5.65 for a four-pack. Vigorous output at full flow that appeared to have plenty of small bubbles and held up well at reduced flow.The 4"" Vivosun cylinder was okay. Acceptably priced at $5 each with a coupon. I will certainly give more consideration to the Pawfly 4"" disc. It does matter how it sits, and only the suction cups can insure it's completely flat to the bottom. Not the most scientific test, but it told me a lot and effectively eliminated from my stable the 2"" balls, which I had been using heavily. I think that I can use 2"" discs almost exclusively, using two in larger tanks, preferring their versatility over the more expensive 4"" suction cup disc. I should say that I've had no indications of any shortage of air with any of the stones I've been using, but the best controlled experiments comparing Kratky to DWC make a convincing case that undramatic but very real benefit derive from more mechanical aeration. So I know I can do better than those miserable ball stones."
youtube:UgxQHb7O8KhZ3ZArNlx4AaABAg.9m8cpwzABb99m8cqmeR655,youtube,0.3,LOW_ALPHA,🙏🙏
lemmy:https://slrpnk.net/post/32877026,lemmy,0.25,MANY_URLS,"Understanding your Calatheas instead of killing them. This is how! [Guide] Calatheas. They have the reputation for being literally impossible to keep alive. And if you manage to _at least_ not outright _kill_ them, they look super sad. Crispy leaves, no growth, and more dead than alive. You also just _didn't like_ the plant to begin with, because it always has been super fuzzy about everything. Into the trash it goes! **No... wait!** Maybe reconsider the bad reputation. I find them actually not hard at all to cultivate successfully. Let me explain. # Substrate Let's begin with the soil. That's the first thing you did wrong. You used dirt. `Marantacae`, the whole class of diva plants, where all those Calatheas, Marantas, Ctenanthes and whatever words with red dots below belong to, are native to rainforests. They literally need daily rain showers, or else they throw a tantrum and die. So, just water your plant all the time...right? NOPE. You will kill it with root rot, because soil needs dry periods for proper oxygenation. So... skip watering? Yep. But do it 5 minutes too long, and the plant gets crispy and again land in the trash. And now, what else? ✨ H Y D R O ! ✨ Give them some LECA clay balls and let them sit in an inch of nutrient solution. I plan to post a guide/ experience report on semi-hydro soon for more details. ![]( With that method, they are _constantly_ hydrated and you literally never have to worry about root rot or fungus gnats. Also no more guesswork thanks to the water level indicator! They need to be watered every two weeks or so and that's it. # Air humidity I've read a lot that you'll need at least 70, better 80% RH, which is basically only achievable in terrariums and greenhouses, and DAILY misting, or else they get burnt tips. That's total BS imo! They are fucking houseplants. They need to survive in normal house conditions, often 50% or way lower, or else they shouldn't have been born as houseplants. Burnt tips are only a problem if they live in soil. Forget to water once, and they'll burn. This happens in soil all the time, and in hydro rarely. Just don't let the indicator drop below zero and you'll be fine. If you have high RH that's great. Then they don't crisp up _quite as fast and extreme_. As long as there's enough moisture around the roots even 30% RH is absolutely fine. # Survival strategy (just in case!) You may now wonder: how do they survive in nature when they're THAT much of a diva? Answer: POTATO 🥔 ![]( You see those bulbs? Maybe they remind you of arrow root if you have already seen one. THATS BECAUSE IT'S THE SAME FUCKING THING. (almost) Their survival strategy is basically: - ""Oh, comfy here!"" (Good conditions with moisture and stuff) - **Literally explode with growth and pump out as much leaves as possible** - Get as much light as literally possible somehow - Convert light into small tubers (those potato thingies that contain starch) - ""Oh, everything sucks now, where's my fucking rain?"" - **Literally die in the most unfashionable way possible** (suck up all water and nutrients from the leaves and get it into the potatoes) - Wait until - ""Oh, comfy here!"" - ... - Repeat. Basically, leaf damage is normal. Normal, but not what we ever want. _Keep everything consistent!_ # Lighting People say Calatheas are """"Low Light Plants"""". Buullshit. What the heck means ""low light""? We live in fucking concrete caves. Even the darkest shadow outside (in a bush or whatever) is like 10x brighter than your window. They have adapted to grow on rainforest floors with ""very little"" light. But they still need some. Sheer curtains are great for that. They reduce the incoming direct light, and diffuse it. If the leaves are getting dark green, or the pattern fades, it's too dark. Give them some light. They need the energy to create new tubers, where new leaves also sprout from. But don't overdo it. Unfiltered sun is too much for them. Give them a bit of light, and they'll survive. But if you give them lots of diffused light they'll literally explode with new growth! # Water quality One last word about watering. I personally use reverse osmosis or rain water as a base, and always add a bit of hydroponic fertilizer every time. I never ""water"", I ""refill the nutrient solution"". You don't _need_ RO water, but I highly recommend it to you. It will make your life easier, trust me. If you use tap water (if you have clean drinking water of course, no chlorine or whatever!) flush the reservoir every few times maybe to avoid mineral accumulation or nutrient lockout. --- Calatheas are amazing imo! They look stunning, and they have relatively low light requirements because they tilt themselves automatically towards light sources. I hope you found it helpful and maybe you'll like them soon too! --- EDIT: a small overview of my collection. Most of them are ~1 year old, often less, and started from a small plug :) ![]( ![]( ![]("
mastodon:https://vive.im/users/afg/statuses/116793464796044624,mastodon,0.4,LINK_ONLY,Canicule 🫨 #hydroponics
bluesky:at://did:plc:vrcsr5hdv3bsi47jqbtjmsxi/app.bsky.feed.post/3mwfndb6ssi2t,bluesky,0.35,PROMO_TERMS,"Desktop Glass Planter Vase Holder, Modern Flamingo Plant Terrarium Metal Stand for Hydroponics Plants only $8.xx 1. Click Here: amazon.com/dp/B0F9WHD5GM and add for higher price 2. Use coupon code ISUSXPT8 at checkout for the discount"
mastodon:https://sunbeam.city/users/srgray/statuses/109280037519579548,mastodon,0.3,HASHTAG_STUFFING,"With all the #new_people, I'm reposting my #introductions I’m a stay-at-home father of two young boys in Sudbury, Ontario, Canada. I have an Honours Degree in English Literature, a Bachelors in Education, a Graduate Certificate in Event Management and a Diploma in Accounting. I’ve lived in 18 different cities in the provinces of Ontario & British Columbia. My interests include: • #Solarpunk​ • #Gardening​ • #hydroponics • #Environmentalism​ • #Decolonization​ • Alternative Energy • #Writing • #NaNoWriMo • Cycling & Mass Transit Solutions • Canadian Soccer • Northern Ontario self-determination My pronouns are: He/him Scuttlebutt: @PDDwKH30fODcETlFYOq2w7hhxj0YmFeZagS9Em4/ZMQ=.ed25519 ActivityPub Feed: @admin Websites:"
youtube:UgztXxKK0tSKcYk68wp4AaABAg,youtube,0.75,LOW_ALPHA|AUTHOR_REPEATED_TEXT,🙏🙏🤲🤲
mastodon:https://venera.social/objects/85a863ed-1566-7fdf-c90c-a7f837123297,mastodon,0.3,HASHTAG_STUFFING,"last year, I had to hand pollinate all my cucumber plants because I couldn't find any bees to do the job. But this year, I have a lot of #bees of different types, even a chunky bumble bee visiting my #balcony every day and seems busy pollinating my cucumber and pepper plants. I don't know what is the difference between this year and last year, but I am really enjoying it and already have some 20 baby #cucumbers on one plant. #Gardening #BalconyGarden #ContainerGarden #SouthOfFrance #Hydroponics #GrowYourOwn #Plants #France"
youtube:UgwEGiUqr4yGysDvaCZ4AaABAg.A9WKuRkrp0LA9Xz12cTn3L,youtube,0.75,LOW_ALPHA|AUTHOR_REPEATED_TEXT,🤙🤙✌💙😎
gardenweb:gw_a7371620,gardenweb,0.35,PROMO_TERMS,"Hi again aegean, Yes, any such formulation will end up in a specific EC, as in 2.0 or 2.1. This is in fact the approximate outcome for a number of formulations. But at this level you have to understand that we have got two valid perspectives and options. Firstly, the total (original) concentration of such formula - and secondly a certain dilution factor of the same formula. The actual EC of a formula (as in 2.1 mS/cm) doesn't necessary mean that it is the only valid concentration or dilution rate we may use. It's a bit confusing, as one may indeed think that the formula is calculated to give us exactly the necessary ppm for each element, and that less would obviously not be sufficient. But it's actually not like that - as such formula is rather generous with each elemental ppm and thus reflects more like the profile of a maximal concentration. If you like, such formulation includes the possibility of a certain/higher dilution factor. And here, less can indeed be more (appropriate). In fact, the practically applied EC needs to be adopted to the growing conditions and climate, the size/maturity- and the resulting evapo-transpiration of the plants. Generally this means the higher the nutrient consumption, the lower the EC. And, the smaller he plants the lower as well. Actually lowering the EC in the first case, is to keep it most stable (not climbing due to high evaporation or e-transpiration) in the Nutrient solution. Making a long story short: what do you do? You lower the EC and don't worry about sufficiency - with this formula at 1.2-1.5 it's just fine for lettuce. About NH3/NH4 ratios? Well that's a question of 1000 points. Because the NH3/NH4 ratio in a nutrient solution will affect pH and it's fluctuations greatly. A nutrient solution that only provides NH3 nitrogen tends to increase solution pH, while with the use of approximately 10%-20% of the total nitrogen as NH4+, the nutrient solution pH is likely to stabilise under pH 6. (theoretically at around 5.5) But a disproportion of Ammonium nitrate may reduce calcium uptake as well. And, if you use a system that promotes bacterial activity, with buckets and/or bigger amounts of medium, -or even if there is build up of larger root systems eventually, bacterial activity can transform NH4 into NH3. Last but not least, you have to consider that not only ammonium nitrate provides the NH4 part of the nitrogen, calcium nitrate also/already has 1.3 parts of NH4 to 15.6 parts of NH3. Making another long story short, you may actually reduce or experiment with the NH4 part (provided by ammonium nitrate ) to stabilise your nutrient's PH. As your pH tends to fall, you would reduce the NH4 part from 15 to 10 % (for example). But please consider that IF you already have reduced P and your nutrient concentration (EC) - all of it will affect pH! You shall only chose one option or transformation at a time, to observe changes. As for a recommendation of any pH-up or down, there is no actual recommendation from my side, except the classical acids and bases in use. I would rather try (as you have got the possibility) to achieve pH buffering and stability with a balanced content of potassium mono phosphate and ammonium part of N. Even with a little swing until the next nutrient change or top-off, you and your plants are better off without any use of ph-up or down. In case you can't achieve enough pH stability with transforming the formula, reduce- or leave out more of the NH4, provided by ammonium nitrate. As a result your solution pH will have the tendency to raise. Then reduce N (provided by calcium nitrate) by about 20-30 ppm and adjust pH with nitric acid (which will provide some N). Be careful though, as this acid (when coming in usually high concentrations) burns holes through reinforced concrete and/or your hands! Alternatively Sulphuric acid (diluted) may do the trick as well and as you have reduced Mg/S already, no need to change your formula any further. The supplemental S will do no harm as long as it doesn't exceed a total of 300 ppm in your NS. It may sound complicated, but it doesn't necessarily need to be. You may even be lucky and with the previous suggestion (of lower p) and reducing the ammonium part a bit, (by 5%) you may end-up with a pretty stable pH and little fluctuation, that doesn't actually need any further pH manipulation until next toping off or change. ;-) Good hand and luck with that! Cheers. Lucas"
reddit:t3_1833x3a,reddit,0.45,AUTHOR_REPEATED_TEXT,The Hydroponic House Plant Experiments
youtube:Ugw3rGCmG3ofcC7STHl4AaABAg.A0RLAw1GnHvA3-BXi1cR14,youtube,0.3,LOW_ALPHA,👍💪
youtube:Ugw0SLjJaDT9n9Ldq_R4AaABAg.AQczdadNqMfAQd-IhsYrmO,youtube,0.75,LOW_ALPHA|AUTHOR_REPEATED_TEXT,😅
bluesky:at://did:plc:eds7ochxd7pq6cqsnc2k6iv4/app.bsky.feed.post/3lzjykmd6oc24,bluesky,0.3,HASHTAG_STUFFING,This is one of the ways we aim to be sustainable and reduce GHG emissions in shipping: hydroponics. #foodsecurity #sustainability #agriculture #food #vegetables #tariff #trade #SusTAINcentre #GreenWeek #RamosFortier
lemmy:https://lemm.ee/post/17548384,lemmy,0.45,AUTHOR_REPEATED_TEXT,"The Future of Man Link to the original message: Message received: 27NOV2020 Important addendum added 25OCT2021 as noted below. Banned YouTube video added to website on 30NOV2021 – go to the video page link to review the removed video if you wish – click here. We wish to say that humanity is moving into a new phase. On one hand, we have the natural progression we call Ascension, and on the other hand, we have this virus created and released on humanity by the evil ones. The reason for this is to reduce the world’s population and also to deny forever the freedoms that all mankind is entitled to. The world will never be the same again. This virus cannot be eliminated. It has been designed with great care so that, in the case of a vaccine being developed, it mutates to a new form. So, this virus will plague humanity forever into the future. But all is not lost. The positive effect of Ascension will allow humanity to develop and change. With the help of the Directors of Life, a new species of man will be introduced that can cope and resist this virus. In the present time, unfortunately, the weak and infirm will die, thus shortening the life expectancy of humanity. Young people will be encouraged to accept the limitations of freedom that old people knew. But that generation (the old people) will, to a great extent, be eliminated by the virus. So, a new way of life will be introduced where individual freedoms will no longer be accepted and punitive steps taken to put a stop to anyone who tries to express freedom. The idea is to create a world of slave’s, accepting without question the limitations put on freedom of expression. Ascension, in the long term, will put a stop to this folly, but that will be long into the future. In the meantime, more and more restrictions on freedom of movement, freedom of expression, and liberty will gradually come into place, the excuse given being that, as this virus mutates, so it affects more and more people and thus, to prevent the spread of it, loss of liberty must be introduced, overseen by a universal body who will regularly shutdown entertainment outside of the house and allow people only to shop using the internet, and delivery of groceries and goods will be delivered to the door by special couriers using specially adapted vans equipped with filters to keep out the virus. There will be a gradual shutdown of all outdoor activities and anyone found being abroad will be suitably punished. Workers will be forced to find work close to home and will have to wear special clothing as used in hospitals. All homes will be equipped with filter systems providing oxygen, mixed to produce the same atoms as clean air, which will be delivered to homes in metal containers rather like oxygen is stored in metal bottles used in welding plants. Outside air will be kept out of homes. This system, which seems impossible to produce and introduce now, will be gladly accepted as more and more people succumb to the virus. Old or inadaptable houses will be demolished and a new style of simple rectangular block houses will be introduced and people will be forced to live in them, many people not being allowed to leave them. Everything needed will be delivered by special courier. Of course, as the places that people normally go to now; the seaside, parks, restaurants, and so on will be empty of humanity, only a chosen elite will enjoy these places. These chosen people will have had a vaccine injected in them that will not be available to the general public, and as the virus mutates, so new vaccines will be introduced, available only to the chosen few. This is the fate that awaits humanity from now on and for a long number of years. Eventually, people will revolt and there will be a revolution when the public realizes the trick that has been played on them, a trick to enable the elite to appreciate freedom, while the public is locked in their concrete houses. We are sorry to announce this, but the public has the right to know. Forewarned is forearmed. 25OCT2021 Addendum: We have looked into the future, as far as we can see down timelines, and will tell you what we have seen. There is no point in trying to describe the situations regarding individual countries and individual populations. That would be too time-consuming and too uninteresting for the other populations waiting for information concerning them. We will consider the global movement into the future. Now, you may be aware that there are forces – humans, working with evil entities – that have and are doing their best to manipulate world events to their advantage. One of the things that they are trying to do is to turn the clock back, so to speak, so that there are fewer humans, and those that there are, are reduced to a state of serfdom so that only the chosen few – the rich and powerful – have any real freedom while the rest of the population can only act in a way that this chosen few permits. This was a state that existed in large parts of the world in the past. Indeed, this state already exists in many countries to this day. In countries where so-called freedom exists, this element that I refer to as the chosen few object to having to share shops, parks, beaches, holiday resorts, and so on with the common folk, previously referred to as the great unwashed, and so steps have been taken to reduce civil liberties. As all are aware, a virus has been released, the design being in part to reduce the population by deaths, in part to introduce sterilization which will reduce the world’s population and also to instigate loss of civil liberties – freedom of movement and action. Vaccines have been created which seem to act in opposition to the virus, but time will show (a) the virus will mutate making injections ineffective, and (b) elements within the vaccines will cause considerable harm to the world’s population. We have warned people about the dangers of both the virus and its cure and have pointed out the timeline hoped for by the chosen few. Anyway, what does the future hold for you? I am sorry to say that this virus will change everything. Your life will never be quite the same – at least for a considerable time. I do not want to sound pessimistic because life will go on, but it will not be the same. You will never, in the short term, regain the freedoms that you had and that should be your birthright. Of course, future generations, after a long struggle, will regain freedom, as the pendulum of progress swings fully into the positive aspects, but in the short term, the timeline created by the evil ones will push you all into a somewhat dark age. I don’t want to get too dramatic but you and your children – those that can have children – will be obliged to live by strict rules that will restrain your freedoms to travel as you wish. The virus will be kept as virulent as possible in order to reduce populations, and toxins within the vaccines will restrict the number of people allowed to produce children. That is why you already have a number of different vaccines and they are reserved for people of different ages Vaccines given to young people contain toxins that will sterilize either men or women while vaccines for the elderly contain microchips designed to reduce their life expectancy. Children cost governments money: schools, teachers, technicians, cleaners, school meals, money given to parents for child support, health care, and so on. The elderly are expensive due to pensions, doctors bills, medication, hospitalization, retirement homes, and general care. So, you can see that if there were fewer children and fewer elderly, governments could save a fortune. Of course, it would seem that if there are fewer people, there would be fewer workers paying taxes, but in the future, machines will do the work and the taxes from their creations will provide governments with money. The whole system will change. The common folk, the great unwashed as Edward Bulwer-Lytton called them, will no longer be needed. However, nothing lasts forever. Change is the only constant. The Directors of Life, in conjunction with God’s archangels, are already producing children who will be immune to the effects of these viruses and the vaccines. These children will grow to adulthood and will defy the chosen ones and will defeat them. But, in the immediate, Draconian measures will be implemented to restrict, not only the population growth but freedom of movement. Of course, the chosen ones will be given injections not containing toxins and so they will be free to live and to enjoy life as they want not being bothered by the common folk. So, in the short term, life looks bleak but it will not last. The angels will combat evil and will overcome it. So, without going into too much detail, I have described what is in store for you in broad terms. But, do not worry. By practicing meditation, prayer to God thanking Him for His blessings, and helping all life as and when appropriate, you can draw angels to you who will protect you from harm. As I just said, future generations will be born immune from all this evil, and helped by the positive swing of the pendulum of change, life will become wonderful. So, do what you can. Grin and bear the swings and arrows of outrageous fortune and you will come out on top. I am sorry that I had to present this rather gloomy picture to you but it is better to know the truth than to be kept in the dark."
youtube:UgwRAVdUFHuScxCuaet4AaABAg.9eYsKDLn33j9eZkZ-SxXgb,youtube,0.85,LINK_ONLY|AUTHOR_REPEATED_TEXT,
lemmy:https://lemmy.zip/post/25726024,lemmy,0.25,MANY_URLS,"Review Thread Slitterhead Game Information -- **Game Title**: Slitterhead **Platforms**: - PlayStation 5 (Nov 8, 2024) - PlayStation 4 (Nov 8, 2024) - Xbox Series X/S (Nov 8, 2024) - PC (Nov 8, 2024) **Trailers**: - [Slitterhead - Story Trailer]( - [Slitterhead - Gameplay Trailer - SGF 2024]( **Developer**: Bokeh Game Studio **Publisher**: Bokeh Game Studio **Review Aggregator**: **[OpenCritic - 66 average - 28% recommended - 44 reviews]( Critic Reviews -- **[CGMagazine]( - [Justin Wood]( - [5 / 10]( >Ultimately, Slitterhead serves as a cautionary tale of high expectations meeting harsh realities and a reminder of how even the most anticipated projects can falter in execution. -- **[COGconnected]( - [Jaz Sagoo]( - [70 / 100]( >Slitterhead takes an innovative concept and places it at the forefront of the adventure. The possession mechanic leads to a frantic combat system that encourages you to quickly switch between characters to fight formidable foes. This bleeds throughout acting as a method of traversal and stealth. Although a little clunky and lacking polish, the game manages to deliver a truly unique experience that will resonate with fans of action and horror. -- **[Capsule Computers]( - [Claudio Meira]( - [7 / 10]( >Slitterhead delivers an intriguing horror story and fast action, but its exploration sections feel watered down, lacking in player agency. -- **[Checkpoint Gaming]( - [Charlie Kelly]( - [6.5 / 10]( >There's a decent time to be had in Slitterhead as a blood-wielding badass dealing with some dastardly demons in the striking and grungy concrete jungle of Kowlong. The game finds a satisfying balance of empowerment and challenge as you hijack body after body to topple your foes. Similarly, it's exciting to use these supernatural powers to traverse the land and uncover mysteries across the city. The game, however, is held back by an obtuse story, a frustrating lack of apt signposting in some missions, and an adventure you never really wrap your head around in its twelve-hour runtime. It may not make a huge mark on the horror action scene, but to the select few that vibe with its freakishness, it'll be an underrated gem for years to come. -- **[Digital Trends]( - [Tomas Franzese]( - [2.5 / 5 ]( >Slitterhead is the most creative action game that I've played this year, but it's also deeply flawed. -- **[Eurogamer]( - [Vikki Blake]( - [4 / 5]( >Slitterhead can be a slow-burn to begin with, but once its combat clicks, this is an action horror game like few others. -- **[GAMES.CH]( - [Fabrice Henz]( - *German* - [74%]( >In some regards Slitterhead is fantastic. It offers an engaging story told through the perspective of several characters, a simple yet fun combat system that excels through the ability to possess different people at any moment and super cool monster design in the Slitterheads. Unfortunately a lot of the other aspects feel very underbaked. Stealth isn’t engaging at all and sometimes kills all the momentum the game had going, the controls are always snappy enough for what you want to do and some aspects of the presentation feel very oldschool. As a package the game is a lot of fun though and offers a glimpse into what the developers at Bokeh Game Studio are able to do in the future. That is certainly bright and hopefully brings more somewhat unique titles like Slitterhead certainly is. -- **[Game Rant]( - [Greysun Morales]( - [5 / 10]( >Slitterhead is meant to be a horror brawler, but it's missing the scary and action. -- **[Gameliner]( - [Bram Noteboom]( - *Dutch* - [3.5 / 5 ]( >Slitterhead offers a quirky, exotic horror-action experience with flaws in dialogue and gameplay, but those who embrace its oddities will find a bizarre, twist-filled story, intense monster combat, and a true cult-classic feel from Bokeh Game Studio. -- **[Gamersky]( - [心灵奇兵]( - *Chinese* - [7.1 / 10]( >Slitterhead is a unique blend of horror, action-adventure and time-loop mechanics, showcasing some intriguing concepts. However, it struggles to fully realise its potential due to various limitations. The creativity is commendable, but the execution is poor. -- **[GamesRadar+]( - [Jasmine Gould-Wilson]( - [4 / 5 ]( >Part sci-fi body horror, part thrilling detective yarn, Slitterhead is a story of humanity versus monstrosity in a city where both are plentiful. Bokeh's debut release bravely takes strides to manipulate, challenge, and evolve how we play horror games, and while some of these risks do not pay off as well as others, Slitterhead's sheer creative ambition is impossible to ignore. -- **[GamingBolt]( - [Shubhankar Parijat]( - [7 / 10]( >Slitterhead's unique premise and experimental mechanics make it a compelling experience, even if it can feel a bit too rough and low-budget from time to time. -- **[GamingTrend]( - [Henry Viola]( - [60 / 100]( >Slitterhead is the perfect definition of a game that doesn't know what it wants to be. It falters in both the action combat category as well as the horror genre, resulting in a middling experience overall. -- **[Hardcore Gamer]( - [Michael Murphy]( - [3.5 / 5]( >Bokeh Game Studio's Slitterhead shows a lot of promise in terms of its unique possession action gameplay, direction, music and overall plot. It’s fun, electric and unlike any other game. New IPs are the lifeblood of the industry and the game is a key example of keeping that saying alive. The reliance on narrative tropes, graphical inconsistencies and dialogue-heavy exposition, however, do keep the title from reaching the heights it seemed destined to climb. -- **[Hey Poor Player]( - [Shane Boyle]( - [3 / 5]( >""I feel extremely conflicted when I think deeply about Slitterhead. On the one hand, it's a return to the side of Toyama's mind that gave us Silent Hill, with Slitterhead presenting players with an otherworldly tale that thrives on surrealism and its gripping central mystery. On the other, it's a sub-par action game that weighs down its novel ideas with combat that feels weightless and unimpactful. Whether the combat is a deal breaker for the average player is going to depend on how much they value everything that Toyama and his team at Bokeh Studios have got right. For this writer, the answer to that conundrum is that on the whole, Slitterhead's positives do outweigh its negatives. It feels like Toyama is untethered again, and while not every design choice has worked out for the best, the fact that we have the horror legend operating independently and willing to create something unlike anything else is something to be celebrated."" -- **[Hobby Consolas]( - [Daniel Quesada]( - *Spanish* - [79 / 100]( >The hand of a genius like Toyama is evident in a game whose personality draws attention from the start, although that does not hide a technical (but not artistic) section that is below expectations. It is a remarkable horror and action adventure, but it could have been much more. -- **[IGN]( - [Tristan Ogilvie]( - [5 / 10]( >Like a bloody blade worn down by a few too many battles, Slitterhead grows increasingly dull over time and ultimately just doesn’t cut it. -- **[IGN Deutschland]( - [Michael Cherdchupan]( - *German* - [8 / 10]( >Slitterhead is a divisive horror game that will either fascinate or frustrate players. Its unique blend of action, body horror, and surreal storytelling, coupled with a haunting soundtrack by Akira Yamaoka, creates an unforgettable, albeit flawed, experience. -- **[IGN Italy]( - [Alessandra Borgonovo]( - *Italian* - [6 / 10]( >Slitterhead is an action horror game that collapses under its loop-both in terms of narrative and gameplay-and doesn't shine as much as it could have. -- **[IGN Spain]( - [Mario Seijas]( - *Spanish* - [8 / 10]( >Slitterhead is a successful experiment. It combines a cryptic and complex story within an episodic mission system that simply works. All that spiced with precise, complex and visceral combat. -- **[Metro GameCentral]( - GameCentral - [3 / 10]( >A deeply flawed attempt to combine survival horror with Devil May Cry style action, that tries to do a dozen things at once and succeeds at none of them. -- **[MonsterVine]( - [Spencer Legacy]( - [3.5 / 5]( >Slitterhead may be a bit rough around the edges, but the core concept and story are intriguing enough to make this worth trying. There really aren’t many games like this, and I recommend it to anyone who has an interest in strange and dark titles. -- **[Nexus Hub]( - [Ryan Pretorius]( - [7 / 10]( >Slitterhead has 'cult classic' written all over it with its gritty atmosphere, unsettling creature designs and old-school appeal, though it lacks polish and a satisfying combat system. -- **[Niche Gamer]( - [Fingal Belmont]( - [9 / 10]( >While it is apparent that Bokeh Game Studio was working with a tight budget, they knew how to stretch their dollars. Slitterhead is truly a special horror game that is sure to be a cult classic. -- **[Noisy Pixel]( - [Azario Lopez]( - [7 / 10]( >Slitterhead exemplifies what an indie developer with ambitious ideas can achieve within limited means. Where one system falters, another aspect of the game steps up, maintaining a balance between innovation and feasibility. While more resources could have enhanced the combat and voice acting, Slitterhead ultimately succeeds as a character-driven horror game with a focus on storytelling and atmosphere. For fans of narrative-driven horror, Slitterhead is a captivating experience that breaks the mold. -- **[PC Gamer]( - [Abbie Stone]( - [70 / 100]( >A flawed but fun action slaughterfest with a great NPC-possession hook. -- **[PSX Brasil]( - [Rui Celso]( - *Portuguese* - [60 / 100]( >Although Slitterhead has a nice story, the game makes a generic and crazy mix of Parasyte with a Beyond: Two Souls flavor. With plastered gameplay, half-graphics, a very weak battle system, and poor audio, this game isn't worth your time or your money. -- **[Press Start]( - [James Berich]( - [8.5 / 10]( >Slitterhead offers a refreshing and unique experience that pays homage to Bokeh's pedigree while still establishing its own identity. Despite some minor flaws, the game makes great use of its weird but wonderful narrative and ingenious possession mechanics to bewitch you from the beginning. With such a distinctive sense of direction and style, Slitterhead is an incredibly strong debut that firmly establishes Bokeh as a studio to watch. -- **[Push Square]( - [Sammy Barker]( - [7 / 10]( >Frustrating at times but fearlessly inventive, Slitterhead is an absolute must-play if you're looking for an original take on the survival horror genre. Serving as a spiritual successor to fan favourites like Siren, Gravity Rush, and Soul Sacrifice, this haunting tale about a body-hopping spirit – who uses humans as fodder to put a stop to the eponymous enemy – is a scintillating albeit occasionally undercooked debut from Bokeh Game Studios. Repetition and an overall lack of refinement do bring it down, but you'll be hard-pushed to find a more imaginative experience this year. -- **[Rock, Paper, Shotgun]( - [Ed Thorn]( - [Unscored]( >An action horror game I respect for trying many interesting things, but one I can't recommend by virtue of it sucking my patience dry. -- **[SECTOR.sk]( - [Branislav Kohút]( - *Slovak* - [7 / 10]( >Slitterhead relies on the mechanic of possessing and controlling human bodies, which is not new, but is used to great effect in the game. Once you get past the clunky start and get into it, Slitterhead manages to deliver an impressive experience. Although it would be more spectacular if more things were clearer and better handled. -- **[Siliconera]( - [Stephanie Chan]( - [7 / 10]( >Despite its innovative gameplay, its lack of variety and somewhat confounding story hold it back. As an action game, the fast-paced body possession system is addicting, but it doesn't provide as many challenges as you'd expect from its length. -- **[Spaziogames]( - [Domenico Musicò]( - *Italian* - [6.7 / 10]( >Slitterhead is a graphically and structurally rather old game that fails in any way to approach either modern productions or the other glorious works of the Keiichiro Toyama. The only good cues come in the form of the ability to control different characters through possession, which make the traversal and combat dynamics varied, but the dilution and repetitiveness of certain quests tend to dull enthusiasm soon. -- **[SteamDeckHQ]( - [Noah Kupetsky]( - [3.5 / 5 ]( >Slitterhead is a mixed bag at times, but it is an intriguing and enjoyable time for the most part. The combat feels great and utilizing abilities, regular attacks, deflecting, and swapping bodies on the fly makes for a very rewarding experience. The story itself is wonderful, and the visuals exemplify the horrific nature of these monsters and how they form. It can feel a bit stiff at times, and I wasn't a fan of how the backstory was told, but it's still a great time that feels unique against the current lineup of horror games. > >It is hit or miss on the Steam Deck in some areas, but it will hold for the most part. It feels great on the portable screen, especially with HDR support. Overall, this is a wonderful experience, and I highly recommend it! -- **[Stevivor]( - [Jam Walker]( - [3.5 / 10]( >While I’m always thrilled to see more sensibly scoped and budgeted games come along at a lower price point, it’s eminently clear throughout that Slitterhead suffered a messy development. While I’m hugely sympathetic to the situation Toyama’s team found themselves in building the studio and starting production just a few months into the unfolding chaos of 2020, Slitterhead’s realisation just misses the mark in almost every area. It’s an incomprehensible slog to play through and I regret spending so much of my week with it. -- **[The Outerhaven Productions]( - [Scott Adams]( - [4.5 / 5 ]( >Slitterhead is a fun and satisfying horror combat game. It has a lot of variety in designs with plot twists that will keep you guessing after each chapter. -- **[TheGamer]( - [James Troughton]( - [4 / 5 ]( >Excerpt: Slitterhead is an incredibly inventive game with a brilliant, novel idea at its core. It’s the exact kind of release we should be uplifting, a new IP that pushes graphics and trends aside to try something fresh. -- **[TheSixthAxis]( - [Steve C]( - [6 / 10]( >Slitterhead is destined to be a cult classic, though mainly because of what it could have been, as opposed to what it is. The combat is functional but feels dated and gets boring before the end, the dialogue sections are unvoiced and feel cheap as a result, and the loop of finding and then fighting enemies through various forms soon becomes unfortunately one note. I enjoyed immersing myself in the world of Slitterhead but the game itself feels too much like a relic of a bygone era than a new title by industry giants. -- **[VGC]( - [Jordan Middler]( - [2 / 5 ]( >Slitterhead isn't very good, but it is very interesting. In an age of remakes, sequels and safe bets, it's heart-warming to see something that's so clearly such a singular vision. We're disappointed that vision is sold short by basic combat and a focus on the game's ugly characters, but we're glad it exists and would welcome more attempts like it. -- **[Wccftech]( - [Kai Tatsumoto]( - [6.3 / 10]( >Slitterhead is an experience that's fantastic in still shots or in story trailers but the actual gameplay becomes a muddled mess when the player is forced into repetitive chase and combat sequences. -- **[WellPlayed]( - [James Wood]( - [8 / 10]( >Bokeh Game Studio's debut horror title is a game entirely out of time with its genre contemporaries and all the more wild, compelling, and beautiful for it. Satisfying combat and a generational eye for tone and design collide in the year's strangest beast. -- **[Worth Playing]( - [Chris ""Atom"" DeAngelus]( - [6.5 / 10]( >If you can get past the jankiness, Slitterhead has a certain quality that makes it oddly compelling. Everything from the plot to the gameplay and the graphics is a strange combination of insanely dated and bizarrely structured. It's a bizarre, shambling mess of a game that has a flavor all its own, but it never quite manages to come together into something cohesive. -- **[XboxEra]( - [Jesse Norris]( - [4 / 10]( >Slitterhead has a weirdly intriguing plot and cool art design wasted by endless repetition and outdated game design. There’s something here, and I found Slitterhead pulling me in during the first few hours. It was the last 80% of the game that was a dreadful experience. -- **[ZTGD]( - [Ken McKown]( - [6 / 10]( >Slitterhead is unique. That is the biggest compliment I can give it. There are things here that I love. The mood of the game, the music, and the concepts. It just doesn’t mesh well into a cohesive experience. It feels stuck in the past, which is fine in some instances, but when it comes to its crimes, it really drags it down. I promise I will never forget this game, and it is included in Game Pass, so definitely give it a whirl if you subscribe, but at full price, I might wait a little while to take the plunge. --"
youtube:UgziybrqaSH2XYvzhcV4AaABAg,youtube,0.3,LOW_ALPHA,🎉🎉🎉
mastodon:https://mastodon.social/users/by_jessica_achillea/statuses/112868037075043025,mastodon,0.3,HASHTAG_STUFFING,🌿💧Houseplants and Cuttings That Thrive in Water at Home article💧🌿 #hydroponics #hydroponic #water #houseplants #houseplant #watering #propagate #byjessicachillea
reddit:t3_845r7l,reddit,0.25,MANY_URLS,"Micro NFT system experiment - Genovese Basil M' names Joel. [I guess I grow basil now]( I figured I would give the old hydro approach a try. Living in a tiny apartment in Brooklyn, I had to keep it small. Naturally I also had to overcomplicate things. I will include links to key items so others might replicate, or suggest less costly alternatives. I fabricated an NFT nutrient chamber and film layer out of [black and grey sheet PVC]( I got a [little submersible pump]( and used some 1/4"" tubing from a previous unrelated project to pipe the nutient solution from the reservoir to the shelf. Oxygenation achieved via [aquarium air pump]( linked to porous tubing run along the bottom of the reservoir. I borrowed a hydroponic basil solution recipe from I had never grown anything before... Hydroponic solution is composed of 2.5gal Deer Park water from the local bodega, 5g [Masterblend 4-18-38]( 5g calcium nitrate, 5g magnesium sulfate. I was cheap and didn't get the Dyna-Grow. I didn't realize it at the time, but 5 lbs of Masterblend is going to last me a very long time... Growth medium is [coconut coir]( - rehydrated x1 day, allowed to equilibriate with tap water, then dried, packed into grow cups, and rehydrated with nutrient solution. Grow light setup - a [45W LED array]( from Amazon - mounted under my desk. Enclosed by reflective enclosure made of [mylar]( and [Correx]( sheet. Results as seen in the above gallery I was lazy and didn't want to build a separate germination setup, so I built slots into my framework that allow for adjustment of the nutrient film layer anywhere from touching the bottom of the coir, to a few cm lower. I will adjust as the roots grow. Germination occurred at day 3 - which was surprising. I will likely have to separate the plants soon, selecting only the strongest seedlings to continue. Please let me know if you have any advice or input for the future of my basil. Thank you to the community at large - I have learned many things. I hope to build a larger NFT system soon. The constant sound of running water is very soothing."
lemmy:https://news.abolish.capital/post/68222,lemmy,0.25,MANY_URLS,"4 things to know about cyclospora and climate change The looming threat of cyclospora — a parasite often found in summer produce that causes severe gastrointestinal distress in humans — has struck fear into the hearts of salad enjoyers nationwide. On July 17, shortly after beginning its investigation into the multistate cyclosporiasis outbreak, the Food and Drug Administration [announced a positive test result]( identifying cyclospora on shredded iceberg lettuce grown in Mexico for Taylor Farms, a major U.S. food producer. The company issued a voluntary recall — but the FDA [walked back its statement]( two days later, describing the test as a “false positive” while insisting its investigation is “ongoing.” Representatives from Taylor Farms allegedly asked the FDA for more time before the agency recalled its products, [according to a Wall Street Journal report]( At the time, the outbreak had been contained to five states in the Midwest, according to the Centers for Disease Control and Prevention. Since then, the CDC has linked [four more states]( reporting cases of cyclosporiasis to contaminated lettuce from Taylor Farms, bringing the total of impacted states to nine. The CDC also stated that the outbreak has caused close to 2,000 cases of the illness — although that is [likely an undercount]( (The CDC is also monitoring cases of cyclosporiasis that appear unrelated to this outbreak.) There are a number of reasons why it can be difficult to track cases of cyclosporiasis. For example, many people may experience and manage symptoms, which include persistent, watery diarrhea, at home without ever seeing a doctor. But the uneven rollout of information from public health authorities during this outbreak has further complicated matters. [Former]( [federal food-safety officials]( have criticized the Trump administration’s handling of what is now considered the [largest known cyclosporiasis outbreak in U.S. history]( Unsaid in all of this is whether climate change and its impact on our globalized food system made this year’s outbreak more likely. The answer is complicated. “There are a couple things that make it a little difficult to fully assess what [the role of] climate change or changes in weather patterns could be,” said Jeffrey Griffiths, a professor of public health at the Tufts University School of Medicine. “But I would say there’s still enough information that we have such that we can make some pretty reasonable inferences about how climate change would work.” ### First off, what is cyclospora? Unlike other foodborne pathogens — like salmonella and E. coli, which exist in and on animals — cyclospora is transmitted through food or water that has been contaminated with human feces. When infectious, cyclospora causes explosive diarrhea and other gastrointestinal symptoms in humans. Cyclospora can often linger in difficult-to-wash produce with uneven surfaces, like leafy greens and berries. Previous outbreaks have been tied to fresh produce including [cilantro]( [basil]( [raspberries]( and [other berries]( Thankfully, for anyone feeling overly cautious, cooking fresh produce kills this parasite. Whether or not a person who has ingested the parasite becomes ill depends on the maturity level of the parasite at the time of exposure. Cyclospora is not immediately infectious when released in human stool. The parasite must undergo a maturation process that typically takes about one to two weeks. If cyclospora is ingested after that point, then it is considered infectious and causes gastrointestinal distress in its host. However, if the parasite is ingested before it has had enough time to mature, then it will likely pass without causing any illness. This window of time wherein cyclospora is in the natural environment (say, in our water supply or on our produce) but not infectious to humans has created a lag in public health authorities’ ability to trace the origins of the outbreak. ### How does human fecal matter enter our food or water supply to begin with? The exact origin of this specific outbreak is still unclear. Taylor Farms said in a statement that the company has voluntarily recalled its iceberg lettuce products that came from central Mexico “out of an abundance of caution” and has also reached out to “independent experts” to review its food-safety protocols. But experts say there are a few potential pathways for contamination — most having to do with how water is used and managed for agricultural production. In many past outbreaks of cyclospora that have been associated with fresh produce, “we’ve seen that water is critical,” said Kalmia Kniel, a professor of microbial food safety at the University of Delaware. If the irrigation water supply on an agricultural site comes into contact with wastewater, for example, and is not adequately filtered, then it runs the risk of contaminating crops meant for human consumption. “There’s lots of different little mechanisms where that could happen,” said Griffiths — like if agricultural fields are located adjacent to faulty sanitation systems. In these cases, storm events resulting in flooding or water runoff could lead to cross-contamination. Additionally, if a farm reuses municipal wastewater as part of its irrigation system and that wastewater is not treated to a high enough standard so as to remove pathogens, it poses a risk of transmitting cyclospora to crops. Read Next [![17 June 2024, Berlin: The water flushes in a toilet. Berliner Wasserbetriebe held its annual press conference on June 17.]( [Would you pay $49 a month to drink recycled wastewater?]( [Matt Simon]( ### How might climate change increase the risk of an outbreak? For one, warmer temperatures help speed up the maturation process that makes cyclospora oocysts, or early stage parasites, infectious to humans. That’s why you typically see more cases of the infection [during the summer months]( As climate change [makes summers hotter]( — [and longer]( — the window of time when cyclospora could become infectious and present a public health risk is also growing. Another way that climate change supercharges the conditions for an outbreak like cyclosporiasis is by disrupting the water cycle. Extreme heat sucks moisture out of the environment, from rivers and lakes as well as the soil and plants. During drought conditions, agricultural producers are more likely to reuse nontraditional water sources, such as municipal and commercial wastewater, to irrigate crops. What’s more, cycling between drought and downpours means that when it does rain on dry soil, more runoff carries more particles and organisms across a landscape. ### Is cyclospora the only foodborne pathogen to worry about? I wish. Food system researchers have seen how very dry, hot conditions supercharge the likelihood of other foodborne pathogens, such as salmonella and E. coli. In 2024, the U.S. Department of Agriculture released a multiyear study centered on Yuma County, Arizona, where [a majority of the country’s lettuce]( is grown in the winter months. The researchers found that dust kicked up from a nearby cattle feedlot helped carry E. coli through the air and deposit the bacteria on nearby water and soil. Holly Bainbridge, a senior attorney at FarmSTAND, a legal advocacy organization, noted that studies like the USDA’s point to a gap in the nation’s regulatory oversight of the food system. “It was a step in the right direction, but the federal government hasn’t really done anything with it,” she said. Bainbridge added that the corporate consolidation of agriculture — and specifically, the intensive [confinement of animals on farms]( — makes outbreaks of salmonella and E. coli more likely. Last week, the FDA [issued a recall]( of over one and a half million eggs that have been potentially contaminated with salmonella. As of this writing, [98 people across 17 states]( have been made sick, according to the latest numbers from the CDC. This story was originally published by [Grist]( with the headline [4 things to know about cyclospora and climate change]( on Jul 30, 2026. --- **From [Grist]( via [This RSS Feed]("
lemmy:https://ibbit.at/post/106968,lemmy,0.25,MANY_URLS,"The Super Predator: How Humans Became the Animal Kingdom’s Most Feared Hunters ![]( Photograph Source: Der bogenjäger – [CC BY-SA 4.0]( Hunting is considered critical to human evolution by many researchers who [believe]( that several characteristics that distinguish humans from our closest living relatives, the apes, may have partly resulted from our adaptation to hunting, including our large brain size. Over time, however, the need to hunt for survival has been replaced by greed, leading to the exploitation of natural resources, which is destroying the environment and causing the extinction of [thousands of species]( There has been a 60 percent decrease in the wildlife population between 1970 and 2014, according to the Living Planet 2018 report by the World Wildlife Fund. Referring to the report, the Guardian [stated]( that “the [vast and growing]( consumption of food and resources by the global population is destroying the web of life, billions of years in the making, upon which human society ultimately depends for clean air, water and everything else.” **Hunting for Survival** The [San People]( also known as the Bushmen of the Kalahari Desert in Africa, have for generations employed [persistence or endurance hunting]( to chase down prey such as the [kudu]( Groups of three or more men find a herd and scatter it, targeting the weakest, slowest, or heaviest animal in the herd. During the hunt, one of the Bushmen serves as the main runner, who finishes the last legs of the hunt by tracking and finally killing the prey. Although the Bushmen do employ more [familiar tactics]( like ambushing, shooting poisoned darts, and throwing spears, persistence hunting has been a standby of the San People in an environment that favors human endurance and stamina. Over the years, however, persistence hunting has become a topic of debate. In a 2007 article [published]( in the Journal of Human Evolution, Henry T. Bunn, a paleoanthropologist from the University of Wisconsin-Madison, and Travis Rayne Pickering, a professor of anthropology from UW-Madison, questioned the assumption that endurance training was “regularly employed” during hunting and scavenging. They argued that humans would have relied more on their brains than their legs to hunt. Bunn and Pickering studied a pile of bones found in the Olduvai Gorge in Tanzania, dating back to 1.8 million to 2 million years ago—which were unearthed by paleontologist Mary Leakey—and [discovered]( that “most of the animals in the collection were either young adults or adults in their prime... To Bunn and Pickering, that suggested the animals hadn’t been chased down. And because there were butchering marks on the bones with the best meat, it was also safe to assume that humans hadn’t scavenged animal carcasses after being killed by other predators... Instead, Bunn believes ancient human hunters relied more on smarts than on persistence to capture their prey,” [according]( to a 2019 article in Undark magazine. Opposing this debate are researchers such as Eugène Morin, an evolutionary anthropologist at Trent University in Canada, and Bruce Winterhalder, from the Department of Anthropology and the Graduate Group in Ecology at the University of California, Davis. A 2024 article written by them, [published]( in the journal Nature Human Behavior, revealed that they scoured ethnographic records and identified almost 400 cases of [long-distance running]( used for hunting around the world. Their research on energy expenditure shows that “running can be more efficient than walking for pursuing prey,” stated a Smithsonian magazine article. Many other scholars have written about the “[locomotor endurance]( that humans possess compared to other animals, as well as the [anatomical advantages]( of long legs, Achilles tendons, arched feet, and large, stress-bearing joints in our legs, which collectively contribute to our ability to run long distances. Whether humans originally evolved as [persistence hunters]( is a matter of debate. What is undeniable is that humans are among the most deadly predators on Earth. “From agricultural feed to medicine to the pet trade, modern society exploits wild animals in a way that surpasses even the most voracious, unfussy wild predator,” [said]( a Smithsonian magazine article. **Ways to Kill** A 2023 study, “[Humanity’s Diverse Predatory Niche and Its Ecological Consequences]( published in Communications Biology, describes human predation as a commercial enterprise rather than a necessity: We consider predation by humans broadly—and from the perspective of effects on prey populations—as any use that removes individuals from wild populations, lethally or otherwise... [ranging] from removal of live individuals for the pet trade, to harvesting by societies that rely heavily on hunting and fishing, to globalized, commercial fishing and trade of vertebrates, and interactions among these activities. When a shark, a tiger, a boa constrictor, or even the rusty-spotted cat of South Asia kills another animal, its primary aim is survival. As carnivores, these animals must eat meat, and therefore, they must kill. But humans go beyond the necessary. In our years of [remodeling landscapes and industrializing the wilderness]( we have pushed animals toward extinction. Our activities have had [maximum impact]( on the ocean, leading to the exploitation of 43 percent of Earth’s marine species. While these species are killed for several purposes, 72 percent of marine and freshwater fish species are being used for food. Taxonomically, birds were the most predated group, with 46 percent mainly being used as pets or for other “recreational pursuits.” Meanwhile, “in the terrestrial realm, use as pets is almost twice as common (74 percent) as food use (39 percent),” [according]( to the 2023 study. Sport hunting and other forms of activities (i.e., for trophies) accounted for 8 percent of the use of exploited terrestrial species. Due to humanity’s alarming [exploitation of 14,663 species,]( we are driving 39 percent of these species toward extinction. “We exploit around a third of all wild animals for food, medicines, or to keep as pets... That makes us hundreds of times more dangerous than natural predators such as the great white shark,” [according]( to a 2023 BBC article, referring to an analysis by scientists. The article further stated that we were entering the Anthropocene, “the period during which human activity has been the dominant influence on climate and the environment.” Today, human-induced climate crises and environmental damage are the forces that pulverize bones to dust. An analysis of peer-reviewed literature published between 2012 and 2020 [revealed 99 percent consensus]( that human activity shapes climate change—a collective power that no other species on Earth has ever had. Not even the dinosaurs would have been able to out-roar the din of factories and exhaust pipes. **Fearful Symmetry** Human beings have been termed “super predators,” surpassing other famous predators in the number of prey they kill. This has led to animals fearing us. “Consistent with humanity’s unique lethality, a growing number of playback experiments have demonstrated that fear of humans far exceeds that of the non-human apex predator in the system. In Africa, 95 percent of carnivore and ungulate species (e.g., giraffes, leopards, hyenas, zebras, rhinos, and elephants) in the Greater Kruger National Park ran more or faster on hearing humans compared with hearing lions,” [stated]( the Proceedings of the Royal Society of London. Series B: Biological Sciences. An atavistic fear also afflicts animals when they see a human. We might be slower and weaker creatures compared to bears and lions, but to these animals, we look monstrous. “There is a threat level that comes from [being bipedal]( said John Hawks, a paleoanthropologist at the University of Wisconsin-Madison, to Live Science. So when, say, a kudu in the Kalahari Desert spots one of the San People or Bushmen jogging or walking toward it, the kudu bolts. This ecology of fear has shifted the predator-prey paradigms, as ungulates such as white-tailed deer and moose will “shield” their offspring by giving birth close to houses and villages, utilizing the [local predators’ fear of humans]( to create a safe environment for their offspring to grow up. Wildlife researcher Hugh Webster said that research about animals fearing humans shows that “human impacts on animal behavior are even more wide-reaching than we thought. Perhaps the key point is that we need to identify the most disturbance-sensitive species and engineer protections for them that allow freedom from this pervasive fear,” [writes]( Phoebe Weston, a biodiversity writer for the Guardian. In the animal kingdom, humans now occupy a unique role, surpassing all other predators in lethality and reshaping the natural order through unchecked consumption and industrial-scale exploitation. Our presence instills a pervasive fear across ecosystems, altering animal behavior and disrupting millennia-old predator-prey dynamics. Yet this super predator status comes with unprecedented responsibility. Unlike other apex predators, humans possess the awareness, technology, and moral capacity to recognize the consequences of our actions and to mitigate the harm we inflict. The question before us is whether we will continue to exploit the web of life for short-term gain or harness our intelligence and ingenuity to protect it—ensuring that future generations inherit a planet where humans are not feared as destroyers, but remembered as stewards of the living world. *This article was produced by* [*Earth | Food | Life*]( a project of the Independent Media Institute.* The post [The Super Predator: How Humans Became the Animal Kingdom’s Most Feared Hunters]( appeared first on [CounterPunch.org]( --- *From [CounterPunch.org]( via [this RSS feed]("
youtube:UgxrZez2dj9a4SgNHKN4AaABAg.9_bbr5CraSg9_d8uoaiFFY,youtube,0.75,LOW_ALPHA|AUTHOR_REPEATED_TEXT,🙏🙏
youtube:Ugz9Nh-VbOocvFnedhN4AaABAg.9jjPH-nv3ya9jjTztfBuMK,youtube,0.3,LOW_ALPHA,wa.081386156766
youtube:Ugx1EGTwcP1oN_YMcqF4AaABAg.A7pVh2SgFVOA9h8M0SjWwi,youtube,0.4,LINK_ONLY,
mastodon:https://venera.social/objects/85a863ed-1067-c452-92da-fba465245966,mastodon,0.3,HASHTAG_STUFFING,Another cutting from the street plants that is growing so well. The roots inside the water reservoir of the 2L self watering unit are over 70cm long. I'm thinking about keeping this one because I love the red color and it can get really big on the fence of our future house. #Gardening #BalconyGarden #ContainerGarden #SouthOfFrance #Hydroponics #GrowYourOwn #Plants #France #GrowOwnFood
youtube:Ugzw-94EDyYwZdt4DbJ4AaABAg.A8NhpPDncnrABsU-atsDSW,youtube,0.3,LOW_ALPHA,😀👌👍🌹🌹♥️♥️♥️
youtube:UgxGbVMfaGTuJKLFOcR4AaABAg.9rVks5cPqTN9s95dLyNi03,youtube,0.45,AUTHOR_REPEATED_TEXT,"Ini video rincian biaya nya pak, insyaallah terjawab semoga bermanfaat"
youtube:UgwtBHG0lOHXXwB6K4Z4AaABAg.A1ma5L8bF1qAGPpVLO8fus,youtube,0.45,AUTHOR_REPEATED_TEXT,@vonbaxia-ee7qt Get Your FREE Hydroponics Starter Guide here👇
youtube:UgyZ-1-bLQAc5YgNZ7Z4AaABAg.AFtR4P9onnQAFv2rjrjvrs,youtube,0.45,AUTHOR_REPEATED_TEXT,We appreciate you tuning in! Thank you! ☺️
youtube:UgwxqX12xNXQjwiSdc94AaABAg.AO-M_Sch8DGAO9Kq6WEADy,youtube,0.45,AUTHOR_REPEATED_TEXT,Bisa
youtube:UgyFPKJPxnx5pbm532t4AaABAg.Aa2q1H3lOqCAaVAIb0rI8-,youtube,0.45,AUTHOR_REPEATED_TEXT,Pupuk AB mix kak
youtube:UgyaB2U_vaZykWKXOu54AaABAg.AWHqlmmKNlfAXKOFTpPaoL,youtube,0.3,LOW_ALPHA,😊
mastodon:https://mastodon.social/users/naturelplant/statuses/113244028480119203,mastodon,0.3,HASHTAG_STUFFING,Top Questions Answered: All About the Chinese Money Plant! (7) #chinesemoneyplant #pileapeperomioides #houseplants #indoorplants #plantcare #plantparenting #indoorgardening #plantlovers #homedecor #airpurifyingplants #gardeningtips #sustainableliving #fengshui #plants
