record_id,platform,text_raw,text_clean
reddit:t3_8165li,reddit,My Carolina Reapers are growing nicely,My Carolina Reapers are growing nicely
bluesky:at://did:plc:2pwkt2ggf7cduvn33jqocmfz/app.bsky.feed.post/3lo3iwo6mpk2j,bluesky,I have bad news for them about communes and long-term success.,I have bad news for them about communes and long-term success.
reddit:t3_1ieplof,reddit,"Looking for hydroponics towers that don't need an app to work fine

Hello! I have gotten pretty good with my aerogarden, and am ready to try a hydroponics tower. I do not, however, want anything that I HAVE to have an app or membership to get decent results- in fact, an option for no wifi at all would be nice (but probably not realistic). What systems are folks using, and how hard is it to DIY things like seed pods, planting medium, etc?

(Photo of the aforementioned aerogarden included for the photo tax, plus the basil that started in the aerogarden and got banished to its own pot)","Looking for hydroponics towers that don't need an app to work fine

Hello! I have gotten pretty good with my aerogarden, and am ready to try a hydroponics tower. I do not, however, want anything that I HAVE to have an app or membership to get decent results- in fact, an option for no wifi at all would be nice (but probably not realistic). What systems are folks using, and how hard is it to DIY things like seed pods, planting medium, etc?

(Photo of the aforementioned aerogarden included for the photo tax, plus the basil that started in the aerogarden and got banished to its own pot)"
youtube:Ugy1bVZ4YMiGf7KRKfd4AaABAg,youtube,Cina kereeen,Cina kereeen
youtube:UgyEfiXp_acFN3crMHp4AaABAg,youtube,"Hi! Nakita ko yung mga tanim po pwede mo bang share sa akin napakaganda kase,sana yung step by step","Hi! Nakita ko yung mga tanim po pwede mo bang share sa akin napakaganda kase,sana yung step by step"
reddit:t3_9cqs30,reddit,Bush Bean and Greek Pepperchini. Started in Aerogarden. Now in 5gal DWC.,Bush Bean and Greek Pepperchini. Started in Aerogarden. Now in 5gal DWC.
youtube:UgwcXTlf4BlOK-4LWnZ4AaABAg,youtube,I am totally interested in growing this way as an added addition to my garden. I want to grow lots of greens for my rabbits.,I am totally interested in growing this way as an added addition to my garden. I want to grow lots of greens for my rabbits.
reddit:t3_1lnb3fw,reddit,"Can you guess what is this ?

Hello, everybody i suspect the potting soil to be the culprint to this kind of pests, but i don’t even know what is it, never had this in the more of 10 years growing, first time making it big because professional, and i took the cheap bags for potting soil, first time using it but in the same time weather is dry and hot, more 30•C these past days.
What do you think about it?","Can you guess what is this ?

Hello, everybody i suspect the potting soil to be the culprint to this kind of pests, but i don’t even know what is it, never had this in the more of 10 years growing, first time making it big because professional, and i took the cheap bags for potting soil, first time using it but in the same time weather is dry and hot, more 30•C these past days.
What do you think about it?"
youtube:UgyD-NiUsGt_sMGPymF4AaABAg,youtube,"Ganda, soon ako rin may greenhouse na..","Ganda, soon ako rin may greenhouse na.."
youtube:UgzNG32OoQRrIOk-Nxd4AaABAg,youtube,"Sama kaya saya , kendala nanem di kota bukan hama tapi lebih ke tikus ,musang sama burung","Sama kaya saya , kendala nanem di kota bukan hama tapi lebih ke tikus ,musang sama burung"
youtube:Ugy80_0lIg0EsAXKWmN4AaABAg,youtube,Yg saya beli kemarin di toko orange kok gak bisa di kalibrasi ya. Padahal sudah pakai larutan 500 pom yg saya beli bersama dg tds EC.,Yg saya beli kemarin di toko orange kok gak bisa di kalibrasi ya. Padahal sudah pakai larutan 500 pom yg saya beli bersama dg tds EC.
youtube:Ugxg3t_zFS2y3Efh49x4AaABAg,youtube,Mau beli yg abang bikin ...dong,Mau beli yg abang bikin ...dong
gardenweb:gw_a7364947,gardenweb,"<p>. </p>
<p>Most of your elements are with in range except Zinc which is high. Plants will up take available nutrients and grow well even if those nutrients aren't perfect. However I would watch Zinc because too much can be toxic to your plants. </p>
<p>Potassium Phosphate, Mg Sulfate and Potassium Sulfate you might try dissolving in HOT water and then letting it cool before adding it to your reservoir. </p>
<p>English is a second language to me and I live in the USA since I was child. My English grammar is not great. </p>
<p>.</p>
",". 

Most of your elements are with in range except Zinc which is high. Plants will up take available nutrients and grow well even if those nutrients aren't perfect. However I would watch Zinc because too much can be toxic to your plants. 

Potassium Phosphate, Mg Sulfate and Potassium Sulfate you might try dissolving in HOT water and then letting it cool before adding it to your reservoir. 

English is a second language to me and I live in the USA since I was child. My English grammar is not great. 

."
youtube:UgyLj5uKthoZS48qikZ4AaABAg,youtube,"Terimakasih mas videonya sangat bermanfaat dan penjelasanya juga gampang di pahami, tapi saya mau penjelasan lagi cara mendapatkan pH air yg pas dan cocok untuk hidroponik🙏 dan terimakasih banyak atas videonya sangat bermanfaat sekali buat saya,","Terimakasih mas videonya sangat bermanfaat dan penjelasanya juga gampang di pahami, tapi saya mau penjelasan lagi cara mendapatkan pH air yg pas dan cocok untuk hidroponik🙏 dan terimakasih banyak atas videonya sangat bermanfaat sekali buat saya,"
youtube:UgyEK65kUklqdxoKbRV4AaABAg,youtube,"Andai semua lelaki bisa meratukan wanitanya sprti ini,, merupakan kebanggaan tersendiri🤗🥰","Andai semua lelaki bisa meratukan wanitanya sprti ini,, merupakan kebanggaan tersendiri🤗🥰"
lemmy:https://lemmy.world/comment/22134523,lemmy,"Yes, because your clickbait version of the summary made it sound like it was about race and not looking specifically at this person’s history and trauma and accounting for that in the sentencing.

When a broken society victimizes individuals, and they grow up broken and perpetuate that, punishing them harder doesn’t fix anything.

","Yes, because your clickbait version of the summary made it sound like it was about race and not looking specifically at this person’s history and trauma and accounting for that in the sentencing.

When a broken society victimizes individuals, and they grow up broken and perpetuate that, punishing them harder doesn’t fix anything."
youtube:UgxYQ7pn6vlXhFa7ufJ4AaABAg,youtube,How can you set this up for indoor use? Do I need any special arrangments... aside from just some space in a room? LED Lighting im sure? how about humidity/temp control...?,How can you set this up for indoor use? Do I need any special arrangments... aside from just some space in a room? LED Lighting im sure? how about humidity/temp control...?
youtube:Ugy68kOdFuGeSQiDav14AaABAg.8ypY2QI-7Jy8yrZnRkxVKA,youtube,Once a week,Once a week
youtube:Ugw9lqfG4tLWJP4Un0d4AaABAg,youtube,Thank you for this video ❤,Thank you for this video ❤
gardenweb:gw_a7364950,gardenweb,"<p>Thank you very much, i will post again in few days :)</p>
","Thank you very much, i will post again in few days :)"
hackernews:32553728,hackernews,"&gt; Apple does stuff like this so much and gets so little flak for it.<p>Why should they get flak for having internal APIs? The fact that the internal API is a superset of the external API is smart engineering.<p>Think about it this way: Apple could just as well have made the &quot;Metal that Apple uses themselves&quot; some arcane &quot;foocode&quot; IR language or something, as I&#x27;m sure many shader compilers and OpenGL runtime implementations do, and nobody would be nearly as mad about it.<p>The fact that they use internal APIs for external apps in their weird iOS walled garden is obnoxious, but having private, undocumented APIs in a closed-source driver is not exactly an Apple anomaly.","> Apple does stuff like this so much and gets so little flak for it.Why should they get flak for having internal APIs? The fact that the internal API is a superset of the external API is smart engineering.
Think about it this way: Apple could just as well have made the ""Metal that Apple uses themselves"" some arcane ""foocode"" IR language or something, as I'm sure many shader compilers and OpenGL runtime implementations do, and nobody would be nearly as mad about it.
The fact that they use internal APIs for external apps in their weird iOS walled garden is obnoxious, but having private, undocumented APIs in a closed-source driver is not exactly an Apple anomaly."
youtube:UgyIuPqRJZXt_GnrvZp4AaABAg.A50OMwSe4AKADqQrow9AZR,youtube,Pindah ke pot sekalian dgn rockwool nya atau tidak?,Pindah ke pot sekalian dgn rockwool nya atau tidak?
lemmy:https://feddit.uk/comment/16810050,lemmy,"Undoubtedly leaving the union has brought additional trade barriers and hassle for a lot of businesses including travel chaos and the indignation of queues at passport control. But I think this opinion piece is rather click bait and not exactly written in full seriousness.

> Unwary travellers returning from the EU risk having their sandwiches and local delicacies, such as cheese, confiscated as they enter the UK.

Ahh the real blight of Brexit. No more cheese and wine runs into France. What on earth did we do to ourselves! Idiots 😉.

> The new jeopardy has come about because last weekend, the government quietly ""extended"" its ""ban on personal meat imports to protect farmers from foot and mouth"".

Err I'm sorry but I'm old enough to remember being in the EU and having food items regularly restricted from being carried over and sold on the continent because of health and sanitation reasons. That's completely normal and being inside or outside of the EU isn't going to stop that. Unless the article is trying to suggest that the Foot and Mouth outbreak in the EU is a conspiracy from the British government? Is it? Oh shit reading a bit more it _is_ suggesting a conspiracy. 😅

> The UK's ability to impose the ban is not ""a benefit of Brexit"". 

Has someone suggested that it *is*? I have obviously missed this. No-one is suggesting it is because of Brexit the UK can impose a ban on health grounds that they otherwise wouldn't have been able to impose inside the EU. At least not the news sources I have read. Maybe on Twitter and Facebook amongst the gammon legions?

> Meanwhile, the UK and the EU are making travel between them more bothersome for their citizens and businesses.
> 
> This October, the EU's much-delayed EES or Entry Exit System is due to come into force. Every foreigner will be required to provide biometric information - including fingerprints and scans - every time they enter or leave the Schengen area.

I'll agree with this. A complete sham and I wish the world didn't use this systems to fleece travellers. However most of the world is now moving towards systems like this. We like to think it's just the evil US that have an ESTA style system but more and more countries have this now. Canada has one, New Zealand has one. The EU and the UK not having one is, frankly, weird given this. In my opinion 😊.

> The British economy has lost out and British citizens and businesses suffer from greater bureaucratic botheration.

Let's not pretend that the UK economy inside the EU would be lightyears ahead of where it is now. It would still be flat lining and we'd still be bobbing in and out of potential recession. People speak like being in the EU we would be bucking recessions and world economic downturns and growing year on year by 3%+. If Germany isn't doing that, if France isn't doing that then what the fuck are people thinking?

> Meanwhile, minister Nick Thomas Symonds and the civil servant Mike Ellam are engaged in low-profile negotiations with Europe - which could be of far greater economic and social significance.
> 
> The public will have to wait to see what progress is being made at least until the first-ever EU-UK summit, due to take place on 19 May this year.

Personally I hope these talks reduce the friction between the two unions. Improved travel arrangements would go an awful long way to promote more good willing. Realistically, and I've said this many times, Labour are not going to be the ones to promote rejoining. I would be staggered if they joined the EEA even. The UK needs PR and needs to use that power of PR to put both Conservative and Labour into a minority with pro European parties making up a coalition majority with the sole aim of either joining the EEA or full EU. Labour certainly aren't going to take us out again but they won't champion bringing us back in either. The unions have never liked the cheaper labour free movement brings with it and as long as they control the Labour party things won't change.","Undoubtedly leaving the union has brought additional trade barriers and hassle for a lot of businesses including travel chaos and the indignation of queues at passport control. But I think this opinion piece is rather click bait and not exactly written in full seriousness.

> Unwary travellers returning from the EU risk having their sandwiches and local delicacies, such as cheese, confiscated as they enter the UK.

Ahh the real blight of Brexit. No more cheese and wine runs into France. What on earth did we do to ourselves! Idiots 😉.

> The new jeopardy has come about because last weekend, the government quietly ""extended"" its ""ban on personal meat imports to protect farmers from foot and mouth"".

Err I'm sorry but I'm old enough to remember being in the EU and having food items regularly restricted from being carried over and sold on the continent because of health and sanitation reasons. That's completely normal and being inside or outside of the EU isn't going to stop that. Unless the article is trying to suggest that the Foot and Mouth outbreak in the EU is a conspiracy from the British government? Is it? Oh shit reading a bit more it _is_ suggesting a conspiracy. 😅

> The UK's ability to impose the ban is not ""a benefit of Brexit"". 

Has someone suggested that it *is*? I have obviously missed this. No-one is suggesting it is because of Brexit the UK can impose a ban on health grounds that they otherwise wouldn't have been able to impose inside the EU. At least not the news sources I have read. Maybe on Twitter and Facebook amongst the gammon legions?

> Meanwhile, the UK and the EU are making travel between them more bothersome for their citizens and businesses.
> 
> This October, the EU's much-delayed EES or Entry Exit System is due to come into force. Every foreigner will be required to provide biometric information - including fingerprints and scans - every time they enter or leave the Schengen area.

I'll agree with this. A complete sham and I wish the world didn't use this systems to fleece travellers. However most of the world is now moving towards systems like this. We like to think it's just the evil US that have an ESTA style system but more and more countries have this now. Canada has one, New Zealand has one. The EU and the UK not having one is, frankly, weird given this. In my opinion 😊.

> The British economy has lost out and British citizens and businesses suffer from greater bureaucratic botheration.

Let's not pretend that the UK economy inside the EU would be lightyears ahead of where it is now. It would still be flat lining and we'd still be bobbing in and out of potential recession. People speak like being in the EU we would be bucking recessions and world economic downturns and growing year on year by 3%+. If Germany isn't doing that, if France isn't doing that then what the fuck are people thinking?

> Meanwhile, minister Nick Thomas Symonds and the civil servant Mike Ellam are engaged in low-profile negotiations with Europe - which could be of far greater economic and social significance.
> 
> The public will have to wait to see what progress is being made at least until the first-ever EU-UK summit, due to take place on 19 May this year.

Personally I hope these talks reduce the friction between the two unions. Improved travel arrangements would go an awful long way to promote more good willing. Realistically, and I've said this many times, Labour are not going to be the ones to promote rejoining. I would be staggered if they joined the EEA even. The UK needs PR and needs to use that power of PR to put both Conservative and Labour into a minority with pro European parties making up a coalition majority with the sole aim of either joining the EEA or full EU. Labour certainly aren't going to take us out again but they won't champion bringing us back in either. The unions have never liked the cheaper labour free movement brings with it and as long as they control the Labour party things won't change."
youtube:UgxTWRedXMDadTodNlZ4AaABAg,youtube,"😂 wenn das so einfach gehen würde, würde es jeder machen😂

Nicht mal ansatzweise funktioniert das so","😂 wenn das so einfach gehen würde, würde es jeder machen😂

Nicht mal ansatzweise funktioniert das so"
youtube:UgzGydNAnL6UtPd3AYZ4AaABAg,youtube,🪴🪴🪴🪴🪴,🪴🪴🪴🪴🪴
youtube:UgwJnpb_NXV8VTnPpXZ4AaABAg.AJur9ZWRqQHAK2yjn3_bln,youtube,Today I learned those leaves are eatable,Today I learned those leaves are eatable
youtube:UgwxRugoseuJ7nh4NBB4AaABAg,youtube,Kok bisa tanahnya rusak.....,Kok bisa tanahnya rusak.....
reddit:t3_h9pspg,reddit,"Just received my Garden 9 -- does it always make this loud, high-pitched clicking sound?

Title says it all. The second I plugged it in, after following all of the directions, the garden started making a pretty loud, high-pitched clicking sound. I don't hear any water flow or anything like that. Could it be an issue with the pump? Has anyone else encountered this?","Just received my Garden 9 -- does it always make this loud, high-pitched clicking sound?

Title says it all. The second I plugged it in, after following all of the directions, the garden started making a pretty loud, high-pitched clicking sound. I don't hear any water flow or anything like that. Could it be an issue with the pump? Has anyone else encountered this?"
gardenweb:gw_a7350095,gardenweb,"<p>Thanks for your response tclynx! This system will likely be under flourescent lights. Kind of a backburner project right now, but I think about it from time to time and I'll follow your tips. Thanks again!</p>
","Thanks for your response tclynx! This system will likely be under flourescent lights. Kind of a backburner project right now, but I think about it from time to time and I'll follow your tips. Thanks again!"
gardenweb:gw_a26323699,gardenweb,"<p>count your blessings</p>
<p>i have an allepo pine with roots 10's of feet long in my underground water tank that i don't have to water</p>
<p>and cottonwoods rooting in the leach pipe (hydroponics, only easier) that i don't have to water</p>
<p>it's over 100 all summer and freezes hard every winter and rains one inch/yr here</p>
<p>and i truck my water every day</p>
<p>the sewer cottonwoods win for sure</p>
<p>they look as good as they would if they were in PA</p>
<p>so does the allepo</p>
<p>the only answer to the chipmunks and rabbits and others here is hardware wire</p>
<p>ultrasonics, water sprayers, predator noise recordings, proximity alarms, uhm...</p>
<p>$8 proximity alarm shreeking like a smoke alarm worked so well it was carried off by coyotes</p>
<p>or something else...</p>
","count your blessings

i have an allepo pine with roots 10's of feet long in my underground water tank that i don't have to water

and cottonwoods rooting in the leach pipe (hydroponics, only easier) that i don't have to water

it's over 100 all summer and freezes hard every winter and rains one inch/yr here

and i truck my water every day

the sewer cottonwoods win for sure

they look as good as they would if they were in PA

so does the allepo

the only answer to the chipmunks and rabbits and others here is hardware wire

ultrasonics, water sprayers, predator noise recordings, proximity alarms, uhm...

$8 proximity alarm shreeking like a smoke alarm worked so well it was carried off by coyotes

or something else..."
youtube:UgyKtoctV8sfiT7JXJR4AaABAg,youtube,Model hydroponik Kalo musim panas bunga rontok kenapa ya Pak? mohon petunjuknya trimakasih,Model hydroponik Kalo musim panas bunga rontok kenapa ya Pak? mohon petunjuknya trimakasih
youtube:UgzEEnm5EMf5n-meUj94AaABAg,youtube,Lokasi mana bang,Lokasi mana bang
lemmy:https://kbin.social/m/science/t/262698/-/comment/1190503,lemmy,"[@Q67916tJ6Z0aWM](https://lemmy.world/u/Q67916tJ6Z0aWM) I see you have some science-deniers giving you had hard time. Beef production is incredibly inefficient, doesn't produce any new nutrients that didn't go into the cow, and produces huge amounts of greenhouse gases. Whether the solution is red algae or lab-grown meat, I can't say, but it's going to get harder and harder to justify. Of course, the ""but-my-burger!"" snowflakes are going to have a melt down, but it's coming.

[@readbeanicecream](https://kbin.social/u/readbeanicecream)","[@Q67916tJ6Z0aWM](https://lemmy.world/u/Q67916tJ6Z0aWM) I see you have some science-deniers giving you had hard time. Beef production is incredibly inefficient, doesn't produce any new nutrients that didn't go into the cow, and produces huge amounts of greenhouse gases. Whether the solution is red algae or lab-grown meat, I can't say, but it's going to get harder and harder to justify. Of course, the ""but-my-burger!"" snowflakes are going to have a melt down, but it's coming.

[@readbeanicecream](https://kbin.social/u/readbeanicecream)"
gardenweb:gw_q5571078,gardenweb,"<p>Decorate looking like a Lambo Version</p><p>I want my Car very attractive and look like a Lamborghini version: How can I decor it?<br />{{attachment:3756189}}</p>
<p><br /></p>
","Decorate looking like a Lambo Version
I want my Car very attractive and look like a Lamborghini version: How can I decor it?
{{attachment:3756189}}"
youtube:UgweDci0gXJE4VW0Imh4AaABAg.AW0BJG4BqD_AW3gZLENTCb,youtube,"Hidroponik awalnya memang dibuat dengan menggunakan air sebagai media tanamnya, seiring berjalannya waktu banyak petani/pekebun menggunakan ab mix karena semua unsur hara makro dan mikro sudah lengkap, jadi konsep hidroponik disini bukanlah 100% hidroponik, melihat media yg saya gunakan kecil, secara logika sulit untuk mendapatkan tanaman subur dengan wadah dan media yg terbatas, maka di perlukan ab mix sebagai penunjang nya.","Hidroponik awalnya memang dibuat dengan menggunakan air sebagai media tanamnya, seiring berjalannya waktu banyak petani/pekebun menggunakan ab mix karena semua unsur hara makro dan mikro sudah lengkap, jadi konsep hidroponik disini bukanlah 100% hidroponik, melihat media yg saya gunakan kecil, secara logika sulit untuk mendapatkan tanaman subur dengan wadah dan media yg terbatas, maka di perlukan ab mix sebagai penunjang nya."
youtube:UgwB9WPjzEDOCLg4b-R4AaABAg,youtube,You don’t need a pump? Do you just change out the water ?,You don’t need a pump? Do you just change out the water ?
youtube:Ugyqto2vn3xKdw3FMvl4AaABAg.AZGOKWRiE_tAZXGGqubmT2,youtube,"You can always experiment! Obviously we are partial to using Happy Leaf grow lights, and many modern windows have a protective coating that can block the plant from getting the proper light amounts, but we always encourage experimentation!","You can always experiment! Obviously we are partial to using Happy Leaf grow lights, and many modern windows have a protective coating that can block the plant from getting the proper light amounts, but we always encourage experimentation!"
gardenweb:gw_a7355197,gardenweb,"<p>The best way to do this isn't to use a single 555 timer to control everything. Better case would be to use a micro-controller that's cheap, like a PIC, a short timer, say 20ms, and a few overflow counters. It'd be trivial to code. But not everyone has a PIC programmer like I do sitting here.</p>
","The best way to do this isn't to use a single 555 timer to control everything. Better case would be to use a micro-controller that's cheap, like a PIC, a short timer, say 20ms, and a few overflow counters. It'd be trivial to code. But not everyone has a PIC programmer like I do sitting here."
lemmy:https://lemmy.world/comment/17277612,lemmy,"After Bush's foreverwar and decades of being lied to about policy I want. That I was baited with in order to gain my vote, (Universal Healthcare if you're curious) I don't want us to win. If we can't at minimum have things that developed countries take for granted I don't want the US to continue. 800+ military bases. Sanctions on most of the world, which in itself is just economic warfare. So its just more war. We provide almost nothing that someone else doesn't make both better and cheaper. Unless you count undeserved ego. We are the undisputed world champs at undeserved ego. We've been huffing our own farts since the Soviets won WWII for us. I mean, the math is easy. It's a classic trolley problem. 350,000,000 vs 8,000,000,000. Don't even have to think about it. 

And its not like our fall was unexpected. At least not in the circles I run in. (Broke mfers) We could see obvious shit like how infinite growth + finite resources = inevitable collapse. How scarcity is engineered to maintain the systems of capital and control. We could feed the planet with 2 midwestern states worth of hydroponic farms. Could have it built and operational before the next election. But to even suggest such a thing is the very height of lunacy. Just over the hill and through the woods into new and unknown lands of just snake-fuckingly crazy. Yeah we've limped along for a while. Shambling from one ""correction"" to the next. Don't know how old you are but that wasn't a thing that happened every 6-8 years before like 2000. This whole thing is over. We still feel the momentum because it takes a while for something this big to wind down. But make no mistake it is done. Middle class is history. We have rich mfers so obscenely wealthy that by the time they find a way to spend all the money they have on today's date their descendants will refer to us modern humans as primitive monkeys. If our avarice lets the human race survive that long. If we don't snuff ourselves in one pointless war or another. AI is wiping out entire industries. And there are no guardrails. No regulations. Nary a thought to what that landscape is going to look like in a year or two. You seen Google's new Veo 3? In a couple weeks your grandma is gonna see a newscaster on FB that is a flawless AI generation indistinguishable from a flesh and blood human. And its going to tell her some shit like ""Scientists discover a signal from Heaven and Jesus is quoted as saying President Donald Trump is my avatar on earth until I come back"" and she'll believe it. Because why wouldn't she? They've been trained to believe that all reputable news is fake and absolute horse shit is the secret truth only known to them and their friends. 

There's a chance that we can throw off the yoke once things get bad enough for us soft, comfortable americans to get mad enough to do something real. And that time is coming. It is definitely swelling now. You see stuff like Luigi. A ceo got capped and the nation cheered. A distraught father avenged his son by turning a member of the enforcement arm of capital into fender ketchup, and the nation cheered. People are getting angrier. Can't afford a home. Can barely feed ourselves. Retirement is a really funny joke. 401ks were a bandaid to cover the wound left behind by the end of pensions. And now they're useless too. People are ""retiring"" now and don't have nearly enough to retire on in modern day america. Long story short. The ""American Dream"" is dead and buried. A house, a car, 2.5 kids, white picket fence. They don't exist anymore. Private Equity bought up all the houses. Kids are too expensive. The picket fence is an HOA violation. 

Every single jot of the social contract that made this giant ponzi scheme we call The United States function has been systematically destroyed. We're staring down the barrel of climate catastrophe. Can't make a living. Can't afford kids. People either see no future or a future so bleak that the idea of bringing a child into it is a cruelty beyond description.

So no. I'm not interested in preserving this failed experiment. Not without some pretty radical changes within the next decade or so. ","After Bush's foreverwar and decades of being lied to about policy I want. That I was baited with in order to gain my vote, (Universal Healthcare if you're curious) I don't want us to win. If we can't at minimum have things that developed countries take for granted I don't want the US to continue. 800+ military bases. Sanctions on most of the world, which in itself is just economic warfare. So its just more war. We provide almost nothing that someone else doesn't make both better and cheaper. Unless you count undeserved ego. We are the undisputed world champs at undeserved ego. We've been huffing our own farts since the Soviets won WWII for us. I mean, the math is easy. It's a classic trolley problem. 350,000,000 vs 8,000,000,000. Don't even have to think about it. 

And its not like our fall was unexpected. At least not in the circles I run in. (Broke mfers) We could see obvious shit like how infinite growth + finite resources = inevitable collapse. How scarcity is engineered to maintain the systems of capital and control. We could feed the planet with 2 midwestern states worth of hydroponic farms. Could have it built and operational before the next election. But to even suggest such a thing is the very height of lunacy. Just over the hill and through the woods into new and unknown lands of just snake-fuckingly crazy. Yeah we've limped along for a while. Shambling from one ""correction"" to the next. Don't know how old you are but that wasn't a thing that happened every 6-8 years before like 2000. This whole thing is over. We still feel the momentum because it takes a while for something this big to wind down. But make no mistake it is done. Middle class is history. We have rich mfers so obscenely wealthy that by the time they find a way to spend all the money they have on today's date their descendants will refer to us modern humans as primitive monkeys. If our avarice lets the human race survive that long. If we don't snuff ourselves in one pointless war or another. AI is wiping out entire industries. And there are no guardrails. No regulations. Nary a thought to what that landscape is going to look like in a year or two. You seen Google's new Veo 3? In a couple weeks your grandma is gonna see a newscaster on FB that is a flawless AI generation indistinguishable from a flesh and blood human. And its going to tell her some shit like ""Scientists discover a signal from Heaven and Jesus is quoted as saying President Donald Trump is my avatar on earth until I come back"" and she'll believe it. Because why wouldn't she? They've been trained to believe that all reputable news is fake and absolute horse shit is the secret truth only known to them and their friends. 

There's a chance that we can throw off the yoke once things get bad enough for us soft, comfortable americans to get mad enough to do something real. And that time is coming. It is definitely swelling now. You see stuff like Luigi. A ceo got capped and the nation cheered. A distraught father avenged his son by turning a member of the enforcement arm of capital into fender ketchup, and the nation cheered. People are getting angrier. Can't afford a home. Can barely feed ourselves. Retirement is a really funny joke. 401ks were a bandaid to cover the wound left behind by the end of pensions. And now they're useless too. People are ""retiring"" now and don't have nearly enough to retire on in modern day america. Long story short. The ""American Dream"" is dead and buried. A house, a car, 2.5 kids, white picket fence. They don't exist anymore. Private Equity bought up all the houses. Kids are too expensive. The picket fence is an HOA violation. 

Every single jot of the social contract that made this giant ponzi scheme we call The United States function has been systematically destroyed. We're staring down the barrel of climate catastrophe. Can't make a living. Can't afford kids. People either see no future or a future so bleak that the idea of bringing a child into it is a cruelty beyond description.

So no. I'm not interested in preserving this failed experiment. Not without some pretty radical changes within the next decade or so."
reddit:t3_1fi4fk4,reddit,"One tomato hates this setup

I planted an indigo grape tomato and it’s not going well…seems the more vinelike varieties fail… I guess there’s nothing I can do? ","One tomato hates this setup

I planted an indigo grape tomato and it’s not going well...seems the more vinelike varieties fail... I guess there’s nothing I can do?"
youtube:UgxiMcyX0Yf6MrHnn6h4AaABAg,youtube,"Sy pun mengalami mas wkwk, puanass pol, pakek benih apa ini mas? Boleh spill cara fermentasi trico + cocopeat + moltase?","Sy pun mengalami mas wkwk, puanass pol, pakek benih apa ini mas? Boleh spill cara fermentasi trico + cocopeat + moltase?"
youtube:UgxQmkw8zublxvhXKFx4AaABAg,youtube,Lgsng download videomu bang.. mksh ilmunya 🙏,Lgsng download videomu bang.. mksh ilmunya 🙏
reddit:t3_18ol2fp,reddit,"Trying out a used Harvest Slim 100694-GBL - buttons not working?

Hello,

I picked up a used Harvest Slim 100694-GBL from a thrift store. However, the 3 front panel buttons come on, but don't seem to be responding when pressed. I have looked at the manual here [https://aerogarden.com/ideas-and-inspiration/all-product-manuals.html](https://aerogarden.com/ideas-and-inspiration/all-product-manuals.html) & tried the buttons as suggested & other random attempts. The grow lights don't come on at all & I have reseated the plug for it a couple times (while it was unplugged from power). The pump does seem to cycle 5 min on/20 min off, but pushing the pump button doesn't test it. I did look through my pile of rando power adapters, none of them were that right spec to try. This thrift store does take returns, but I'd much rather have a little garden.

Any suggestions? Thanks!","Trying out a used Harvest Slim 100694-GBL - buttons not working?

Hello,

I picked up a used Harvest Slim 100694-GBL from a thrift store. However, the 3 front panel buttons come on, but don't seem to be responding when pressed. I have looked at the manual here [https://aerogarden.com/ideas-and-inspiration/all-product-manuals.html](https://aerogarden.com/ideas-and-inspiration/all-product-manuals.html) & tried the buttons as suggested & other random attempts. The grow lights don't come on at all & I have reseated the plug for it a couple times (while it was unplugged from power). The pump does seem to cycle 5 min on/20 min off, but pushing the pump button doesn't test it. I did look through my pile of rando power adapters, none of them were that right spec to try. This thrift store does take returns, but I'd much rather have a little garden.

Any suggestions? Thanks!"
gardenweb:gw_a16886541,gardenweb,"<p>mitchnc</p>
<p><br />Pictures or it didn't happen  :-)</p>
<p><br />(yes I want pictures of lettuce being hugged) </p>
","mitchnc

Pictures or it didn't happen :-)

(yes I want pictures of lettuce being hugged)"
youtube:UgzVmqqo2OR51zLBko54AaABAg.A7yHg3C2k5yA8-DAvRmzeX,youtube,"@Agrotonomy That's amazing, you should make a video about that and show the results. That would hugely boost the customer confidence in your product","@Agrotonomy That's amazing, you should make a video about that and show the results. That would hugely boost the customer confidence in your product"
youtube:UgwW5e6d2jtJdccjebh4AaABAg.ACljSLHP1bmAQM6uKr08RH,youtube,Are you both still liking your meter ? Looking into buying one 😊,Are you both still liking your meter ? Looking into buying one 😊
youtube:Ugx2JcVVNrX6Jbc5PId4AaABAg,youtube,❤❤,❤❤
youtube:UgzFDAr9cwggqVv2rPh4AaABAg,youtube,Luar biasa hasilnya.......👍👍👍👍,Luar biasa hasilnya.......👍👍👍👍
youtube:UgzUScDsITGwCQTEGPZ4AaABAg.9ULtSziuLRC9UY8rvnHybm,youtube,Sshhh Woman On Top,Sshhh Woman On Top
reddit:t1_crgvb6b,reddit,"Here is what I have been using from my hydroponic shop with no problems in a conventional bottle, have I missed something?
http://i100.photobucket.com/albums/m23/kangaroo9/20150428_085526_zpsodd8orov.jpg","Here is what I have been using from my hydroponic shop with no problems in a conventional bottle, have I missed something?
http://i100.photobucket.com/albums/m23/kangaroo9/20150428_085526_zpsodd8orov.jpg"
lemmy:https://hexbear.net/post/3170887,lemmy,"look at my dutch bucket. LOOK AT IT

Here's the basic design:

![](https://lemmy.ml/api/v3/image_proxy?url=https%3A%2F%2Fhexbear.net%2Fpictrs%2Fimage%2F2b94e6ec-5a92-450d-b248-e90c446772e8.jpeg)

2 tomatoes, 2 cape gooseberry, 2 ghost pepper

![](https://lemmy.ml/api/v3/image_proxy?url=https%3A%2F%2Fhexbear.net%2Fpictrs%2Fimage%2F621df254-7c93-453e-99ee-ab7b75b30fbd.jpeg)

My first attempt at outdoor hydroponics

The tomato plants are an eldritch horror

![](https://lemmy.ml/api/v3/image_proxy?url=https%3A%2F%2Fhexbear.net%2Fpictrs%2Fimage%2F4adda11a-acc9-47c7-ad71-9e6315a2b0ea.jpeg)

but growing some lovely fruit

![](https://lemmy.ml/api/v3/image_proxy?url=https%3A%2F%2Fhexbear.net%2Fpictrs%2Fimage%2Fb19b3531-0ec0-4958-bff0-329d5e1e3e54.jpeg)

Cape gooseberries have some flowers but I don't think they usually bloom until later in the year. The ghost peppers have been drowned out by the obnoxiously large tomatoes, I don't expect any peppers from them I'm afraid. 

So far I'd say my first attempt has been a modest success.

EDIT: Here's an earlier pic showing the plumbing:

![](https://lemmy.ml/api/v3/image_proxy?url=https%3A%2F%2Fhexbear.net%2Fpictrs%2Fimage%2F20c9d281-c6d2-4cbf-899f-39604c1e8348.jpeg)","look at my dutch bucket. LOOK AT IT

Here's the basic design:

![](https://lemmy.ml/api/v3/image_proxy?url=https%3A%2F%2Fhexbear.net%2Fpictrs%2Fimage%2F2b94e6ec-5a92-450d-b248-e90c446772e8.jpeg)

2 tomatoes, 2 cape gooseberry, 2 ghost pepper

![](https://lemmy.ml/api/v3/image_proxy?url=https%3A%2F%2Fhexbear.net%2Fpictrs%2Fimage%2F621df254-7c93-453e-99ee-ab7b75b30fbd.jpeg)

My first attempt at outdoor hydroponics

The tomato plants are an eldritch horror

![](https://lemmy.ml/api/v3/image_proxy?url=https%3A%2F%2Fhexbear.net%2Fpictrs%2Fimage%2F4adda11a-acc9-47c7-ad71-9e6315a2b0ea.jpeg)

but growing some lovely fruit

![](https://lemmy.ml/api/v3/image_proxy?url=https%3A%2F%2Fhexbear.net%2Fpictrs%2Fimage%2Fb19b3531-0ec0-4958-bff0-329d5e1e3e54.jpeg)

Cape gooseberries have some flowers but I don't think they usually bloom until later in the year. The ghost peppers have been drowned out by the obnoxiously large tomatoes, I don't expect any peppers from them I'm afraid. 

So far I'd say my first attempt has been a modest success.

EDIT: Here's an earlier pic showing the plumbing:

![](https://lemmy.ml/api/v3/image_proxy?url=https%3A%2F%2Fhexbear.net%2Fpictrs%2Fimage%2F20c9d281-c6d2-4cbf-899f-39604c1e8348.jpeg)"
youtube:UgxUp1dwfAxqFL-Fz0F4AaABAg,youtube,Thanks for your information,Thanks for your information
mastodon:https://thecanadian.social/users/sirlivealot/statuses/109701837665797849,mastodon,"<p>Doe hill peppers were tasty! We stuffed some and roasted others. <a href=""https://thecanadian.social/tags/aerogarden"" class=""mention hashtag"" rel=""nofollow noopener"" target=""_blank"">#<span>aerogarden</span></a> <a href=""https://thecanadian.social/tags/hydroponics"" class=""mention hashtag"" rel=""nofollow noopener"" target=""_blank"">#<span>hydroponics</span></a> <a href=""https://thecanadian.social/tags/cooking"" class=""mention hashtag"" rel=""nofollow noopener"" target=""_blank"">#<span>cooking</span></a> <a href=""https://thecanadian.social/tags/harvest"" class=""mention hashtag"" rel=""nofollow noopener"" target=""_blank"">#<span>harvest</span></a> <a href=""https://thecanadian.social/tags/peppers"" class=""mention hashtag"" rel=""nofollow noopener"" target=""_blank"">#<span>peppers</span></a> <a href=""https://thecanadian.social/tags/DoeHill"" class=""mention hashtag"" rel=""nofollow noopener"" target=""_blank"">#<span>DoeHill</span></a></p>",Doe hill peppers were tasty! We stuffed some and roasted others. #aerogarden #hydroponics #cooking #harvest #peppers #DoeHill
youtube:UgwIHCOuTWOLBSWjKgR4AaABAg.A4JiGSgxd3AA4Ri6Ndbo5g,youtube,Yes,Yes
youtube:UgxH99TtyD8c-WQa2h94AaABAg.9tuKwcN1fzH9tv1YsbZasV,youtube,UV plastic po,UV plastic po
youtube:UgzwRtTL6modaxGDrEF4AaABAg,youtube,pakai air hangat?,pakai air hangat?
reddit:t3_1pzghay,reddit,"Autopot system

Autopot system

50% canna coco  

50% perlite 

 

Athena blend  

Ph at 5.6

Plants don't seem like they're drinking, what can be the problem?","Autopot system

Autopot system

50% canna coco 

50% perlite 

Athena blend 

Ph at 5.6

Plants don't seem like they're drinking, what can be the problem?"
gardenweb:gw_a7345474,gardenweb,"<p>Hi, </p>
<p>The Hanna HI98130 is a very nice combo meter. </p>
<p>I'm sure you tried using the HI7030 calibration solution and checked your batteries or perhaps it is time to replace the pH probe. </p>
<p><a rel=""nofollow"" target=""_blank"" class=""colorLink"" href=""http://www.caprockdev.com/PDF/98129_30.pdf"">http://www.caprockdev.com/PDF/98129_30.pdf</a></p>
","Hi, 

The Hanna HI98130 is a very nice combo meter. 

I'm sure you tried using the HI7030 calibration solution and checked your batteries or perhaps it is time to replace the pH probe. 

http://www.caprockdev.com/PDF/98129_30.pdf"
youtube:UgwJXv2jCT_RTzTNgaZ4AaABAg,youtube,Where did you get the metal shelving that your gray Rubbermaid tubs are sitting on and what brand if you remember?,Where did you get the metal shelving that your gray Rubbermaid tubs are sitting on and what brand if you remember?
youtube:UgybHi-32oyipCfGqh54AaABAg,youtube,Saya kira batu akan kepanasan karena matahari bisa layu ternyata sesegar itu,Saya kira batu akan kepanasan karena matahari bisa layu ternyata sesegar itu
mastodon:https://troet.cafe/users/luiseunderwater/statuses/111144496928140313,mastodon,"<p><a href=""https://troet.cafe/tags/hot"" class=""mention hashtag"" rel=""nofollow noopener"" target=""_blank"">#<span>hot</span></a> <a href=""https://troet.cafe/tags/hydroponics"" class=""mention hashtag"" rel=""nofollow noopener"" target=""_blank"">#<span>hydroponics</span></a></p>",#hot #hydroponics
youtube:Ugw6CmJMIMMBPRrIfuR4AaABAg,youtube,พิณเสียงดีครับอาจารย์👍👍,พิณเสียงดีครับอาจารย์👍👍
hackernews:31162704,hackernews,"I&#x27;m all for growing food in regenerative and no plow agriculture, but from what I understand it won&#x27;t scale to current population levels. Vertical farming can be intensive in electricity demand and construction materials, yes. However, it can produce more food with less water and fertilizer than traditional industrial farming.","I'm all for growing food in regenerative and no plow agriculture, but from what I understand it won't scale to current population levels. Vertical farming can be intensive in electricity demand and construction materials, yes. However, it can produce more food with less water and fertilizer than traditional industrial farming."
reddit:t3_4ba2d5,reddit,Cauliflower disease? (AIC),Cauliflower disease? (AIC)
reddit:t3_153i47f,reddit,"Week 1 of Flower. “Planet of the Grapes” by Ethos growing in the Air Cube Hydroponic System from Grow Ace, under 2 Spider Farmer SF4000s. First time growing with Hydroponics, always been a soil grower. Has been a fun grow so far, made some mistakes and learned a bunch.","Week 1 of Flower. “Planet of the Grapes” by Ethos growing in the Air Cube Hydroponic System from Grow Ace, under 2 Spider Farmer SF4000s. First time growing with Hydroponics, always been a soil grower. Has been a fun grow so far, made some mistakes and learned a bunch."
gardenweb:gw_a7361731,gardenweb,"<p>Two fools go out for a couple of beers. When they get to a cosy and not too crowded place, they sit down side by side. At the other end of the room, there is a huge mirror. One of the fools while looking around, eventually spots both of them in the mirror and bursts out: &quot;Hey Dude, look over there, don't we know those guys from somewhere, - don't they look familiar to you too?! Yup, says the other, gets up, grabs his buddy and says: &quot;let's go over there and say hi!&quot; - The other gets up as well but then stops: &quot;Wait a sec. - stay put! They were somewhat quicker on the uptake and are already coming over to us!</p>
","Two fools go out for a couple of beers. When they get to a cosy and not too crowded place, they sit down side by side. At the other end of the room, there is a huge mirror. One of the fools while looking around, eventually spots both of them in the mirror and bursts out: ""Hey Dude, look over there, don't we know those guys from somewhere, - don't they look familiar to you too?! Yup, says the other, gets up, grabs his buddy and says: ""let's go over there and say hi!"" - The other gets up as well but then stops: ""Wait a sec. - stay put! They were somewhat quicker on the uptake and are already coming over to us!"
gardenweb:gw_a7341350,gardenweb,"<p>widespreadpanic, </p>
<p>Honestly, (not that I want to spread panic widely ;-) but the plants don't look good at all to me. There is a severe uptake problem and a set of deficiencies showing up. They do not look healthy. Not sure about the wilt, but it may not be fully cured either. </p>
<p>Related to the analyses: Brenda R. is deadly right, the Cl content of the municipal water is much too high and the Boron as well, because there is in fact some some more Boron from the nutrients T.E. added. The Na content is less dangerous, although borderline. </p>
<p>At least some of the deficiency signs with your plants may be due/related to actual Cl/Na/B-excess or toxicity. But that's probably not the whole thing. </p>
<p>Switch asap to rain water and watch things either improve, or not followed by further investigation about a more complex nutrient uptake issue if the improvement doesn't take place.</p>
","widespreadpanic, 

Honestly, (not that I want to spread panic widely ;-) but the plants don't look good at all to me. There is a severe uptake problem and a set of deficiencies showing up. They do not look healthy. Not sure about the wilt, but it may not be fully cured either. 

Related to the analyses: Brenda R. is deadly right, the Cl content of the municipal water is much too high and the Boron as well, because there is in fact some some more Boron from the nutrients T.E. added. The Na content is less dangerous, although borderline. 

At least some of the deficiency signs with your plants may be due/related to actual Cl/Na/B-excess or toxicity. But that's probably not the whole thing. 

Switch asap to rain water and watch things either improve, or not followed by further investigation about a more complex nutrient uptake issue if the improvement doesn't take place."
youtube:UgymxgRInvz43cIHvCB4AaABAg.A8SZrPCCASuAVmTBcAcN5J,youtube,Kalo saya d sisakan 2 biji..karena kalo 3..yg k 3 biasnya kecil,Kalo saya d sisakan 2 biji..karena kalo 3..yg k 3 biasnya kecil
youtube:Ugye6L9JUP04tyxU0UR4AaABAg,youtube,Wahhh sangat membantu sx pak tutorial.nya.....semangat pak....oya mari mampir terimakasih,Wahhh sangat membantu sx pak tutorial.nya.....semangat pak....oya mari mampir terimakasih
reddit:t1_iy5jnjl,reddit,"Link to Amazon.ca
https://www.amazon.ca/gp/product/B09QWTKBRY/ref=ppx_yo_dt_b_asin_title_o02_s00?ie=UTF8&psc=1

Ventillation is x2 5V USB Fans Blowing in from the Left and exhausting to the right.","Link to Amazon.ca
https://www.amazon.ca/gp/product/B09QWTKBRY/ref=ppx_yo_dt_b_asin_title_o02_s00?ie=UTF8&psc=1

Ventillation is x2 5V USB Fans Blowing in from the Left and exhausting to the right."
mastodon:https://comicscamp.club/users/Rheall/statuses/102346031531070660,mastodon,"<p>I had to pull a bunch of mouldy leaves off of one of my echevarias today. :( I guess some water got down into the leaves and festered… aaaagh, it was so pretty too! D:</p><p>At least the other half is still okay… it's just going to be very one-sided for a while. :lies_down: </p><p><a href=""https://comicscamp.club/tags/succulents"" class=""mention hashtag"" rel=""nofollow noopener"" target=""_blank"">#<span>Succulents</span></a> <a href=""https://comicscamp.club/tags/houseplants"" class=""mention hashtag"" rel=""nofollow noopener"" target=""_blank"">#<span>HousePlants</span></a> <a href=""https://comicscamp.club/tags/indoorgardening"" class=""mention hashtag"" rel=""nofollow noopener"" target=""_blank"">#<span>IndoorGardening</span></a> <a href=""https://comicscamp.club/tags/plants"" class=""mention hashtag"" rel=""nofollow noopener"" target=""_blank"">#<span>Plants</span></a> <a href=""https://comicscamp.club/tags/plantbabies"" class=""mention hashtag"" rel=""nofollow noopener"" target=""_blank"">#<span>PlantBabies</span></a> <a href=""https://comicscamp.club/tags/echeveria"" class=""mention hashtag"" rel=""nofollow noopener"" target=""_blank"">#<span>Echeveria</span></a></p>","I had to pull a bunch of mouldy leaves off of one of my echevarias today. :( I guess some water got down into the leaves and festered... aaaagh, it was so pretty too! D:
At least the other half is still okay... it's just going to be very one-sided for a while. :lies_down: 
#Succulents #HousePlants #IndoorGardening #Plants #PlantBabies #Echeveria"
youtube:UgykTAvS4Ty0WG2Bdqd4AaABAg.AD-B3IoHkTLAIaH5tljvvl,youtube,"It's a terrible idea. Onions are biennial, this will only give you flowers, not more bulbs.","It's a terrible idea. Onions are biennial, this will only give you flowers, not more bulbs."
youtube:UgzBBtyXSjpDuH5Y3vB4AaABAg,youtube,"no musik alay, no bacot, simple lgsg pada intinya. 
makasih ilmunya 👍👍","no musik alay, no bacot, simple lgsg pada intinya. 
makasih ilmunya 👍👍"
lemmy:https://ibbit.at/post/132810,lemmy,"Coercion without consensus: the United States and the new imperial disorder

The year 2025 witnessed escalated threats from the United States on the Global South. In the span of months, Washington [declared](https://media.us12.list-manage.com/track/click?u=b02aceea9cb578af543d3029c&id=b5f1271dd1&e=4db91f4c96) Venezuelan airspace “closed in its entirety”, threatened to invade Nigeria “guns-a-blazing” to [protect](https://media.us12.list-manage.com/track/click?u=b02aceea9cb578af543d3029c&id=db277ccf55&e=4db91f4c96) Christians from an alleged genocide, and demanded that the Taliban [return](https://media.us12.list-manage.com/track/click?u=b02aceea9cb578af543d3029c&id=f4adeae198&e=4db91f4c96) Bagram airbase with warnings of unspecified consequences. These are not isolated episodes of Trumpian bluster. They are symptoms of a deeper structural crisis in the way US power manages its relationship with the rest of the world.

What we are witnessing might be termed “coercion without consensus”. As the ideological appeal of US-led globalization fades and economic leverage weakens, the imperial center increasingly resorts to naked force and threats. The mechanisms of consent that once sustained US hegemony have lost their purchase. What remains is coercion.

### **The weaponization of finance**

Consider Venezuela. Since August 2017, the United States has imposed escalating sanctions targeting the country’s oil sector, financial institutions, and government officials. The stated objective has never been hidden: regime change.

The humanitarian consequences have been devastating. A 2019 [study](https://media.us12.list-manage.com/track/click?u=b02aceea9cb578af543d3029c&id=ddfa0e6bd2&e=4db91f4c96) by economists Mark Weisbrot and Jeffrey Sachs for the Center for Economic and Policy Research estimated that sanctions caused more than 40,000 deaths between 2017 and 2018. Sanctions cut Venezuela off from the dollar-based financial system, preventing debt restructuring. International companies were threatened with secondary sanctions. The import of spare parts for the oil industry became impossible, accelerating production collapse. Weisbrot and Sachs concluded that these impacts “would fit the definition of collective punishment as described in both the Geneva and Hague international conventions.”

Following the August 2017 sanctions, Venezuelan oil production fell at more than three times its previous rate. The IMF revised its growth forecast from -5% to -25% for 2019, driven primarily by the sanctions regime.

This confirms what Samir Amin theorized about contemporary imperialism operating through control of global finance in his [book](https://media.us12.list-manage.com/track/click?u=b02aceea9cb578af543d3029c&id=c547680ead&e=4db91f4c96), “Modern Imperialism, Monopoly Finance Capital and Marx’s Law of Value”. The dollar’s role as a reserve currency, combined with US jurisdiction over global payments, provides Washington with the “exorbitant privilege” of imposing economic isolation on any defiant country.

The [2025 escalation](https://peoplesdispatch.org/2025/12/12/piracy-venezuela-responds-to-the-us-seizure-of-its-oil-tanker/) takes this further. Trump’s declaration that Venezuelan airspace should be considered closed, while lacking legal jurisdiction, functions to intimidate commercial carriers. The [deployment of the aircraft carrier USS Gerald R. Ford to the Caribbean](https://peoplesdispatch.org/2025/10/24/us-deploys-aircraft-carrier-and-threatens-invasion-of-venezuela-while-expanding-drug-war-to-colombia/), combined with strikes that have killed over eighty people since September 2025, suggests Washington is prepared to complement economic strangulation with military violence.

The case of Colombia in January 2025 is equally instructive. When [President Gustavo Petro refused deportation flights on US military aircraft](https://peoplesdispatch.org/2025/01/28/petros-stand-for-dignity-deported-migrants-return-to-colombia-without-handcuffs/), Trump responded within hours with threats of 25% tariffs and visa revocations. This pressure tactic had a clear message: alliance with Washington provides no protection when imperial priorities demand otherwise.

### **Selective humanitarianism**

The [threatened intervention in Nigeria](https://peoplesdispatch.org/2025/12/04/us-maintains-christian-genocide-narrative-at-un-special-event/) reveals a different modality of imperial assertion: the appropriation of humanitarian discourse to legitimize military action.

In November 2025, Trump designated Nigeria a “Country of Particular Concern” for religious persecution and threatened to “wipe out the Islamic Terrorists” allegedly committing genocide against Christians.

The claim does not survive empirical scrutiny. Data from the Armed Conflict Location and Event Data Project tells a more complex story. Between January 2020 and September 2025, ACLED [recorded](https://media.us12.list-manage.com/track/click?u=b02aceea9cb578af543d3029c&id=0b94f211bf&e=4db91f4c96) 385 attacks targeting Christians where religious identity was a factor, resulting in 317 deaths. During the same period, 196 attacks targeted Muslims, resulting in 417 deaths. The violence is real and devastating, with over 20,000 civilian deaths since 2020. But its causes are more complex than religious extermination.

Researchers have documented how farmer-herder conflicts, desertification, competition for resources, and breakdown of traditional mediation mechanisms account for much of the violence. Organizations like Boko Haram employ anti-Christian rhetoric, but their attacks are largely [indiscriminate](https://media.us12.list-manage.com/track/click?u=b02aceea9cb578af543d3029c&id=d51b27274d&e=4db91f4c96). As Nigerian analyst Bulama Bukarti stated: “All the data reveals is that there is no Christian genocide going on in Nigeria. This is a dangerous far-right narrative.”

Mahmood Mamdani’s analysis of the Save Darfur movement illuminates this instrumentalization of suffering. He explains in his book titled “Saviors and Survivors: Darfur, Politics, and the War on Terror” the genocide framework and how it transforms political conflicts into moral dramas requiring external salvation, positioning Western powers as saviors and African populations as victims incapable of resolving their own problems.

The selectivity is impossible to ignore. While threatening action against Nigeria, Washington has provided Israel [billions](https://media.us12.list-manage.com/track/click?u=b02aceea9cb578af543d3029c&id=aafdd43986&e=4db91f4c96) in military aid during operations killing tens of thousands of Palestinians. “Genocide” in US discourse is not an analytical category demanding consistent application, but a political instrument deployed selectively.

### **Imperial weakness, not strength**

The demand for Bagram airbase from the Taliban represents the refusal to accept defeat. The largest US installation in Afghanistan, its abandonment symbolized the failure of the longest war in US history. Trump now demands its return, [justifying](https://media.us12.list-manage.com/track/click?u=b02aceea9cb578af543d3029c&id=a46e1e91fa&e=4db91f4c96) this because the base is “an hour away from where China makes its nuclear missiles.” Afghanistan is to be instrumentalized as a platform for containing China.

Regional powers have uniformly [rejected](https://media.us12.list-manage.com/track/click?u=b02aceea9cb578af543d3029c&id=29a3362b89&e=4db91f4c96) this. The Moscow Format consultations have brought together Russia, China, Iran, Pakistan, and India in coordinated opposition. Despite their differences, this coalition represents the multipolar coordination Samir Amin advocated through his concept of “delinking”: nations refusing to subordinate their security to imperial priorities.

The Tricontinental Institute’s [study](https://media.us12.list-manage.com/track/click?u=b02aceea9cb578af543d3029c&id=536961cfd8&e=4db91f4c96) “Hyper-Imperialism” provides a framework for understanding this conjuncture. NATO states account for three-quarters of global military spending. Yet military supremacy cannot compensate for eroding economic power. The United States faces China’s rise and BRICS’ growing weight. The 2008 financial crisis and dysfunction of US democracy have tarnished the Washington Consensus.

This explains what might appear paradoxical: why declining hegemony produces more aggressive behavior. When mechanisms of consent weaken, mechanisms of coercion intensify. The threats against Venezuela, Nigeria, and Afghanistan are symptoms of imperial weakness, not strength.

For India and the broader Global South, the implications demand attention. The assumption that US-led globalization represents the only development path has been challenged. Alternative institutions, from the BRICS New Development Bank to bilateral currency arrangements bypassing the dollar, create possibilities for subordinating external relations to national priorities.

The Global South’s interests lie not in choosing between great powers but in building solidarities that expand space for sovereign development. The construction of a genuinely polycentric order remains the horizon toward which progressive forces must work.

***Atul Chandra*** *is the Co-Coordinator of the Asia Desk at* [*Tricontinental*](https://media.us12.list-manage.com/track/click?u=b02aceea9cb578af543d3029c&id=e0fb96bca0&e=4db91f4c96)*: Institute for Social Research.*

*This article was produced by* [*Globetrotter*](https://media.us12.list-manage.com/track/click?u=b02aceea9cb578af543d3029c&id=fbf48370d7&e=4db91f4c96)*.*

The post [Coercion without consensus: the United States and the new imperial disorder](https://peoplesdispatch.org/2025/12/15/coercion-without-consensus-the-united-states-and-the-new-imperial-disorder/) appeared first on [Peoples Dispatch](https://peoplesdispatch.org/).

---

*From [Peoples Dispatch](https://peoplesdispatch.org/) via [this RSS feed](https://peoplesdispatch.org/feed/)*","Coercion without consensus: the United States and the new imperial disorder

The year 2025 witnessed escalated threats from the United States on the Global South. In the span of months, Washington [declared](https://media.us12.list-manage.com/track/click?u=b02aceea9cb578af543d3029c&id=b5f1271dd1&e=4db91f4c96) Venezuelan airspace “closed in its entirety”, threatened to invade Nigeria “guns-a-blazing” to [protect](https://media.us12.list-manage.com/track/click?u=b02aceea9cb578af543d3029c&id=db277ccf55&e=4db91f4c96) Christians from an alleged genocide, and demanded that the Taliban [return](https://media.us12.list-manage.com/track/click?u=b02aceea9cb578af543d3029c&id=f4adeae198&e=4db91f4c96) Bagram airbase with warnings of unspecified consequences. These are not isolated episodes of Trumpian bluster. They are symptoms of a deeper structural crisis in the way US power manages its relationship with the rest of the world.

What we are witnessing might be termed “coercion without consensus”. As the ideological appeal of US-led globalization fades and economic leverage weakens, the imperial center increasingly resorts to naked force and threats. The mechanisms of consent that once sustained US hegemony have lost their purchase. What remains is coercion.

### **The weaponization of finance**

Consider Venezuela. Since August 2017, the United States has imposed escalating sanctions targeting the country’s oil sector, financial institutions, and government officials. The stated objective has never been hidden: regime change.

The humanitarian consequences have been devastating. A 2019 [study](https://media.us12.list-manage.com/track/click?u=b02aceea9cb578af543d3029c&id=ddfa0e6bd2&e=4db91f4c96) by economists Mark Weisbrot and Jeffrey Sachs for the Center for Economic and Policy Research estimated that sanctions caused more than 40,000 deaths between 2017 and 2018. Sanctions cut Venezuela off from the dollar-based financial system, preventing debt restructuring. International companies were threatened with secondary sanctions. The import of spare parts for the oil industry became impossible, accelerating production collapse. Weisbrot and Sachs concluded that these impacts “would fit the definition of collective punishment as described in both the Geneva and Hague international conventions.”

Following the August 2017 sanctions, Venezuelan oil production fell at more than three times its previous rate. The IMF revised its growth forecast from -5% to -25% for 2019, driven primarily by the sanctions regime.

This confirms what Samir Amin theorized about contemporary imperialism operating through control of global finance in his [book](https://media.us12.list-manage.com/track/click?u=b02aceea9cb578af543d3029c&id=c547680ead&e=4db91f4c96), “Modern Imperialism, Monopoly Finance Capital and Marx’s Law of Value”. The dollar’s role as a reserve currency, combined with US jurisdiction over global payments, provides Washington with the “exorbitant privilege” of imposing economic isolation on any defiant country.

The [2025 escalation](https://peoplesdispatch.org/2025/12/12/piracy-venezuela-responds-to-the-us-seizure-of-its-oil-tanker/) takes this further. Trump’s declaration that Venezuelan airspace should be considered closed, while lacking legal jurisdiction, functions to intimidate commercial carriers. The [deployment of the aircraft carrier USS Gerald R. Ford to the Caribbean](https://peoplesdispatch.org/2025/10/24/us-deploys-aircraft-carrier-and-threatens-invasion-of-venezuela-while-expanding-drug-war-to-colombia/), combined with strikes that have killed over eighty people since September 2025, suggests Washington is prepared to complement economic strangulation with military violence.

The case of Colombia in January 2025 is equally instructive. When [President Gustavo Petro refused deportation flights on US military aircraft](https://peoplesdispatch.org/2025/01/28/petros-stand-for-dignity-deported-migrants-return-to-colombia-without-handcuffs/), Trump responded within hours with threats of 25% tariffs and visa revocations. This pressure tactic had a clear message: alliance with Washington provides no protection when imperial priorities demand otherwise.

### **Selective humanitarianism**

The [threatened intervention in Nigeria](https://peoplesdispatch.org/2025/12/04/us-maintains-christian-genocide-narrative-at-un-special-event/) reveals a different modality of imperial assertion: the appropriation of humanitarian discourse to legitimize military action.

In November 2025, Trump designated Nigeria a “Country of Particular Concern” for religious persecution and threatened to “wipe out the Islamic Terrorists” allegedly committing genocide against Christians.

The claim does not survive empirical scrutiny. Data from the Armed Conflict Location and Event Data Project tells a more complex story. Between January 2020 and September 2025, ACLED [recorded](https://media.us12.list-manage.com/track/click?u=b02aceea9cb578af543d3029c&id=0b94f211bf&e=4db91f4c96) 385 attacks targeting Christians where religious identity was a factor, resulting in 317 deaths. During the same period, 196 attacks targeted Muslims, resulting in 417 deaths. The violence is real and devastating, with over 20,000 civilian deaths since 2020. But its causes are more complex than religious extermination.

Researchers have documented how farmer-herder conflicts, desertification, competition for resources, and breakdown of traditional mediation mechanisms account for much of the violence. Organizations like Boko Haram employ anti-Christian rhetoric, but their attacks are largely [indiscriminate](https://media.us12.list-manage.com/track/click?u=b02aceea9cb578af543d3029c&id=d51b27274d&e=4db91f4c96). As Nigerian analyst Bulama Bukarti stated: “All the data reveals is that there is no Christian genocide going on in Nigeria. This is a dangerous far-right narrative.”

Mahmood Mamdani’s analysis of the Save Darfur movement illuminates this instrumentalization of suffering. He explains in his book titled “Saviors and Survivors: Darfur, Politics, and the War on Terror” the genocide framework and how it transforms political conflicts into moral dramas requiring external salvation, positioning Western powers as saviors and African populations as victims incapable of resolving their own problems.

The selectivity is impossible to ignore. While threatening action against Nigeria, Washington has provided Israel [billions](https://media.us12.list-manage.com/track/click?u=b02aceea9cb578af543d3029c&id=aafdd43986&e=4db91f4c96) in military aid during operations killing tens of thousands of Palestinians. “Genocide” in US discourse is not an analytical category demanding consistent application, but a political instrument deployed selectively.

### **Imperial weakness, not strength**

The demand for Bagram airbase from the Taliban represents the refusal to accept defeat. The largest US installation in Afghanistan, its abandonment symbolized the failure of the longest war in US history. Trump now demands its return, [justifying](https://media.us12.list-manage.com/track/click?u=b02aceea9cb578af543d3029c&id=a46e1e91fa&e=4db91f4c96) this because the base is “an hour away from where China makes its nuclear missiles.” Afghanistan is to be instrumentalized as a platform for containing China.

Regional powers have uniformly [rejected](https://media.us12.list-manage.com/track/click?u=b02aceea9cb578af543d3029c&id=29a3362b89&e=4db91f4c96) this. The Moscow Format consultations have brought together Russia, China, Iran, Pakistan, and India in coordinated opposition. Despite their differences, this coalition represents the multipolar coordination Samir Amin advocated through his concept of “delinking”: nations refusing to subordinate their security to imperial priorities.

The Tricontinental Institute’s [study](https://media.us12.list-manage.com/track/click?u=b02aceea9cb578af543d3029c&id=536961cfd8&e=4db91f4c96) “Hyper-Imperialism” provides a framework for understanding this conjuncture. NATO states account for three-quarters of global military spending. Yet military supremacy cannot compensate for eroding economic power. The United States faces China’s rise and BRICS’ growing weight. The 2008 financial crisis and dysfunction of US democracy have tarnished the Washington Consensus.

This explains what might appear paradoxical: why declining hegemony produces more aggressive behavior. When mechanisms of consent weaken, mechanisms of coercion intensify. The threats against Venezuela, Nigeria, and Afghanistan are symptoms of imperial weakness, not strength.

For India and the broader Global South, the implications demand attention. The assumption that US-led globalization represents the only development path has been challenged. Alternative institutions, from the BRICS New Development Bank to bilateral currency arrangements bypassing the dollar, create possibilities for subordinating external relations to national priorities.

The Global South’s interests lie not in choosing between great powers but in building solidarities that expand space for sovereign development. The construction of a genuinely polycentric order remains the horizon toward which progressive forces must work.

***Atul Chandra*** *is the Co-Coordinator of the Asia Desk at* [*Tricontinental*](https://media.us12.list-manage.com/track/click?u=b02aceea9cb578af543d3029c&id=e0fb96bca0&e=4db91f4c96)*: Institute for Social Research.*

*This article was produced by* [*Globetrotter*](https://media.us12.list-manage.com/track/click?u=b02aceea9cb578af543d3029c&id=fbf48370d7&e=4db91f4c96)*.*

The post [Coercion without consensus: the United States and the new imperial disorder](https://peoplesdispatch.org/2025/12/15/coercion-without-consensus-the-united-states-and-the-new-imperial-disorder/) appeared first on [Peoples Dispatch](https://peoplesdispatch.org/).

---

*From [Peoples Dispatch](https://peoplesdispatch.org/) via [this RSS feed](https://peoplesdispatch.org/feed/)*"
reddit:t3_psnmra,reddit,What type of hydroponics are Aerogarden knock offs?,What type of hydroponics are Aerogarden knock offs?
youtube:Ugya0bySZ-pGZD800U14AaABAg,youtube,how long can you keep the roots in the water?,how long can you keep the roots in the water?
youtube:Ugw3xbrzP0FfBLrfYWV4AaABAg,youtube,"This is great work, thank you!","This is great work, thank you!"
youtube:UgwDZRhhK2ZD7K5-3kZ4AaABAg.A7fEk6pkSqAA7hQ9tvnzJ5,youtube,"Bisa aja kak, tp selada kurang cocok krn pertumbuhannya kesamping, tempatnya gk muat kak","Bisa aja kak, tp selada kurang cocok krn pertumbuhannya kesamping, tempatnya gk muat kak"
reddit:t3_4ouxao,reddit,Pulled all the basil plants from my seed starting system today,Pulled all the basil plants from my seed starting system today
gardenweb:gw_a14475474,gardenweb,"<p>how have you been sealing them into separate sections? i was planning to run (well drive, its -10 out) to the hardware store and pick up a few extra Rubbermaid's for different experiments, but if I could easily separate 1 bin into multiple compartments I'd take a stab at that too. I do expect plenty of bumps, part of life. </p>
","how have you been sealing them into separate sections? i was planning to run (well drive, its -10 out) to the hardware store and pick up a few extra Rubbermaid's for different experiments, but if I could easily separate 1 bin into multiple compartments I'd take a stab at that too. I do expect plenty of bumps, part of life."
lemmy:https://rss.ponder.cat/post/206776,lemmy,"Chop Wood, Carry Water 6/13

[![](https://substackcdn.com/image/fetch/w_1456,c_limit,f_auto,q_auto:good,fl_progressive:steep/https%3A%2F%2Fsubstack-post-media.s3.amazonaws.com%2Fpublic%2Fimages%2F61070089-a5fa-4110-a048-3099bdc9780b_1200x1200.png)](https://substackcdn.com/image/fetch/f_auto,q_auto:good,fl_progressive:steep/https%3A%2F%2Fsubstack-post-media.s3.amazonaws.com%2Fpublic%2Fimages%2F61070089-a5fa-4110-a048-3099bdc9780b_1200x1200.png)Download this and so many other amazing graphics and videos at CAP’s incredible [content library](https://www.archiveforprogress.org/picture?/3857/category/29-top_performers).

Hi, all, and happy Friday.

Welp. Every time we think it’s gotten as ugly as it’s going to get…it gets a bit uglier. Yesterday, as you know, Kristi Noem’s security officers tackled and handcuffed a U.S. Senator—California’s Alex Padilla— for simply asking a question. It’s berserk and completely unprecedented — at least in this country. Add to this the continued military presence in my city, the ongoing Republican deliberations on a bill that will literally kill [50,000 Americans a year](https://www.finance.senate.gov/ranking-members-news/51000-americans-will-die-every-year-as-a-direct-result-of-republican-health-plan-new-analysis), and everything else happening, and it’s easy to feel like we’re going nuts. But we’re not.

They are.

Never forget, folks, that Republicans are the ones who’ve lost their minds—and moral compasses. We are on the right side, here, and on the moral side as well. History will bear this out, and the time will come when everyone will try to pretend that they always stood where we do now. No matter. We are here, actually here, doing the work. Feel proud of that. It’s a very big deal.

Look, it’s horribly difficult, and scary, and exhausting, to fight fascism. I wish we were in a different timeline—one, for example, where I wasn’t receiving frightened texts from Latina neighbors asking “If you have a work permit do they still take you?”

Yes, I literally got that text this morning.

It’s outrageous and it’s insane. But we will not let them win. So let’s keeping summoning our inner defiance, and let’s keep fighting. Because I think we can now truly say, with no hyperbole, that “if you wonder what you would have done when the Nazis started their reign of terror, you’re doing it now.”

Thank God we’re on the right side of that equation. Let’s stay there.

One last thing: please remember that Trump’s poll ratings are plummeting. He’s [dropped six points on immigration in the last two weeks alone](https://www.msn.com/en-us/news/politics/awful-awful-awful-cnn-polling-analyst-points-to-trumps-rapid-collapse/ar-AA1GEWe7)! CNN’s Chief Data Analyst Harry Enten called his numbers, just this morning, “awful, awful, awful.”

As Political Wire’s Taegan Goddard [wrote yesterday](https://politicalwire.com/2025/06/12/trump-projects-strength-as-poll-reveals-weakness/?lctg=27193028):

> President Trump is trying to flex power by deploying federalized National Guard troops and Marines to Los Angeles — but a new [Quinnipiac poll](https://poll.qu.edu/poll-release?releaseid=3924) underscores just how little support he actually commands…
>
> Trump continues to govern through disruption, manufacturing chaos to mask his weaknesses.
>
> But the polling makes clear: he’s not leading from a position of strength.
>
> He’s a weak president trying to consolidate power — and weak presidents can be stopped.

Weak. Presidents. Can. Be. Stopped.

We’ve got this, folks. Clear eyes, full hearts, can’t lose.

Let’s get to work.

P.S. — I had a great talk with Rep. John Larson on Wednesday. If you want to hear what he has to say about the Supreme Court’s ruling on DOGE and our Social Security data you can [watch the 20 minute conversation here](https://jesscravenvideos.substack.com/p/my-interview-with-rep-john-larson-278). I promise I’ll have a script about his bill up soon.

## Call Your Senators (find yours [here](https://www.senate.gov/senators/senators-contact.htm)) 📲

Hi, I'm a constituent calling from [zip]. My name is \_\_\_\_\_\_.

First, I understand that the House passed the rescission package yesterday that defunds PBS and some foreign aid. Shame on them. I expect the Senator to vote no. I care about Public Broadcasting [include personal reason here]. These funds were already allocated and should be paid out. If we can afford 140M for an unnecessary military invasion of Los Angeles we can keep funding PBS.

Second, I am appalled by the assault on Senator Padilla yesterday. What the heck is happening in our country? This is not a dictatorship! We don’t assault Senators for asking a question. Congress needs to condemn these actions and demand a full investigation into the circumstances surrounding the incident, including the role of Secretary Noem and the security personnel involved. Will the Senator call for this?

**[If yes thank. If no add:]**

The silence of lawmakers in the face of these authoritarian tactics is unacceptable and threatens the freedom of all Americans. The Senator needs to speak out against these abuses of power or resign. Thanks.

## Call Your House Rep (find yours [here](https://www.house.gov/representatives/find-your-representative)) 📲

Hi, I'm a constituent calling from [zip]. My name is \_\_\_\_\_\_\_.

I am appalled by the assault on Senator Padilla yesterday. What the heck is happening in our country? This is not a dictatorship! We don’t assault Senators for asking a question. Congress needs to condemn these actions and demand a full investigation into the circumstances surrounding the incident, including the role of Secretary Noem and the security personnel involved. Will the Congressmember call for this?

**[If yes thank. If no add:]**

The silence of lawmakers in the face of these authoritarian tactics is unacceptable and threatens the freedom of all Americans. The Congressmember needs to speak out against these abuses of power or resign. Thanks.

## Extra Credit ✅

Let’s call Senator Thune in his capacity as Senate Majority leader. (202) 224-2321 or (605) 225-8823 or (605) 334-9596 or (605) 348-7551.

We can say something like:

> My name is \_\_\_\_\_\_. I’m calling Senator Thune in his capacity as Senate Majority leader. I am outraged by the treatment of Senator Padilla yesterday by Kristi Noem’s staff. Tackling and assaulting a U.S. Senator for asking a question is totally uncalled for, horrifying, and not who we are as a country.
>
> I want the Senator to demand an immediate apology from Ms. Noem and her staff, and request an immediate end to the inflammatory rhetoric about what is happening in LA and elsewhere around the country. Enough is enough. He needs to speak out for what’s right, for the rule of law, and in support of the people he’s supposed to represent. Thanks.

[H/T reader Cathy C.]

## Extra Extra Credit ✅ ✅

Fox News is spreading rampant misinformation about what’s happening in our country right now. They also have advertisers, and it’s time they heard that we are upset with them for paying money to an organization who is trying to dismantle our democracy.

Here is a list of companies that support FOX News: GlaxoSmithKline, Liberty Mutual, General Motors, Procter & Gamble, Intuit, NortonLifeLock, Nestle, Kraft Heinz, Progressive, Charles Schwab, Toyota, and Subaru. [Click here](https://actionnetwork.org/letters/tell-these-advertisers-to-stop-funding-fox-news-now?source=direct_link) to send their CEOs an email—ideally personalized—demanding they divorce their corporations from an organization that is dedicated to destroying our democracy.

## Get Smart! 📚

The pathway to successful resistance cannot be paved by protest alone. We must rest, we must expand our shared community, and, most importantly, we must continue to learn and grow.

That’s why Indivisible is bringing you a new speaker series, [Solidarity in Action: Training for Systemic Change and Allyship beginning on Tuesday, June 24 at 4pm ET/1pm PT with special guest Heather McGhee.](https://act.indivisible.org/go/828789?t=7&akid=118375.113385.ArxHun)

Heather McGhee is the New York Times bestselling author of *The Sum of Us: What Racism Costs Everyone and How We Can Prosper Together*. A graduate of Yale and the University of California Berkeley School of Law, Heather has testified in Congress, drafted legislation, and developed strategies for organizations and campaigns that won changes to improve the lives of millions. She is the former president of [Demos](https://act.indivisible.org/go/828790?t=11&akid=118375.113385.ArxHun) and the current board president of [Color of Change](https://act.indivisible.org/go/828791?t=12&akid=118375.113385.ArxHun) and is working to design and promote solutions to inequality in America.

[Register here >>](https://act.indivisible.org/go/828789?t=9&akid=118375.113385.ArxHun)

## Messaging! Messaging! Messaging! 📣

DemCast has put together a great social media toolkit amplifying the attack on Senator Padilla. Please, please, share even just one video. It takes about two minutes and America really needs to see what’s happening.

[Toolkit is here](https://social.demcast.com/toolkit/dailymessaging-1ed7).

## Get in the Streets! 🪧

THIS IS IT! Tomorrow is the day! Please take some time to use Indivisible’s simple No Kings social media toolkit to promote tomorrow’s protests! Remember, there could be tens of thousands of Americans only waking up today to how bad the situation is. They may go to a march *if they know about it!*

So let’s make sure they do.

[Toolkit is here](https://app.sosha.ai/toolkit/no-kings-trump-june-14-a5da?filters=eyJsYWJlbHMiOltdLCJzb2NpYWxOZXR3b3JrcyI6WyJibHVlc2t5Il0sInN0YXR1cyI6W10sIm1lZGlhVHlwZXMiOltdLCJ0ZXh0IjpbXX0%3D).

## Resistbot Letter (new to Resistbot? Go [here](https://resist.bot/)! And then [here](https://chopwoodcarrywaterdailyactions.substack.com/p/about-resistbot?r=160ms).) 💻

[To: ] [[H/T](https://demandprogress.org/)] [Text SIGN PWUYLR to 50409, or to @Resistbot on [Apple Messages](https://bcrw.apple.com/sms:open?service=iMessage&recipient=urn%3Abiz%3Ad0189b65-f844-4344-adc1-d2d01daca04e&body=resist), [Messenger](https://www.messenger.com/t/1224106861035505?text=resist), [Instagram](https://www.instagram.com/direct/t/107534807309194/?text), or [Telegram](https://t.me/resistbot?start=resist)]

*(Note that for the most effective RESISTBOT it’s best to personalize this text. More about how to do this [here](https://chopwoodcarrywaterdailyactions.substack.com/p/about-resistbot). But if you’re short on time just send it as is using the above code.)*

I’m writing out of enormous alarm that the Trump administration is collecting our personal information and giving Palantir our tax dollars for a dangerous WH surveillance project.

Palantir’s founder, Peter Thiel, is a billionaire Trump mega-donor. Palantir has received at least $113 million from the federal government since Trump took office in January. Fears are growing that Trump and Palantir are compiling a master list of personal information on Americans that could give Trump “untold surveillance power.”

Government officials say Palantir’s tech could easily merge information from different government agencies — giving Trump a coordinated set of personal data on everyone in America. The data could include hundreds of data points on citizens and others through government databases, including their bank account numbers, the amount of their student debt, their medical claims, and any disability status.

Elon Musk’s DOGE chose Palantir for this anti-democratic undertaking, giving fellow Trump mega-donor Thiel a windfall of cash.

If our elected leaders stand by and do nothing, they will allow the White House to amass unprecedented power and a detailed look into our individual lives. Trump would have all the information he needs to threaten, persecute, attack, and punish all of his political enemies.

Congress must stop Trump and Palantir’s attack on our private data now!

## OK, you did it again! You’re helping to save democracy! You’re amazing.

Talk soon.

Jess

Chop Wood, Carry Water is a reader-supported publication. To receive new posts and support my work, consider becoming a free or paid subscriber.

[Share](https://chopwoodcarrywaterdailyactions.substack.com/p/chop-wood-carry-water-613-7b8?action=share)

[Leave a comment](https://chopwoodcarrywaterdailyactions.substack.com/p/chop-wood-carry-water-613-7b8/comments)

---

*From [Chop Wood, Carry Water](https://chopwoodcarrywaterdailyactions.substack.com/) via [this RSS feed](https://chopwoodcarrywaterdailyactions.substack.com/feed)*","Chop Wood, Carry Water 6/13

[![](https://substackcdn.com/image/fetch/w_1456,c_limit,f_auto,q_auto:good,fl_progressive:steep/https%3A%2F%2Fsubstack-post-media.s3.amazonaws.com%2Fpublic%2Fimages%2F61070089-a5fa-4110-a048-3099bdc9780b_1200x1200.png)](https://substackcdn.com/image/fetch/f_auto,q_auto:good,fl_progressive:steep/https%3A%2F%2Fsubstack-post-media.s3.amazonaws.com%2Fpublic%2Fimages%2F61070089-a5fa-4110-a048-3099bdc9780b_1200x1200.png)Download this and so many other amazing graphics and videos at CAP’s incredible [content library](https://www.archiveforprogress.org/picture?/3857/category/29-top_performers).

Hi, all, and happy Friday.

Welp. Every time we think it’s gotten as ugly as it’s going to get...it gets a bit uglier. Yesterday, as you know, Kristi Noem’s security officers tackled and handcuffed a U.S. Senator—California’s Alex Padilla— for simply asking a question. It’s berserk and completely unprecedented — at least in this country. Add to this the continued military presence in my city, the ongoing Republican deliberations on a bill that will literally kill [50,000 Americans a year](https://www.finance.senate.gov/ranking-members-news/51000-americans-will-die-every-year-as-a-direct-result-of-republican-health-plan-new-analysis), and everything else happening, and it’s easy to feel like we’re going nuts. But we’re not.

They are.

Never forget, folks, that Republicans are the ones who’ve lost their minds—and moral compasses. We are on the right side, here, and on the moral side as well. History will bear this out, and the time will come when everyone will try to pretend that they always stood where we do now. No matter. We are here, actually here, doing the work. Feel proud of that. It’s a very big deal.

Look, it’s horribly difficult, and scary, and exhausting, to fight fascism. I wish we were in a different timeline—one, for example, where I wasn’t receiving frightened texts from Latina neighbors asking “If you have a work permit do they still take you?”

Yes, I literally got that text this morning.

It’s outrageous and it’s insane. But we will not let them win. So let’s keeping summoning our inner defiance, and let’s keep fighting. Because I think we can now truly say, with no hyperbole, that “if you wonder what you would have done when the Nazis started their reign of terror, you’re doing it now.”

Thank God we’re on the right side of that equation. Let’s stay there.

One last thing: please remember that Trump’s poll ratings are plummeting. He’s [dropped six points on immigration in the last two weeks alone](https://www.msn.com/en-us/news/politics/awful-awful-awful-cnn-polling-analyst-points-to-trumps-rapid-collapse/ar-AA1GEWe7)! CNN’s Chief Data Analyst Harry Enten called his numbers, just this morning, “awful, awful, awful.”

As Political Wire’s Taegan Goddard [wrote yesterday](https://politicalwire.com/2025/06/12/trump-projects-strength-as-poll-reveals-weakness/?lctg=27193028):

> President Trump is trying to flex power by deploying federalized National Guard troops and Marines to Los Angeles — but a new [Quinnipiac poll](https://poll.qu.edu/poll-release?releaseid=3924) underscores just how little support he actually commands...
>
> Trump continues to govern through disruption, manufacturing chaos to mask his weaknesses.
>
> But the polling makes clear: he’s not leading from a position of strength.
>
> He’s a weak president trying to consolidate power — and weak presidents can be stopped.

Weak. Presidents. Can. Be. Stopped.

We’ve got this, folks. Clear eyes, full hearts, can’t lose.

Let’s get to work.

P.S. — I had a great talk with Rep. John Larson on Wednesday. If you want to hear what he has to say about the Supreme Court’s ruling on DOGE and our Social Security data you can [watch the 20 minute conversation here](https://jesscravenvideos.substack.com/p/my-interview-with-rep-john-larson-278). I promise I’ll have a script about his bill up soon.

## Call Your Senators (find yours [here](https://www.senate.gov/senators/senators-contact.htm)) 📲

Hi, I'm a constituent calling from [zip]. My name is \_\_\_\_\_\_.

First, I understand that the House passed the rescission package yesterday that defunds PBS and some foreign aid. Shame on them. I expect the Senator to vote no. I care about Public Broadcasting [include personal reason here]. These funds were already allocated and should be paid out. If we can afford 140M for an unnecessary military invasion of Los Angeles we can keep funding PBS.

Second, I am appalled by the assault on Senator Padilla yesterday. What the heck is happening in our country? This is not a dictatorship! We don’t assault Senators for asking a question. Congress needs to condemn these actions and demand a full investigation into the circumstances surrounding the incident, including the role of Secretary Noem and the security personnel involved. Will the Senator call for this?

**[If yes thank. If no add:]**

The silence of lawmakers in the face of these authoritarian tactics is unacceptable and threatens the freedom of all Americans. The Senator needs to speak out against these abuses of power or resign. Thanks.

## Call Your House Rep (find yours [here](https://www.house.gov/representatives/find-your-representative)) 📲

Hi, I'm a constituent calling from [zip]. My name is \_\_\_\_\_\_\_.

I am appalled by the assault on Senator Padilla yesterday. What the heck is happening in our country? This is not a dictatorship! We don’t assault Senators for asking a question. Congress needs to condemn these actions and demand a full investigation into the circumstances surrounding the incident, including the role of Secretary Noem and the security personnel involved. Will the Congressmember call for this?

**[If yes thank. If no add:]**

The silence of lawmakers in the face of these authoritarian tactics is unacceptable and threatens the freedom of all Americans. The Congressmember needs to speak out against these abuses of power or resign. Thanks.

## Extra Credit ✅

Let’s call Senator Thune in his capacity as Senate Majority leader. (202) 224-2321 or (605) 225-8823 or (605) 334-9596 or (605) 348-7551.

We can say something like:

> My name is \_\_\_\_\_\_. I’m calling Senator Thune in his capacity as Senate Majority leader. I am outraged by the treatment of Senator Padilla yesterday by Kristi Noem’s staff. Tackling and assaulting a U.S. Senator for asking a question is totally uncalled for, horrifying, and not who we are as a country.
>
> I want the Senator to demand an immediate apology from Ms. Noem and her staff, and request an immediate end to the inflammatory rhetoric about what is happening in LA and elsewhere around the country. Enough is enough. He needs to speak out for what’s right, for the rule of law, and in support of the people he’s supposed to represent. Thanks.

[H/T reader Cathy C.]

## Extra Extra Credit ✅ ✅

Fox News is spreading rampant misinformation about what’s happening in our country right now. They also have advertisers, and it’s time they heard that we are upset with them for paying money to an organization who is trying to dismantle our democracy.

Here is a list of companies that support FOX News: GlaxoSmithKline, Liberty Mutual, General Motors, Procter & Gamble, Intuit, NortonLifeLock, Nestle, Kraft Heinz, Progressive, Charles Schwab, Toyota, and Subaru. [Click here](https://actionnetwork.org/letters/tell-these-advertisers-to-stop-funding-fox-news-now?source=direct_link) to send their CEOs an email—ideally personalized—demanding they divorce their corporations from an organization that is dedicated to destroying our democracy.

## Get Smart! 📚

The pathway to successful resistance cannot be paved by protest alone. We must rest, we must expand our shared community, and, most importantly, we must continue to learn and grow.

That’s why Indivisible is bringing you a new speaker series, [Solidarity in Action: Training for Systemic Change and Allyship beginning on Tuesday, June 24 at 4pm ET/1pm PT with special guest Heather McGhee.](https://act.indivisible.org/go/828789?t=7&akid=118375.113385.ArxHun)

Heather McGhee is the New York Times bestselling author of *The Sum of Us: What Racism Costs Everyone and How We Can Prosper Together*. A graduate of Yale and the University of California Berkeley School of Law, Heather has testified in Congress, drafted legislation, and developed strategies for organizations and campaigns that won changes to improve the lives of millions. She is the former president of [Demos](https://act.indivisible.org/go/828790?t=11&akid=118375.113385.ArxHun) and the current board president of [Color of Change](https://act.indivisible.org/go/828791?t=12&akid=118375.113385.ArxHun) and is working to design and promote solutions to inequality in America.

[Register here >>](https://act.indivisible.org/go/828789?t=9&akid=118375.113385.ArxHun)

## Messaging! Messaging! Messaging! 📣

DemCast has put together a great social media toolkit amplifying the attack on Senator Padilla. Please, please, share even just one video. It takes about two minutes and America really needs to see what’s happening.

[Toolkit is here](https://social.demcast.com/toolkit/dailymessaging-1ed7).

## Get in the Streets! 🪧

THIS IS IT! Tomorrow is the day! Please take some time to use Indivisible’s simple No Kings social media toolkit to promote tomorrow’s protests! Remember, there could be tens of thousands of Americans only waking up today to how bad the situation is. They may go to a march *if they know about it!*

So let’s make sure they do.

[Toolkit is here](https://app.sosha.ai/toolkit/no-kings-trump-june-14-a5da?filters=eyJsYWJlbHMiOltdLCJzb2NpYWxOZXR3b3JrcyI6WyJibHVlc2t5Il0sInN0YXR1cyI6W10sIm1lZGlhVHlwZXMiOltdLCJ0ZXh0IjpbXX0%3D).

## Resistbot Letter (new to Resistbot? Go [here](https://resist.bot/)! And then [here](https://chopwoodcarrywaterdailyactions.substack.com/p/about-resistbot?r=160ms).) 💻

[To: ] [[H/T](https://demandprogress.org/)] [Text SIGN PWUYLR to 50409, or to @Resistbot on [Apple Messages](https://bcrw.apple.com/sms:open?service=iMessage&recipient=urn%3Abiz%3Ad0189b65-f844-4344-adc1-d2d01daca04e&body=resist), [Messenger](https://www.messenger.com/t/1224106861035505?text=resist), [Instagram](https://www.instagram.com/direct/t/107534807309194/?text), or [Telegram](https://t.me/resistbot?start=resist)]

*(Note that for the most effective RESISTBOT it’s best to personalize this text. More about how to do this [here](https://chopwoodcarrywaterdailyactions.substack.com/p/about-resistbot). But if you’re short on time just send it as is using the above code.)*

I’m writing out of enormous alarm that the Trump administration is collecting our personal information and giving Palantir our tax dollars for a dangerous WH surveillance project.

Palantir’s founder, Peter Thiel, is a billionaire Trump mega-donor. Palantir has received at least $113 million from the federal government since Trump took office in January. Fears are growing that Trump and Palantir are compiling a master list of personal information on Americans that could give Trump “untold surveillance power.”

Government officials say Palantir’s tech could easily merge information from different government agencies — giving Trump a coordinated set of personal data on everyone in America. The data could include hundreds of data points on citizens and others through government databases, including their bank account numbers, the amount of their student debt, their medical claims, and any disability status.

Elon Musk’s DOGE chose Palantir for this anti-democratic undertaking, giving fellow Trump mega-donor Thiel a windfall of cash.

If our elected leaders stand by and do nothing, they will allow the White House to amass unprecedented power and a detailed look into our individual lives. Trump would have all the information he needs to threaten, persecute, attack, and punish all of his political enemies.

Congress must stop Trump and Palantir’s attack on our private data now!

## OK, you did it again! You’re helping to save democracy! You’re amazing.

Talk soon.

Jess

Chop Wood, Carry Water is a reader-supported publication. To receive new posts and support my work, consider becoming a free or paid subscriber.

[Share](https://chopwoodcarrywaterdailyactions.substack.com/p/chop-wood-carry-water-613-7b8?action=share)

[Leave a comment](https://chopwoodcarrywaterdailyactions.substack.com/p/chop-wood-carry-water-613-7b8/comments)

---

*From [Chop Wood, Carry Water](https://chopwoodcarrywaterdailyactions.substack.com/) via [this RSS feed](https://chopwoodcarrywaterdailyactions.substack.com/feed)*"
youtube:UgyruAYl3R3rYVqRe8R4AaABAg,youtube,Iye sama waktu booming ternak lele dulu. Hasil panennya bagus tapi yang beli susah,Iye sama waktu booming ternak lele dulu. Hasil panennya bagus tapi yang beli susah
youtube:UgzrFul0ey6VhXLlJZV4AaABAg,youtube,Absolutely gorgeous  🤩🤩🤩,Absolutely gorgeous 🤩🤩🤩
youtube:Ugzh_01Jf3V6SB8Lrgd4AaABAg,youtube,Someday i have like this.farming best business,Someday i have like this.farming best business
mastodon:https://mstdn.social/users/cfollicularis/statuses/115657015725709366,mastodon,"<p>Myrmephytum selebicum, one of many Rubiaceous (belonging to the coffee/madder family) ant-hosting plants, produces icy blue flowers that develop into orange berries. The seeds are easy to germinate on long-fiber sphagnum, and ants are not necessary for successful growth.</p><p><a href=""https://mstdn.social/tags/IndoorGardening"" class=""mention hashtag"" rel=""nofollow noopener"" target=""_blank"">#<span>IndoorGardening</span></a> <a href=""https://mstdn.social/tags/AntPlant"" class=""mention hashtag"" rel=""nofollow noopener"" target=""_blank"">#<span>AntPlant</span></a></p>","Myrmephytum selebicum, one of many Rubiaceous (belonging to the coffee/madder family) ant-hosting plants, produces icy blue flowers that develop into orange berries. The seeds are easy to germinate on long-fiber sphagnum, and ants are not necessary for successful growth.
#IndoorGardening #AntPlant"
youtube:Ugy5zqkz4NpH9WlgZfx4AaABAg.A0auYvVpWcUA0auaVRGuey,youtube,Salam. Semoga sukses dan bermanfaat,Salam. Semoga sukses dan bermanfaat
gardenweb:gw_a7318781,gardenweb,"<p>Once more homie you show how little you actually do hydroponiclly. Even the newest members know that you can sterlize Perlite in the oven for 90 minutes at 350 degrees and it cleaned. AND the amount you use is another show that you aren't really doing anything hydroponiclly. Damg homie I buy a bag of Perlite for $4.00 it makes 24-32oz inserts.<br />And why are you afraid of pathogens their nesscary to the life cycle. If you look at that picture of the China Doll you see pathogens at work in concert with good microbes just as Nature planned it. That's why there no nutrient build up in the Pods. They balance each other out. Oh wait is that another page from the Book of George.</p>
","Once more homie you show how little you actually do hydroponiclly. Even the newest members know that you can sterlize Perlite in the oven for 90 minutes at 350 degrees and it cleaned. AND the amount you use is another show that you aren't really doing anything hydroponiclly. Damg homie I buy a bag of Perlite for $4.00 it makes 24-32oz inserts.
And why are you afraid of pathogens their nesscary to the life cycle. If you look at that picture of the China Doll you see pathogens at work in concert with good microbes just as Nature planned it. That's why there no nutrient build up in the Pods. They balance each other out. Oh wait is that another page from the Book of George."
youtube:Ugwvuxe6WMFiCZ4VoEh4AaABAg.8zaJh9__4QG8zdpuvy41uP,youtube,Silahkan  subscribe channel jirifarm dan tengok video2 kami yang lainnya.,Silahkan subscribe channel jirifarm dan tengok video2 kami yang lainnya.
youtube:UgxWfYu7a0bwOdfp3sd4AaABAg,youtube,"Amazing, thank you","Amazing, thank you"
youtube:UgzXXAeSE9FYhl4ukUl4AaABAg.9RSmhjPXjnq9SDcnewmC2o,youtube,Beda,Beda
lemmy:https://zerobytes.monster/post/12949326,lemmy,"First home network - help needed

##### The original post: [/r/homenetworking](https://redir.zerobytes.monster/url/https://old.reddit.com/r/HomeNetworking/comments/1rw9vaz/first_home_network_help_needed/) by [/u/Lireale](https://redir.zerobytes.monster/url/https://old.reddit.com/u/Lireale) on 2026-03-17 15:33:13+00:00.
***
Hi everyone

I am in process of construction of my first home about 140 square meters. In next weeks all cable-related works will be taking place 

As I was working slowly with construction I realized that number of Ethernet cables and different devices has grown beyond what I was expecting. As result it’s a bit over my head to figure out what should I buy to build this network.

To give you an idea of scope that this network will be supporting:

- 2 floors

- smart floor heating system (one Ethernet device per floor)

- 3 bedrooms

- one home office / gaming room

- living room

- smart light system indoors

- 3 outdoor cameras

- intercom system for gate access

- automatic gate for car

Obviously I need WiFi in both floors and garden area (roughly 700 square meters area including house footprint)

Initially I thought I will make it happen without rack, but I think this requires one to manage all these cables and devices. 

Question is what should I buy that would make it easy to manage for someone without IT degree. 

I live in Europe and internet connection will be fiber 5Gb/s. Provider gives me some kind of modem that will have Ethernet cables output. 

I will appreciate any advice how to tackle it as I have rather limited time to make decisions and purchase all gear.","First home network - help needed

##### The original post: [/r/homenetworking](https://redir.zerobytes.monster/url/https://old.reddit.com/r/HomeNetworking/comments/1rw9vaz/first_home_network_help_needed/) by [/u/Lireale](https://redir.zerobytes.monster/url/https://old.reddit.com/u/Lireale) on 2026-03-17 15:33:13+00:00.
***
Hi everyone

I am in process of construction of my first home about 140 square meters. In next weeks all cable-related works will be taking place 

As I was working slowly with construction I realized that number of Ethernet cables and different devices has grown beyond what I was expecting. As result it’s a bit over my head to figure out what should I buy to build this network.

To give you an idea of scope that this network will be supporting:

- 2 floors

- smart floor heating system (one Ethernet device per floor)

- 3 bedrooms

- one home office / gaming room

- living room

- smart light system indoors

- 3 outdoor cameras

- intercom system for gate access

- automatic gate for car

Obviously I need WiFi in both floors and garden area (roughly 700 square meters area including house footprint)

Initially I thought I will make it happen without rack, but I think this requires one to manage all these cables and devices. 

Question is what should I buy that would make it easy to manage for someone without IT degree. 

I live in Europe and internet connection will be fiber 5Gb/s. Provider gives me some kind of modem that will have Ethernet cables output. 

I will appreciate any advice how to tackle it as I have rather limited time to make decisions and purchase all gear."
youtube:UgwRdFfiHxZZDvIFLLN4AaABAg,youtube,This was great! I do have questions. Is your end product considered natural & organic? If not what would be needed to make that conversion? Is this only for leaf produce?,This was great! I do have questions. Is your end product considered natural & organic? If not what would be needed to make that conversion? Is this only for leaf produce?
youtube:Ugx78wkjnS5pFXAB_854AaABAg.AKOmI2iEaFaAKSt53SCkzI,youtube,Terima kasih bosque 🙏🙏 🙏,Terima kasih bosque 🙏🙏 🙏
reddit:t3_1u63388,reddit,"Marketplace find

I’ve been looking at getting an AeroGarden for a while to help keep me busy at home during the winter this year. 

Scored two bounty elites for $120 this weekend. Came with lots of cool nutrition supplements as well :) can’t wait to grow with them!","Marketplace find

I’ve been looking at getting an AeroGarden for a while to help keep me busy at home during the winter this year. 

Scored two bounty elites for $120 this weekend. Came with lots of cool nutrition supplements as well :) can’t wait to grow with them!"
youtube:UgyH4KZAkuxQwShScQB4AaABAg,youtube,Di daerah mana ini bang,Di daerah mana ini bang
youtube:UgxbBYcmsePkCo5MekV4AaABAg.98hWCeyXmbj98iV8Pno5--,youtube,@adeirwan3907 coba dibaca dibuku petunjuk mas,@adeirwan3907 coba dibaca dibuku petunjuk mas
lemmy:https://ibbit.at/post/110930,lemmy,"Bluewashed: How the Beauty Industry Sold an Ocean-Friendly Illusion

![](https://www.counterpunch.org/wp-content/uploads/2025/11/IMG_9531-scaled.jpeg)![](https://www.counterpunch.org/wp-content/uploads/2025/11/IMG_9531-680x510.jpeg)

The Sturgeon Moon at Tillamook Head, north Oregon Coast. Photo: Jeffrey St. Clair.

The personal care industry has mastered the art of marketing eco-consciousness— evolving beyond familiar labels like “green,” “clean,” and “natural”—into a new wave of sea-inspired branding that claims to champion ocean conservation.

Terms such as “reef-safe” and “ocean-friendly” evoke images of crystalline waters and thriving coral reefs, yet behind the glossy marketing lies a regulatory murk. With no federal standards or clear definitions, consumers are left to navigate a tide of misleading labels.

As [“ocean-safe” products](https://u36605228.ct.sendgrid.net/ls/click?upn=u001.irwnA1ZB8N-2BHNL3jUmYY-2BP4VNoGBpGIzJC5e7sBkB2wVfmdoiT2MIKj7ZiA8cogmgPjDAnRxvNNcuSu-2BNRecdcB2EJXe75PpOE3Uu7KvSBdYmBSafcr0XOv93HoRJWFERWC6_pb-2B40bGv8VszgSLSxZSae2hniLAOGi35ajohLqdIu8wIVCP-2FjsifAGPrnz8TzLY-2BGbl8srAF-2F6m1qdrbXJXPpRMzCCYcvK62Q-2B0OipV2Y8GJ5lS-2BnGna5mIdCR-2Faie2FHwL5QQ4WnwhdFoXxOdgINQhrArdIZiWh2gIzj15Teyb-2FZ-2BI8MFfVKosDGIpgXPNvgns0n1V-2Bn8C2oHN78-2FIhuA1-2FHZnxZ7xVPbHrOFcwkhDu5JaPazNfl8g65bm-2B4D98kHKwpRza1KOnppU0ooO9-2Fi2qMSru276FLqfrbZ7-2BVcENbvA-2F3n-2FUZ3k5dwSFWhy2sRpbZ4NHmXHh4BzjqWDCUOwxQ1-2FeVspnbuy68zVZidGGBGMum8dX3ae6LQ35bbOmcCran0BuhFG8CY5BPycvH7kSi9NLPeoltNZIwRf9vGatXhqT2fcy4P6WHD433JNvwbxHGtkZzSAwQAHlycZxet-2Br0sCcBL3NqLln8bWJyPdz9XVaDRIb9Q-2FPk5uZvXGmjFE9CCxTeBHqNYtPg6FYhR4OaKU5lS3-2FSw-2BPpSSWCQNO91lJgTY0LD-2FPygQ3-2BOVYltFiH8VWXY1USOckRL4WX0YfrTqUqkVH5wMWR63XKkRHGMrd0rgT1Tw1fXQUCwZh-2Blrdq7-2FGNq-2BPWwOFVTtrnFMeu0ygjXqmGdqHgBrGWeb1T77AxD3rPtYg07E9r9XOIZ77cY7ByYXGV4B-2F7JDx69n-2Bun6R2lhZKcLzvaLaIQyiBc8xA7EwTHZOi9vuh5sQHP34QxvuIa75hhn7RjF9p3zZ7p4DoTTieetjwl2cYIyrY0OkVO4RuGAtfsslu5h2) flood the market—wrapped in teal hues and marine motifs—the illusion of ecological responsibility is gaining momentum, but it’s worth asking whether these gestures represent genuine sustainability or merely performative eco-branding.

Lorraine Dallmeier, CEO of [Formula Botanica](https://u36605228.ct.sendgrid.net/ls/click?upn=u001.irwnA1ZB8N-2BHNL3jUmYY-2BElyyVt-2Bi9K3fz54wTMPuG8t31arA56oIdw2pWQiNfDV1r6J_pb-2B40bGv8VszgSLSxZSae2hniLAOGi35ajohLqdIu8wIVCP-2FjsifAGPrnz8TzLY-2BGbl8srAF-2F6m1qdrbXJXPpRMzCCYcvK62Q-2B0OipV2Y8GJ5lS-2BnGna5mIdCR-2Faie2FHwL5QQ4WnwhdFoXxOdgINQhrArdIZiWh2gIzj15Teyb-2FZ-2BI8MFfVKosDGIpgXPNvgns0n1V-2Bn8C2oHN78-2FIhuA1-2FHZnxZ7xVPbHrOFcwkhDu5JaPazNfl8g65bm-2B4D98kHKwpRza1KOnppU0ooO9-2Fi2qMSru276FLqfrbZ7-2BVcENbvA-2F3n-2FUZ3k5dwSFWhy2sRpbZ4NHmXHh4BzjqWDCUOwxQ1-2FeVspnbuy68zVZidGGBGMum8dX3ae6LQ35bbOmcCran0BuhFG8CY5BPycvH7kSi9NLPeoltNZIwRf9vGatXhqT2fcy4P6WHD433JNvwbxHGtkZzSAwQAHlycZxet-2Br0sCcBL3NqLln8bWJyPdz9XVaDRIb9Q-2FPk5uZvXGmjFE9CCxTeBHqNYtPg6FYhR4OaKU5lS3-2FSw-2BPpSSWCQNO91lJgTY0LD-2FPygQ3-2BOVYltFiH8VWXY1USOckRL4WX0YfrTqUqkVH5wMWR63XKkTf98ciEvoddC1A8Qx99qDrzMqxQn-2Fv5phCG3uWWH-2BafxjIv2Hw-2B8LH-2FaUFkLnafnpo0K67lV7J7d9F-2BvJX27Szkt-2ByEvYXjZEhXUDBVuw-2FrrUb2oZuqkNzMO2rOyG4NdPuBqPzR91WE73QzoSEkMyrHeaqSJD-2FLpQVDSewD6RQRhs2B2f-2BATK3w118ibx-2F0ceew-2BaH0jWPK40-2B8SbCyG0m), warns that when sustainability becomes a marketing function, images can eclipse impact. “[M]arketing tells stories, it connects us with people, it builds communities, it grows businesses,” she says during the episode, “[When Sustainability Reports to Marketing—Beauty’s Uncomfortable Truth](https://u36605228.ct.sendgrid.net/ls/click?upn=u001.irwnA1ZB8N-2BHNL3jUmYY-2BElyyVt-2Bi9K3fz54wTMPuG-2BKkr07SpOJ0nx-2FiTQXP6c8ePkNA3ehgsUf0RdvJ3z01MDzjd-2FK-2FnEFNWzQyTDPsOI-3DQCYj_pb-2B40bGv8VszgSLSxZSae2hniLAOGi35ajohLqdIu8wIVCP-2FjsifAGPrnz8TzLY-2BGbl8srAF-2F6m1qdrbXJXPpRMzCCYcvK62Q-2B0OipV2Y8GJ5lS-2BnGna5mIdCR-2Faie2FHwL5QQ4WnwhdFoXxOdgINQhrArdIZiWh2gIzj15Teyb-2FZ-2BI8MFfVKosDGIpgXPNvgns0n1V-2Bn8C2oHN78-2FIhuA1-2FHZnxZ7xVPbHrOFcwkhDu5JaPazNfl8g65bm-2B4D98kHKwpRza1KOnppU0ooO9-2Fi2qMSru276FLqfrbZ7-2BVcENbvA-2F3n-2FUZ3k5dwSFWhy2sRpbZ4NHmXHh4BzjqWDCUOwxQ1-2FeVspnbuy68zVZidGGBGMum8dX3ae6LQ35bbOmcCran0BuhFG8CY5BPycvH7kSi9NLPeoltNZIwRf9vGatXhqT2fcy4P6WHD433JNvwbxHGtkZzSAwQAHlycZxet-2Br0sCcBL3NqLln8bWJyPdz9XVaDRIb9Q-2FPk5uZvXGmjFE9CCxTeBHqNYtPg6FYhR4OaKU5lS3-2FSw-2BPpSSWCQNO91lJgTY0LD-2FPygQ3-2BOVYltFiH8VWXY1USOckRL4WX0YfrTqUqkVH5wMWR63XKkQbh6IBP660-2FU5K8ISi7aJZHmQZZ5KrLI0ITKtCJtWmkTOM0G1mku9XkfgXxB0iH2qveo5XDw921MEDhxbf0dUUgs20MZzRsZU9v4ncHMy04pwoNoUmqcV4p7n-2BUUKmR7-2FFpMWPZ4oL0KvVjIdvfzpG3swD6sScSzJsb-2BaCqfFzK2bWpHJrkyzOtQ3eypRAno1BPH-2FT-2FuLtylERzh7kQW81),” on her Green Beauty Conversations podcast. “But when sustainability reports to marketing, we start prioritizing optics over action.”

**The Critical Role of Coral Reefs in Supporting Biodiversity**

Coral reefs are among the most biologically diverse ecosystems on Earth—hosting more than 25 percent of all marine species despite occupying less than 1 percent of the ocean floor, according to the [Coral Reef Alliance](https://u36605228.ct.sendgrid.net/ls/click?upn=u001.irwnA1ZB8N-2BHNL3jUmYY-2BCyTJqU3-2F7vPlpcRIunGCpOqd0Kr4t7dcH40aPqGLd-2FI-2FjhtmCDcm1eqYMpMh8dHtCr1nQDYSghTtxTpt-2FReDvjYHYwkv8BDkzqaPxhe3KdG6IWB_pb-2B40bGv8VszgSLSxZSae2hniLAOGi35ajohLqdIu8wIVCP-2FjsifAGPrnz8TzLY-2BGbl8srAF-2F6m1qdrbXJXPpRMzCCYcvK62Q-2B0OipV2Y8GJ5lS-2BnGna5mIdCR-2Faie2FHwL5QQ4WnwhdFoXxOdgINQhrArdIZiWh2gIzj15Teyb-2FZ-2BI8MFfVKosDGIpgXPNvgns0n1V-2Bn8C2oHN78-2FIhuA1-2FHZnxZ7xVPbHrOFcwkhDu5JaPazNfl8g65bm-2B4D98kHKwpRza1KOnppU0ooO9-2Fi2qMSru276FLqfrbZ7-2BVcENbvA-2F3n-2FUZ3k5dwSFWhy2sRpbZ4NHmXHh4BzjqWDCUOwxQ1-2FeVspnbuy68zVZidGGBGMum8dX3ae6LQ35bbOmcCran0BuhFG8CY5BPycvH7kSi9NLPeoltNZIwRf9vGatXhqT2fcy4P6WHD433JNvwbxHGtkZzSAwQAHlycZxet-2Br0sCcBL3NqLln8bWJyPdz9XVaDRIb9Q-2FPk5uZvXGmjFE9CCxTeBHqNYtPg6FYhR4OaKU5lS3-2FSw-2BPpSSWCQNO91lJgTY0LD-2FPygQ3-2BOVYltFiH8VWXY1USOckRL4WX0YfrTqUqkVH5wMWR63XKkS-2B-2Bj0AFHp7bOLx8Cgx430Hh9u7I5AzFeaLDz9-2BQfIB3ZVmFkSaZcZKa8-2FrhY3IJ4SQ5qdEsurz8Lx5NKmBhMtAZEMorPgXip0Oe48sbL9ZeCOntCvChoCXXMzDp0pa9a1846jyCji9H8CYwg7CaJllurED1WUrmk8dHsuNxIMu7HSx-2BaMbZ7-2FksfLGIcp8b1OYccy5kuXuFY2XVmikg51h).

The [Environmental Protection Agency](https://u36605228.ct.sendgrid.net/ls/click?upn=u001.irwnA1ZB8N-2BHNL3jUmYY-2BJSKUvfy4S4zHgwc9zUMlVhMsjAnBanOOLtmckic2NDqxI2aWzQcf0F-2FsZBJZqjlEwufbonEcMdgxuRGna-2Bnwpk-3DwdY6_pb-2B40bGv8VszgSLSxZSae2hniLAOGi35ajohLqdIu8wIVCP-2FjsifAGPrnz8TzLY-2BGbl8srAF-2F6m1qdrbXJXPpRMzCCYcvK62Q-2B0OipV2Y8GJ5lS-2BnGna5mIdCR-2Faie2FHwL5QQ4WnwhdFoXxOdgINQhrArdIZiWh2gIzj15Teyb-2FZ-2BI8MFfVKosDGIpgXPNvgns0n1V-2Bn8C2oHN78-2FIhuA1-2FHZnxZ7xVPbHrOFcwkhDu5JaPazNfl8g65bm-2B4D98kHKwpRza1KOnppU0ooO9-2Fi2qMSru276FLqfrbZ7-2BVcENbvA-2F3n-2FUZ3k5dwSFWhy2sRpbZ4NHmXHh4BzjqWDCUOwxQ1-2FeVspnbuy68zVZidGGBGMum8dX3ae6LQ35bbOmcCran0BuhFG8CY5BPycvH7kSi9NLPeoltNZIwRf9vGatXhqT2fcy4P6WHD433JNvwbxHGtkZzSAwQAHlycZxet-2Br0sCcBL3NqLln8bWJyPdz9XVaDRIb9Q-2FPk5uZvXGmjFE9CCxTeBHqNYtPg6FYhR4OaKU5lS3-2FSw-2BPpSSWCQNO91lJgTY0LD-2FPygQ3-2BOVYltFiH8VWXY1USOckRL4WX0YfrTqUqkVH5wMWR63XKkQDyYhT8C6FIrry7x-2F7gHmtBJY21Ovt5Ss5zE1X-2BLxpvmf04dSdO6C9cgjrsMPG8gd3OIpbGMxME-2BTq9cROhtUPanQc100b4IYnJL1eVgpqMYsLF-2FS9SmlOMrmN-2B090f00dq9MTPqDKM5sd0AHT8zM1NZzgRkSEcWtJ-2F3Ncxwilz5rZkdn6eR0oitUj2jMNUlPD8ZufUe9npqAQhjKpqbI5) (EPA) categorizes coral reefs as essential habitats, acting as nurseries and spawning grounds for countless fish species, crustaceans, mollusks, and marine food webs. According to the [MIT Science Policy Review](https://u36605228.ct.sendgrid.net/ls/click?upn=u001.irwnA1ZB8N-2BHNL3jUmYY-2BGYBAUDzyZZ9rvX3KlGrRzF9LJWlqhW3v8wLTZpowRB92DeXQiC6CeGvM8RaYOx8aY0173frLoC8d5NK0zM0eaKdxvQI88asX6EwYZLeqj99UytUgLYDvVckpzxSresb0T509CnoicBzFAOrfca0vjoHUUnu0hwQetsB2ER-2FxTIBiXXonHGBa13VgHzhsMouWOWHbGtwc2GpMeat7Tyb5hk-3D8xq4_pb-2B40bGv8VszgSLSxZSae2hniLAOGi35ajohLqdIu8wIVCP-2FjsifAGPrnz8TzLY-2BGbl8srAF-2F6m1qdrbXJXPpRMzCCYcvK62Q-2B0OipV2Y8GJ5lS-2BnGna5mIdCR-2Faie2FHwL5QQ4WnwhdFoXxOdgINQhrArdIZiWh2gIzj15Teyb-2FZ-2BI8MFfVKosDGIpgXPNvgns0n1V-2Bn8C2oHN78-2FIhuA1-2FHZnxZ7xVPbHrOFcwkhDu5JaPazNfl8g65bm-2B4D98kHKwpRza1KOnppU0ooO9-2Fi2qMSru276FLqfrbZ7-2BVcENbvA-2F3n-2FUZ3k5dwSFWhy2sRpbZ4NHmXHh4BzjqWDCUOwxQ1-2FeVspnbuy68zVZidGGBGMum8dX3ae6LQ35bbOmcCran0BuhFG8CY5BPycvH7kSi9NLPeoltNZIwRf9vGatXhqT2fcy4P6WHD433JNvwbxHGtkZzSAwQAHlycZxet-2Br0sCcBL3NqLln8bWJyPdz9XVaDRIb9Q-2FPk5uZvXGmjFE9CCxTeBHqNYtPg6FYhR4OaKU5lS3-2FSw-2BPpSSWCQNO91lJgTY0LD-2FPygQ3-2BOVYltFiH8VWXY1USOckRL4WX0YfrTqUqkVH5wMWR63XKkRTfFlJBjTPSQTfSiq-2FVH6md6OCtXjvjHhglGTE-2BbXbOFqkIY9rl0VXu-2BiX4BmEzNx8qZHMJCboVQFap4Ub1h4IKch27mn-2F-2FjXCYFksEcOINHfLHtqlydk8NBTCNZCiwElkQKo7HwSRQkDegcqdbHjcoBQFC3aU-2FhiunbBPxkslyeMfhTuBdAZh5QHdSb-2FVgT1qzTNsOGCbzPzqKQsoCD1a), coral reefs deliver substantial economic and cultural benefits—through fisheries, tourism, recreation, and even pharmaceutical discoveries—worth trillions of dollars globally.

The initial swell in ocean-centric marketing followed Hawaii’s [2018 ban](https://u36605228.ct.sendgrid.net/ls/click?upn=u001.irwnA1ZB8N-2BHNL3jUmYY-2BLQiEM0pE5o-2B5IPeJSvx6-2F-2BIfbLmJ78wC7mPyaMpiJLCgX77Lr4v8D7fBUJtTIMK1NxFvd62v9-2FzXf73FVUJ0Sc-3Dz1Su_pb-2B40bGv8VszgSLSxZSae2hniLAOGi35ajohLqdIu8wIVCP-2FjsifAGPrnz8TzLY-2BGbl8srAF-2F6m1qdrbXJXPpRMzCCYcvK62Q-2B0OipV2Y8GJ5lS-2BnGna5mIdCR-2Faie2FHwL5QQ4WnwhdFoXxOdgINQhrArdIZiWh2gIzj15Teyb-2FZ-2BI8MFfVKosDGIpgXPNvgns0n1V-2Bn8C2oHN78-2FIhuA1-2FHZnxZ7xVPbHrOFcwkhDu5JaPazNfl8g65bm-2B4D98kHKwpRza1KOnppU0ooO9-2Fi2qMSru276FLqfrbZ7-2BVcENbvA-2F3n-2FUZ3k5dwSFWhy2sRpbZ4NHmXHh4BzjqWDCUOwxQ1-2FeVspnbuy68zVZidGGBGMum8dX3ae6LQ35bbOmcCran0BuhFG8CY5BPycvH7kSi9NLPeoltNZIwRf9vGatXhqT2fcy4P6WHD433JNvwbxHGtkZzSAwQAHlycZxet-2Br0sCcBL3NqLln8bWJyPdz9XVaDRIb9Q-2FPk5uZvXGmjFE9CCxTeBHqNYtPg6FYhR4OaKU5lS3-2FSw-2BPpSSWCQNO91lJgTY0LD-2FPygQ3-2BOVYltFiH8VWXY1USOckRL4WX0YfrTqUqkVH5wMWR63XKkQ6BqIoHJWtYcwoivG77NbPilMjRPmTZ5bQzuYyqPHVdm3PEOUHwyMOcCQ3fJfDqZllHQi89zMhw9lU6QU-2BMz4pSuiwEHxr1yPyzV4AxueTB51RN-2FCQhEzwlF0eNGLLO6awrbFHut4dMsWsD7-2BLmA3h-2F5XUUgTqCaMW9u-2FGsWCkkOxL-2BHMTXyXVBa4HlRfu-2BcKLS-2FARXwNfBSLzqSpYkQuS) on sunscreens containing [oxybenzone](https://u36605228.ct.sendgrid.net/ls/click?upn=u001.irwnA1ZB8N-2BHNL3jUmYY-2BNvxfvnHcyP9IA4e-2FpCFLW59IpEb4ts4FR8W9RtW6Nb5DTNsTtAq96-2B9tdYe6elDTQ-3D-3DALzI_pb-2B40bGv8VszgSLSxZSae2hniLAOGi35ajohLqdIu8wIVCP-2FjsifAGPrnz8TzLY-2BGbl8srAF-2F6m1qdrbXJXPpRMzCCYcvK62Q-2B0OipV2Y8GJ5lS-2BnGna5mIdCR-2Faie2FHwL5QQ4WnwhdFoXxOdgINQhrArdIZiWh2gIzj15Teyb-2FZ-2BI8MFfVKosDGIpgXPNvgns0n1V-2Bn8C2oHN78-2FIhuA1-2FHZnxZ7xVPbHrOFcwkhDu5JaPazNfl8g65bm-2B4D98kHKwpRza1KOnppU0ooO9-2Fi2qMSru276FLqfrbZ7-2BVcENbvA-2F3n-2FUZ3k5dwSFWhy2sRpbZ4NHmXHh4BzjqWDCUOwxQ1-2FeVspnbuy68zVZidGGBGMum8dX3ae6LQ35bbOmcCran0BuhFG8CY5BPycvH7kSi9NLPeoltNZIwRf9vGatXhqT2fcy4P6WHD433JNvwbxHGtkZzSAwQAHlycZxet-2Br0sCcBL3NqLln8bWJyPdz9XVaDRIb9Q-2FPk5uZvXGmjFE9CCxTeBHqNYtPg6FYhR4OaKU5lS3-2FSw-2BPpSSWCQNO91lJgTY0LD-2FPygQ3-2BOVYltFiH8VWXY1USOckRL4WX0YfrTqUqkVH5wMWR63XKkRyiEtwvucyMZWnGzlMRwKlPxVEzOUEYlKRS0b9iPeiD7lBWUhpsCBzMic3Y5DGMSEzdrjrHpAdZLtr-2FHY-2Fbn6g-2F2xzNXLSVbejmUrp9jiJ5o-2BK0qPqKR7F52ACeALe0lnTecIRSyPZ43ry144lPhqtwLeFR7jdVeKd8n4YiYjlROVlUQz4CSi-2BBOPui9DStyp3VBz1J-2FgjzCwLtVBu-2Fh9-2F) and [octinoxate](https://u36605228.ct.sendgrid.net/ls/click?upn=u001.irwnA1ZB8N-2BHNL3jUmYY-2BNvxfvnHcyP9IA4e-2FpCFLW5s97ys5vs7heJWTkEuG6WiKQXqcrnQWKny9urr3SN04g-3D-3DczSM_pb-2B40bGv8VszgSLSxZSae2hniLAOGi35ajohLqdIu8wIVCP-2FjsifAGPrnz8TzLY-2BGbl8srAF-2F6m1qdrbXJXPpRMzCCYcvK62Q-2B0OipV2Y8GJ5lS-2BnGna5mIdCR-2Faie2FHwL5QQ4WnwhdFoXxOdgINQhrArdIZiWh2gIzj15Teyb-2FZ-2BI8MFfVKosDGIpgXPNvgns0n1V-2Bn8C2oHN78-2FIhuA1-2FHZnxZ7xVPbHrOFcwkhDu5JaPazNfl8g65bm-2B4D98kHKwpRza1KOnppU0ooO9-2Fi2qMSru276FLqfrbZ7-2BVcENbvA-2F3n-2FUZ3k5dwSFWhy2sRpbZ4NHmXHh4BzjqWDCUOwxQ1-2FeVspnbuy68zVZidGGBGMum8dX3ae6LQ35bbOmcCran0BuhFG8CY5BPycvH7kSi9NLPeoltNZIwRf9vGatXhqT2fcy4P6WHD433JNvwbxHGtkZzSAwQAHlycZxet-2Br0sCcBL3NqLln8bWJyPdz9XVaDRIb9Q-2FPk5uZvXGmjFE9CCxTeBHqNYtPg6FYhR4OaKU5lS3-2FSw-2BPpSSWCQNO91lJgTY0LD-2FPygQ3-2BOVYltFiH8VWXY1USOckRL4WX0YfrTqUqkVH5wMWR63XKkS-2BgT3l-2FqSY6HUoHlH-2Bq5K6wySflQmsrbb6Qx5KN-2B9CAjfwhUCngqy8fF9pfDuWilYCEE4Y8l4r5IZC5ZtxPDKiu5-2Fca68E-2F-2F4tvKJVztU8tUuLIp3plbR4SnLy42irkp6mHh4vr2TDzL2Kc8MqUbg-2B5Dsa6iaSECrng6SInd0QdPx8KRdE0iJ1t3iT4b4V-2BYct1HWJd-2FCVbXUDcuuQlC1J)—chemicals that filter ultraviolet (UV) radiation, which are harmful to ocean ecosystems.

The bill was [informed](https://u36605228.ct.sendgrid.net/ls/click?upn=u001.irwnA1ZB8N-2BHNL3jUmYY-2BKb7N5T8SGDhJkbUGpfEjufnjVE5cdIovPuqiu1CgaME1c4mTyLu9vrPiOv3-2FA0dsxCyNCU5KU7zDY0UCDGVP7SZ83Iwa4oyXDO9YOEv9rfcb8Hp76-2F4F692r8Innk2zTwb9BCaipQHHsVon3pIEA-2BibeGBe77qHsWbRM3dZaaBg_azN_pb-2B40bGv8VszgSLSxZSae2hniLAOGi35ajohLqdIu8wIVCP-2FjsifAGPrnz8TzLY-2BGbl8srAF-2F6m1qdrbXJXPpRMzCCYcvK62Q-2B0OipV2Y8GJ5lS-2BnGna5mIdCR-2Faie2FHwL5QQ4WnwhdFoXxOdgINQhrArdIZiWh2gIzj15Teyb-2FZ-2BI8MFfVKosDGIpgXPNvgns0n1V-2Bn8C2oHN78-2FIhuA1-2FHZnxZ7xVPbHrOFcwkhDu5JaPazNfl8g65bm-2B4D98kHKwpRza1KOnppU0ooO9-2Fi2qMSru276FLqfrbZ7-2BVcENbvA-2F3n-2FUZ3k5dwSFWhy2sRpbZ4NHmXHh4BzjqWDCUOwxQ1-2FeVspnbuy68zVZidGGBGMum8dX3ae6LQ35bbOmcCran0BuhFG8CY5BPycvH7kSi9NLPeoltNZIwRf9vGatXhqT2fcy4P6WHD433JNvwbxHGtkZzSAwQAHlycZxet-2Br0sCcBL3NqLln8bWJyPdz9XVaDRIb9Q-2FPk5uZvXGmjFE9CCxTeBHqNYtPg6FYhR4OaKU5lS3-2FSw-2BPpSSWCQNO91lJgTY0LD-2FPygQ3-2BOVYltFiH8VWXY1USOckRL4WX0YfrTqUqkVH5wMWR63XKkQQtW4St0sq7Ob7wogIHXTliu2mhtdpAmxMUkx7-2BqWsW5cLTMOmXMcpjX97Jq2PLzDTe-2FRfQttniXjJeLpxzGozxCRVOieELj6-2FKACyxdZED3WCD3tuGA41dWrwGHUSijv8cg3TrsmYRQRCRGx9x9WlSGHf4bkeSUSwuffgFmwAKlc8-2Ff3V73NDD3dItNWLcJ6SwSE5iei4zsTgXJ3EnHsp) by a [2015](https://u36605228.ct.sendgrid.net/ls/click?upn=u001.irwnA1ZB8N-2BHNL3jUmYY-2BESpJ0iZAPMCfF4sYQ9QHS2mw5-2B9t4dDOO38BVd5OWYj648Ag7noX3uJ54r8vFqivrO49NrOzOD3o1BnkjqgANw-3DaYYF_pb-2B40bGv8VszgSLSxZSae2hniLAOGi35ajohLqdIu8wIVCP-2FjsifAGPrnz8TzLY-2BGbl8srAF-2F6m1qdrbXJXPpRMzCCYcvK62Q-2B0OipV2Y8GJ5lS-2BnGna5mIdCR-2Faie2FHwL5QQ4WnwhdFoXxOdgINQhrArdIZiWh2gIzj15Teyb-2FZ-2BI8MFfVKosDGIpgXPNvgns0n1V-2Bn8C2oHN78-2FIhuA1-2FHZnxZ7xVPbHrOFcwkhDu5JaPazNfl8g65bm-2B4D98kHKwpRza1KOnppU0ooO9-2Fi2qMSru276FLqfrbZ7-2BVcENbvA-2F3n-2FUZ3k5dwSFWhy2sRpbZ4NHmXHh4BzjqWDCUOwxQ1-2FeVspnbuy68zVZidGGBGMum8dX3ae6LQ35bbOmcCran0BuhFG8CY5BPycvH7kSi9NLPeoltNZIwRf9vGatXhqT2fcy4P6WHD433JNvwbxHGtkZzSAwQAHlycZxet-2Br0sCcBL3NqLln8bWJyPdz9XVaDRIb9Q-2FPk5uZvXGmjFE9CCxTeBHqNYtPg6FYhR4OaKU5lS3-2FSw-2BPpSSWCQNO91lJgTY0LD-2FPygQ3-2BOVYltFiH8VWXY1USOckRL4WX0YfrTqUqkVH5wMWR63XKkSHUDVLpX0iPiZR5tzVC-2FY-2BjK6heM-2BYPUVN8XjxrI2BWXDUZ4xD7-2BrR-2BD218Nq0nBAdl1o0a4gE5jZlEwTsIef3fPm88MIuR4OVjUMecg2B6GzpxUn591tz10YE-2BVeWdlWp80w5X3hBNhOyVQIXNBhlnLN7UU9l3IHiYKt8Hp7ZeVGkIHzRu5GkIwEZt4H8nn6JbTaY4lyS7k9d8tmOJROS) [study](https://u36605228.ct.sendgrid.net/ls/click?upn=u001.irwnA1ZB8N-2BHNL3jUmYY-2BESpJ0iZAPMCfF4sYQ9QHS2mw5-2B9t4dDOO38BVd5OWYj648Ag7noX3uJ54r8vFqivrO49NrOzOD3o1BnkjqgANw-3DUlqT_pb-2B40bGv8VszgSLSxZSae2hniLAOGi35ajohLqdIu8wIVCP-2FjsifAGPrnz8TzLY-2BGbl8srAF-2F6m1qdrbXJXPpRMzCCYcvK62Q-2B0OipV2Y8GJ5lS-2BnGna5mIdCR-2Faie2FHwL5QQ4WnwhdFoXxOdgINQhrArdIZiWh2gIzj15Teyb-2FZ-2BI8MFfVKosDGIpgXPNvgns0n1V-2Bn8C2oHN78-2FIhuA1-2FHZnxZ7xVPbHrOFcwkhDu5JaPazNfl8g65bm-2B4D98kHKwpRza1KOnppU0ooO9-2Fi2qMSru276FLqfrbZ7-2BVcENbvA-2F3n-2FUZ3k5dwSFWhy2sRpbZ4NHmXHh4BzjqWDCUOwxQ1-2FeVspnbuy68zVZidGGBGMum8dX3ae6LQ35bbOmcCran0BuhFG8CY5BPycvH7kSi9NLPeoltNZIwRf9vGatXhqT2fcy4P6WHD433JNvwbxHGtkZzSAwQAHlycZxet-2Br0sCcBL3NqLln8bWJyPdz9XVaDRIb9Q-2FPk5uZvXGmjFE9CCxTeBHqNYtPg6FYhR4OaKU5lS3-2FSw-2BPpSSWCQNO91lJgTY0LD-2FPygQ3-2BOVYltFiH8VWXY1USOckRL4WX0YfrTqUqkVH5wMWR63XKkTrfGUIMmGz-2F6Ow6z35Rcnsbuj3H22rUSDFVNW1btXmtCpZNGmZpOL-2FhOgMJy3Ezr3keOxelc2-2Bo5xKsUCb3OpRBQkLVDMP-2FGiLYvKHkOr-2FWZ-2BMrU5kEe8QM6JZS0beQsJqNUpdztkWgwFSnhDPF5rjm3flUJgus4R5lokikoh4xc4Z3o3Xbl-2BG-2BmDQJq1rXck-2BgNdiW4H7-2BvCctfCpPEz4) published in the Archives of Environmental Contamination and Toxicology, which examined how chemical sunscreens can damage coral larvae and cells, causing [coral bleaching](https://u36605228.ct.sendgrid.net/ls/click?upn=u001.irwnA1ZB8N-2BHNL3jUmYY-2BIrXhTYLCQYZQNsvrwpLORjzqyBSxblaicFsZsBbFnU2-2BouTUBaXKzw5yX8gkw0aRQ-3D-3DNkPg_pb-2B40bGv8VszgSLSxZSae2hniLAOGi35ajohLqdIu8wIVCP-2FjsifAGPrnz8TzLY-2BGbl8srAF-2F6m1qdrbXJXPpRMzCCYcvK62Q-2B0OipV2Y8GJ5lS-2BnGna5mIdCR-2Faie2FHwL5QQ4WnwhdFoXxOdgINQhrArdIZiWh2gIzj15Teyb-2FZ-2BI8MFfVKosDGIpgXPNvgns0n1V-2Bn8C2oHN78-2FIhuA1-2FHZnxZ7xVPbHrOFcwkhDu5JaPazNfl8g65bm-2B4D98kHKwpRza1KOnppU0ooO9-2Fi2qMSru276FLqfrbZ7-2BVcENbvA-2F3n-2FUZ3k5dwSFWhy2sRpbZ4NHmXHh4BzjqWDCUOwxQ1-2FeVspnbuy68zVZidGGBGMum8dX3ae6LQ35bbOmcCran0BuhFG8CY5BPycvH7kSi9NLPeoltNZIwRf9vGatXhqT2fcy4P6WHD433JNvwbxHGtkZzSAwQAHlycZxet-2Br0sCcBL3NqLln8bWJyPdz9XVaDRIb9Q-2FPk5uZvXGmjFE9CCxTeBHqNYtPg6FYhR4OaKU5lS3-2FSw-2BPpSSWCQNO91lJgTY0LD-2FPygQ3-2BOVYltFiH8VWXY1USOckRL4WX0YfrTqUqkVH5wMWR63XKkSD12SBZZOy4lMa-2F0Avr7VTrR0rEcplQo6CN7THz7SpUx-2F-2FAU8R7yg3ddfThJXYCk-2Bdc79DYB1WPzCCyRl7R5N8OjypeefG3o-2BqmoHyxXkiiDTYBGE6KMAEK-2B7nluu21BH4x7Uf2fNNHLClJ9O7a63FbwbhrHirkPxeil-2Bq9lA4Uh2P6TOnR9R4N1EYVPmcSr-2Fb7I89ptb14vSZybjU8HcS), making them vulnerable to infection, and preventing them from getting the nutrients needed for survival. The study found that “the chemicals cause bleaching, deformities, DNA damage, and ultimately death in coral when they’re washed off beachgoers or discharged into wastewater treatment plants and deposited into bodies of water,” [states](https://u36605228.ct.sendgrid.net/ls/click?upn=u001.irwnA1ZB8N-2BHNL3jUmYY-2BLQiEM0pE5o-2B5IPeJSvx6-2F-2BIfbLmJ78wC7mPyaMpiJLCgX77Lr4v8D7fBUJtTIMK1NxFvd62v9-2FzXf73FVUJ0Sc-3D6AWq_pb-2B40bGv8VszgSLSxZSae2hniLAOGi35ajohLqdIu8wIVCP-2FjsifAGPrnz8TzLY-2BGbl8srAF-2F6m1qdrbXJXPpRMzCCYcvK62Q-2B0OipV2Y8GJ5lS-2BnGna5mIdCR-2Faie2FHwL5QQ4WnwhdFoXxOdgINQhrArdIZiWh2gIzj15Teyb-2FZ-2BI8MFfVKosDGIpgXPNvgns0n1V-2Bn8C2oHN78-2FIhuA1-2FHZnxZ7xVPbHrOFcwkhDu5JaPazNfl8g65bm-2B4D98kHKwpRza1KOnppU0ooO9-2Fi2qMSru276FLqfrbZ7-2BVcENbvA-2F3n-2FUZ3k5dwSFWhy2sRpbZ4NHmXHh4BzjqWDCUOwxQ1-2FeVspnbuy68zVZidGGBGMum8dX3ae6LQ35bbOmcCran0BuhFG8CY5BPycvH7kSi9NLPeoltNZIwRf9vGatXhqT2fcy4P6WHD433JNvwbxHGtkZzSAwQAHlycZxet-2Br0sCcBL3NqLln8bWJyPdz9XVaDRIb9Q-2FPk5uZvXGmjFE9CCxTeBHqNYtPg6FYhR4OaKU5lS3-2FSw-2BPpSSWCQNO91lJgTY0LD-2FPygQ3-2BOVYltFiH8VWXY1USOckRL4WX0YfrTqUqkVH5wMWR63XKkQaZmJDtJD-2F-2FOYBygWuNG9ycVqOJJfeq1XREa0P5JR-2BbR1O8jiAUUpoFRZijlBQhM7cLo7QzTm2OjNb64yGid9RmUZRbnCUwxWBi8WHEmVkjMNOZDs4092dlTrMC3FQFYReNNS74wWtkoT61htN1DISiXM37Jb9rFoHGf63fHCrTC0r5sP7fuBabEJpcU9jWXie8glc3F2PV2wUWljs8Yii) a CNN article.

The Hawaii legislation represented a watershed moment in environmental regulation, drawing global attention to the hidden ecological costs of UV chemical filters and inspiring other nations, [such as](https://u36605228.ct.sendgrid.net/ls/click?upn=u001.irwnA1ZB8N-2BHNL3jUmYY-2BEHA-2FWaO7-2BGA-2ByVPeaywKNL9bfYkEimpPq3GqaJqtPdVktKlzGB6g1Bx-2FrB3xu2rH8tIrTTe-2FF8LRQG-2F950Ew0trntP-2BAfV7i-2B3BR7leAN8fx7XPG2Jl-2BiZ6yu2IcDKCOFuPtHpTs2oiwEhxw5DEkggX8Q8Rmwwr8UV4l7S2f3RN53xok5sCOKNGimxbLH83lQ-3D-3DIP8Y_pb-2B40bGv8VszgSLSxZSae2hniLAOGi35ajohLqdIu8wIVCP-2FjsifAGPrnz8TzLY-2BGbl8srAF-2F6m1qdrbXJXPpRMzCCYcvK62Q-2B0OipV2Y8GJ5lS-2BnGna5mIdCR-2Faie2FHwL5QQ4WnwhdFoXxOdgINQhrArdIZiWh2gIzj15Teyb-2FZ-2BI8MFfVKosDGIpgXPNvgns0n1V-2Bn8C2oHN78-2FIhuA1-2FHZnxZ7xVPbHrOFcwkhDu5JaPazNfl8g65bm-2B4D98kHKwpRza1KOnppU0ooO9-2Fi2qMSru276FLqfrbZ7-2BVcENbvA-2F3n-2FUZ3k5dwSFWhy2sRpbZ4NHmXHh4BzjqWDCUOwxQ1-2FeVspnbuy68zVZidGGBGMum8dX3ae6LQ35bbOmcCran0BuhFG8CY5BPycvH7kSi9NLPeoltNZIwRf9vGatXhqT2fcy4P6WHD433JNvwbxHGtkZzSAwQAHlycZxet-2Br0sCcBL3NqLln8bWJyPdz9XVaDRIb9Q-2FPk5uZvXGmjFE9CCxTeBHqNYtPg6FYhR4OaKU5lS3-2FSw-2BPpSSWCQNO91lJgTY0LD-2FPygQ3-2BOVYltFiH8VWXY1USOckRL4WX0YfrTqUqkVH5wMWR63XKkSMZv26qCu62Qceu-2Bk06CWguxPFc6Ty1j5Q8ud-2B3BjPC97fyzk3h9rvM5sp4eQdKFZK8ME960ryMixonnceTdVBJ7YOGNjCmuoU2F31IwXU-2B4kHPC9uC5vbDoldV0lBbAw8h733xN15Zmj1J69ceqzpDGvnJ1d6qnSj00nkAPH3gRyLVzY3lzHGlM-2BpPW3A-2BBN-2Fl-2BgA-2BVyXs9RS-2Fj3W80r-2F) the U.S. Virgin Islands, Palau, Aruba, and [Thailand](https://u36605228.ct.sendgrid.net/ls/click?upn=u001.irwnA1ZB8N-2BHNL3jUmYY-2BOeeV54tu9X8J5XjoOi2vytB-2FxA-2BgVXvXh-2FYog7A2yAspF44mW5h98f3IoaeR6ruPC5AmhwrV6Xv7dyybbDW7LE-3DZruv_pb-2B40bGv8VszgSLSxZSae2hniLAOGi35ajohLqdIu8wIVCP-2FjsifAGPrnz8TzLY-2BGbl8srAF-2F6m1qdrbXJXPpRMzCCYcvK62Q-2B0OipV2Y8GJ5lS-2BnGna5mIdCR-2Faie2FHwL5QQ4WnwhdFoXxOdgINQhrArdIZiWh2gIzj15Teyb-2FZ-2BI8MFfVKosDGIpgXPNvgns0n1V-2Bn8C2oHN78-2FIhuA1-2FHZnxZ7xVPbHrOFcwkhDu5JaPazNfl8g65bm-2B4D98kHKwpRza1KOnppU0ooO9-2Fi2qMSru276FLqfrbZ7-2BVcENbvA-2F3n-2FUZ3k5dwSFWhy2sRpbZ4NHmXHh4BzjqWDCUOwxQ1-2FeVspnbuy68zVZidGGBGMum8dX3ae6LQ35bbOmcCran0BuhFG8CY5BPycvH7kSi9NLPeoltNZIwRf9vGatXhqT2fcy4P6WHD433JNvwbxHGtkZzSAwQAHlycZxet-2Br0sCcBL3NqLln8bWJyPdz9XVaDRIb9Q-2FPk5uZvXGmjFE9CCxTeBHqNYtPg6FYhR4OaKU5lS3-2FSw-2BPpSSWCQNO91lJgTY0LD-2FPygQ3-2BOVYltFiH8VWXY1USOckRL4WX0YfrTqUqkVH5wMWR63XKkSWu1kwtRmJOs-2FHaIARQf5TFVPcDCBYP3zHsewNCcJxcpag-2F-2BZImLvRG00OGkHbTO6OSq75LWGjTDFu6XyswJIk-2BXGCz5e5OA-2BnCE4-2Fp0cweacmZ5PmBtKtU1dFMY5BAsl4K79-2FdiZgfJfc-2BPtZZ7UHi-2BtX9r3KpyZFZn0MJfMOwyhGOzlfkYUI8LC3ZgQqDYqILRE-2F9z-2F7OnQW7loVTs1m), to adopt similar restrictions to protect ocean life.

While the chemical impact of sunscreens on marine environments is [well-documented](https://u36605228.ct.sendgrid.net/ls/click?upn=u001.irwnA1ZB8N-2BHNL3jUmYY-2BA3jN6PDPe8G3zUypPF1SFz8G3n-2FJAteh2rYphdnwdNkT5OyqTQbdTFhvRTNRdGlaKvtE5WSf8D70hS6naR5ufLtFXGY8iiYPURUGnyEoUZ83qvojY2KCmhA5ThA0ahqxrWs9EapjJ30WMYCXGrmRMuSCCsFCuDdeBswdeiJ-2FrsBvrRn_pb-2B40bGv8VszgSLSxZSae2hniLAOGi35ajohLqdIu8wIVCP-2FjsifAGPrnz8TzLY-2BGbl8srAF-2F6m1qdrbXJXPpRMzCCYcvK62Q-2B0OipV2Y8GJ5lS-2BnGna5mIdCR-2Faie2FHwL5QQ4WnwhdFoXxOdgINQhrArdIZiWh2gIzj15Teyb-2FZ-2BI8MFfVKosDGIpgXPNvgns0n1V-2Bn8C2oHN78-2FIhuA1-2FHZnxZ7xVPbHrOFcwkhDu5JaPazNfl8g65bm-2B4D98kHKwpRza1KOnppU0ooO9-2Fi2qMSru276FLqfrbZ7-2BVcENbvA-2F3n-2FUZ3k5dwSFWhy2sRpbZ4NHmXHh4BzjqWDCUOwxQ1-2FeVspnbuy68zVZidGGBGMum8dX3ae6LQ35bbOmcCran0BuhFG8CY5BPycvH7kSi9NLPeoltNZIwRf9vGatXhqT2fcy4P6WHD433JNvwbxHGtkZzSAwQAHlycZxet-2Br0sCcBL3NqLln8bWJyPdz9XVaDRIb9Q-2FPk5uZvXGmjFE9CCxTeBHqNYtPg6FYhR4OaKU5lS3-2FSw-2BPpSSWCQNO91lJgTY0LD-2FPygQ3-2BOVYltFiH8VWXY1USOckRL4WX0YfrTqUqkVH5wMWR63XKkSIlQzzt8laftdMP8iPTACW6PzG6WrUt1oF9FkXEKc4hrtqZCnjlNNiaDXzERX6u3aETdDdIHdRAX07xrgHuQ7U11kRJB8xy5QaGtOaq81TfAoYSirKQUNdZYZFxjlvkHjOY8zrR16XkHbgdElkoU5XlWxBMJXFZweukEIfRAYyfpMvZ4EQHOFzyAjDiGu8gr0Y2NQWeeN6fUisNcrmMqu2), critics argue that the personal care product (PCP) industry doesn’t always honor the principles of the [2018 legislation passed by Hawaii](https://u36605228.ct.sendgrid.net/ls/click?upn=u001.irwnA1ZB8N-2BHNL3jUmYY-2BHbuqNyhZe2eYE3hKI7QxNS6KHfMej3hlY7RgvJrKbUQFRArem4oB1i0FqmMJ81BqdjlFp7pkrzG61pW55w-2BRs6yC7kKncO7tlksuEpKBI9ETHi2_pb-2B40bGv8VszgSLSxZSae2hniLAOGi35ajohLqdIu8wIVCP-2FjsifAGPrnz8TzLY-2BGbl8srAF-2F6m1qdrbXJXPpRMzCCYcvK62Q-2B0OipV2Y8GJ5lS-2BnGna5mIdCR-2Faie2FHwL5QQ4WnwhdFoXxOdgINQhrArdIZiWh2gIzj15Teyb-2FZ-2BI8MFfVKosDGIpgXPNvgns0n1V-2Bn8C2oHN78-2FIhuA1-2FHZnxZ7xVPbHrOFcwkhDu5JaPazNfl8g65bm-2B4D98kHKwpRza1KOnppU0ooO9-2Fi2qMSru276FLqfrbZ7-2BVcENbvA-2F3n-2FUZ3k5dwSFWhy2sRpbZ4NHmXHh4BzjqWDCUOwxQ1-2FeVspnbuy68zVZidGGBGMum8dX3ae6LQ35bbOmcCran0BuhFG8CY5BPycvH7kSi9NLPeoltNZIwRf9vGatXhqT2fcy4P6WHD433JNvwbxHGtkZzSAwQAHlycZxet-2Br0sCcBL3NqLln8bWJyPdz9XVaDRIb9Q-2FPk5uZvXGmjFE9CCxTeBHqNYtPg6FYhR4OaKU5lS3-2FSw-2BPpSSWCQNO91lJgTY0LD-2FPygQ3-2BOVYltFiH8VWXY1USOckRL4WX0YfrTqUqkVH5wMWR63XKkSMrMPDu-2FLx6w1WvjdpiFICEHgvLFtnyL7vd9eAsYgjOiP6kFWFWSHJd8xGUHEq8yNBL2vSZU2EcyupULQ6PRWeUMMTHMQ6vBtFQpSpNw4N0yGaQod8SVmxHVSbCOTIyTmFxf9OcppIzDzQLCXfjeZvYTDOX4nGk4Lb1JgqEgLi3kHkTzIs0h8eRcjKyPJgvMSplZd6qxoMD3XDbmBYeAJB).

**How the Chemicals in Sunscreen Are Harming Ocean Life**

According to a 2023 [National Geographic](https://u36605228.ct.sendgrid.net/ls/click?upn=u001.irwnA1ZB8N-2BHNL3jUmYY-2BNCTZ6V0-2BJCLzizyLuDr-2B9LNy6-2Be0Y7KW4nfMXHFnc5ND-2Fi4q79GUbLezWXqKyJh3pwlSyk0D-2FbCCJteQGYC3c0E0y5V0r3lZ8N7-2FEuYWMPe6GgDYR-2B4NdIuaBDobdOAW1s1It2WXl1wVGWaSptQvxo-3Dgyhz_pb-2B40bGv8VszgSLSxZSae2hniLAOGi35ajohLqdIu8wIVCP-2FjsifAGPrnz8TzLY-2BGbl8srAF-2F6m1qdrbXJXPpRMzCCYcvK62Q-2B0OipV2Y8GJ5lS-2BnGna5mIdCR-2Faie2FHwL5QQ4WnwhdFoXxOdgINQhrArdIZiWh2gIzj15Teyb-2FZ-2BI8MFfVKosDGIpgXPNvgns0n1V-2Bn8C2oHN78-2FIhuA1-2FHZnxZ7xVPbHrOFcwkhDu5JaPazNfl8g65bm-2B4D98kHKwpRza1KOnppU0ooO9-2Fi2qMSru276FLqfrbZ7-2BVcENbvA-2F3n-2FUZ3k5dwSFWhy2sRpbZ4NHmXHh4BzjqWDCUOwxQ1-2FeVspnbuy68zVZidGGBGMum8dX3ae6LQ35bbOmcCran0BuhFG8CY5BPycvH7kSi9NLPeoltNZIwRf9vGatXhqT2fcy4P6WHD433JNvwbxHGtkZzSAwQAHlycZxet-2Br0sCcBL3NqLln8bWJyPdz9XVaDRIb9Q-2FPk5uZvXGmjFE9CCxTeBHqNYtPg6FYhR4OaKU5lS3-2FSw-2BPpSSWCQNO91lJgTY0LD-2FPygQ3-2BOVYltFiH8VWXY1USOckRL4WX0YfrTqUqkVH5wMWR63XKkQqQKtDyUqpCO5bwaTtgTUCvOrwmZsA1UqSjZoPriKDtv8uEhfno3U87ow-2Boti6Jr65aNoRGjBsydz-2FmhOY64-2FVWAo1dwtYCyamgfCZqakBDJuNrUMez6IhPjOluRDFwPzdUETzaG3lzMAWCe6-2FEXvqqU53lNkvEbLt63tLQKFpaMP63sFOR6VzLmJ67-2F7mpMd0w9GEFwndolB0iPZJaQIJ) article, “14,000 tons of sunscreen are thought to wash into the oceans each year,” and 82,000 chemicals from PCPs are found in the seas.

In a 2022 [study](https://u36605228.ct.sendgrid.net/ls/click?upn=u001.irwnA1ZB8N-2BHNL3jUmYY-2BPYVzBolZqoH9pbj18uU7gtZhIPQwa202HoIS2i6MpSdZPddS9rGD7Kv7MVtU1kp7T1lLrAnTAUMZF46vdKqthCfeZtSZK-2F4Gn7zljQWD32TyYDwz9E7DOXMr4M2IJTBDAYJh4SohRFG80JE9h7akow-3DzOSK_pb-2B40bGv8VszgSLSxZSae2hniLAOGi35ajohLqdIu8wIVCP-2FjsifAGPrnz8TzLY-2BGbl8srAF-2F6m1qdrbXJXPpRMzCCYcvK62Q-2B0OipV2Y8GJ5lS-2BnGna5mIdCR-2Faie2FHwL5QQ4WnwhdFoXxOdgINQhrArdIZiWh2gIzj15Teyb-2FZ-2BI8MFfVKosDGIpgXPNvgns0n1V-2Bn8C2oHN78-2FIhuA1-2FHZnxZ7xVPbHrOFcwkhDu5JaPazNfl8g65bm-2B4D98kHKwpRza1KOnppU0ooO9-2Fi2qMSru276FLqfrbZ7-2BVcENbvA-2F3n-2FUZ3k5dwSFWhy2sRpbZ4NHmXHh4BzjqWDCUOwxQ1-2FeVspnbuy68zVZidGGBGMum8dX3ae6LQ35bbOmcCran0BuhFG8CY5BPycvH7kSi9NLPeoltNZIwRf9vGatXhqT2fcy4P6WHD433JNvwbxHGtkZzSAwQAHlycZxet-2Br0sCcBL3NqLln8bWJyPdz9XVaDRIb9Q-2FPk5uZvXGmjFE9CCxTeBHqNYtPg6FYhR4OaKU5lS3-2FSw-2BPpSSWCQNO91lJgTY0LD-2FPygQ3-2BOVYltFiH8VWXY1USOckRL4WX0YfrTqUqkVH5wMWR63XKkR3DWStqTQ-2FNTz-2BVx1uf2T64pK5cjn77bLw2BlUjlifU-2F-2FSjkNgo0VOSY7xxyTi9URcy80yq9FId-2FmPT7SwX7CZmbTRmIvwZI-2B5oSfI8Gsm4VpgCaJoqF3VL4LVZ8iiULEPZLfSU5ovpNuJYEAj-2F-2BXXKJFuP-2FPCA3lhp9X8iolL6OVolCG1VH5cJ6keYYEo7Fbu7jR6mU2tGQ-2F-2F2PuVN3SO), scientists from Stanford University revealed that animals process oxybenzone and UV radiation differently than humans; their metabolic systems alter the molecule in ways that make it reactive under sunlight, producing harmful reactive oxygen species that damage cells.

“The way sunscreens work is they chemically occlude the sun,” said oceanographer and educator [David Hastings](https://u36605228.ct.sendgrid.net/ls/click?upn=u001.irwnA1ZB8N-2BHNL3jUmYY-2BEs9rWttVey5EbjXnC9DFdE3B1EShIprAu8YoWAlyLnnxJvJTNT3o52XlP3s5OeMxQ-3D-3DcyeG_pb-2B40bGv8VszgSLSxZSae2hniLAOGi35ajohLqdIu8wIVCP-2FjsifAGPrnz8TzLY-2BGbl8srAF-2F6m1qdrbXJXPpRMzCCYcvK62Q-2B0OipV2Y8GJ5lS-2BnGna5mIdCR-2Faie2FHwL5QQ4WnwhdFoXxOdgINQhrArdIZiWh2gIzj15Teyb-2FZ-2BI8MFfVKosDGIpgXPNvgns0n1V-2Bn8C2oHN78-2FIhuA1-2FHZnxZ7xVPbHrOFcwkhDu5JaPazNfl8g65bm-2B4D98kHKwpRza1KOnppU0ooO9-2Fi2qMSru276FLqfrbZ7-2BVcENbvA-2F3n-2FUZ3k5dwSFWhy2sRpbZ4NHmXHh4BzjqWDCUOwxQ1-2FeVspnbuy68zVZidGGBGMum8dX3ae6LQ35bbOmcCran0BuhFG8CY5BPycvH7kSi9NLPeoltNZIwRf9vGatXhqT2fcy4P6WHD433JNvwbxHGtkZzSAwQAHlycZxet-2Br0sCcBL3NqLln8bWJyPdz9XVaDRIb9Q-2FPk5uZvXGmjFE9CCxTeBHqNYtPg6FYhR4OaKU5lS3-2FSw-2BPpSSWCQNO91lJgTY0LD-2FPygQ3-2BOVYltFiH8VWXY1USOckRL4WX0YfrTqUqkVH5wMWR63XKkRPw7WVvN7xA-2FeslKyr4iWwmx8fdoNOTPM-2Ba1LihJ1s0fF5kjy84yYoDSw9doDgG8hPHynqyHFxgMbUxNKrCP-2F4VLc4KwsRPQJLijG359Y3gMAwGBSyo6u0ydVKuh8yn-2F6TpLYJYMljt0naX-2Fr1cZ4MRpMBroB1n8iZuvFGvwcnWNEpoPi5QbMcnJ4BYMZy9sQLXt-2BbP-2BlQzgPO6R0lRttd) in an interview for this article. “And if you’re a coral trying to make a living by photosynthesizing, your symbiotic algae are sitting there, dying for the light.”

Even mineral sunscreens marketed as “reef-safe” can pose risks to ocean ecosystems under certain conditions. While they avoid chemical UV filters, many products contain zinc oxide or titanium dioxide, which are manufactured as nanoparticles. Due to their small size, these nanoparticles can bypass water treatment systems and bioaccumulate in marine organisms, [according](https://u36605228.ct.sendgrid.net/ls/click?upn=u001.irwnA1ZB8N-2BHNL3jUmYY-2BPlKSySdpjp1E3wiUlwR00sdP3xB-2FinEIfdGpSa7rGi-2B6v14pMiFM4aP0tDyk2FM9g-3D-3DlFbe_pb-2B40bGv8VszgSLSxZSae2hniLAOGi35ajohLqdIu8wIVCP-2FjsifAGPrnz8TzLY-2BGbl8srAF-2F6m1qdrbXJXPpRMzCCYcvK62Q-2B0OipV2Y8GJ5lS-2BnGna5mIdCR-2Faie2FHwL5QQ4WnwhdFoXxOdgINQhrArdIZiWh2gIzj15Teyb-2FZ-2BI8MFfVKosDGIpgXPNvgns0n1V-2Bn8C2oHN78-2FIhuA1-2FHZnxZ7xVPbHrOFcwkhDu5JaPazNfl8g65bm-2B4D98kHKwpRza1KOnppU0ooO9-2Fi2qMSru276FLqfrbZ7-2BVcENbvA-2F3n-2FUZ3k5dwSFWhy2sRpbZ4NHmXHh4BzjqWDCUOwxQ1-2FeVspnbuy68zVZidGGBGMum8dX3ae6LQ35bbOmcCran0BuhFG8CY5BPycvH7kSi9NLPeoltNZIwRf9vGatXhqT2fcy4P6WHD433JNvwbxHGtkZzSAwQAHlycZxet-2Br0sCcBL3NqLln8bWJyPdz9XVaDRIb9Q-2FPk5uZvXGmjFE9CCxTeBHqNYtPg6FYhR4OaKU5lS3-2FSw-2BPpSSWCQNO91lJgTY0LD-2FPygQ3-2BOVYltFiH8VWXY1USOckRL4WX0YfrTqUqkVH5wMWR63XKkTejbMNfVx4aqSnx8xsKrrW97UGVbsFXGXMCKjGxMlvZ90WCwQk0YgwOwylayPRXmXlbIrnsUrP640oRFBUuuaa0ojDvdp9bdDlfr2f1dFjamNtMk0yV3tIsaJqWtu4AHkWJ-2BmNhxo7SLVaR-2F2BMjZwusv1LlgTnObVsyaRwYLjZOKG4ARe6zjH8gY-2F4A-2Bn2BwQOjpeuQbl-2BtU81M6cdHW0) to a 2018 study published in Science of The Total Environment.

“Current research has only scratched the surface of understanding how these chemicals can affect marine life,” [notes](https://u36605228.ct.sendgrid.net/ls/click?upn=u001.irwnA1ZB8N-2BHNL3jUmYY-2BNJRNyS6QGBx5hCs4UZ6oIhkDfUursCnrVxCtnECbjCIfv2OCbEWz-2FqJY3-2BC3iKOGEhli4ZGhCBsn5swwNxkB5S3WOThhhHehCfqWPfHWradhdZ7aPTwTJh5o4tzUEq-2BKkPtimownX9VtAAmcWkNOlw-3Dz3fD_pb-2B40bGv8VszgSLSxZSae2hniLAOGi35ajohLqdIu8wIVCP-2FjsifAGPrnz8TzLY-2BGbl8srAF-2F6m1qdrbXJXPpRMzCCYcvK62Q-2B0OipV2Y8GJ5lS-2BnGna5mIdCR-2Faie2FHwL5QQ4WnwhdFoXxOdgINQhrArdIZiWh2gIzj15Teyb-2FZ-2BI8MFfVKosDGIpgXPNvgns0n1V-2Bn8C2oHN78-2FIhuA1-2FHZnxZ7xVPbHrOFcwkhDu5JaPazNfl8g65bm-2B4D98kHKwpRza1KOnppU0ooO9-2Fi2qMSru276FLqfrbZ7-2BVcENbvA-2F3n-2FUZ3k5dwSFWhy2sRpbZ4NHmXHh4BzjqWDCUOwxQ1-2FeVspnbuy68zVZidGGBGMum8dX3ae6LQ35bbOmcCran0BuhFG8CY5BPycvH7kSi9NLPeoltNZIwRf9vGatXhqT2fcy4P6WHD433JNvwbxHGtkZzSAwQAHlycZxet-2Br0sCcBL3NqLln8bWJyPdz9XVaDRIb9Q-2FPk5uZvXGmjFE9CCxTeBHqNYtPg6FYhR4OaKU5lS3-2FSw-2BPpSSWCQNO91lJgTY0LD-2FPygQ3-2BOVYltFiH8VWXY1USOckRL4WX0YfrTqUqkVH5wMWR63XKkTio2-2BmYiCQfPRbxsDzEd6uJQt4m96EnWgIqYeQxk9ohZEM-2B1Wn-2Bhic2AzbUlhJil22xiIf0AyN3HJ0UqMduGi8tw5z1z5mTA3ZgIE-2FHtiWWIZOJ2rJcVBJARP91pFoIqmj7fWBrx6kfnFv1vnHMF3o-2FCl3EY4f-2Fg2x9s7LnJsjZqZ2Cw2k8vCILuZFre4XRf3dimF-2BEKlUQYA4PCGGkXd1) lead author of a 2025 report, Anneliese Hodge, PhD researcher at Plymouth Marine Laboratory and the University of Plymouth. “What’s particularly concerning is that these compounds are considered ‘pseudo-persistent pollutants’ due to their continuous introduction into marine environments as well as an overall lack of understanding of how they then interact with others in the sea.”

PCPs expose aquatic environments to various chemicals, including [synthetic polymers](https://u36605228.ct.sendgrid.net/ls/click?upn=u001.irwnA1ZB8N-2BHNL3jUmYY-2BAi8VXAzkUiH6MY7wx0DNwFnOATfRsH4n0rpPbCI-2BHBJS-2FYFCuTSJk2Ae4bQ4v-2FR6HlSCrIEf7jEga7K01zCvVYNU30EPOiawmxzz2ETapiEnnYq_pb-2B40bGv8VszgSLSxZSae2hniLAOGi35ajohLqdIu8wIVCP-2FjsifAGPrnz8TzLY-2BGbl8srAF-2F6m1qdrbXJXPpRMzCCYcvK62Q-2B0OipV2Y8GJ5lS-2BnGna5mIdCR-2Faie2FHwL5QQ4WnwhdFoXxOdgINQhrArdIZiWh2gIzj15Teyb-2FZ-2BI8MFfVKosDGIpgXPNvgns0n1V-2Bn8C2oHN78-2FIhuA1-2FHZnxZ7xVPbHrOFcwkhDu5JaPazNfl8g65bm-2B4D98kHKwpRza1KOnppU0ooO9-2Fi2qMSru276FLqfrbZ7-2BVcENbvA-2F3n-2FUZ3k5dwSFWhy2sRpbZ4NHmXHh4BzjqWDCUOwxQ1-2FeVspnbuy68zVZidGGBGMum8dX3ae6LQ35bbOmcCran0BuhFG8CY5BPycvH7kSi9NLPeoltNZIwRf9vGatXhqT2fcy4P6WHD433JNvwbxHGtkZzSAwQAHlycZxet-2Br0sCcBL3NqLln8bWJyPdz9XVaDRIb9Q-2FPk5uZvXGmjFE9CCxTeBHqNYtPg6FYhR4OaKU5lS3-2FSw-2BPpSSWCQNO91lJgTY0LD-2FPygQ3-2BOVYltFiH8VWXY1USOckRL4WX0YfrTqUqkVH5wMWR63XKkS-2FwFYBBKYQj30scZrqnzIRdIOqDVI-2FDEwSq1JG0fVl-2B2gVJYvIz4ho2E6-2BpZ6WtI4ArCSY6bW65dQzmsCXNvW8YOlRtCk-2FhD91vFRDQUeYDmlAqgBG3JMWDORemGX37DqsDyV-2BDXUHvJW6duKRbytgHv7Me26RMioRLO24WECWh0oN3-2FqnImBd1FQS-2FwWDKO2yCOqGCoSbpIq7jnV4QjHx), [microplastics](https://u36605228.ct.sendgrid.net/ls/click?upn=u001.irwnA1ZB8N-2BHNL3jUmYY-2BI47KsQ3TqWzp-2Ba6KxR3q0ibikBuh9iSgcxniDd0k2ql90QY_pb-2B40bGv8VszgSLSxZSae2hniLAOGi35ajohLqdIu8wIVCP-2FjsifAGPrnz8TzLY-2BGbl8srAF-2F6m1qdrbXJXPpRMzCCYcvK62Q-2B0OipV2Y8GJ5lS-2BnGna5mIdCR-2Faie2FHwL5QQ4WnwhdFoXxOdgINQhrArdIZiWh2gIzj15Teyb-2FZ-2BI8MFfVKosDGIpgXPNvgns0n1V-2Bn8C2oHN78-2FIhuA1-2FHZnxZ7xVPbHrOFcwkhDu5JaPazNfl8g65bm-2B4D98kHKwpRza1KOnppU0ooO9-2Fi2qMSru276FLqfrbZ7-2BVcENbvA-2F3n-2FUZ3k5dwSFWhy2sRpbZ4NHmXHh4BzjqWDCUOwxQ1-2FeVspnbuy68zVZidGGBGMum8dX3ae6LQ35bbOmcCran0BuhFG8CY5BPycvH7kSi9NLPeoltNZIwRf9vGatXhqT2fcy4P6WHD433JNvwbxHGtkZzSAwQAHlycZxet-2Br0sCcBL3NqLln8bWJyPdz9XVaDRIb9Q-2FPk5uZvXGmjFE9CCxTeBHqNYtPg6FYhR4OaKU5lS3-2FSw-2BPpSSWCQNO91lJgTY0LD-2FPygQ3-2BOVYltFiH8VWXY1USOckRL4WX0YfrTqUqkVH5wMWR63XKkREYm2bJh1muYIcHKuu4qdvsw0vEwVOh3DdNiICU0c3dvkXVgm8xyTYim5g6WEdwU0D0BZHmag7QBIGbpW443OgWo0Jv9VbDslsE8X3IFG2XAmPip9AU6QbhPulYUZnij2JiipRmc48kDAkMugRQm51Ooxyb5f6t4dBS2vjazekXXyCsIeZm-2BYlcth5NPLyLCzVkhFwcyX-2FYiAG6parnESA), s[iloxanes](https://u36605228.ct.sendgrid.net/ls/click?upn=u001.irwnA1ZB8N-2BHNL3jUmYY-2BDFmygjQcCkLdoU8oqchBNtFwegZ1WriT2aBDj-2F-2FupxMhk4Dlnyh8Ex1eB3IGXzxEKao-2FH8IUi3afDt6332TF4nZMqTk8npAPg2g81gEneIJeVK9SF1LyRQcYb27i14Rng-3D-3DBpKn_pb-2B40bGv8VszgSLSxZSae2hniLAOGi35ajohLqdIu8wIVCP-2FjsifAGPrnz8TzLY-2BGbl8srAF-2F6m1qdrbXJXPpRMzCCYcvK62Q-2B0OipV2Y8GJ5lS-2BnGna5mIdCR-2Faie2FHwL5QQ4WnwhdFoXxOdgINQhrArdIZiWh2gIzj15Teyb-2FZ-2BI8MFfVKosDGIpgXPNvgns0n1V-2Bn8C2oHN78-2FIhuA1-2FHZnxZ7xVPbHrOFcwkhDu5JaPazNfl8g65bm-2B4D98kHKwpRza1KOnppU0ooO9-2Fi2qMSru276FLqfrbZ7-2BVcENbvA-2F3n-2FUZ3k5dwSFWhy2sRpbZ4NHmXHh4BzjqWDCUOwxQ1-2FeVspnbuy68zVZidGGBGMum8dX3ae6LQ35bbOmcCran0BuhFG8CY5BPycvH7kSi9NLPeoltNZIwRf9vGatXhqT2fcy4P6WHD433JNvwbxHGtkZzSAwQAHlycZxet-2Br0sCcBL3NqLln8bWJyPdz9XVaDRIb9Q-2FPk5uZvXGmjFE9CCxTeBHqNYtPg6FYhR4OaKU5lS3-2FSw-2BPpSSWCQNO91lJgTY0LD-2FPygQ3-2BOVYltFiH8VWXY1USOckRL4WX0YfrTqUqkVH5wMWR63XKkQ7942zPad4dhazjEFhXCV7gGcGgRQpYlY7VWf5mLsTi9G2hP1LABocFyRp46LQw7i0nSg2Ycx9B-2B6GoHd5nFz7VkvSimXXCfz2uxZq8NjNG06jYX3CPBMESZsLZ3vojbVyyxZ-2FWbXsJvEKULRCfciwPAGtvu6H0v3lLUz-2BERLcs5VzEd9ROoNReLQrCdNtZy9pO5iQTxO9OHKxj-2FfOKxlT), and [parabens](https://u36605228.ct.sendgrid.net/ls/click?upn=u001.irwnA1ZB8N-2BHNL3jUmYY-2BA3jN6PDPe8G3zUypPF1SFz-2F9fFxD5I2on9viora-2FvuLyZgZZSzwvbrxkUzXGgC5jQ-3D-3DgVc2_pb-2B40bGv8VszgSLSxZSae2hniLAOGi35ajohLqdIu8wIVCP-2FjsifAGPrnz8TzLY-2BGbl8srAF-2F6m1qdrbXJXPpRMzCCYcvK62Q-2B0OipV2Y8GJ5lS-2BnGna5mIdCR-2Faie2FHwL5QQ4WnwhdFoXxOdgINQhrArdIZiWh2gIzj15Teyb-2FZ-2BI8MFfVKosDGIpgXPNvgns0n1V-2Bn8C2oHN78-2FIhuA1-2FHZnxZ7xVPbHrOFcwkhDu5JaPazNfl8g65bm-2B4D98kHKwpRza1KOnppU0ooO9-2Fi2qMSru276FLqfrbZ7-2BVcENbvA-2F3n-2FUZ3k5dwSFWhy2sRpbZ4NHmXHh4BzjqWDCUOwxQ1-2FeVspnbuy68zVZidGGBGMum8dX3ae6LQ35bbOmcCran0BuhFG8CY5BPycvH7kSi9NLPeoltNZIwRf9vGatXhqT2fcy4P6WHD433JNvwbxHGtkZzSAwQAHlycZxet-2Br0sCcBL3NqLln8bWJyPdz9XVaDRIb9Q-2FPk5uZvXGmjFE9CCxTeBHqNYtPg6FYhR4OaKU5lS3-2FSw-2BPpSSWCQNO91lJgTY0LD-2FPygQ3-2BOVYltFiH8VWXY1USOckRL4WX0YfrTqUqkVH5wMWR63XKkTpZulUlCZyhpkw7zmINtIzrj8J7EA63vqplcOnQ7OzuVdljb2CRM4Is1qiRka-2FEEHkHDOWbd6Hl5EVd8YKjqCiDuChmGU7jmtODs9uVZThs0ic6zysf7-2Bsral5dMtotuXlGtH3Cep8MEibBWV2ENLrvFj0i2k0oMcOnQv5x8C7LtrGP3GSDp4ofd4nln3VlQj-2FjZBLNyeWczy74U-2Fs4zdc).

Notably, microplastics—or microbeads—in facial scrubs and body washes have become one of the most visible examples of hidden plastic pollution; marine organisms—from plankton to fish—ingest the tiny plastic particles, which leads to oxidative stress, endocrine disruption, reduced growth, and altered behavior, according to a 2022 [study](https://u36605228.ct.sendgrid.net/ls/click?upn=u001.irwnA1ZB8N-2BHNL3jUmYY-2BDFmygjQcCkLdoU8oqchBNsziD0kSHxoJ5hoO11ekCHMdMKHyNCvE8bI6P1kg01lXtNCFf0ujmXcxoL-2BOL9AAvHR-2BRi-2Fm9nQPsPpdJ8Ed4ZAVC4yY1Lgtq5LpLmKCazW8Q-3D-3Dn1Jr_pb-2B40bGv8VszgSLSxZSae2hniLAOGi35ajohLqdIu8wIVCP-2FjsifAGPrnz8TzLY-2BGbl8srAF-2F6m1qdrbXJXPpRMzCCYcvK62Q-2B0OipV2Y8GJ5lS-2BnGna5mIdCR-2Faie2FHwL5QQ4WnwhdFoXxOdgINQhrArdIZiWh2gIzj15Teyb-2FZ-2BI8MFfVKosDGIpgXPNvgns0n1V-2Bn8C2oHN78-2FIhuA1-2FHZnxZ7xVPbHrOFcwkhDu5JaPazNfl8g65bm-2B4D98kHKwpRza1KOnppU0ooO9-2Fi2qMSru276FLqfrbZ7-2BVcENbvA-2F3n-2FUZ3k5dwSFWhy2sRpbZ4NHmXHh4BzjqWDCUOwxQ1-2FeVspnbuy68zVZidGGBGMum8dX3ae6LQ35bbOmcCran0BuhFG8CY5BPycvH7kSi9NLPeoltNZIwRf9vGatXhqT2fcy4P6WHD433JNvwbxHGtkZzSAwQAHlycZxet-2Br0sCcBL3NqLln8bWJyPdz9XVaDRIb9Q-2FPk5uZvXGmjFE9CCxTeBHqNYtPg6FYhR4OaKU5lS3-2FSw-2BPpSSWCQNO91lJgTY0LD-2FPygQ3-2BOVYltFiH8VWXY1USOckRL4WX0YfrTqUqkVH5wMWR63XKkTT5h4XoIsKvcsqAjvMJRkcDEx-2FnURo-2BCbMRJqGv7e1vgaB8UMVpV2Pk-2FwUC2FvdIvmprxK5YwVwBf91PoTdBsMsEb0TuxfbcKg3vmZMCATVflif9W2DpqO5rJ7wcABGwx-2FRTVXBMpvR0p5z53gpC4rRJC3Wte9UrLfCSXdjIpGWqWanRpfeb6NdjNbndYjrhV4FPZAwOpWNO8ZxgkDmG2f) published in Frontiers in Environmental Science.

Scientists warn that claims about “biodegradable” or “organic” microbeads made from plant starches, cellulose, or bioplastics such as polylactic acid can be misleading. Once released into the environment, these materials behave much like conventional plastics: They do not dissolve or readily break down in water and instead accumulate in rivers and oceans, according to the [United Nations Environment Program](https://u36605228.ct.sendgrid.net/ls/click?upn=u001.irwnA1ZB8N-2BHNL3jUmYY-2BCcT0Wrzn-2B1RiEtw4nyW9qmayoqbMA1yj-2BoAsoCjXxCgHjfn5r0AcF1yOWFACbEIk-2BR1WofVueN-2FasqSVTnWR-2B2t7JLUnSWJ9UiIFAjHZ-2F39MyNVF8s49-2Bie4Oo2kw3ztq0kCdjW3DdCZZmHZR6HUqA-3D8q7D_pb-2B40bGv8VszgSLSxZSae2hniLAOGi35ajohLqdIu8wIVCP-2FjsifAGPrnz8TzLY-2BGbl8srAF-2F6m1qdrbXJXPpRMzCCYcvK62Q-2B0OipV2Y8GJ5lS-2BnGna5mIdCR-2Faie2FHwL5QQ4WnwhdFoXxOdgINQhrArdIZiWh2gIzj15Teyb-2FZ-2BI8MFfVKosDGIpgXPNvgns0n1V-2Bn8C2oHN78-2FIhuA1-2FHZnxZ7xVPbHrOFcwkhDu5JaPazNfl8g65bm-2B4D98kHKwpRza1KOnppU0ooO9-2Fi2qMSru276FLqfrbZ7-2BVcENbvA-2F3n-2FUZ3k5dwSFWhy2sRpbZ4NHmXHh4BzjqWDCUOwxQ1-2FeVspnbuy68zVZidGGBGMum8dX3ae6LQ35bbOmcCran0BuhFG8CY5BPycvH7kSi9NLPeoltNZIwRf9vGatXhqT2fcy4P6WHD433JNvwbxHGtkZzSAwQAHlycZxet-2Br0sCcBL3NqLln8bWJyPdz9XVaDRIb9Q-2FPk5uZvXGmjFE9CCxTeBHqNYtPg6FYhR4OaKU5lS3-2FSw-2BPpSSWCQNO91lJgTY0LD-2FPygQ3-2BOVYltFiH8VWXY1USOckRL4WX0YfrTqUqkVH5wMWR63XKkT7o-2BWDn9iq6zYxjK5g3xyp0px-2B6FDs9ED6X92dq2y2pjN4fFFY78in0eQFS1b2xbkSFzuR4wAZFFsi1riWh1BKsunKqisoAUTRMi4gtF2SChsZeQvgyexlI5-2BabHEugK0bEj-2BrP3Zgd-2F5-2FMsCDxeHe-2BgqJ8DxjANg51CPy4uKGHCkb27gPuBWmyd5HqIPW0euSFUklB0rZPUKMt-2B5obdC6).

**The Business of ‘Bluewashing’**

While sunscreens exposed the problem, chemical hazards extend across the spectrum of personal care products, and the industry’s growth only magnifies the stakes. Valued at $54.36 billion in 2024, the PCP market is projected to reach $90.40 billion by 2032, according to figures provided by [Fortune Business Insights](https://u36605228.ct.sendgrid.net/ls/click?upn=u001.irwnA1ZB8N-2BHNL3jUmYY-2BH8lQdCCNauOu804wGxFq5LMKvOGA7o-2FXa0342U13KeUs3dKF-2FNPqYmZV0kjU11FQo742FL1t0iDPXb9XDLuBNsde1Q2abXCyq3fBl2Kpy3LD60-2FHtQNvtn6dgfWxdiRTfQBfZ4XOgM3inKMdBBPe-2FU-3DEYSH_pb-2B40bGv8VszgSLSxZSae2hniLAOGi35ajohLqdIu8wIVCP-2FjsifAGPrnz8TzLY-2BGbl8srAF-2F6m1qdrbXJXPpRMzCCYcvK62Q-2B0OipV2Y8GJ5lS-2BnGna5mIdCR-2Faie2FHwL5QQ4WnwhdFoXxOdgINQhrArdIZiWh2gIzj15Teyb-2FZ-2BI8MFfVKosDGIpgXPNvgns0n1V-2Bn8C2oHN78-2FIhuA1-2FHZnxZ7xVPbHrOFcwkhDu5JaPazNfl8g65bm-2B4D98kHKwpRza1KOnppU0ooO9-2Fi2qMSru276FLqfrbZ7-2BVcENbvA-2F3n-2FUZ3k5dwSFWhy2sRpbZ4NHmXHh4BzjqWDCUOwxQ1-2FeVspnbuy68zVZidGGBGMum8dX3ae6LQ35bbOmcCran0BuhFG8CY5BPycvH7kSi9NLPeoltNZIwRf9vGatXhqT2fcy4P6WHD433JNvwbxHGtkZzSAwQAHlycZxet-2Br0sCcBL3NqLln8bWJyPdz9XVaDRIb9Q-2FPk5uZvXGmjFE9CCxTeBHqNYtPg6FYhR4OaKU5lS3-2FSw-2BPpSSWCQNO91lJgTY0LD-2FPygQ3-2BOVYltFiH8VWXY1USOckRL4WX0YfrTqUqkVH5wMWR63XKkTdXOSTyC4ME2R-2Bgf8Ol167oYl-2Bh94r9dh-2BUBmBqk9ou2dPl9Tjoq-2BXwNF4zeBP79zEomx6-2BDAF6NcR2mzdjtw-2F0maY2OPhD8JqfoUIEORhmEq4FknNq22bY6PRmNUWuRd2j8KSKpOzyKtPWRWBd6mNPYsa6NdGu8ATFT-2F1qf8Zuekob8GF2vZMDltu-2B28A-2Fxp-2Fvh1Cics8Tz6r9zCaGu4P) for 2025.

Although the overall personal care sector grew by a modest 2 percent in 2021, sales of “clean” beauty products jumped 8.1 percent, with items free of [parabens, sulfates, and phthalates](https://u36605228.ct.sendgrid.net/ls/click?upn=u001.irwnA1ZB8N-2BHNL3jUmYY-2BFWbBNGHgBuhJaqP5cEzYXPwZuCc1o7a-2BLtpgj-2B9Gy6MYSg88w3f78SAHbAowCwmaIX6nf7C1QCThNQ0-2Bb24c-2FfEyPDlVvvYwdUBWQf6uN9-2FwVom_pb-2B40bGv8VszgSLSxZSae2hniLAOGi35ajohLqdIu8wIVCP-2FjsifAGPrnz8TzLY-2BGbl8srAF-2F6m1qdrbXJXPpRMzCCYcvK62Q-2B0OipV2Y8GJ5lS-2BnGna5mIdCR-2Faie2FHwL5QQ4WnwhdFoXxOdgINQhrArdIZiWh2gIzj15Teyb-2FZ-2BI8MFfVKosDGIpgXPNvgns0n1V-2Bn8C2oHN78-2FIhuA1-2FHZnxZ7xVPbHrOFcwkhDu5JaPazNfl8g65bm-2B4D98kHKwpRza1KOnppU0ooO9-2Fi2qMSru276FLqfrbZ7-2BVcENbvA-2F3n-2FUZ3k5dwSFWhy2sRpbZ4NHmXHh4BzjqWDCUOwxQ1-2FeVspnbuy68zVZidGGBGMum8dX3ae6LQ35bbOmcCran0BuhFG8CY5BPycvH7kSi9NLPeoltNZIwRf9vGatXhqT2fcy4P6WHD433JNvwbxHGtkZzSAwQAHlycZxet-2Br0sCcBL3NqLln8bWJyPdz9XVaDRIb9Q-2FPk5uZvXGmjFE9CCxTeBHqNYtPg6FYhR4OaKU5lS3-2FSw-2BPpSSWCQNO91lJgTY0LD-2FPygQ3-2BOVYltFiH8VWXY1USOckRL4WX0YfrTqUqkVH5wMWR63XKkQWlzg2qr4vwmPvYlA6M-2BtjOiqdu6F7fnT9Rtsj2YkQaMTFckyMDXJ1ITQmXMl-2BkpXQaWPsuGJxUe5g8-2BPXXa-2FUcFxY3Q8gskZCmYY3PrDy6uxpipd73z670hPkyic8GSyXrZj1LgGZFN1A38WzAquD4IvAgtFqfnlr0TLwqNmP9Pda25SUV10pgWKR4jWvuKSQuVi6HtmScAdJS4dA1rkW) showing the most substantial gains at 13 percent, according to [data](https://u36605228.ct.sendgrid.net/ls/click?upn=u001.irwnA1ZB8N-2BHNL3jUmYY-2BEZ83imLaEzxFhn-2BIN5OHs3z9OYjhJ7tIDnbheY1Ukfo4VZnOGB-2F1-2FBJ08HEElr-2Fv57W9cK5i9NyfCSZzcZFJ3Wbg0YLzfy0n2fBLu2a-2Be4-2FVo7IGYOMwGCfiMtuVUnUWw-3D-3DtyQk_pb-2B40bGv8VszgSLSxZSae2hniLAOGi35ajohLqdIu8wIVCP-2FjsifAGPrnz8TzLY-2BGbl8srAF-2F6m1qdrbXJXPpRMzCCYcvK62Q-2B0OipV2Y8GJ5lS-2BnGna5mIdCR-2Faie2FHwL5QQ4WnwhdFoXxOdgINQhrArdIZiWh2gIzj15Teyb-2FZ-2BI8MFfVKosDGIpgXPNvgns0n1V-2Bn8C2oHN78-2FIhuA1-2FHZnxZ7xVPbHrOFcwkhDu5JaPazNfl8g65bm-2B4D98kHKwpRza1KOnppU0ooO9-2Fi2qMSru276FLqfrbZ7-2BVcENbvA-2F3n-2FUZ3k5dwSFWhy2sRpbZ4NHmXHh4BzjqWDCUOwxQ1-2FeVspnbuy68zVZidGGBGMum8dX3ae6LQ35bbOmcCran0BuhFG8CY5BPycvH7kSi9NLPeoltNZIwRf9vGatXhqT2fcy4P6WHD433JNvwbxHGtkZzSAwQAHlycZxet-2Br0sCcBL3NqLln8bWJyPdz9XVaDRIb9Q-2FPk5uZvXGmjFE9CCxTeBHqNYtPg6FYhR4OaKU5lS3-2FSw-2BPpSSWCQNO91lJgTY0LD-2FPygQ3-2BOVYltFiH8VWXY1USOckRL4WX0YfrTqUqkVH5wMWR63XKkS86wNLSVbXhehmqDpyig-2B4-2FukgkF82hGaDJdG28rGGlbyWIZJJAe3XZK-2BacCptxNKLYOVO1aLNOvmj4Owv4-2FZoHdnavTM8XQ4oLt5ETEUSwWyjIKDjM-2F-2Bdc5jR0p-2Blao6z9ejTJxPOEM8s-2BZanxJx8PbsF-2FI3ZlAymJCCm4KQfFmVfXtE5bFrmhG-2B2VVsnH3bZ5h-2BW1OvdJQoxM-2BCofAkr) from global marketing research firm NielsenIQ.

This shift in consumer behavior is reinforced by a 2020 McKinsey & Company [survey](https://u36605228.ct.sendgrid.net/ls/click?upn=u001.irwnA1ZB8N-2BHNL3jUmYY-2BG-2BmoibxkrlYRSztQt9Bo2el4z7x6FMk1JR6rMhpXPS1k-2BHFLO8sMQ63V92EnaSTOsgp3-2FaCgvcEIgx8ePWJ4wxDUBoieB5it4Ia31-2FvDSYr1KScSAlAo1zQbEiBnb3uAl74HV8c0WGwfqY3XwxCY7sHFKS1Gb3IlpJ6-2BVgBw36awH6Q_pb-2B40bGv8VszgSLSxZSae2hniLAOGi35ajohLqdIu8wIVCP-2FjsifAGPrnz8TzLY-2BGbl8srAF-2F6m1qdrbXJXPpRMzCCYcvK62Q-2B0OipV2Y8GJ5lS-2BnGna5mIdCR-2Faie2FHwL5QQ4WnwhdFoXxOdgINQhrArdIZiWh2gIzj15Teyb-2FZ-2BI8MFfVKosDGIpgXPNvgns0n1V-2Bn8C2oHN78-2FIhuA1-2FHZnxZ7xVPbHrOFcwkhDu5JaPazNfl8g65bm-2B4D98kHKwpRza1KOnppU0ooO9-2Fi2qMSru276FLqfrbZ7-2BVcENbvA-2F3n-2FUZ3k5dwSFWhy2sRpbZ4NHmXHh4BzjqWDCUOwxQ1-2FeVspnbuy68zVZidGGBGMum8dX3ae6LQ35bbOmcCran0BuhFG8CY5BPycvH7kSi9NLPeoltNZIwRf9vGatXhqT2fcy4P6WHD433JNvwbxHGtkZzSAwQAHlycZxet-2Br0sCcBL3NqLln8bWJyPdz9XVaDRIb9Q-2FPk5uZvXGmjFE9CCxTeBHqNYtPg6FYhR4OaKU5lS3-2FSw-2BPpSSWCQNO91lJgTY0LD-2FPygQ3-2BOVYltFiH8VWXY1USOckRL4WX0YfrTqUqkVH5wMWR63XKkRpj1-2BWG7nkDPykz4SblaP4ZPCs-2Bm15-2FhkCfWWTAYfIC6u2eGspPmAYD-2FfEM9g1FYMybhxSGvJAHXPPvMrMo9mHtfGBripP4hFcaN24Jppl2ATSoHpuzA-2B-2FDoYjwmygn5Eqc6p0o9Y-2BI5P1SZ4nWeIFc8wzbtPC9DeCdjeU-2FOZ5a2l-2FJ7bcR5aJQd5bXvl4FwyAwwiwUkTvxVuUJ9NRrqLN), which found that between 60 percent and 70 percent of U.S. consumers are willing to pay more for products with sustainable packaging. Other [research](https://u36605228.ct.sendgrid.net/ls/click?upn=u001.irwnA1ZB8N-2BHNL3jUmYY-2BJf3Lfjc198-2Fme54YDE22RIH2Mf22gwfti51tQn-2BLDmPehX4Fse7TzsjzTp7Ayb40BjSCBybwRgDKMddVv-2FvTnp0eBUiJR8dhxPiU4Fn7jQp4BTc1-2FeFRf74xxzBTH9Nz3-2BcTjaLYXB7cg3GuHV0MmU-3DgDv7_pb-2B40bGv8VszgSLSxZSae2hniLAOGi35ajohLqdIu8wIVCP-2FjsifAGPrnz8TzLY-2BGbl8srAF-2F6m1qdrbXJXPpRMzCCYcvK62Q-2B0OipV2Y8GJ5lS-2BnGna5mIdCR-2Faie2FHwL5QQ4WnwhdFoXxOdgINQhrArdIZiWh2gIzj15Teyb-2FZ-2BI8MFfVKosDGIpgXPNvgns0n1V-2Bn8C2oHN78-2FIhuA1-2FHZnxZ7xVPbHrOFcwkhDu5JaPazNfl8g65bm-2B4D98kHKwpRza1KOnppU0ooO9-2Fi2qMSru276FLqfrbZ7-2BVcENbvA-2F3n-2FUZ3k5dwSFWhy2sRpbZ4NHmXHh4BzjqWDCUOwxQ1-2FeVspnbuy68zVZidGGBGMum8dX3ae6LQ35bbOmcCran0BuhFG8CY5BPycvH7kSi9NLPeoltNZIwRf9vGatXhqT2fcy4P6WHD433JNvwbxHGtkZzSAwQAHlycZxet-2Br0sCcBL3NqLln8bWJyPdz9XVaDRIb9Q-2FPk5uZvXGmjFE9CCxTeBHqNYtPg6FYhR4OaKU5lS3-2FSw-2BPpSSWCQNO91lJgTY0LD-2FPygQ3-2BOVYltFiH8VWXY1USOckRL4WX0YfrTqUqkVH5wMWR63XKkRFzr3RjGhothAmRJaSbrZmf2VuL2cRUjOZgjTG-2BLf8p8Dcy3rn-2BMwMMs4Mr-2B8P3DPJTNDAwxVVWPcMz5aaKsf6xPE4jiojLGQEd2GLPyPu1e3acn7WB-2FELqA48-2BeDqgKA7CWG-2FyU1XtPCCxEe56UVSRFp3JvoEONAyfVHVFyzWnu6QhpwfXab6kskfdYOKv-2FvA5oA0jVRpW-2FA7NxeyZ8V0) indicates that 68 percent will pay extra for items that specifically promote commitments to ocean conservation.

*[Content truncated due to length...]*

---

*From [CounterPunch.org](https://www.counterpunch.org/) via [this RSS feed](https://www.counterpunch.org/feed/)*","Bluewashed: How the Beauty Industry Sold an Ocean-Friendly Illusion

![](https://www.counterpunch.org/wp-content/uploads/2025/11/IMG_9531-scaled.jpeg)![](https://www.counterpunch.org/wp-content/uploads/2025/11/IMG_9531-680x510.jpeg)

The Sturgeon Moon at Tillamook Head, north Oregon Coast. Photo: Jeffrey St. Clair.

The personal care industry has mastered the art of marketing eco-consciousness— evolving beyond familiar labels like “green,” “clean,” and “natural”—into a new wave of sea-inspired branding that claims to champion ocean conservation.

Terms such as “reef-safe” and “ocean-friendly” evoke images of crystalline waters and thriving coral reefs, yet behind the glossy marketing lies a regulatory murk. With no federal standards or clear definitions, consumers are left to navigate a tide of misleading labels.

As [“ocean-safe” products](https://u36605228.ct.sendgrid.net/ls/click?upn=u001.irwnA1ZB8N-2BHNL3jUmYY-2BP4VNoGBpGIzJC5e7sBkB2wVfmdoiT2MIKj7ZiA8cogmgPjDAnRxvNNcuSu-2BNRecdcB2EJXe75PpOE3Uu7KvSBdYmBSafcr0XOv93HoRJWFERWC6_pb-2B40bGv8VszgSLSxZSae2hniLAOGi35ajohLqdIu8wIVCP-2FjsifAGPrnz8TzLY-2BGbl8srAF-2F6m1qdrbXJXPpRMzCCYcvK62Q-2B0OipV2Y8GJ5lS-2BnGna5mIdCR-2Faie2FHwL5QQ4WnwhdFoXxOdgINQhrArdIZiWh2gIzj15Teyb-2FZ-2BI8MFfVKosDGIpgXPNvgns0n1V-2Bn8C2oHN78-2FIhuA1-2FHZnxZ7xVPbHrOFcwkhDu5JaPazNfl8g65bm-2B4D98kHKwpRza1KOnppU0ooO9-2Fi2qMSru276FLqfrbZ7-2BVcENbvA-2F3n-2FUZ3k5dwSFWhy2sRpbZ4NHmXHh4BzjqWDCUOwxQ1-2FeVspnbuy68zVZidGGBGMum8dX3ae6LQ35bbOmcCran0BuhFG8CY5BPycvH7kSi9NLPeoltNZIwRf9vGatXhqT2fcy4P6WHD433JNvwbxHGtkZzSAwQAHlycZxet-2Br0sCcBL3NqLln8bWJyPdz9XVaDRIb9Q-2FPk5uZvXGmjFE9CCxTeBHqNYtPg6FYhR4OaKU5lS3-2FSw-2BPpSSWCQNO91lJgTY0LD-2FPygQ3-2BOVYltFiH8VWXY1USOckRL4WX0YfrTqUqkVH5wMWR63XKkRHGMrd0rgT1Tw1fXQUCwZh-2Blrdq7-2FGNq-2BPWwOFVTtrnFMeu0ygjXqmGdqHgBrGWeb1T77AxD3rPtYg07E9r9XOIZ77cY7ByYXGV4B-2F7JDx69n-2Bun6R2lhZKcLzvaLaIQyiBc8xA7EwTHZOi9vuh5sQHP34QxvuIa75hhn7RjF9p3zZ7p4DoTTieetjwl2cYIyrY0OkVO4RuGAtfsslu5h2) flood the market—wrapped in teal hues and marine motifs—the illusion of ecological responsibility is gaining momentum, but it’s worth asking whether these gestures represent genuine sustainability or merely performative eco-branding.

Lorraine Dallmeier, CEO of [Formula Botanica](https://u36605228.ct.sendgrid.net/ls/click?upn=u001.irwnA1ZB8N-2BHNL3jUmYY-2BElyyVt-2Bi9K3fz54wTMPuG8t31arA56oIdw2pWQiNfDV1r6J_pb-2B40bGv8VszgSLSxZSae2hniLAOGi35ajohLqdIu8wIVCP-2FjsifAGPrnz8TzLY-2BGbl8srAF-2F6m1qdrbXJXPpRMzCCYcvK62Q-2B0OipV2Y8GJ5lS-2BnGna5mIdCR-2Faie2FHwL5QQ4WnwhdFoXxOdgINQhrArdIZiWh2gIzj15Teyb-2FZ-2BI8MFfVKosDGIpgXPNvgns0n1V-2Bn8C2oHN78-2FIhuA1-2FHZnxZ7xVPbHrOFcwkhDu5JaPazNfl8g65bm-2B4D98kHKwpRza1KOnppU0ooO9-2Fi2qMSru276FLqfrbZ7-2BVcENbvA-2F3n-2FUZ3k5dwSFWhy2sRpbZ4NHmXHh4BzjqWDCUOwxQ1-2FeVspnbuy68zVZidGGBGMum8dX3ae6LQ35bbOmcCran0BuhFG8CY5BPycvH7kSi9NLPeoltNZIwRf9vGatXhqT2fcy4P6WHD433JNvwbxHGtkZzSAwQAHlycZxet-2Br0sCcBL3NqLln8bWJyPdz9XVaDRIb9Q-2FPk5uZvXGmjFE9CCxTeBHqNYtPg6FYhR4OaKU5lS3-2FSw-2BPpSSWCQNO91lJgTY0LD-2FPygQ3-2BOVYltFiH8VWXY1USOckRL4WX0YfrTqUqkVH5wMWR63XKkTf98ciEvoddC1A8Qx99qDrzMqxQn-2Fv5phCG3uWWH-2BafxjIv2Hw-2B8LH-2FaUFkLnafnpo0K67lV7J7d9F-2BvJX27Szkt-2ByEvYXjZEhXUDBVuw-2FrrUb2oZuqkNzMO2rOyG4NdPuBqPzR91WE73QzoSEkMyrHeaqSJD-2FLpQVDSewD6RQRhs2B2f-2BATK3w118ibx-2F0ceew-2BaH0jWPK40-2B8SbCyG0m), warns that when sustainability becomes a marketing function, images can eclipse impact. “[M]arketing tells stories, it connects us with people, it builds communities, it grows businesses,” she says during the episode, “[When Sustainability Reports to Marketing—Beauty’s Uncomfortable Truth](https://u36605228.ct.sendgrid.net/ls/click?upn=u001.irwnA1ZB8N-2BHNL3jUmYY-2BElyyVt-2Bi9K3fz54wTMPuG-2BKkr07SpOJ0nx-2FiTQXP6c8ePkNA3ehgsUf0RdvJ3z01MDzjd-2FK-2FnEFNWzQyTDPsOI-3DQCYj_pb-2B40bGv8VszgSLSxZSae2hniLAOGi35ajohLqdIu8wIVCP-2FjsifAGPrnz8TzLY-2BGbl8srAF-2F6m1qdrbXJXPpRMzCCYcvK62Q-2B0OipV2Y8GJ5lS-2BnGna5mIdCR-2Faie2FHwL5QQ4WnwhdFoXxOdgINQhrArdIZiWh2gIzj15Teyb-2FZ-2BI8MFfVKosDGIpgXPNvgns0n1V-2Bn8C2oHN78-2FIhuA1-2FHZnxZ7xVPbHrOFcwkhDu5JaPazNfl8g65bm-2B4D98kHKwpRza1KOnppU0ooO9-2Fi2qMSru276FLqfrbZ7-2BVcENbvA-2F3n-2FUZ3k5dwSFWhy2sRpbZ4NHmXHh4BzjqWDCUOwxQ1-2FeVspnbuy68zVZidGGBGMum8dX3ae6LQ35bbOmcCran0BuhFG8CY5BPycvH7kSi9NLPeoltNZIwRf9vGatXhqT2fcy4P6WHD433JNvwbxHGtkZzSAwQAHlycZxet-2Br0sCcBL3NqLln8bWJyPdz9XVaDRIb9Q-2FPk5uZvXGmjFE9CCxTeBHqNYtPg6FYhR4OaKU5lS3-2FSw-2BPpSSWCQNO91lJgTY0LD-2FPygQ3-2BOVYltFiH8VWXY1USOckRL4WX0YfrTqUqkVH5wMWR63XKkQbh6IBP660-2FU5K8ISi7aJZHmQZZ5KrLI0ITKtCJtWmkTOM0G1mku9XkfgXxB0iH2qveo5XDw921MEDhxbf0dUUgs20MZzRsZU9v4ncHMy04pwoNoUmqcV4p7n-2BUUKmR7-2FFpMWPZ4oL0KvVjIdvfzpG3swD6sScSzJsb-2BaCqfFzK2bWpHJrkyzOtQ3eypRAno1BPH-2FT-2FuLtylERzh7kQW81),” on her Green Beauty Conversations podcast. “But when sustainability reports to marketing, we start prioritizing optics over action.”

**The Critical Role of Coral Reefs in Supporting Biodiversity**

Coral reefs are among the most biologically diverse ecosystems on Earth—hosting more than 25 percent of all marine species despite occupying less than 1 percent of the ocean floor, according to the [Coral Reef Alliance](https://u36605228.ct.sendgrid.net/ls/click?upn=u001.irwnA1ZB8N-2BHNL3jUmYY-2BCyTJqU3-2F7vPlpcRIunGCpOqd0Kr4t7dcH40aPqGLd-2FI-2FjhtmCDcm1eqYMpMh8dHtCr1nQDYSghTtxTpt-2FReDvjYHYwkv8BDkzqaPxhe3KdG6IWB_pb-2B40bGv8VszgSLSxZSae2hniLAOGi35ajohLqdIu8wIVCP-2FjsifAGPrnz8TzLY-2BGbl8srAF-2F6m1qdrbXJXPpRMzCCYcvK62Q-2B0OipV2Y8GJ5lS-2BnGna5mIdCR-2Faie2FHwL5QQ4WnwhdFoXxOdgINQhrArdIZiWh2gIzj15Teyb-2FZ-2BI8MFfVKosDGIpgXPNvgns0n1V-2Bn8C2oHN78-2FIhuA1-2FHZnxZ7xVPbHrOFcwkhDu5JaPazNfl8g65bm-2B4D98kHKwpRza1KOnppU0ooO9-2Fi2qMSru276FLqfrbZ7-2BVcENbvA-2F3n-2FUZ3k5dwSFWhy2sRpbZ4NHmXHh4BzjqWDCUOwxQ1-2FeVspnbuy68zVZidGGBGMum8dX3ae6LQ35bbOmcCran0BuhFG8CY5BPycvH7kSi9NLPeoltNZIwRf9vGatXhqT2fcy4P6WHD433JNvwbxHGtkZzSAwQAHlycZxet-2Br0sCcBL3NqLln8bWJyPdz9XVaDRIb9Q-2FPk5uZvXGmjFE9CCxTeBHqNYtPg6FYhR4OaKU5lS3-2FSw-2BPpSSWCQNO91lJgTY0LD-2FPygQ3-2BOVYltFiH8VWXY1USOckRL4WX0YfrTqUqkVH5wMWR63XKkS-2B-2Bj0AFHp7bOLx8Cgx430Hh9u7I5AzFeaLDz9-2BQfIB3ZVmFkSaZcZKa8-2FrhY3IJ4SQ5qdEsurz8Lx5NKmBhMtAZEMorPgXip0Oe48sbL9ZeCOntCvChoCXXMzDp0pa9a1846jyCji9H8CYwg7CaJllurED1WUrmk8dHsuNxIMu7HSx-2BaMbZ7-2FksfLGIcp8b1OYccy5kuXuFY2XVmikg51h).

The [Environmental Protection Agency](https://u36605228.ct.sendgrid.net/ls/click?upn=u001.irwnA1ZB8N-2BHNL3jUmYY-2BJSKUvfy4S4zHgwc9zUMlVhMsjAnBanOOLtmckic2NDqxI2aWzQcf0F-2FsZBJZqjlEwufbonEcMdgxuRGna-2Bnwpk-3DwdY6_pb-2B40bGv8VszgSLSxZSae2hniLAOGi35ajohLqdIu8wIVCP-2FjsifAGPrnz8TzLY-2BGbl8srAF-2F6m1qdrbXJXPpRMzCCYcvK62Q-2B0OipV2Y8GJ5lS-2BnGna5mIdCR-2Faie2FHwL5QQ4WnwhdFoXxOdgINQhrArdIZiWh2gIzj15Teyb-2FZ-2BI8MFfVKosDGIpgXPNvgns0n1V-2Bn8C2oHN78-2FIhuA1-2FHZnxZ7xVPbHrOFcwkhDu5JaPazNfl8g65bm-2B4D98kHKwpRza1KOnppU0ooO9-2Fi2qMSru276FLqfrbZ7-2BVcENbvA-2F3n-2FUZ3k5dwSFWhy2sRpbZ4NHmXHh4BzjqWDCUOwxQ1-2FeVspnbuy68zVZidGGBGMum8dX3ae6LQ35bbOmcCran0BuhFG8CY5BPycvH7kSi9NLPeoltNZIwRf9vGatXhqT2fcy4P6WHD433JNvwbxHGtkZzSAwQAHlycZxet-2Br0sCcBL3NqLln8bWJyPdz9XVaDRIb9Q-2FPk5uZvXGmjFE9CCxTeBHqNYtPg6FYhR4OaKU5lS3-2FSw-2BPpSSWCQNO91lJgTY0LD-2FPygQ3-2BOVYltFiH8VWXY1USOckRL4WX0YfrTqUqkVH5wMWR63XKkQDyYhT8C6FIrry7x-2F7gHmtBJY21Ovt5Ss5zE1X-2BLxpvmf04dSdO6C9cgjrsMPG8gd3OIpbGMxME-2BTq9cROhtUPanQc100b4IYnJL1eVgpqMYsLF-2FS9SmlOMrmN-2B090f00dq9MTPqDKM5sd0AHT8zM1NZzgRkSEcWtJ-2F3Ncxwilz5rZkdn6eR0oitUj2jMNUlPD8ZufUe9npqAQhjKpqbI5) (EPA) categorizes coral reefs as essential habitats, acting as nurseries and spawning grounds for countless fish species, crustaceans, mollusks, and marine food webs. According to the [MIT Science Policy Review](https://u36605228.ct.sendgrid.net/ls/click?upn=u001.irwnA1ZB8N-2BHNL3jUmYY-2BGYBAUDzyZZ9rvX3KlGrRzF9LJWlqhW3v8wLTZpowRB92DeXQiC6CeGvM8RaYOx8aY0173frLoC8d5NK0zM0eaKdxvQI88asX6EwYZLeqj99UytUgLYDvVckpzxSresb0T509CnoicBzFAOrfca0vjoHUUnu0hwQetsB2ER-2FxTIBiXXonHGBa13VgHzhsMouWOWHbGtwc2GpMeat7Tyb5hk-3D8xq4_pb-2B40bGv8VszgSLSxZSae2hniLAOGi35ajohLqdIu8wIVCP-2FjsifAGPrnz8TzLY-2BGbl8srAF-2F6m1qdrbXJXPpRMzCCYcvK62Q-2B0OipV2Y8GJ5lS-2BnGna5mIdCR-2Faie2FHwL5QQ4WnwhdFoXxOdgINQhrArdIZiWh2gIzj15Teyb-2FZ-2BI8MFfVKosDGIpgXPNvgns0n1V-2Bn8C2oHN78-2FIhuA1-2FHZnxZ7xVPbHrOFcwkhDu5JaPazNfl8g65bm-2B4D98kHKwpRza1KOnppU0ooO9-2Fi2qMSru276FLqfrbZ7-2BVcENbvA-2F3n-2FUZ3k5dwSFWhy2sRpbZ4NHmXHh4BzjqWDCUOwxQ1-2FeVspnbuy68zVZidGGBGMum8dX3ae6LQ35bbOmcCran0BuhFG8CY5BPycvH7kSi9NLPeoltNZIwRf9vGatXhqT2fcy4P6WHD433JNvwbxHGtkZzSAwQAHlycZxet-2Br0sCcBL3NqLln8bWJyPdz9XVaDRIb9Q-2FPk5uZvXGmjFE9CCxTeBHqNYtPg6FYhR4OaKU5lS3-2FSw-2BPpSSWCQNO91lJgTY0LD-2FPygQ3-2BOVYltFiH8VWXY1USOckRL4WX0YfrTqUqkVH5wMWR63XKkRTfFlJBjTPSQTfSiq-2FVH6md6OCtXjvjHhglGTE-2BbXbOFqkIY9rl0VXu-2BiX4BmEzNx8qZHMJCboVQFap4Ub1h4IKch27mn-2F-2FjXCYFksEcOINHfLHtqlydk8NBTCNZCiwElkQKo7HwSRQkDegcqdbHjcoBQFC3aU-2FhiunbBPxkslyeMfhTuBdAZh5QHdSb-2FVgT1qzTNsOGCbzPzqKQsoCD1a), coral reefs deliver substantial economic and cultural benefits—through fisheries, tourism, recreation, and even pharmaceutical discoveries—worth trillions of dollars globally.

The initial swell in ocean-centric marketing followed Hawaii’s [2018 ban](https://u36605228.ct.sendgrid.net/ls/click?upn=u001.irwnA1ZB8N-2BHNL3jUmYY-2BLQiEM0pE5o-2B5IPeJSvx6-2F-2BIfbLmJ78wC7mPyaMpiJLCgX77Lr4v8D7fBUJtTIMK1NxFvd62v9-2FzXf73FVUJ0Sc-3Dz1Su_pb-2B40bGv8VszgSLSxZSae2hniLAOGi35ajohLqdIu8wIVCP-2FjsifAGPrnz8TzLY-2BGbl8srAF-2F6m1qdrbXJXPpRMzCCYcvK62Q-2B0OipV2Y8GJ5lS-2BnGna5mIdCR-2Faie2FHwL5QQ4WnwhdFoXxOdgINQhrArdIZiWh2gIzj15Teyb-2FZ-2BI8MFfVKosDGIpgXPNvgns0n1V-2Bn8C2oHN78-2FIhuA1-2FHZnxZ7xVPbHrOFcwkhDu5JaPazNfl8g65bm-2B4D98kHKwpRza1KOnppU0ooO9-2Fi2qMSru276FLqfrbZ7-2BVcENbvA-2F3n-2FUZ3k5dwSFWhy2sRpbZ4NHmXHh4BzjqWDCUOwxQ1-2FeVspnbuy68zVZidGGBGMum8dX3ae6LQ35bbOmcCran0BuhFG8CY5BPycvH7kSi9NLPeoltNZIwRf9vGatXhqT2fcy4P6WHD433JNvwbxHGtkZzSAwQAHlycZxet-2Br0sCcBL3NqLln8bWJyPdz9XVaDRIb9Q-2FPk5uZvXGmjFE9CCxTeBHqNYtPg6FYhR4OaKU5lS3-2FSw-2BPpSSWCQNO91lJgTY0LD-2FPygQ3-2BOVYltFiH8VWXY1USOckRL4WX0YfrTqUqkVH5wMWR63XKkQ6BqIoHJWtYcwoivG77NbPilMjRPmTZ5bQzuYyqPHVdm3PEOUHwyMOcCQ3fJfDqZllHQi89zMhw9lU6QU-2BMz4pSuiwEHxr1yPyzV4AxueTB51RN-2FCQhEzwlF0eNGLLO6awrbFHut4dMsWsD7-2BLmA3h-2F5XUUgTqCaMW9u-2FGsWCkkOxL-2BHMTXyXVBa4HlRfu-2BcKLS-2FARXwNfBSLzqSpYkQuS) on sunscreens containing [oxybenzone](https://u36605228.ct.sendgrid.net/ls/click?upn=u001.irwnA1ZB8N-2BHNL3jUmYY-2BNvxfvnHcyP9IA4e-2FpCFLW59IpEb4ts4FR8W9RtW6Nb5DTNsTtAq96-2B9tdYe6elDTQ-3D-3DALzI_pb-2B40bGv8VszgSLSxZSae2hniLAOGi35ajohLqdIu8wIVCP-2FjsifAGPrnz8TzLY-2BGbl8srAF-2F6m1qdrbXJXPpRMzCCYcvK62Q-2B0OipV2Y8GJ5lS-2BnGna5mIdCR-2Faie2FHwL5QQ4WnwhdFoXxOdgINQhrArdIZiWh2gIzj15Teyb-2FZ-2BI8MFfVKosDGIpgXPNvgns0n1V-2Bn8C2oHN78-2FIhuA1-2FHZnxZ7xVPbHrOFcwkhDu5JaPazNfl8g65bm-2B4D98kHKwpRza1KOnppU0ooO9-2Fi2qMSru276FLqfrbZ7-2BVcENbvA-2F3n-2FUZ3k5dwSFWhy2sRpbZ4NHmXHh4BzjqWDCUOwxQ1-2FeVspnbuy68zVZidGGBGMum8dX3ae6LQ35bbOmcCran0BuhFG8CY5BPycvH7kSi9NLPeoltNZIwRf9vGatXhqT2fcy4P6WHD433JNvwbxHGtkZzSAwQAHlycZxet-2Br0sCcBL3NqLln8bWJyPdz9XVaDRIb9Q-2FPk5uZvXGmjFE9CCxTeBHqNYtPg6FYhR4OaKU5lS3-2FSw-2BPpSSWCQNO91lJgTY0LD-2FPygQ3-2BOVYltFiH8VWXY1USOckRL4WX0YfrTqUqkVH5wMWR63XKkRyiEtwvucyMZWnGzlMRwKlPxVEzOUEYlKRS0b9iPeiD7lBWUhpsCBzMic3Y5DGMSEzdrjrHpAdZLtr-2FHY-2Fbn6g-2F2xzNXLSVbejmUrp9jiJ5o-2BK0qPqKR7F52ACeALe0lnTecIRSyPZ43ry144lPhqtwLeFR7jdVeKd8n4YiYjlROVlUQz4CSi-2BBOPui9DStyp3VBz1J-2FgjzCwLtVBu-2Fh9-2F) and [octinoxate](https://u36605228.ct.sendgrid.net/ls/click?upn=u001.irwnA1ZB8N-2BHNL3jUmYY-2BNvxfvnHcyP9IA4e-2FpCFLW5s97ys5vs7heJWTkEuG6WiKQXqcrnQWKny9urr3SN04g-3D-3DczSM_pb-2B40bGv8VszgSLSxZSae2hniLAOGi35ajohLqdIu8wIVCP-2FjsifAGPrnz8TzLY-2BGbl8srAF-2F6m1qdrbXJXPpRMzCCYcvK62Q-2B0OipV2Y8GJ5lS-2BnGna5mIdCR-2Faie2FHwL5QQ4WnwhdFoXxOdgINQhrArdIZiWh2gIzj15Teyb-2FZ-2BI8MFfVKosDGIpgXPNvgns0n1V-2Bn8C2oHN78-2FIhuA1-2FHZnxZ7xVPbHrOFcwkhDu5JaPazNfl8g65bm-2B4D98kHKwpRza1KOnppU0ooO9-2Fi2qMSru276FLqfrbZ7-2BVcENbvA-2F3n-2FUZ3k5dwSFWhy2sRpbZ4NHmXHh4BzjqWDCUOwxQ1-2FeVspnbuy68zVZidGGBGMum8dX3ae6LQ35bbOmcCran0BuhFG8CY5BPycvH7kSi9NLPeoltNZIwRf9vGatXhqT2fcy4P6WHD433JNvwbxHGtkZzSAwQAHlycZxet-2Br0sCcBL3NqLln8bWJyPdz9XVaDRIb9Q-2FPk5uZvXGmjFE9CCxTeBHqNYtPg6FYhR4OaKU5lS3-2FSw-2BPpSSWCQNO91lJgTY0LD-2FPygQ3-2BOVYltFiH8VWXY1USOckRL4WX0YfrTqUqkVH5wMWR63XKkS-2BgT3l-2FqSY6HUoHlH-2Bq5K6wySflQmsrbb6Qx5KN-2B9CAjfwhUCngqy8fF9pfDuWilYCEE4Y8l4r5IZC5ZtxPDKiu5-2Fca68E-2F-2F4tvKJVztU8tUuLIp3plbR4SnLy42irkp6mHh4vr2TDzL2Kc8MqUbg-2B5Dsa6iaSECrng6SInd0QdPx8KRdE0iJ1t3iT4b4V-2BYct1HWJd-2FCVbXUDcuuQlC1J)—chemicals that filter ultraviolet (UV) radiation, which are harmful to ocean ecosystems.

The bill was [informed](https://u36605228.ct.sendgrid.net/ls/click?upn=u001.irwnA1ZB8N-2BHNL3jUmYY-2BKb7N5T8SGDhJkbUGpfEjufnjVE5cdIovPuqiu1CgaME1c4mTyLu9vrPiOv3-2FA0dsxCyNCU5KU7zDY0UCDGVP7SZ83Iwa4oyXDO9YOEv9rfcb8Hp76-2F4F692r8Innk2zTwb9BCaipQHHsVon3pIEA-2BibeGBe77qHsWbRM3dZaaBg_azN_pb-2B40bGv8VszgSLSxZSae2hniLAOGi35ajohLqdIu8wIVCP-2FjsifAGPrnz8TzLY-2BGbl8srAF-2F6m1qdrbXJXPpRMzCCYcvK62Q-2B0OipV2Y8GJ5lS-2BnGna5mIdCR-2Faie2FHwL5QQ4WnwhdFoXxOdgINQhrArdIZiWh2gIzj15Teyb-2FZ-2BI8MFfVKosDGIpgXPNvgns0n1V-2Bn8C2oHN78-2FIhuA1-2FHZnxZ7xVPbHrOFcwkhDu5JaPazNfl8g65bm-2B4D98kHKwpRza1KOnppU0ooO9-2Fi2qMSru276FLqfrbZ7-2BVcENbvA-2F3n-2FUZ3k5dwSFWhy2sRpbZ4NHmXHh4BzjqWDCUOwxQ1-2FeVspnbuy68zVZidGGBGMum8dX3ae6LQ35bbOmcCran0BuhFG8CY5BPycvH7kSi9NLPeoltNZIwRf9vGatXhqT2fcy4P6WHD433JNvwbxHGtkZzSAwQAHlycZxet-2Br0sCcBL3NqLln8bWJyPdz9XVaDRIb9Q-2FPk5uZvXGmjFE9CCxTeBHqNYtPg6FYhR4OaKU5lS3-2FSw-2BPpSSWCQNO91lJgTY0LD-2FPygQ3-2BOVYltFiH8VWXY1USOckRL4WX0YfrTqUqkVH5wMWR63XKkQQtW4St0sq7Ob7wogIHXTliu2mhtdpAmxMUkx7-2BqWsW5cLTMOmXMcpjX97Jq2PLzDTe-2FRfQttniXjJeLpxzGozxCRVOieELj6-2FKACyxdZED3WCD3tuGA41dWrwGHUSijv8cg3TrsmYRQRCRGx9x9WlSGHf4bkeSUSwuffgFmwAKlc8-2Ff3V73NDD3dItNWLcJ6SwSE5iei4zsTgXJ3EnHsp) by a [2015](https://u36605228.ct.sendgrid.net/ls/click?upn=u001.irwnA1ZB8N-2BHNL3jUmYY-2BESpJ0iZAPMCfF4sYQ9QHS2mw5-2B9t4dDOO38BVd5OWYj648Ag7noX3uJ54r8vFqivrO49NrOzOD3o1BnkjqgANw-3DaYYF_pb-2B40bGv8VszgSLSxZSae2hniLAOGi35ajohLqdIu8wIVCP-2FjsifAGPrnz8TzLY-2BGbl8srAF-2F6m1qdrbXJXPpRMzCCYcvK62Q-2B0OipV2Y8GJ5lS-2BnGna5mIdCR-2Faie2FHwL5QQ4WnwhdFoXxOdgINQhrArdIZiWh2gIzj15Teyb-2FZ-2BI8MFfVKosDGIpgXPNvgns0n1V-2Bn8C2oHN78-2FIhuA1-2FHZnxZ7xVPbHrOFcwkhDu5JaPazNfl8g65bm-2B4D98kHKwpRza1KOnppU0ooO9-2Fi2qMSru276FLqfrbZ7-2BVcENbvA-2F3n-2FUZ3k5dwSFWhy2sRpbZ4NHmXHh4BzjqWDCUOwxQ1-2FeVspnbuy68zVZidGGBGMum8dX3ae6LQ35bbOmcCran0BuhFG8CY5BPycvH7kSi9NLPeoltNZIwRf9vGatXhqT2fcy4P6WHD433JNvwbxHGtkZzSAwQAHlycZxet-2Br0sCcBL3NqLln8bWJyPdz9XVaDRIb9Q-2FPk5uZvXGmjFE9CCxTeBHqNYtPg6FYhR4OaKU5lS3-2FSw-2BPpSSWCQNO91lJgTY0LD-2FPygQ3-2BOVYltFiH8VWXY1USOckRL4WX0YfrTqUqkVH5wMWR63XKkSHUDVLpX0iPiZR5tzVC-2FY-2BjK6heM-2BYPUVN8XjxrI2BWXDUZ4xD7-2BrR-2BD218Nq0nBAdl1o0a4gE5jZlEwTsIef3fPm88MIuR4OVjUMecg2B6GzpxUn591tz10YE-2BVeWdlWp80w5X3hBNhOyVQIXNBhlnLN7UU9l3IHiYKt8Hp7ZeVGkIHzRu5GkIwEZt4H8nn6JbTaY4lyS7k9d8tmOJROS) [study](https://u36605228.ct.sendgrid.net/ls/click?upn=u001.irwnA1ZB8N-2BHNL3jUmYY-2BESpJ0iZAPMCfF4sYQ9QHS2mw5-2B9t4dDOO38BVd5OWYj648Ag7noX3uJ54r8vFqivrO49NrOzOD3o1BnkjqgANw-3DUlqT_pb-2B40bGv8VszgSLSxZSae2hniLAOGi35ajohLqdIu8wIVCP-2FjsifAGPrnz8TzLY-2BGbl8srAF-2F6m1qdrbXJXPpRMzCCYcvK62Q-2B0OipV2Y8GJ5lS-2BnGna5mIdCR-2Faie2FHwL5QQ4WnwhdFoXxOdgINQhrArdIZiWh2gIzj15Teyb-2FZ-2BI8MFfVKosDGIpgXPNvgns0n1V-2Bn8C2oHN78-2FIhuA1-2FHZnxZ7xVPbHrOFcwkhDu5JaPazNfl8g65bm-2B4D98kHKwpRza1KOnppU0ooO9-2Fi2qMSru276FLqfrbZ7-2BVcENbvA-2F3n-2FUZ3k5dwSFWhy2sRpbZ4NHmXHh4BzjqWDCUOwxQ1-2FeVspnbuy68zVZidGGBGMum8dX3ae6LQ35bbOmcCran0BuhFG8CY5BPycvH7kSi9NLPeoltNZIwRf9vGatXhqT2fcy4P6WHD433JNvwbxHGtkZzSAwQAHlycZxet-2Br0sCcBL3NqLln8bWJyPdz9XVaDRIb9Q-2FPk5uZvXGmjFE9CCxTeBHqNYtPg6FYhR4OaKU5lS3-2FSw-2BPpSSWCQNO91lJgTY0LD-2FPygQ3-2BOVYltFiH8VWXY1USOckRL4WX0YfrTqUqkVH5wMWR63XKkTrfGUIMmGz-2F6Ow6z35Rcnsbuj3H22rUSDFVNW1btXmtCpZNGmZpOL-2FhOgMJy3Ezr3keOxelc2-2Bo5xKsUCb3OpRBQkLVDMP-2FGiLYvKHkOr-2FWZ-2BMrU5kEe8QM6JZS0beQsJqNUpdztkWgwFSnhDPF5rjm3flUJgus4R5lokikoh4xc4Z3o3Xbl-2BG-2BmDQJq1rXck-2BgNdiW4H7-2BvCctfCpPEz4) published in the Archives of Environmental Contamination and Toxicology, which examined how chemical sunscreens can damage coral larvae and cells, causing [coral bleaching](https://u36605228.ct.sendgrid.net/ls/click?upn=u001.irwnA1ZB8N-2BHNL3jUmYY-2BIrXhTYLCQYZQNsvrwpLORjzqyBSxblaicFsZsBbFnU2-2BouTUBaXKzw5yX8gkw0aRQ-3D-3DNkPg_pb-2B40bGv8VszgSLSxZSae2hniLAOGi35ajohLqdIu8wIVCP-2FjsifAGPrnz8TzLY-2BGbl8srAF-2F6m1qdrbXJXPpRMzCCYcvK62Q-2B0OipV2Y8GJ5lS-2BnGna5mIdCR-2Faie2FHwL5QQ4WnwhdFoXxOdgINQhrArdIZiWh2gIzj15Teyb-2FZ-2BI8MFfVKosDGIpgXPNvgns0n1V-2Bn8C2oHN78-2FIhuA1-2FHZnxZ7xVPbHrOFcwkhDu5JaPazNfl8g65bm-2B4D98kHKwpRza1KOnppU0ooO9-2Fi2qMSru276FLqfrbZ7-2BVcENbvA-2F3n-2FUZ3k5dwSFWhy2sRpbZ4NHmXHh4BzjqWDCUOwxQ1-2FeVspnbuy68zVZidGGBGMum8dX3ae6LQ35bbOmcCran0BuhFG8CY5BPycvH7kSi9NLPeoltNZIwRf9vGatXhqT2fcy4P6WHD433JNvwbxHGtkZzSAwQAHlycZxet-2Br0sCcBL3NqLln8bWJyPdz9XVaDRIb9Q-2FPk5uZvXGmjFE9CCxTeBHqNYtPg6FYhR4OaKU5lS3-2FSw-2BPpSSWCQNO91lJgTY0LD-2FPygQ3-2BOVYltFiH8VWXY1USOckRL4WX0YfrTqUqkVH5wMWR63XKkSD12SBZZOy4lMa-2F0Avr7VTrR0rEcplQo6CN7THz7SpUx-2F-2FAU8R7yg3ddfThJXYCk-2Bdc79DYB1WPzCCyRl7R5N8OjypeefG3o-2BqmoHyxXkiiDTYBGE6KMAEK-2B7nluu21BH4x7Uf2fNNHLClJ9O7a63FbwbhrHirkPxeil-2Bq9lA4Uh2P6TOnR9R4N1EYVPmcSr-2Fb7I89ptb14vSZybjU8HcS), making them vulnerable to infection, and preventing them from getting the nutrients needed for survival. The study found that “the chemicals cause bleaching, deformities, DNA damage, and ultimately death in coral when they’re washed off beachgoers or discharged into wastewater treatment plants and deposited into bodies of water,” [states](https://u36605228.ct.sendgrid.net/ls/click?upn=u001.irwnA1ZB8N-2BHNL3jUmYY-2BLQiEM0pE5o-2B5IPeJSvx6-2F-2BIfbLmJ78wC7mPyaMpiJLCgX77Lr4v8D7fBUJtTIMK1NxFvd62v9-2FzXf73FVUJ0Sc-3D6AWq_pb-2B40bGv8VszgSLSxZSae2hniLAOGi35ajohLqdIu8wIVCP-2FjsifAGPrnz8TzLY-2BGbl8srAF-2F6m1qdrbXJXPpRMzCCYcvK62Q-2B0OipV2Y8GJ5lS-2BnGna5mIdCR-2Faie2FHwL5QQ4WnwhdFoXxOdgINQhrArdIZiWh2gIzj15Teyb-2FZ-2BI8MFfVKosDGIpgXPNvgns0n1V-2Bn8C2oHN78-2FIhuA1-2FHZnxZ7xVPbHrOFcwkhDu5JaPazNfl8g65bm-2B4D98kHKwpRza1KOnppU0ooO9-2Fi2qMSru276FLqfrbZ7-2BVcENbvA-2F3n-2FUZ3k5dwSFWhy2sRpbZ4NHmXHh4BzjqWDCUOwxQ1-2FeVspnbuy68zVZidGGBGMum8dX3ae6LQ35bbOmcCran0BuhFG8CY5BPycvH7kSi9NLPeoltNZIwRf9vGatXhqT2fcy4P6WHD433JNvwbxHGtkZzSAwQAHlycZxet-2Br0sCcBL3NqLln8bWJyPdz9XVaDRIb9Q-2FPk5uZvXGmjFE9CCxTeBHqNYtPg6FYhR4OaKU5lS3-2FSw-2BPpSSWCQNO91lJgTY0LD-2FPygQ3-2BOVYltFiH8VWXY1USOckRL4WX0YfrTqUqkVH5wMWR63XKkQaZmJDtJD-2F-2FOYBygWuNG9ycVqOJJfeq1XREa0P5JR-2BbR1O8jiAUUpoFRZijlBQhM7cLo7QzTm2OjNb64yGid9RmUZRbnCUwxWBi8WHEmVkjMNOZDs4092dlTrMC3FQFYReNNS74wWtkoT61htN1DISiXM37Jb9rFoHGf63fHCrTC0r5sP7fuBabEJpcU9jWXie8glc3F2PV2wUWljs8Yii) a CNN article.

The Hawaii legislation represented a watershed moment in environmental regulation, drawing global attention to the hidden ecological costs of UV chemical filters and inspiring other nations, [such as](https://u36605228.ct.sendgrid.net/ls/click?upn=u001.irwnA1ZB8N-2BHNL3jUmYY-2BEHA-2FWaO7-2BGA-2ByVPeaywKNL9bfYkEimpPq3GqaJqtPdVktKlzGB6g1Bx-2FrB3xu2rH8tIrTTe-2FF8LRQG-2F950Ew0trntP-2BAfV7i-2B3BR7leAN8fx7XPG2Jl-2BiZ6yu2IcDKCOFuPtHpTs2oiwEhxw5DEkggX8Q8Rmwwr8UV4l7S2f3RN53xok5sCOKNGimxbLH83lQ-3D-3DIP8Y_pb-2B40bGv8VszgSLSxZSae2hniLAOGi35ajohLqdIu8wIVCP-2FjsifAGPrnz8TzLY-2BGbl8srAF-2F6m1qdrbXJXPpRMzCCYcvK62Q-2B0OipV2Y8GJ5lS-2BnGna5mIdCR-2Faie2FHwL5QQ4WnwhdFoXxOdgINQhrArdIZiWh2gIzj15Teyb-2FZ-2BI8MFfVKosDGIpgXPNvgns0n1V-2Bn8C2oHN78-2FIhuA1-2FHZnxZ7xVPbHrOFcwkhDu5JaPazNfl8g65bm-2B4D98kHKwpRza1KOnppU0ooO9-2Fi2qMSru276FLqfrbZ7-2BVcENbvA-2F3n-2FUZ3k5dwSFWhy2sRpbZ4NHmXHh4BzjqWDCUOwxQ1-2FeVspnbuy68zVZidGGBGMum8dX3ae6LQ35bbOmcCran0BuhFG8CY5BPycvH7kSi9NLPeoltNZIwRf9vGatXhqT2fcy4P6WHD433JNvwbxHGtkZzSAwQAHlycZxet-2Br0sCcBL3NqLln8bWJyPdz9XVaDRIb9Q-2FPk5uZvXGmjFE9CCxTeBHqNYtPg6FYhR4OaKU5lS3-2FSw-2BPpSSWCQNO91lJgTY0LD-2FPygQ3-2BOVYltFiH8VWXY1USOckRL4WX0YfrTqUqkVH5wMWR63XKkSMZv26qCu62Qceu-2Bk06CWguxPFc6Ty1j5Q8ud-2B3BjPC97fyzk3h9rvM5sp4eQdKFZK8ME960ryMixonnceTdVBJ7YOGNjCmuoU2F31IwXU-2B4kHPC9uC5vbDoldV0lBbAw8h733xN15Zmj1J69ceqzpDGvnJ1d6qnSj00nkAPH3gRyLVzY3lzHGlM-2BpPW3A-2BBN-2Fl-2BgA-2BVyXs9RS-2Fj3W80r-2F) the U.S. Virgin Islands, Palau, Aruba, and [Thailand](https://u36605228.ct.sendgrid.net/ls/click?upn=u001.irwnA1ZB8N-2BHNL3jUmYY-2BOeeV54tu9X8J5XjoOi2vytB-2FxA-2BgVXvXh-2FYog7A2yAspF44mW5h98f3IoaeR6ruPC5AmhwrV6Xv7dyybbDW7LE-3DZruv_pb-2B40bGv8VszgSLSxZSae2hniLAOGi35ajohLqdIu8wIVCP-2FjsifAGPrnz8TzLY-2BGbl8srAF-2F6m1qdrbXJXPpRMzCCYcvK62Q-2B0OipV2Y8GJ5lS-2BnGna5mIdCR-2Faie2FHwL5QQ4WnwhdFoXxOdgINQhrArdIZiWh2gIzj15Teyb-2FZ-2BI8MFfVKosDGIpgXPNvgns0n1V-2Bn8C2oHN78-2FIhuA1-2FHZnxZ7xVPbHrOFcwkhDu5JaPazNfl8g65bm-2B4D98kHKwpRza1KOnppU0ooO9-2Fi2qMSru276FLqfrbZ7-2BVcENbvA-2F3n-2FUZ3k5dwSFWhy2sRpbZ4NHmXHh4BzjqWDCUOwxQ1-2FeVspnbuy68zVZidGGBGMum8dX3ae6LQ35bbOmcCran0BuhFG8CY5BPycvH7kSi9NLPeoltNZIwRf9vGatXhqT2fcy4P6WHD433JNvwbxHGtkZzSAwQAHlycZxet-2Br0sCcBL3NqLln8bWJyPdz9XVaDRIb9Q-2FPk5uZvXGmjFE9CCxTeBHqNYtPg6FYhR4OaKU5lS3-2FSw-2BPpSSWCQNO91lJgTY0LD-2FPygQ3-2BOVYltFiH8VWXY1USOckRL4WX0YfrTqUqkVH5wMWR63XKkSWu1kwtRmJOs-2FHaIARQf5TFVPcDCBYP3zHsewNCcJxcpag-2F-2BZImLvRG00OGkHbTO6OSq75LWGjTDFu6XyswJIk-2BXGCz5e5OA-2BnCE4-2Fp0cweacmZ5PmBtKtU1dFMY5BAsl4K79-2FdiZgfJfc-2BPtZZ7UHi-2BtX9r3KpyZFZn0MJfMOwyhGOzlfkYUI8LC3ZgQqDYqILRE-2F9z-2F7OnQW7loVTs1m), to adopt similar restrictions to protect ocean life.

While the chemical impact of sunscreens on marine environments is [well-documented](https://u36605228.ct.sendgrid.net/ls/click?upn=u001.irwnA1ZB8N-2BHNL3jUmYY-2BA3jN6PDPe8G3zUypPF1SFz8G3n-2FJAteh2rYphdnwdNkT5OyqTQbdTFhvRTNRdGlaKvtE5WSf8D70hS6naR5ufLtFXGY8iiYPURUGnyEoUZ83qvojY2KCmhA5ThA0ahqxrWs9EapjJ30WMYCXGrmRMuSCCsFCuDdeBswdeiJ-2FrsBvrRn_pb-2B40bGv8VszgSLSxZSae2hniLAOGi35ajohLqdIu8wIVCP-2FjsifAGPrnz8TzLY-2BGbl8srAF-2F6m1qdrbXJXPpRMzCCYcvK62Q-2B0OipV2Y8GJ5lS-2BnGna5mIdCR-2Faie2FHwL5QQ4WnwhdFoXxOdgINQhrArdIZiWh2gIzj15Teyb-2FZ-2BI8MFfVKosDGIpgXPNvgns0n1V-2Bn8C2oHN78-2FIhuA1-2FHZnxZ7xVPbHrOFcwkhDu5JaPazNfl8g65bm-2B4D98kHKwpRza1KOnppU0ooO9-2Fi2qMSru276FLqfrbZ7-2BVcENbvA-2F3n-2FUZ3k5dwSFWhy2sRpbZ4NHmXHh4BzjqWDCUOwxQ1-2FeVspnbuy68zVZidGGBGMum8dX3ae6LQ35bbOmcCran0BuhFG8CY5BPycvH7kSi9NLPeoltNZIwRf9vGatXhqT2fcy4P6WHD433JNvwbxHGtkZzSAwQAHlycZxet-2Br0sCcBL3NqLln8bWJyPdz9XVaDRIb9Q-2FPk5uZvXGmjFE9CCxTeBHqNYtPg6FYhR4OaKU5lS3-2FSw-2BPpSSWCQNO91lJgTY0LD-2FPygQ3-2BOVYltFiH8VWXY1USOckRL4WX0YfrTqUqkVH5wMWR63XKkSIlQzzt8laftdMP8iPTACW6PzG6WrUt1oF9FkXEKc4hrtqZCnjlNNiaDXzERX6u3aETdDdIHdRAX07xrgHuQ7U11kRJB8xy5QaGtOaq81TfAoYSirKQUNdZYZFxjlvkHjOY8zrR16XkHbgdElkoU5XlWxBMJXFZweukEIfRAYyfpMvZ4EQHOFzyAjDiGu8gr0Y2NQWeeN6fUisNcrmMqu2), critics argue that the personal care product (PCP) industry doesn’t always honor the principles of the [2018 legislation passed by Hawaii](https://u36605228.ct.sendgrid.net/ls/click?upn=u001.irwnA1ZB8N-2BHNL3jUmYY-2BHbuqNyhZe2eYE3hKI7QxNS6KHfMej3hlY7RgvJrKbUQFRArem4oB1i0FqmMJ81BqdjlFp7pkrzG61pW55w-2BRs6yC7kKncO7tlksuEpKBI9ETHi2_pb-2B40bGv8VszgSLSxZSae2hniLAOGi35ajohLqdIu8wIVCP-2FjsifAGPrnz8TzLY-2BGbl8srAF-2F6m1qdrbXJXPpRMzCCYcvK62Q-2B0OipV2Y8GJ5lS-2BnGna5mIdCR-2Faie2FHwL5QQ4WnwhdFoXxOdgINQhrArdIZiWh2gIzj15Teyb-2FZ-2BI8MFfVKosDGIpgXPNvgns0n1V-2Bn8C2oHN78-2FIhuA1-2FHZnxZ7xVPbHrOFcwkhDu5JaPazNfl8g65bm-2B4D98kHKwpRza1KOnppU0ooO9-2Fi2qMSru276FLqfrbZ7-2BVcENbvA-2F3n-2FUZ3k5dwSFWhy2sRpbZ4NHmXHh4BzjqWDCUOwxQ1-2FeVspnbuy68zVZidGGBGMum8dX3ae6LQ35bbOmcCran0BuhFG8CY5BPycvH7kSi9NLPeoltNZIwRf9vGatXhqT2fcy4P6WHD433JNvwbxHGtkZzSAwQAHlycZxet-2Br0sCcBL3NqLln8bWJyPdz9XVaDRIb9Q-2FPk5uZvXGmjFE9CCxTeBHqNYtPg6FYhR4OaKU5lS3-2FSw-2BPpSSWCQNO91lJgTY0LD-2FPygQ3-2BOVYltFiH8VWXY1USOckRL4WX0YfrTqUqkVH5wMWR63XKkSMrMPDu-2FLx6w1WvjdpiFICEHgvLFtnyL7vd9eAsYgjOiP6kFWFWSHJd8xGUHEq8yNBL2vSZU2EcyupULQ6PRWeUMMTHMQ6vBtFQpSpNw4N0yGaQod8SVmxHVSbCOTIyTmFxf9OcppIzDzQLCXfjeZvYTDOX4nGk4Lb1JgqEgLi3kHkTzIs0h8eRcjKyPJgvMSplZd6qxoMD3XDbmBYeAJB).

**How the Chemicals in Sunscreen Are Harming Ocean Life**

According to a 2023 [National Geographic](https://u36605228.ct.sendgrid.net/ls/click?upn=u001.irwnA1ZB8N-2BHNL3jUmYY-2BNCTZ6V0-2BJCLzizyLuDr-2B9LNy6-2Be0Y7KW4nfMXHFnc5ND-2Fi4q79GUbLezWXqKyJh3pwlSyk0D-2FbCCJteQGYC3c0E0y5V0r3lZ8N7-2FEuYWMPe6GgDYR-2B4NdIuaBDobdOAW1s1It2WXl1wVGWaSptQvxo-3Dgyhz_pb-2B40bGv8VszgSLSxZSae2hniLAOGi35ajohLqdIu8wIVCP-2FjsifAGPrnz8TzLY-2BGbl8srAF-2F6m1qdrbXJXPpRMzCCYcvK62Q-2B0OipV2Y8GJ5lS-2BnGna5mIdCR-2Faie2FHwL5QQ4WnwhdFoXxOdgINQhrArdIZiWh2gIzj15Teyb-2FZ-2BI8MFfVKosDGIpgXPNvgns0n1V-2Bn8C2oHN78-2FIhuA1-2FHZnxZ7xVPbHrOFcwkhDu5JaPazNfl8g65bm-2B4D98kHKwpRza1KOnppU0ooO9-2Fi2qMSru276FLqfrbZ7-2BVcENbvA-2F3n-2FUZ3k5dwSFWhy2sRpbZ4NHmXHh4BzjqWDCUOwxQ1-2FeVspnbuy68zVZidGGBGMum8dX3ae6LQ35bbOmcCran0BuhFG8CY5BPycvH7kSi9NLPeoltNZIwRf9vGatXhqT2fcy4P6WHD433JNvwbxHGtkZzSAwQAHlycZxet-2Br0sCcBL3NqLln8bWJyPdz9XVaDRIb9Q-2FPk5uZvXGmjFE9CCxTeBHqNYtPg6FYhR4OaKU5lS3-2FSw-2BPpSSWCQNO91lJgTY0LD-2FPygQ3-2BOVYltFiH8VWXY1USOckRL4WX0YfrTqUqkVH5wMWR63XKkQqQKtDyUqpCO5bwaTtgTUCvOrwmZsA1UqSjZoPriKDtv8uEhfno3U87ow-2Boti6Jr65aNoRGjBsydz-2FmhOY64-2FVWAo1dwtYCyamgfCZqakBDJuNrUMez6IhPjOluRDFwPzdUETzaG3lzMAWCe6-2FEXvqqU53lNkvEbLt63tLQKFpaMP63sFOR6VzLmJ67-2F7mpMd0w9GEFwndolB0iPZJaQIJ) article, “14,000 tons of sunscreen are thought to wash into the oceans each year,” and 82,000 chemicals from PCPs are found in the seas.

In a 2022 [study](https://u36605228.ct.sendgrid.net/ls/click?upn=u001.irwnA1ZB8N-2BHNL3jUmYY-2BPYVzBolZqoH9pbj18uU7gtZhIPQwa202HoIS2i6MpSdZPddS9rGD7Kv7MVtU1kp7T1lLrAnTAUMZF46vdKqthCfeZtSZK-2F4Gn7zljQWD32TyYDwz9E7DOXMr4M2IJTBDAYJh4SohRFG80JE9h7akow-3DzOSK_pb-2B40bGv8VszgSLSxZSae2hniLAOGi35ajohLqdIu8wIVCP-2FjsifAGPrnz8TzLY-2BGbl8srAF-2F6m1qdrbXJXPpRMzCCYcvK62Q-2B0OipV2Y8GJ5lS-2BnGna5mIdCR-2Faie2FHwL5QQ4WnwhdFoXxOdgINQhrArdIZiWh2gIzj15Teyb-2FZ-2BI8MFfVKosDGIpgXPNvgns0n1V-2Bn8C2oHN78-2FIhuA1-2FHZnxZ7xVPbHrOFcwkhDu5JaPazNfl8g65bm-2B4D98kHKwpRza1KOnppU0ooO9-2Fi2qMSru276FLqfrbZ7-2BVcENbvA-2F3n-2FUZ3k5dwSFWhy2sRpbZ4NHmXHh4BzjqWDCUOwxQ1-2FeVspnbuy68zVZidGGBGMum8dX3ae6LQ35bbOmcCran0BuhFG8CY5BPycvH7kSi9NLPeoltNZIwRf9vGatXhqT2fcy4P6WHD433JNvwbxHGtkZzSAwQAHlycZxet-2Br0sCcBL3NqLln8bWJyPdz9XVaDRIb9Q-2FPk5uZvXGmjFE9CCxTeBHqNYtPg6FYhR4OaKU5lS3-2FSw-2BPpSSWCQNO91lJgTY0LD-2FPygQ3-2BOVYltFiH8VWXY1USOckRL4WX0YfrTqUqkVH5wMWR63XKkR3DWStqTQ-2FNTz-2BVx1uf2T64pK5cjn77bLw2BlUjlifU-2F-2FSjkNgo0VOSY7xxyTi9URcy80yq9FId-2FmPT7SwX7CZmbTRmIvwZI-2B5oSfI8Gsm4VpgCaJoqF3VL4LVZ8iiULEPZLfSU5ovpNuJYEAj-2F-2BXXKJFuP-2FPCA3lhp9X8iolL6OVolCG1VH5cJ6keYYEo7Fbu7jR6mU2tGQ-2F-2F2PuVN3SO), scientists from Stanford University revealed that animals process oxybenzone and UV radiation differently than humans; their metabolic systems alter the molecule in ways that make it reactive under sunlight, producing harmful reactive oxygen species that damage cells.

“The way sunscreens work is they chemically occlude the sun,” said oceanographer and educator [David Hastings](https://u36605228.ct.sendgrid.net/ls/click?upn=u001.irwnA1ZB8N-2BHNL3jUmYY-2BEs9rWttVey5EbjXnC9DFdE3B1EShIprAu8YoWAlyLnnxJvJTNT3o52XlP3s5OeMxQ-3D-3DcyeG_pb-2B40bGv8VszgSLSxZSae2hniLAOGi35ajohLqdIu8wIVCP-2FjsifAGPrnz8TzLY-2BGbl8srAF-2F6m1qdrbXJXPpRMzCCYcvK62Q-2B0OipV2Y8GJ5lS-2BnGna5mIdCR-2Faie2FHwL5QQ4WnwhdFoXxOdgINQhrArdIZiWh2gIzj15Teyb-2FZ-2BI8MFfVKosDGIpgXPNvgns0n1V-2Bn8C2oHN78-2FIhuA1-2FHZnxZ7xVPbHrOFcwkhDu5JaPazNfl8g65bm-2B4D98kHKwpRza1KOnppU0ooO9-2Fi2qMSru276FLqfrbZ7-2BVcENbvA-2F3n-2FUZ3k5dwSFWhy2sRpbZ4NHmXHh4BzjqWDCUOwxQ1-2FeVspnbuy68zVZidGGBGMum8dX3ae6LQ35bbOmcCran0BuhFG8CY5BPycvH7kSi9NLPeoltNZIwRf9vGatXhqT2fcy4P6WHD433JNvwbxHGtkZzSAwQAHlycZxet-2Br0sCcBL3NqLln8bWJyPdz9XVaDRIb9Q-2FPk5uZvXGmjFE9CCxTeBHqNYtPg6FYhR4OaKU5lS3-2FSw-2BPpSSWCQNO91lJgTY0LD-2FPygQ3-2BOVYltFiH8VWXY1USOckRL4WX0YfrTqUqkVH5wMWR63XKkRPw7WVvN7xA-2FeslKyr4iWwmx8fdoNOTPM-2Ba1LihJ1s0fF5kjy84yYoDSw9doDgG8hPHynqyHFxgMbUxNKrCP-2F4VLc4KwsRPQJLijG359Y3gMAwGBSyo6u0ydVKuh8yn-2F6TpLYJYMljt0naX-2Fr1cZ4MRpMBroB1n8iZuvFGvwcnWNEpoPi5QbMcnJ4BYMZy9sQLXt-2BbP-2BlQzgPO6R0lRttd) in an interview for this article. “And if you’re a coral trying to make a living by photosynthesizing, your symbiotic algae are sitting there, dying for the light.”

Even mineral sunscreens marketed as “reef-safe” can pose risks to ocean ecosystems under certain conditions. While they avoid chemical UV filters, many products contain zinc oxide or titanium dioxide, which are manufactured as nanoparticles. Due to their small size, these nanoparticles can bypass water treatment systems and bioaccumulate in marine organisms, [according](https://u36605228.ct.sendgrid.net/ls/click?upn=u001.irwnA1ZB8N-2BHNL3jUmYY-2BPlKSySdpjp1E3wiUlwR00sdP3xB-2FinEIfdGpSa7rGi-2B6v14pMiFM4aP0tDyk2FM9g-3D-3DlFbe_pb-2B40bGv8VszgSLSxZSae2hniLAOGi35ajohLqdIu8wIVCP-2FjsifAGPrnz8TzLY-2BGbl8srAF-2F6m1qdrbXJXPpRMzCCYcvK62Q-2B0OipV2Y8GJ5lS-2BnGna5mIdCR-2Faie2FHwL5QQ4WnwhdFoXxOdgINQhrArdIZiWh2gIzj15Teyb-2FZ-2BI8MFfVKosDGIpgXPNvgns0n1V-2Bn8C2oHN78-2FIhuA1-2FHZnxZ7xVPbHrOFcwkhDu5JaPazNfl8g65bm-2B4D98kHKwpRza1KOnppU0ooO9-2Fi2qMSru276FLqfrbZ7-2BVcENbvA-2F3n-2FUZ3k5dwSFWhy2sRpbZ4NHmXHh4BzjqWDCUOwxQ1-2FeVspnbuy68zVZidGGBGMum8dX3ae6LQ35bbOmcCran0BuhFG8CY5BPycvH7kSi9NLPeoltNZIwRf9vGatXhqT2fcy4P6WHD433JNvwbxHGtkZzSAwQAHlycZxet-2Br0sCcBL3NqLln8bWJyPdz9XVaDRIb9Q-2FPk5uZvXGmjFE9CCxTeBHqNYtPg6FYhR4OaKU5lS3-2FSw-2BPpSSWCQNO91lJgTY0LD-2FPygQ3-2BOVYltFiH8VWXY1USOckRL4WX0YfrTqUqkVH5wMWR63XKkTejbMNfVx4aqSnx8xsKrrW97UGVbsFXGXMCKjGxMlvZ90WCwQk0YgwOwylayPRXmXlbIrnsUrP640oRFBUuuaa0ojDvdp9bdDlfr2f1dFjamNtMk0yV3tIsaJqWtu4AHkWJ-2BmNhxo7SLVaR-2F2BMjZwusv1LlgTnObVsyaRwYLjZOKG4ARe6zjH8gY-2F4A-2Bn2BwQOjpeuQbl-2BtU81M6cdHW0) to a 2018 study published in Science of The Total Environment.

“Current research has only scratched the surface of understanding how these chemicals can affect marine life,” [notes](https://u36605228.ct.sendgrid.net/ls/click?upn=u001.irwnA1ZB8N-2BHNL3jUmYY-2BNJRNyS6QGBx5hCs4UZ6oIhkDfUursCnrVxCtnECbjCIfv2OCbEWz-2FqJY3-2BC3iKOGEhli4ZGhCBsn5swwNxkB5S3WOThhhHehCfqWPfHWradhdZ7aPTwTJh5o4tzUEq-2BKkPtimownX9VtAAmcWkNOlw-3Dz3fD_pb-2B40bGv8VszgSLSxZSae2hniLAOGi35ajohLqdIu8wIVCP-2FjsifAGPrnz8TzLY-2BGbl8srAF-2F6m1qdrbXJXPpRMzCCYcvK62Q-2B0OipV2Y8GJ5lS-2BnGna5mIdCR-2Faie2FHwL5QQ4WnwhdFoXxOdgINQhrArdIZiWh2gIzj15Teyb-2FZ-2BI8MFfVKosDGIpgXPNvgns0n1V-2Bn8C2oHN78-2FIhuA1-2FHZnxZ7xVPbHrOFcwkhDu5JaPazNfl8g65bm-2B4D98kHKwpRza1KOnppU0ooO9-2Fi2qMSru276FLqfrbZ7-2BVcENbvA-2F3n-2FUZ3k5dwSFWhy2sRpbZ4NHmXHh4BzjqWDCUOwxQ1-2FeVspnbuy68zVZidGGBGMum8dX3ae6LQ35bbOmcCran0BuhFG8CY5BPycvH7kSi9NLPeoltNZIwRf9vGatXhqT2fcy4P6WHD433JNvwbxHGtkZzSAwQAHlycZxet-2Br0sCcBL3NqLln8bWJyPdz9XVaDRIb9Q-2FPk5uZvXGmjFE9CCxTeBHqNYtPg6FYhR4OaKU5lS3-2FSw-2BPpSSWCQNO91lJgTY0LD-2FPygQ3-2BOVYltFiH8VWXY1USOckRL4WX0YfrTqUqkVH5wMWR63XKkTio2-2BmYiCQfPRbxsDzEd6uJQt4m96EnWgIqYeQxk9ohZEM-2B1Wn-2Bhic2AzbUlhJil22xiIf0AyN3HJ0UqMduGi8tw5z1z5mTA3ZgIE-2FHtiWWIZOJ2rJcVBJARP91pFoIqmj7fWBrx6kfnFv1vnHMF3o-2FCl3EY4f-2Fg2x9s7LnJsjZqZ2Cw2k8vCILuZFre4XRf3dimF-2BEKlUQYA4PCGGkXd1) lead author of a 2025 report, Anneliese Hodge, PhD researcher at Plymouth Marine Laboratory and the University of Plymouth. “What’s particularly concerning is that these compounds are considered ‘pseudo-persistent pollutants’ due to their continuous introduction into marine environments as well as an overall lack of understanding of how they then interact with others in the sea.”

PCPs expose aquatic environments to various chemicals, including [synthetic polymers](https://u36605228.ct.sendgrid.net/ls/click?upn=u001.irwnA1ZB8N-2BHNL3jUmYY-2BAi8VXAzkUiH6MY7wx0DNwFnOATfRsH4n0rpPbCI-2BHBJS-2FYFCuTSJk2Ae4bQ4v-2FR6HlSCrIEf7jEga7K01zCvVYNU30EPOiawmxzz2ETapiEnnYq_pb-2B40bGv8VszgSLSxZSae2hniLAOGi35ajohLqdIu8wIVCP-2FjsifAGPrnz8TzLY-2BGbl8srAF-2F6m1qdrbXJXPpRMzCCYcvK62Q-2B0OipV2Y8GJ5lS-2BnGna5mIdCR-2Faie2FHwL5QQ4WnwhdFoXxOdgINQhrArdIZiWh2gIzj15Teyb-2FZ-2BI8MFfVKosDGIpgXPNvgns0n1V-2Bn8C2oHN78-2FIhuA1-2FHZnxZ7xVPbHrOFcwkhDu5JaPazNfl8g65bm-2B4D98kHKwpRza1KOnppU0ooO9-2Fi2qMSru276FLqfrbZ7-2BVcENbvA-2F3n-2FUZ3k5dwSFWhy2sRpbZ4NHmXHh4BzjqWDCUOwxQ1-2FeVspnbuy68zVZidGGBGMum8dX3ae6LQ35bbOmcCran0BuhFG8CY5BPycvH7kSi9NLPeoltNZIwRf9vGatXhqT2fcy4P6WHD433JNvwbxHGtkZzSAwQAHlycZxet-2Br0sCcBL3NqLln8bWJyPdz9XVaDRIb9Q-2FPk5uZvXGmjFE9CCxTeBHqNYtPg6FYhR4OaKU5lS3-2FSw-2BPpSSWCQNO91lJgTY0LD-2FPygQ3-2BOVYltFiH8VWXY1USOckRL4WX0YfrTqUqkVH5wMWR63XKkS-2FwFYBBKYQj30scZrqnzIRdIOqDVI-2FDEwSq1JG0fVl-2B2gVJYvIz4ho2E6-2BpZ6WtI4ArCSY6bW65dQzmsCXNvW8YOlRtCk-2FhD91vFRDQUeYDmlAqgBG3JMWDORemGX37DqsDyV-2BDXUHvJW6duKRbytgHv7Me26RMioRLO24WECWh0oN3-2FqnImBd1FQS-2FwWDKO2yCOqGCoSbpIq7jnV4QjHx), [microplastics](https://u36605228.ct.sendgrid.net/ls/click?upn=u001.irwnA1ZB8N-2BHNL3jUmYY-2BI47KsQ3TqWzp-2Ba6KxR3q0ibikBuh9iSgcxniDd0k2ql90QY_pb-2B40bGv8VszgSLSxZSae2hniLAOGi35ajohLqdIu8wIVCP-2FjsifAGPrnz8TzLY-2BGbl8srAF-2F6m1qdrbXJXPpRMzCCYcvK62Q-2B0OipV2Y8GJ5lS-2BnGna5mIdCR-2Faie2FHwL5QQ4WnwhdFoXxOdgINQhrArdIZiWh2gIzj15Teyb-2FZ-2BI8MFfVKosDGIpgXPNvgns0n1V-2Bn8C2oHN78-2FIhuA1-2FHZnxZ7xVPbHrOFcwkhDu5JaPazNfl8g65bm-2B4D98kHKwpRza1KOnppU0ooO9-2Fi2qMSru276FLqfrbZ7-2BVcENbvA-2F3n-2FUZ3k5dwSFWhy2sRpbZ4NHmXHh4BzjqWDCUOwxQ1-2FeVspnbuy68zVZidGGBGMum8dX3ae6LQ35bbOmcCran0BuhFG8CY5BPycvH7kSi9NLPeoltNZIwRf9vGatXhqT2fcy4P6WHD433JNvwbxHGtkZzSAwQAHlycZxet-2Br0sCcBL3NqLln8bWJyPdz9XVaDRIb9Q-2FPk5uZvXGmjFE9CCxTeBHqNYtPg6FYhR4OaKU5lS3-2FSw-2BPpSSWCQNO91lJgTY0LD-2FPygQ3-2BOVYltFiH8VWXY1USOckRL4WX0YfrTqUqkVH5wMWR63XKkREYm2bJh1muYIcHKuu4qdvsw0vEwVOh3DdNiICU0c3dvkXVgm8xyTYim5g6WEdwU0D0BZHmag7QBIGbpW443OgWo0Jv9VbDslsE8X3IFG2XAmPip9AU6QbhPulYUZnij2JiipRmc48kDAkMugRQm51Ooxyb5f6t4dBS2vjazekXXyCsIeZm-2BYlcth5NPLyLCzVkhFwcyX-2FYiAG6parnESA), s[iloxanes](https://u36605228.ct.sendgrid.net/ls/click?upn=u001.irwnA1ZB8N-2BHNL3jUmYY-2BDFmygjQcCkLdoU8oqchBNtFwegZ1WriT2aBDj-2F-2FupxMhk4Dlnyh8Ex1eB3IGXzxEKao-2FH8IUi3afDt6332TF4nZMqTk8npAPg2g81gEneIJeVK9SF1LyRQcYb27i14Rng-3D-3DBpKn_pb-2B40bGv8VszgSLSxZSae2hniLAOGi35ajohLqdIu8wIVCP-2FjsifAGPrnz8TzLY-2BGbl8srAF-2F6m1qdrbXJXPpRMzCCYcvK62Q-2B0OipV2Y8GJ5lS-2BnGna5mIdCR-2Faie2FHwL5QQ4WnwhdFoXxOdgINQhrArdIZiWh2gIzj15Teyb-2FZ-2BI8MFfVKosDGIpgXPNvgns0n1V-2Bn8C2oHN78-2FIhuA1-2FHZnxZ7xVPbHrOFcwkhDu5JaPazNfl8g65bm-2B4D98kHKwpRza1KOnppU0ooO9-2Fi2qMSru276FLqfrbZ7-2BVcENbvA-2F3n-2FUZ3k5dwSFWhy2sRpbZ4NHmXHh4BzjqWDCUOwxQ1-2FeVspnbuy68zVZidGGBGMum8dX3ae6LQ35bbOmcCran0BuhFG8CY5BPycvH7kSi9NLPeoltNZIwRf9vGatXhqT2fcy4P6WHD433JNvwbxHGtkZzSAwQAHlycZxet-2Br0sCcBL3NqLln8bWJyPdz9XVaDRIb9Q-2FPk5uZvXGmjFE9CCxTeBHqNYtPg6FYhR4OaKU5lS3-2FSw-2BPpSSWCQNO91lJgTY0LD-2FPygQ3-2BOVYltFiH8VWXY1USOckRL4WX0YfrTqUqkVH5wMWR63XKkQ7942zPad4dhazjEFhXCV7gGcGgRQpYlY7VWf5mLsTi9G2hP1LABocFyRp46LQw7i0nSg2Ycx9B-2B6GoHd5nFz7VkvSimXXCfz2uxZq8NjNG06jYX3CPBMESZsLZ3vojbVyyxZ-2FWbXsJvEKULRCfciwPAGtvu6H0v3lLUz-2BERLcs5VzEd9ROoNReLQrCdNtZy9pO5iQTxO9OHKxj-2FfOKxlT), and [parabens](https://u36605228.ct.sendgrid.net/ls/click?upn=u001.irwnA1ZB8N-2BHNL3jUmYY-2BA3jN6PDPe8G3zUypPF1SFz-2F9fFxD5I2on9viora-2FvuLyZgZZSzwvbrxkUzXGgC5jQ-3D-3DgVc2_pb-2B40bGv8VszgSLSxZSae2hniLAOGi35ajohLqdIu8wIVCP-2FjsifAGPrnz8TzLY-2BGbl8srAF-2F6m1qdrbXJXPpRMzCCYcvK62Q-2B0OipV2Y8GJ5lS-2BnGna5mIdCR-2Faie2FHwL5QQ4WnwhdFoXxOdgINQhrArdIZiWh2gIzj15Teyb-2FZ-2BI8MFfVKosDGIpgXPNvgns0n1V-2Bn8C2oHN78-2FIhuA1-2FHZnxZ7xVPbHrOFcwkhDu5JaPazNfl8g65bm-2B4D98kHKwpRza1KOnppU0ooO9-2Fi2qMSru276FLqfrbZ7-2BVcENbvA-2F3n-2FUZ3k5dwSFWhy2sRpbZ4NHmXHh4BzjqWDCUOwxQ1-2FeVspnbuy68zVZidGGBGMum8dX3ae6LQ35bbOmcCran0BuhFG8CY5BPycvH7kSi9NLPeoltNZIwRf9vGatXhqT2fcy4P6WHD433JNvwbxHGtkZzSAwQAHlycZxet-2Br0sCcBL3NqLln8bWJyPdz9XVaDRIb9Q-2FPk5uZvXGmjFE9CCxTeBHqNYtPg6FYhR4OaKU5lS3-2FSw-2BPpSSWCQNO91lJgTY0LD-2FPygQ3-2BOVYltFiH8VWXY1USOckRL4WX0YfrTqUqkVH5wMWR63XKkTpZulUlCZyhpkw7zmINtIzrj8J7EA63vqplcOnQ7OzuVdljb2CRM4Is1qiRka-2FEEHkHDOWbd6Hl5EVd8YKjqCiDuChmGU7jmtODs9uVZThs0ic6zysf7-2Bsral5dMtotuXlGtH3Cep8MEibBWV2ENLrvFj0i2k0oMcOnQv5x8C7LtrGP3GSDp4ofd4nln3VlQj-2FjZBLNyeWczy74U-2Fs4zdc).

Notably, microplastics—or microbeads—in facial scrubs and body washes have become one of the most visible examples of hidden plastic pollution; marine organisms—from plankton to fish—ingest the tiny plastic particles, which leads to oxidative stress, endocrine disruption, reduced growth, and altered behavior, according to a 2022 [study](https://u36605228.ct.sendgrid.net/ls/click?upn=u001.irwnA1ZB8N-2BHNL3jUmYY-2BDFmygjQcCkLdoU8oqchBNsziD0kSHxoJ5hoO11ekCHMdMKHyNCvE8bI6P1kg01lXtNCFf0ujmXcxoL-2BOL9AAvHR-2BRi-2Fm9nQPsPpdJ8Ed4ZAVC4yY1Lgtq5LpLmKCazW8Q-3D-3Dn1Jr_pb-2B40bGv8VszgSLSxZSae2hniLAOGi35ajohLqdIu8wIVCP-2FjsifAGPrnz8TzLY-2BGbl8srAF-2F6m1qdrbXJXPpRMzCCYcvK62Q-2B0OipV2Y8GJ5lS-2BnGna5mIdCR-2Faie2FHwL5QQ4WnwhdFoXxOdgINQhrArdIZiWh2gIzj15Teyb-2FZ-2BI8MFfVKosDGIpgXPNvgns0n1V-2Bn8C2oHN78-2FIhuA1-2FHZnxZ7xVPbHrOFcwkhDu5JaPazNfl8g65bm-2B4D98kHKwpRza1KOnppU0ooO9-2Fi2qMSru276FLqfrbZ7-2BVcENbvA-2F3n-2FUZ3k5dwSFWhy2sRpbZ4NHmXHh4BzjqWDCUOwxQ1-2FeVspnbuy68zVZidGGBGMum8dX3ae6LQ35bbOmcCran0BuhFG8CY5BPycvH7kSi9NLPeoltNZIwRf9vGatXhqT2fcy4P6WHD433JNvwbxHGtkZzSAwQAHlycZxet-2Br0sCcBL3NqLln8bWJyPdz9XVaDRIb9Q-2FPk5uZvXGmjFE9CCxTeBHqNYtPg6FYhR4OaKU5lS3-2FSw-2BPpSSWCQNO91lJgTY0LD-2FPygQ3-2BOVYltFiH8VWXY1USOckRL4WX0YfrTqUqkVH5wMWR63XKkTT5h4XoIsKvcsqAjvMJRkcDEx-2FnURo-2BCbMRJqGv7e1vgaB8UMVpV2Pk-2FwUC2FvdIvmprxK5YwVwBf91PoTdBsMsEb0TuxfbcKg3vmZMCATVflif9W2DpqO5rJ7wcABGwx-2FRTVXBMpvR0p5z53gpC4rRJC3Wte9UrLfCSXdjIpGWqWanRpfeb6NdjNbndYjrhV4FPZAwOpWNO8ZxgkDmG2f) published in Frontiers in Environmental Science.

Scientists warn that claims about “biodegradable” or “organic” microbeads made from plant starches, cellulose, or bioplastics such as polylactic acid can be misleading. Once released into the environment, these materials behave much like conventional plastics: They do not dissolve or readily break down in water and instead accumulate in rivers and oceans, according to the [United Nations Environment Program](https://u36605228.ct.sendgrid.net/ls/click?upn=u001.irwnA1ZB8N-2BHNL3jUmYY-2BCcT0Wrzn-2B1RiEtw4nyW9qmayoqbMA1yj-2BoAsoCjXxCgHjfn5r0AcF1yOWFACbEIk-2BR1WofVueN-2FasqSVTnWR-2B2t7JLUnSWJ9UiIFAjHZ-2F39MyNVF8s49-2Bie4Oo2kw3ztq0kCdjW3DdCZZmHZR6HUqA-3D8q7D_pb-2B40bGv8VszgSLSxZSae2hniLAOGi35ajohLqdIu8wIVCP-2FjsifAGPrnz8TzLY-2BGbl8srAF-2F6m1qdrbXJXPpRMzCCYcvK62Q-2B0OipV2Y8GJ5lS-2BnGna5mIdCR-2Faie2FHwL5QQ4WnwhdFoXxOdgINQhrArdIZiWh2gIzj15Teyb-2FZ-2BI8MFfVKosDGIpgXPNvgns0n1V-2Bn8C2oHN78-2FIhuA1-2FHZnxZ7xVPbHrOFcwkhDu5JaPazNfl8g65bm-2B4D98kHKwpRza1KOnppU0ooO9-2Fi2qMSru276FLqfrbZ7-2BVcENbvA-2F3n-2FUZ3k5dwSFWhy2sRpbZ4NHmXHh4BzjqWDCUOwxQ1-2FeVspnbuy68zVZidGGBGMum8dX3ae6LQ35bbOmcCran0BuhFG8CY5BPycvH7kSi9NLPeoltNZIwRf9vGatXhqT2fcy4P6WHD433JNvwbxHGtkZzSAwQAHlycZxet-2Br0sCcBL3NqLln8bWJyPdz9XVaDRIb9Q-2FPk5uZvXGmjFE9CCxTeBHqNYtPg6FYhR4OaKU5lS3-2FSw-2BPpSSWCQNO91lJgTY0LD-2FPygQ3-2BOVYltFiH8VWXY1USOckRL4WX0YfrTqUqkVH5wMWR63XKkT7o-2BWDn9iq6zYxjK5g3xyp0px-2B6FDs9ED6X92dq2y2pjN4fFFY78in0eQFS1b2xbkSFzuR4wAZFFsi1riWh1BKsunKqisoAUTRMi4gtF2SChsZeQvgyexlI5-2BabHEugK0bEj-2BrP3Zgd-2F5-2FMsCDxeHe-2BgqJ8DxjANg51CPy4uKGHCkb27gPuBWmyd5HqIPW0euSFUklB0rZPUKMt-2B5obdC6).

**The Business of ‘Bluewashing’**

While sunscreens exposed the problem, chemical hazards extend across the spectrum of personal care products, and the industry’s growth only magnifies the stakes. Valued at $54.36 billion in 2024, the PCP market is projected to reach $90.40 billion by 2032, according to figures provided by [Fortune Business Insights](https://u36605228.ct.sendgrid.net/ls/click?upn=u001.irwnA1ZB8N-2BHNL3jUmYY-2BH8lQdCCNauOu804wGxFq5LMKvOGA7o-2FXa0342U13KeUs3dKF-2FNPqYmZV0kjU11FQo742FL1t0iDPXb9XDLuBNsde1Q2abXCyq3fBl2Kpy3LD60-2FHtQNvtn6dgfWxdiRTfQBfZ4XOgM3inKMdBBPe-2FU-3DEYSH_pb-2B40bGv8VszgSLSxZSae2hniLAOGi35ajohLqdIu8wIVCP-2FjsifAGPrnz8TzLY-2BGbl8srAF-2F6m1qdrbXJXPpRMzCCYcvK62Q-2B0OipV2Y8GJ5lS-2BnGna5mIdCR-2Faie2FHwL5QQ4WnwhdFoXxOdgINQhrArdIZiWh2gIzj15Teyb-2FZ-2BI8MFfVKosDGIpgXPNvgns0n1V-2Bn8C2oHN78-2FIhuA1-2FHZnxZ7xVPbHrOFcwkhDu5JaPazNfl8g65bm-2B4D98kHKwpRza1KOnppU0ooO9-2Fi2qMSru276FLqfrbZ7-2BVcENbvA-2F3n-2FUZ3k5dwSFWhy2sRpbZ4NHmXHh4BzjqWDCUOwxQ1-2FeVspnbuy68zVZidGGBGMum8dX3ae6LQ35bbOmcCran0BuhFG8CY5BPycvH7kSi9NLPeoltNZIwRf9vGatXhqT2fcy4P6WHD433JNvwbxHGtkZzSAwQAHlycZxet-2Br0sCcBL3NqLln8bWJyPdz9XVaDRIb9Q-2FPk5uZvXGmjFE9CCxTeBHqNYtPg6FYhR4OaKU5lS3-2FSw-2BPpSSWCQNO91lJgTY0LD-2FPygQ3-2BOVYltFiH8VWXY1USOckRL4WX0YfrTqUqkVH5wMWR63XKkTdXOSTyC4ME2R-2Bgf8Ol167oYl-2Bh94r9dh-2BUBmBqk9ou2dPl9Tjoq-2BXwNF4zeBP79zEomx6-2BDAF6NcR2mzdjtw-2F0maY2OPhD8JqfoUIEORhmEq4FknNq22bY6PRmNUWuRd2j8KSKpOzyKtPWRWBd6mNPYsa6NdGu8ATFT-2F1qf8Zuekob8GF2vZMDltu-2B28A-2Fxp-2Fvh1Cics8Tz6r9zCaGu4P) for 2025.

Although the overall personal care sector grew by a modest 2 percent in 2021, sales of “clean” beauty products jumped 8.1 percent, with items free of [parabens, sulfates, and phthalates](https://u36605228.ct.sendgrid.net/ls/click?upn=u001.irwnA1ZB8N-2BHNL3jUmYY-2BFWbBNGHgBuhJaqP5cEzYXPwZuCc1o7a-2BLtpgj-2B9Gy6MYSg88w3f78SAHbAowCwmaIX6nf7C1QCThNQ0-2Bb24c-2FfEyPDlVvvYwdUBWQf6uN9-2FwVom_pb-2B40bGv8VszgSLSxZSae2hniLAOGi35ajohLqdIu8wIVCP-2FjsifAGPrnz8TzLY-2BGbl8srAF-2F6m1qdrbXJXPpRMzCCYcvK62Q-2B0OipV2Y8GJ5lS-2BnGna5mIdCR-2Faie2FHwL5QQ4WnwhdFoXxOdgINQhrArdIZiWh2gIzj15Teyb-2FZ-2BI8MFfVKosDGIpgXPNvgns0n1V-2Bn8C2oHN78-2FIhuA1-2FHZnxZ7xVPbHrOFcwkhDu5JaPazNfl8g65bm-2B4D98kHKwpRza1KOnppU0ooO9-2Fi2qMSru276FLqfrbZ7-2BVcENbvA-2F3n-2FUZ3k5dwSFWhy2sRpbZ4NHmXHh4BzjqWDCUOwxQ1-2FeVspnbuy68zVZidGGBGMum8dX3ae6LQ35bbOmcCran0BuhFG8CY5BPycvH7kSi9NLPeoltNZIwRf9vGatXhqT2fcy4P6WHD433JNvwbxHGtkZzSAwQAHlycZxet-2Br0sCcBL3NqLln8bWJyPdz9XVaDRIb9Q-2FPk5uZvXGmjFE9CCxTeBHqNYtPg6FYhR4OaKU5lS3-2FSw-2BPpSSWCQNO91lJgTY0LD-2FPygQ3-2BOVYltFiH8VWXY1USOckRL4WX0YfrTqUqkVH5wMWR63XKkQWlzg2qr4vwmPvYlA6M-2BtjOiqdu6F7fnT9Rtsj2YkQaMTFckyMDXJ1ITQmXMl-2BkpXQaWPsuGJxUe5g8-2BPXXa-2FUcFxY3Q8gskZCmYY3PrDy6uxpipd73z670hPkyic8GSyXrZj1LgGZFN1A38WzAquD4IvAgtFqfnlr0TLwqNmP9Pda25SUV10pgWKR4jWvuKSQuVi6HtmScAdJS4dA1rkW) showing the most substantial gains at 13 percent, according to [data](https://u36605228.ct.sendgrid.net/ls/click?upn=u001.irwnA1ZB8N-2BHNL3jUmYY-2BEZ83imLaEzxFhn-2BIN5OHs3z9OYjhJ7tIDnbheY1Ukfo4VZnOGB-2F1-2FBJ08HEElr-2Fv57W9cK5i9NyfCSZzcZFJ3Wbg0YLzfy0n2fBLu2a-2Be4-2FVo7IGYOMwGCfiMtuVUnUWw-3D-3DtyQk_pb-2B40bGv8VszgSLSxZSae2hniLAOGi35ajohLqdIu8wIVCP-2FjsifAGPrnz8TzLY-2BGbl8srAF-2F6m1qdrbXJXPpRMzCCYcvK62Q-2B0OipV2Y8GJ5lS-2BnGna5mIdCR-2Faie2FHwL5QQ4WnwhdFoXxOdgINQhrArdIZiWh2gIzj15Teyb-2FZ-2BI8MFfVKosDGIpgXPNvgns0n1V-2Bn8C2oHN78-2FIhuA1-2FHZnxZ7xVPbHrOFcwkhDu5JaPazNfl8g65bm-2B4D98kHKwpRza1KOnppU0ooO9-2Fi2qMSru276FLqfrbZ7-2BVcENbvA-2F3n-2FUZ3k5dwSFWhy2sRpbZ4NHmXHh4BzjqWDCUOwxQ1-2FeVspnbuy68zVZidGGBGMum8dX3ae6LQ35bbOmcCran0BuhFG8CY5BPycvH7kSi9NLPeoltNZIwRf9vGatXhqT2fcy4P6WHD433JNvwbxHGtkZzSAwQAHlycZxet-2Br0sCcBL3NqLln8bWJyPdz9XVaDRIb9Q-2FPk5uZvXGmjFE9CCxTeBHqNYtPg6FYhR4OaKU5lS3-2FSw-2BPpSSWCQNO91lJgTY0LD-2FPygQ3-2BOVYltFiH8VWXY1USOckRL4WX0YfrTqUqkVH5wMWR63XKkS86wNLSVbXhehmqDpyig-2B4-2FukgkF82hGaDJdG28rGGlbyWIZJJAe3XZK-2BacCptxNKLYOVO1aLNOvmj4Owv4-2FZoHdnavTM8XQ4oLt5ETEUSwWyjIKDjM-2F-2Bdc5jR0p-2Blao6z9ejTJxPOEM8s-2BZanxJx8PbsF-2FI3ZlAymJCCm4KQfFmVfXtE5bFrmhG-2B2VVsnH3bZ5h-2BW1OvdJQoxM-2BCofAkr) from global marketing research firm NielsenIQ.

This shift in consumer behavior is reinforced by a 2020 McKinsey & Company [survey](https://u36605228.ct.sendgrid.net/ls/click?upn=u001.irwnA1ZB8N-2BHNL3jUmYY-2BG-2BmoibxkrlYRSztQt9Bo2el4z7x6FMk1JR6rMhpXPS1k-2BHFLO8sMQ63V92EnaSTOsgp3-2FaCgvcEIgx8ePWJ4wxDUBoieB5it4Ia31-2FvDSYr1KScSAlAo1zQbEiBnb3uAl74HV8c0WGwfqY3XwxCY7sHFKS1Gb3IlpJ6-2BVgBw36awH6Q_pb-2B40bGv8VszgSLSxZSae2hniLAOGi35ajohLqdIu8wIVCP-2FjsifAGPrnz8TzLY-2BGbl8srAF-2F6m1qdrbXJXPpRMzCCYcvK62Q-2B0OipV2Y8GJ5lS-2BnGna5mIdCR-2Faie2FHwL5QQ4WnwhdFoXxOdgINQhrArdIZiWh2gIzj15Teyb-2FZ-2BI8MFfVKosDGIpgXPNvgns0n1V-2Bn8C2oHN78-2FIhuA1-2FHZnxZ7xVPbHrOFcwkhDu5JaPazNfl8g65bm-2B4D98kHKwpRza1KOnppU0ooO9-2Fi2qMSru276FLqfrbZ7-2BVcENbvA-2F3n-2FUZ3k5dwSFWhy2sRpbZ4NHmXHh4BzjqWDCUOwxQ1-2FeVspnbuy68zVZidGGBGMum8dX3ae6LQ35bbOmcCran0BuhFG8CY5BPycvH7kSi9NLPeoltNZIwRf9vGatXhqT2fcy4P6WHD433JNvwbxHGtkZzSAwQAHlycZxet-2Br0sCcBL3NqLln8bWJyPdz9XVaDRIb9Q-2FPk5uZvXGmjFE9CCxTeBHqNYtPg6FYhR4OaKU5lS3-2FSw-2BPpSSWCQNO91lJgTY0LD-2FPygQ3-2BOVYltFiH8VWXY1USOckRL4WX0YfrTqUqkVH5wMWR63XKkRpj1-2BWG7nkDPykz4SblaP4ZPCs-2Bm15-2FhkCfWWTAYfIC6u2eGspPmAYD-2FfEM9g1FYMybhxSGvJAHXPPvMrMo9mHtfGBripP4hFcaN24Jppl2ATSoHpuzA-2B-2FDoYjwmygn5Eqc6p0o9Y-2BI5P1SZ4nWeIFc8wzbtPC9DeCdjeU-2FOZ5a2l-2FJ7bcR5aJQd5bXvl4FwyAwwiwUkTvxVuUJ9NRrqLN), which found that between 60 percent and 70 percent of U.S. consumers are willing to pay more for products with sustainable packaging. Other [research](https://u36605228.ct.sendgrid.net/ls/click?upn=u001.irwnA1ZB8N-2BHNL3jUmYY-2BJf3Lfjc198-2Fme54YDE22RIH2Mf22gwfti51tQn-2BLDmPehX4Fse7TzsjzTp7Ayb40BjSCBybwRgDKMddVv-2FvTnp0eBUiJR8dhxPiU4Fn7jQp4BTc1-2FeFRf74xxzBTH9Nz3-2BcTjaLYXB7cg3GuHV0MmU-3DgDv7_pb-2B40bGv8VszgSLSxZSae2hniLAOGi35ajohLqdIu8wIVCP-2FjsifAGPrnz8TzLY-2BGbl8srAF-2F6m1qdrbXJXPpRMzCCYcvK62Q-2B0OipV2Y8GJ5lS-2BnGna5mIdCR-2Faie2FHwL5QQ4WnwhdFoXxOdgINQhrArdIZiWh2gIzj15Teyb-2FZ-2BI8MFfVKosDGIpgXPNvgns0n1V-2Bn8C2oHN78-2FIhuA1-2FHZnxZ7xVPbHrOFcwkhDu5JaPazNfl8g65bm-2B4D98kHKwpRza1KOnppU0ooO9-2Fi2qMSru276FLqfrbZ7-2BVcENbvA-2F3n-2FUZ3k5dwSFWhy2sRpbZ4NHmXHh4BzjqWDCUOwxQ1-2FeVspnbuy68zVZidGGBGMum8dX3ae6LQ35bbOmcCran0BuhFG8CY5BPycvH7kSi9NLPeoltNZIwRf9vGatXhqT2fcy4P6WHD433JNvwbxHGtkZzSAwQAHlycZxet-2Br0sCcBL3NqLln8bWJyPdz9XVaDRIb9Q-2FPk5uZvXGmjFE9CCxTeBHqNYtPg6FYhR4OaKU5lS3-2FSw-2BPpSSWCQNO91lJgTY0LD-2FPygQ3-2BOVYltFiH8VWXY1USOckRL4WX0YfrTqUqkVH5wMWR63XKkRFzr3RjGhothAmRJaSbrZmf2VuL2cRUjOZgjTG-2BLf8p8Dcy3rn-2BMwMMs4Mr-2B8P3DPJTNDAwxVVWPcMz5aaKsf6xPE4jiojLGQEd2GLPyPu1e3acn7WB-2FELqA48-2BeDqgKA7CWG-2FyU1XtPCCxEe56UVSRFp3JvoEONAyfVHVFyzWnu6QhpwfXab6kskfdYOKv-2FvA5oA0jVRpW-2FA7NxeyZ8V0) indicates that 68 percent will pay extra for items that specifically promote commitments to ocean conservation.

*[Content truncated due to length...]*

---

*From [CounterPunch.org](https://www.counterpunch.org/) via [this RSS feed](https://www.counterpunch.org/feed/)*"
youtube:UgwEGW96okWPviw1Y-h4AaABAg.9AjbXI0WaKG9AolMT2Jfvj,youtube,😀😀😀,😀😀😀
youtube:UgyrHfgLb45AI_IknGl4AaABAg,youtube,big ups dude!,big ups dude!
youtube:UgytFO3oMYtPH13V0uR4AaABAg.9d4fhgC5PVp9d7Skbjwkmx,youtube,"Another great frame of reference, thank you. I appreciate your contribution :)","Another great frame of reference, thank you. I appreciate your contribution :)"
