evidence_id,source_type,title,authors,year,doi,url,publisher,journal,source_kind,is_peer_reviewed_venue,cited_by,keywords,country,method,sample,finding,domain,query,query_id,retrieval_api,raw_capture_path,retrieved_at,relevance_score,domains_all,crossref_type,crossref_container,evidence_strength
W3196365168,article,Nutrient Use in Vertical Farming: Optimal Electrical Conductivity of Nutrient Solution for Growth of Lettuce and Basil in Hydroponic Cultivation,Hadis Hosseini; Vahid Mozafari; Hamid Reza Roosta; Hossein Shirani; Paulien C. H. van de Vlasakker; Mosen Farhangi,2021,https://doi.org/10.3390/horticulturae7090283,https://doi.org/10.3390/horticulturae7090283,Multidisciplinary Digital Publishing Institute,Horticulturae,journal,True,77,vertical farming; hydroponics; electrical conductivity; nutrient solution; Hoagland solution; lettuce; Ocimum basilicum; plant growth,IR; SE,experiment,,,nutrients_ph_ec,electrical conductivity nutrient solution lettuce,AC_nutrients_ph_ec_7322,openalex,data/raw/academic/academic_20261007T192501Z/openalex_nutrients_ph_ec_electrical_conductivity_nutrient_solutio.json.gz,2026-10-07T19:25:13Z,158.99442,ai_prediction|nutrients_ph_ec,journal-article,Horticulturae,E5
W4412063293,article,IoT Implementation for Hydroponic Water Monitoring Using Web-Based pH and TDS Sensors with Node-Red,Mochammad Faisal; Adnan Nuur Bachtiar; Muhammad Darwis,2025,https://doi.org/10.31326/jisa.v8i1.2209,https://doi.org/10.31326/jisa.v8i1.2209,Trilogi University,JISA(Jurnal Informatika dan Sains),journal,True,1,hydroponics; water quality monitoring; pH sensor; total dissolved solids; Internet of Things; Node-RED dashboard; MQTT; ESP32 microcontroller,ID,system_development,,,iot_monitoring,IoT hydroponic monitoring pH TDS,AC_iot_monitoring_7054,openalex,data/raw/academic/academic_20261007T192501Z/openalex_iot_monitoring_IoT_hydroponic_monitoring_pH_TDS.json.gz,2026-10-07T19:25:16Z,143.66548,iot_monitoring,journal-article,JISA(Jurnal Informatika dan Sains),E5
W7158897042,article,Consumer Perception and Willingness to Pay for Hydroponically Grown Vegetables in Urban India,Akshith B.E; P. Vijayalakshmi,2026,https://doi.org/10.5281/zenodo.19910382,https://www.acrpub.com/index.php/iarjbm/article/view/365,,International Academic Research Journal of Business and Management,journal,True,0,hydroponic vegetables; willingness to pay; consumer perception; urban consumers; consumer awareness; health consciousness; environmental attitudes; price sensitivity,IN,survey|modelling,136 respondents,,consumer_acceptance,willingness to pay hydroponic vegetables,AC_consumer_acceptance_4257,openalex,data/raw/academic/academic_20261007T192501Z/openalex_consumer_acceptance_willingness_to_pay_hydroponic_vegetables.json.gz,2026-10-07T19:25:40Z,133.95657,consumer_acceptance,,,E5
W7159100829,article,Consumer Perception and Willingness to Pay for Hydroponically Grown Vegetables in Urban India,Akshith B.E; P. Vijayalakshmi,2026,https://doi.org/10.5281/zenodo.19910381,https://doi.org/10.5281/zenodo.19910381,,International Academic Research Journal of Business and Management,journal,True,0,hydroponic vegetables; willingness to pay; consumer perception; urban consumers; consumer awareness; health consciousness; environmental attitudes; price sensitivity,IN,survey|modelling,136 respondents,,consumer_acceptance,willingness to pay hydroponic vegetables,AC_consumer_acceptance_4257,openalex,data/raw/academic/academic_20261007T192501Z/openalex_consumer_acceptance_willingness_to_pay_hydroponic_vegetables.json.gz,2026-10-07T19:25:40Z,132.3101,consumer_acceptance,,,E5
W2769264179,article,Response of Lettuce to the Coupling Electrical Conductivity and Circulation Rate of the Nutrient Solution in Hydroponics,LIANG Hao; QI Jing-Wei; Yanhai Ji; Mingchi Liu; Wu Zhanhui,2017,https://doi.org/10.17265/1934-7391/2017.04.005,https://doi.org/10.17265/1934-7391/2017.04.005,David Publishing Company,Journal of Life Sciences,journal,True,0,lettuce; hydroponics; nutrient solution electrical conductivity; root growth; nitrate content; plant morphology; plant quality; plant factory,CN,experiment,,,nutrients_ph_ec,electrical conductivity nutrient solution lettuce,AC_nutrients_ph_ec_7322,openalex,data/raw/academic/academic_20261007T192501Z/openalex_nutrients_ph_ec_electrical_conductivity_nutrient_solutio.json.gz,2026-10-07T19:25:13Z,132.17682,nutrients_ph_ec,journal-article,Journal of Life Sciences,E5
W2001662159,article,"Growth, nutrient uptake and tipburn severity of hydroponic lettuce in response to electrical conductivity and K:Ca ratio in solution",D. O. Huett,1994,https://doi.org/10.1071/ar9940251,https://doi.org/10.1071/ar9940251,CSIRO Publishing,Australian Journal of Agricultural Research,journal,True,44,hydroponic lettuce; tipburn; potassium/calcium ratio; electrical conductivity; nutrient solution composition; calcium deficiency; potassium deficiency; nutrient uptake,,experiment|system_development,,,nutrients_ph_ec,electrical conductivity nutrient solution lettuce,AC_nutrients_ph_ec_7322,openalex,data/raw/academic/academic_20261007T192501Z/openalex_nutrients_ph_ec_electrical_conductivity_nutrient_solutio.json.gz,2026-10-07T19:25:13Z,129.84186,nutrients_ph_ec,journal-article,Australian Journal of Agricultural Research,E5
W4214633888,article,Smart Monitoring Hidroponik Berbasis Internet of Things,Muh Fahmi Rustan,2021,https://doi.org/10.31605/jcis.v4i2.1494,https://doi.org/10.31605/jcis.v4i2.1494,West Sulawesi University,Journal of Computer and Information System ( J-CIS ),journal,True,1,hydroponics; smart agriculture; Internet of Things; fuzzy logic; nutrient monitoring; water pH monitoring; water level monitoring; lettuce,ID,unspecified,,,iot_monitoring,internet of things hidroponik monitoring,AC_iot_monitoring_2807,openalex,data/raw/academic/academic_20261007T192501Z/openalex_iot_monitoring_internet_of_things_hidroponik_monitoring.json.gz,2026-10-07T19:25:19Z,129.81554,iot_monitoring,journal-article,Journal of Computer and Information System ( J-CIS ),E5
W2750946185,article,POTENSI AMPAS TEBU SEBAGAI MEDIA TANAM JAMUR TIRAM Pleurotus sp.,Nurul Hidayah; Elis Tambaru; Asadi Abdullah,2017,https://doi.org/10.20956/bioma.v2i2.2828,https://doi.org/10.20956/bioma.v2i2.2828,Hasanuddin University,BIOMA JURNAL BIOLOGI MAKASSAR,journal,True,7,sugarcane bagasse; Pleurotus; shiitake mushroom cultivation; mushroom cultivation substrate; fruiting body growth; agricultural waste utilization; mushroom yield; Makassar,ID,unspecified,,,growing_media_bagasse,ampas tebu media tanam,AC_growing_media_bagasse_7783,openalex,data/raw/academic/academic_20261007T192501Z/openalex_growing_media_bagasse_ampas_tebu_media_tanam.json.gz,2026-10-07T19:25:32Z,129.42152,growing_media_bagasse,journal-article,BIOMA : JURNAL BIOLOGI MAKASSAR,E5
W4399567894,article,Seamless Solar-Powered Hydroponics Revolutionizes Urban Farming in Indonesia,Alfin Muchtarom; Jamaluddin Jamaluddin,2024,https://doi.org/10.21070/ijins.v25i4.1192,https://doi.org/10.21070/ijins.v25i4.1192,Universitas Muhammadiyah Sidoarjo,Indonesian Journal of Innovation Studies,journal,True,1,solar energy; hydroponics; urban agriculture; automatic transfer switch; TDS sensor; NodeMCU; Blynk remote monitoring; sensor accuracy,ID,unspecified,,,indonesia_context,hydroponics Indonesia urban farming,AC_indonesia_context_9585,openalex,data/raw/academic/academic_20261007T192501Z/openalex_indonesia_context_hydroponics_Indonesia_urban_farming.json.gz,2026-10-07T19:25:43Z,127.257935,indonesia_context,journal-article,Indonesian Journal of Innovation Studies,E5
W1835377022,article,Solution Electrical Conductivity and Ratio of Nitrate to Other Nutrients Affect Accumulation of Nitrate in Hydroponic Lettuce,Martin P.N. Gent,2003,https://doi.org/10.21273/hortsci.38.2.222,https://doi.org/10.21273/hortsci.38.2.222,American Society for Horticultural Science,HortScience,journal,True,36,lettuce; nitrate accumulation; hydroponics; leaf nitrate; reduced nitrogen; irradiance; nutrient uptake; nutrient solution composition,US,experiment|modelling,,,nutrients_ph_ec,electrical conductivity nutrient solution lettuce,AC_nutrients_ph_ec_7322,openalex,data/raw/academic/academic_20261007T192501Z/openalex_nutrients_ph_ec_electrical_conductivity_nutrient_solutio.json.gz,2026-10-07T19:25:13Z,127.10892,nutrients_ph_ec,journal-article,HortScience,E5
W4294804968,review,Urban Farming in Food Security Efforts at Household Level in Indonesia: Systematic Review,Sofyan Musyabiq Wijaya,2022,https://doi.org/10.47191/ijcsrr/v5-i9-13,https://doi.org/10.47191/ijcsrr/v5-i9-13,,International Journal of Current Science Research and Review,journal,True,5,urban agriculture; household food security; urban poor; COVID-19 pandemic; food access; fruit and vegetable production; Indonesia,,unspecified,,,indonesia_context,urban farming Indonesia food security,AC_indonesia_context_9274,openalex,data/raw/academic/academic_20261007T192501Z/openalex_indonesia_context_urban_farming_Indonesia_food_security.json.gz,2026-10-07T19:25:45Z,126.42742,indonesia_context,journal-article,International Journal of Current Science Research and Review,E5
W2763214733,article,Agronomic and Economic Feasibility of Tomato and Lettuce Intercropping in a Soilless System as a Function of the Electrical Conductivity of the Nutrient Solution,Tatiana Pagan Loeiro da Cunha‐Chiamolera; Miguel Urrestarazu; Arthur Bernardes Cecílio Filho; Isidro Morales,2017,https://doi.org/10.21273/hortsci12170-17,https://doi.org/10.21273/hortsci12170-17,American Society for Horticultural Science,HortScience,journal,True,14,tomato; lettuce; intercropping; soilless cultivation; nutrient solution electrical conductivity; protected cultivation; agronomic efficiency; economic feasibility,BR; ES; MX,experiment,,,nutrients_ph_ec,electrical conductivity nutrient solution lettuce,AC_nutrients_ph_ec_7322,openalex,data/raw/academic/academic_20261007T192501Z/openalex_nutrients_ph_ec_electrical_conductivity_nutrient_solutio.json.gz,2026-10-07T19:25:13Z,126.11381,nutrients_ph_ec,journal-article,HortScience,E5
W4205133790,article,Penerapan Sistem Monitoring Hidroponik berbasis Internet of Things (IoT),Imam Fathurrahman; Muhammad Saiful; L M Samsu,2021,https://doi.org/10.29408/ab.v2i2.4219,https://doi.org/10.29408/ab.v2i2.4219,Universitas Hamzanwadi,ABSYARA Jurnal Pengabdian Pada Masyarakat,journal,True,11,hydroponics; Internet of Things; water level monitoring; water temperature monitoring; water pH monitoring; real-time monitoring; small and medium-sized enterprises; agricultural technology,ID,unspecified,,,iot_monitoring,internet of things hidroponik monitoring,AC_iot_monitoring_2807,openalex,data/raw/academic/academic_20261007T192501Z/openalex_iot_monitoring_internet_of_things_hidroponik_monitoring.json.gz,2026-10-07T19:25:19Z,125.50414,iot_monitoring,journal-article,ABSYARA: Jurnal Pengabdian Pada Masyarakat,E5
W4294816120,review,Urban Farming in Food Security Efforts at Household Level in Indonesia: Systematic Review,Sofyan Musyabiq Wijaya; Yayuk Farida Baliwati; Dian Isti Anggraini,2022,https://doi.org/10.5281/zenodo.7054814,https://zenodo.org/record/7054814,European Organization for Nuclear Research,Zenodo (CERN European Organization for Nuclear Research),repository,False,0,urban agriculture; household food security; urban poor; food access; acute malnutrition; COVID-19 pandemic; fruit and vegetable production; Indonesia,ID,unspecified,,,indonesia_context,urban farming Indonesia food security,AC_indonesia_context_9274,openalex,data/raw/academic/academic_20261007T192501Z/openalex_indonesia_context_urban_farming_Indonesia_food_security.json.gz,2026-10-07T19:25:45Z,123.402534,indonesia_context,,,E3
W3113347465,article,Sistem Kontrol dan Monitoring Tanaman Hidroponik Aeroponik Berbasis Internet of Things,Putu Denanta Bayuguna Perteka; I Nyoman Piarsa; Kadek Suar Wibawa,2020,https://doi.org/10.24843/jim.2020.v08.i03.p05,https://doi.org/10.24843/jim.2020.v08.i03.p05,Udayana University,Jurnal Ilmiah Merpati (Menara Penelitian Akademika Teknologi Informasi),journal,True,29,aeroponics; hydroponics; Internet of Things; plant monitoring; plant control systems; Raspberry Pi; Arduino Mega 2560; water level sensor,ID,system_development,,,iot_monitoring,internet of things hidroponik monitoring,AC_iot_monitoring_2807,openalex,data/raw/academic/academic_20261007T192501Z/openalex_iot_monitoring_internet_of_things_hidroponik_monitoring.json.gz,2026-10-07T19:25:19Z,120.51678,iot_monitoring,journal-article,Jurnal Ilmiah Merpati (Menara Penelitian Akademika Teknologi Informasi),E5
W2044892933,article,Green Fodder Production and Water Use Efficiency of Some Forage Crops under Hydroponic Conditions,Ghazi N. Al‐Karaki; Mediha H. Al‐Hashimi,2011,https://doi.org/10.5402/2012/924672,https://doi.org/10.5402/2012/924672,Hindawi Publishing Corporation,ISRN Agronomy,journal,True,129,hydroponics; green fodder production; water use efficiency; forage crops; alfalfa; barley; cowpea; sorghum,BH; JO,experiment,,,sustainability,hydroponic water use efficiency,AC_sustainability_9017,openalex,data/raw/academic/academic_20261007T192501Z/openalex_sustainability_hydroponic_water_use_efficiency.json.gz,2026-10-07T19:25:37Z,118.88422,sustainability,journal-article,ISRN Agronomy,E5
W3014917514,article,Water and fertilizers use efficiency in two hydroponic systems for tomato production,Rodolfo De la Rosa-Rodríguez; Alfredo Lara Herrera; Libia Iris Trejo‐Téllez; Luz E. Padilla-Bernal; Luis Octavio Solís-Sánchez; Jose Manuel Ortiz-Rodriguez,2020,https://doi.org/10.1590/s0102-053620200107,https://doi.org/10.1590/s0102-053620200107,Associação Brasileira de Olericultura,Horticultura Brasileira,journal,True,41,tomato cultivation; hydroponics; water use efficiency; fertilizer use efficiency; closed hydroponic system; recirculating nutrient solution; greenhouse cultivation; fruit yield,MX,experiment,,,sustainability,hydroponic water use efficiency,AC_sustainability_9017,openalex,data/raw/academic/academic_20261007T192501Z/openalex_sustainability_hydroponic_water_use_efficiency.json.gz,2026-10-07T19:25:37Z,117.6908,sustainability,journal-article,Horticultura Brasileira,E5
W4414415519,article,Yield and nutrient use efficiency of lettuce grown at different electrical conductivity levels of hydroponic solutions,Cleiton Dalastra; Carlos Eduardo da Silva Oliveira; Guilherme Carlos Fernandes; Arshad Jalal; Maria Carolina de Souza; Edson Cabral da Silva; Marcelo Carvalho Minhoto Teixeira Filho,2025,https://doi.org/10.1080/19315260.2025.2564829,https://doi.org/10.1080/19315260.2025.2564829,Taylor & Francis,International Journal of Vegetable Science,journal,True,4,lettuce; electrical conductivity; hydroponics; nutrient use efficiency; salt stress; nutrient accumulation; yield; micronutrients,BR; SA,experiment,,,nutrients_ph_ec,electrical conductivity nutrient solution lettuce,AC_nutrients_ph_ec_7322,openalex,data/raw/academic/academic_20261007T192501Z/openalex_nutrients_ph_ec_electrical_conductivity_nutrient_solutio.json.gz,2026-10-07T19:25:13Z,116.85081,nutrients_ph_ec,journal-article,International Journal of Vegetable Science,E5
W4393444087,article,Smart Control dan Monitoring Hidroponik Berbasis IoT (Internet of Things),Amelia Husna; Hastuti Hastuti,2023,https://doi.org/10.24036/jtein.v4i2.528,http://dx.doi.org/10.24036/jtein.v4i2.528,Padang State University,JTEIN Jurnal Teknik Elektro Indonesia,journal,True,1,hydroponics; Internet of Things; remote monitoring; automatic control; pH sensor; temperature sensors; ultrasonic sensors; Arduino Nano,ID,system_development,,,iot_monitoring,internet of things hidroponik monitoring,AC_iot_monitoring_2807,openalex,data/raw/academic/academic_20261007T192501Z/openalex_iot_monitoring_internet_of_things_hidroponik_monitoring.json.gz,2026-10-07T19:25:19Z,114.60651,iot_monitoring,journal-article,JTEIN: Jurnal Teknik Elektro Indonesia,E5
W2913112927,article,Pertumbuhan Jamur tiram Putih (Pleurotus ostreatus) pada Berbagai Komposisi Media Tanam Limbah Kardus dan Ampas tebu,Nurul Iqraini D,2016,,http://repositori.uin-alauddin.ac.id/12866/,,,,False,0,Pleurotus ostreatus; white button mushroom cultivation; cardboard waste; sugarcane bagasse; mycelial growth rate; mushroom yield,,unspecified,,,growing_media_bagasse,ampas tebu media tanam,AC_growing_media_bagasse_7783,openalex,data/raw/academic/academic_20261007T192501Z/openalex_growing_media_bagasse_ampas_tebu_media_tanam.json.gz,2026-10-07T19:25:32Z,114.11164,growing_media_bagasse,,,E3
W4416825938,article,The Role of the Millennial Generation in Developing Urban Farming as a Food Security Solution for Times of Crisis in Indonesia,Eri Yusnita Arvianti; Irawan Setyabudi; Retno Ayu Dewi Novita,2025,https://doi.org/10.37637/ab.v8i3.2393,https://doi.org/10.37637/ab.v8i3.2393,Universitas Panji Sakti,Agro Bali Agricultural Journal,journal,True,0,urban agriculture; millennials; food security; innovation adoption; entrepreneurial ability; sustainability awareness; technical knowledge; Malang Regency,ID,survey,,,indonesia_context,urban farming Indonesia food security,AC_indonesia_context_9274,openalex,data/raw/academic/academic_20261007T192501Z/openalex_indonesia_context_urban_farming_Indonesia_food_security.json.gz,2026-10-07T19:25:45Z,113.5567,indonesia_context,journal-article,Agro Bali : Agricultural Journal,E5
W4385288836,article,Tomato Fruiting Quality Prediction Using Hydroponics and Machine Learning,Aldrin J. Soriano; Cherry G. Pascion; Timothy M. Amado; Edmon O. Fernandez; Nilo M. Arago,2023,https://doi.org/10.47191/ijmra/v6-i7-50,http://dx.doi.org/10.47191/ijmra/v6-i7-50,,INTERNATIONAL JOURNAL OF MULTIDISCIPLINARY RESEARCH AND ANALYSIS,journal,True,0,hydroponics; fruit quality prediction; microclimate; sensor-based monitoring; random forest; supervised learning; k-nearest neighbors; support vector machine,PH,modelling,,,ai_prediction,machine learning hydroponics prediction,AC_ai_prediction_4621,openalex,data/raw/academic/academic_20261007T192501Z/openalex_ai_prediction_machine_learning_hydroponics_prediction.json.gz,2026-10-07T19:25:23Z,113.44068,ai_prediction,journal-article,INTERNATIONAL JOURNAL OF MULTIDISCIPLINARY RESEARCH AND ANALYSIS,E5
W4385229528,article,Tomato Fruiting Quality Prediction Using Hydroponics and Machine Learning,Aldrin J. Soriano; Cherry G. Pascion; Timothy M. Amado; Edmon O. Fernandez; Nilo M. Arago,2023,https://doi.org/10.5281/zenodo.8183074,https://zenodo.org/record/8183074,European Organization for Nuclear Research,Zenodo (CERN European Organization for Nuclear Research),repository,False,0,hydroponics; fruit quality prediction; microclimate; sensor-based monitoring; random forest; k-nearest neighbors; support vector machine; decision tree,PH,modelling,,,ai_prediction,machine learning hydroponics prediction,AC_ai_prediction_4621,openalex,data/raw/academic/academic_20261007T192501Z/openalex_ai_prediction_machine_learning_hydroponics_prediction.json.gz,2026-10-07T19:25:23Z,112.99833,ai_prediction,,,E3
W7160388792,article,"Urban farming, poor households, and family food security: A study in metropolitan cities in Indonesia",Sugeng Harianto; Refti Handini Listyani; Dewien Nabielah Agustin; Rizky Trisna Putri; Ahmad Farhan Ridwan,2026,https://doi.org/10.31893/multirev.2026499,https://doi.org/10.31893/multirev.2026499,,Multidisciplinary Reviews,journal,True,0,urban agriculture; household food security; low-income households; community gardens; diet quality; food availability; urbanization; Surabaya,ID,survey|case_study,150 households,,indonesia_context,urban farming Indonesia food security,AC_indonesia_context_9274,openalex,data/raw/academic/academic_20261007T192501Z/openalex_indonesia_context_urban_farming_Indonesia_food_security.json.gz,2026-10-07T19:25:45Z,112.73526,indonesia_context,journal-article,Multidisciplinary Reviews,E5
W4400570652,article,"THE ROLE OF URBAN FARMING TO HOUSEHOLD FOOD SECURITY IN THE SURAKARTA CITY, INDONESIA",Umi Barokah; Wiwit Rahayu; Ernoiz Antriyandarti,2023,https://doi.org/10.14710/agrisocionomics.v7i3.15942,https://doi.org/10.14710/agrisocionomics.v7i3.15942,Diponegoro University,Agrisocionomics Jurnal Sosial Ekonomi Pertanian,journal,True,4,urban agriculture; household food security; food expenditure; energy consumption; food insecurity; Surakarta; household income,ID,survey|case_study,60 households,,indonesia_context,urban farming Indonesia food security,AC_indonesia_context_9274,openalex,data/raw/academic/academic_20261007T192501Z/openalex_indonesia_context_urban_farming_Indonesia_food_security.json.gz,2026-10-07T19:25:45Z,112.58609,indonesia_context,journal-article,Agrisocionomics: Jurnal Sosial Ekonomi Pertanian,E5
W7117461925,article,"Pengaruh Media Tanam Ampas Tebu, Ampas Teh Serta Intensitas Penyiraman Air Teh Terhadap Pertumbuhan Tanaman Cabai Merah Keriting (Capsicum annum L.)",Hasni Ummul Hasanah; Ani  Qotul Chotimah; Ismul Mauludin Al Habib,2025,https://doi.org/10.31537/biosapphire.v4i2.2632,https://doi.org/10.31537/biosapphire.v4i2.2632,Universitas PGRI Argopuro Jember,BIOSAPPHIRE Jurnal Biologi dan Diversitas,journal,True,0,red long pepper; Capsicum annuum; planting media; sugarcane bagasse; irrigation intensity; plant growth; organic fertilizer,ID,unspecified,,,growing_media_bagasse,ampas tebu media tanam,AC_growing_media_bagasse_7783,openalex,data/raw/academic/academic_20261007T192501Z/openalex_growing_media_bagasse_ampas_tebu_media_tanam.json.gz,2026-10-07T19:25:32Z,112.414795,growing_media_bagasse,journal-article,BIOSAPPHIRE: Jurnal Biologi dan Diversitas,E5
W4417225482,article,EMPOWERING COMMUNITIES THROUGH HYDROPONIC FARMING AS A SUSTAINABLE APPROACH TO FOOD SECURITY IN URBAN INDONESIA,Agustinus RUSTANTA; Marta SANJAYA,2025,https://doi.org/10.33068/iccd.v7i1.848,https://doi.org/10.33068/iccd.v7i1.848,,ICCD,conference,False,1,hydroponics; community empowerment; urban food security; urban agriculture; food self-sufficiency; pesticide-free vegetables; participatory training; microenterprises,ID,survey,,,indonesia_context,urban farming Indonesia food security,AC_indonesia_context_9274,openalex,data/raw/academic/academic_20261007T192501Z/openalex_indonesia_context_urban_farming_Indonesia_food_security.json.gz,2026-10-07T19:25:45Z,112.18904,indonesia_context,journal-article,ICCD,E3
W7210274985,article,Consumer perception and willingness to pay a premium for hydroponic vegetables in Urban India: Evidence from empirical investigation,Vijay Kumar; Mehul G Thakkar; Swati S Sharma,2026,https://doi.org/10.33545/26180723.2026.v9.i9b.4175,https://doi.org/10.33545/26180723.2026.v9.i9b.4175,,International Journal of Agriculture Extension and Social Development,journal,True,0,hydroponic vegetables; consumer perception; willingness to pay premium; purchase intention; consumer awareness; urban consumers; pesticide-free produce; retail channels,IN,survey|case_study,,,consumer_acceptance,willingness to pay hydroponic vegetables,AC_consumer_acceptance_4257,openalex,data/raw/academic/academic_20261007T192501Z/openalex_consumer_acceptance_willingness_to_pay_hydroponic_vegetables.json.gz,2026-10-07T19:25:40Z,111.67499,consumer_acceptance,journal-article,International Journal of Agriculture Extension and Social Development,E5
W4388723157,article,Current perspective on nutrient solution management strategies to improve the nutrient and water use efficiency in hydroponic systems,Elham Fathidarehnijeh; Muhammad Nadeem; Mumtaz Akhtar Cheema; Raymond Thomas; Mano Krishnapillai; Lakshman Galagedara,2023,https://doi.org/10.1139/cjps-2023-0034,https://doi.org/10.1139/cjps-2023-0034,Canadian Science Publishing,Canadian Journal of Plant Science,journal,True,90,hydroponics; nutrient solution management; nutrient use efficiency; water use efficiency; nutrient solution monitoring; electrical conductivity; ion-selective electrodes; recirculating nutrient solution,CA,review,,,sustainability,hydroponic water use efficiency,AC_sustainability_9017,openalex,data/raw/academic/academic_20261007T192501Z/openalex_sustainability_hydroponic_water_use_efficiency.json.gz,2026-10-07T19:25:37Z,111.24112,nutrients_ph_ec|sustainability,journal-article,Canadian Journal of Plant Science,E5
W4367460195,article,Kontrol Nutrisi Tanaman Hidroponik Berbasis Monitoring Internet of Things,Rouhillah Rouhillah; Inzar Salfikar; Maulidi Ichan,2022,https://doi.org/10.30630/eji.14.2.306,https://doi.org/10.30630/eji.14.2.306,Politeknik Negeri Padang,Elektron Jurnal Ilmiah,journal,True,4,hydroponics; nutrient control; Internet of Things; NodeMCU ESP8266; Firebase; total dissolved solids sensor; sensor data acquisition,ID,unspecified,,,iot_monitoring,internet of things hidroponik monitoring,AC_iot_monitoring_2807,openalex,data/raw/academic/academic_20261007T192501Z/openalex_iot_monitoring_internet_of_things_hidroponik_monitoring.json.gz,2026-10-07T19:25:19Z,110.914604,iot_monitoring,journal-article,Elektron : Jurnal Ilmiah,E5
W2548434856,article,Promotion of lettuce growth by application of microbubbles in nutrient solution using different rates of electrical conductivity and under periodic intermittent generation in a deep flow technique culture system,Jong Seok Park; K. Ohashi; K. Kurata; J. W. Lee,2010,https://doi.org/10.1079/ejhs.2010/1861507,https://doi.org/10.1079/ejhs.2010/1861507,Eugen Ulmer Verlag,European Journal of Horticultural Science,journal,True,20,lettuce; microbubbles; nutrient solution; electrical conductivity; hydroponics; lettuce growth; leaf fresh weight; leaf dry weight,JP; KR,experiment,,,nutrients_ph_ec,electrical conductivity nutrient solution lettuce,AC_nutrients_ph_ec_7322,openalex,data/raw/academic/academic_20261007T192501Z/openalex_nutrients_ph_ec_electrical_conductivity_nutrient_solutio.json.gz,2026-10-07T19:25:13Z,110.25097,nutrients_ph_ec,journal-article,European Journal of Horticultural Science,E5
W3168259534,article,"Soilless Cultivation System, Electrical Conductivity of Nutrient Solution, and Growing Season on Yield and Quality of Baby-Leaf Oak-Leaf Lettuce",Giulia Conversa; Anna Bonasia; Corrado Lazzizera; Antonio Elia,2021,https://doi.org/10.3390/agronomy11061220,https://doi.org/10.3390/agronomy11061220,Multidisciplinary Digital Publishing Institute,Agronomy,journal,True,22,baby leaf lettuce; floating system; hydroponics; nutrient solution electrical conductivity; salt stress; growing season; cultivar differences; leaf color,IT,experiment,,,nutrients_ph_ec,electrical conductivity nutrient solution lettuce,AC_nutrients_ph_ec_7322,openalex,data/raw/academic/academic_20261007T192501Z/openalex_nutrients_ph_ec_electrical_conductivity_nutrient_solutio.json.gz,2026-10-07T19:25:13Z,109.42543,nutrients_ph_ec,journal-article,Agronomy,E5
W7216055100,article,Monitoring Pertumbuhan Tanaman Hidroponik Berbasis Internet of Things (IoT),Iwan Fitrianto Rahmad; Aditya Arielevi; Mhei Arni Olivia; Amirul Amin PS; M Fikry Haikal,2026,https://doi.org/10.47065/bees.v6i3.9153,https://ejurnal.seminar-id.com/index.php/bees/article/view/9153,,BEES Bulletin of Electrical and Electronics Engineering,journal,True,0,Internet of Things; smart agriculture; bean sprouts; Arduino IoT Cloud; DHT11 sensor; real-time environmental monitoring; cloud dashboard,,system_development,,,iot_monitoring,internet of things hidroponik monitoring,AC_iot_monitoring_2807,openalex,data/raw/academic/academic_20261007T192501Z/openalex_iot_monitoring_internet_of_things_hidroponik_monitoring.json.gz,2026-10-07T19:25:19Z,108.65625,iot_monitoring,,,E5
W7217580187,article,Pemanfaatan Sabut Kelapa (cocos nucifera) dan Ampas Tebu (saccarum officinarum) Sebagai Media Tanam Jamur Tiram Putih (pleurotus ostreatus),Fitri Wilda; Hidayat; Try Susanti,2020,,https://edubio.ftk.uinjambi.ac.id/index.php/edubio/article/view/129,Universitas Islam Negeri Sulthan Thaha Saifuddin Jambi,EDU-BIO Jurnal Pendidikan Biologi,journal,True,0,Pleurotus ostreatus; white button mushroom cultivation; sugarcane bagasse; mushroom cultivation substrate; mycelial growth; mushroom yield; alternative substrates; Cocos nucifera,ID,unspecified,,,growing_media_bagasse,ampas tebu media tanam,AC_growing_media_bagasse_7783,openalex,data/raw/academic/academic_20261007T192501Z/openalex_growing_media_bagasse_ampas_tebu_media_tanam.json.gz,2026-10-07T19:25:32Z,108.279495,growing_media_bagasse,,,E5
W4410729350,article,Sistem Kontrol Dan Monitoring Tanaman Hidroponik Berbasis Internet of Things (IoT),Muhammad Rivansyah; Ridwan Ridwan; Firmansyah Firmansyah; Aulia Syarif Aziz,2025,https://doi.org/10.32672/jnkti.v8i1.8477,https://doi.org/10.32672/jnkti.v8i1.8477,Universitas Serambi Mekkah,Jurnal Nasional Komputasi dan Teknologi Informasi (JNKTI),journal,True,2,hydroponics; Internet of Things; plant monitoring; ESP32 microcontroller; TDS sensor; ultrasonic water level sensor; Blynk; automatic pump control,ID,system_development,,,iot_monitoring,internet of things hidroponik monitoring,AC_iot_monitoring_2807,openalex,data/raw/academic/academic_20261007T192501Z/openalex_iot_monitoring_internet_of_things_hidroponik_monitoring.json.gz,2026-10-07T19:25:19Z,108.24936,iot_monitoring,journal-article,Jurnal Nasional Komputasi dan Teknologi Informasi (JNKTI),E5
W7216173045,article,Internet of Things Smart Farming untuk Monitoring Tanaman Hidroponik,Rian Septian Anwar; Nani Agustina; Entin Sutinah,2024,https://doi.org/10.31599/1p701960,https://ejurnal.ubharajaya.ac.id/index.php/JSRCS/article/view/1480,Universitas Bhayangkara Jakarta Raya,Journal of Students‘ Research in Computer Science,journal,True,0,Internet of Things; smart agriculture; hydroponics; plant monitoring; Blynk; Arduino Nano; ESP8266; DS18B20 temperature sensor,ID,system_development,,,iot_monitoring,internet of things hidroponik monitoring,AC_iot_monitoring_2807,openalex,data/raw/academic/academic_20261007T192501Z/openalex_iot_monitoring_internet_of_things_hidroponik_monitoring.json.gz,2026-10-07T19:25:19Z,108.119064,iot_monitoring,,,E5
W2286504431,article,Water use efficiency of coriander produced in a low-cost hydroponic system,José Amilton Santos Júnior; Hans Raj Gheyi; Antônio Ramos Cavalcante; Salomão de Sousa Medeiros; Nildo da Silva Dias; Delfran Batista dos Santos,2015,https://doi.org/10.1590/1807-1929/agriambi.v19n12p1152-1158,https://doi.org/10.1590/1807-1929/agriambi.v19n12p1152-1158,Federal University of Campina Grande,Revista Brasileira de Engenharia Agrícola e Ambiental,journal,True,15,water use efficiency; coriander; hydroponics; plant spacing; water consumption; biomass production; benefit-cost ratio; semi-arid agriculture,BR,experiment,,,sustainability,hydroponic water use efficiency,AC_sustainability_9017,openalex,data/raw/academic/academic_20261007T192501Z/openalex_sustainability_hydroponic_water_use_efficiency.json.gz,2026-10-07T19:25:37Z,108.04552,sustainability,journal-article,Revista Brasileira de Engenharia Agrícola e Ambiental,E5
W1913741574,article,Pemanfaatan Ampas Tebu Dan Ampas Teh Sebagai Media Tanam Terhadap Pertumbuhan Tanaman Cabai Merah Keriting (Capsicum annum L.) Ditinjau Dari Intensitas Penyiraman Air Teh,Fajar Ronggo Aseptyo; M.Si Dra. Aminah Asngad,2013,,http://eprints.ums.ac.id/24763/1/HALAMAN_DEPAN.pdf,Universitas Surakarta,UMS Library Center of Academic Activities (Universitas Surakarta),repository,False,6,sugarcane bagasse; growing media; red long pepper; Capsicum annuum; irrigation intensity; plant growth; agro-industrial waste utilization,,unspecified,,,growing_media_bagasse,ampas tebu media tanam,AC_growing_media_bagasse_7783,openalex,data/raw/academic/academic_20261007T192501Z/openalex_growing_media_bagasse_ampas_tebu_media_tanam.json.gz,2026-10-07T19:25:32Z,107.98063,growing_media_bagasse,,,E3
W3158204429,article,"Reduction of Nitrate Content in Baby-Leaf Lettuce and Cichorium endivia Through the Soilless Cultivation System, Electrical Conductivity and Management of Nutrient Solution",Giulia Conversa; Anna Bonasia; Corrado Lazzizera; Paolo La Rotonda; Antonio Elia,2021,https://doi.org/10.3389/fpls.2021.645671,https://doi.org/10.3389/fpls.2021.645671,Frontiers Media,Frontiers in Plant Science,journal,True,41,nitrate reduction; baby leaf lettuce; endive; escarole; soilless cultivation; nutrient solution salinity; electrical conductivity; ebb and flow irrigation,IT,experiment,,,nutrients_ph_ec,electrical conductivity nutrient solution lettuce,AC_nutrients_ph_ec_7322,openalex,data/raw/academic/academic_20261007T192501Z/openalex_nutrients_ph_ec_electrical_conductivity_nutrient_solutio.json.gz,2026-10-07T19:25:13Z,107.80788,nutrients_ph_ec,journal-article,Frontiers in Plant Science,E5
W3030496222,article,Pengembangan Buku Saku Berbasis Penelitian Pengaruh Ampas Tebu Sebagai Media Tanam Jamur Tiram (Pleurotus ostreatus) Untuk Matakuliah Mikrobiologi,Rike Monica Sari; Kasrina Kasrina; Dewi Jumiarni,2020,https://doi.org/10.33369/diklabio.4.1.86-93,https://doi.org/10.33369/diklabio.4.1.86-93,University of Bengkulu,Diklabio Jurnal Pendidikan dan Pembelajaran Biologi,journal,True,7,pocket book; Pleurotus ostreatus; oyster mushroom cultivation; sugarcane pulp; mushroom cultivation substrate; protists; fungi; biology teacher education,ID,unspecified,,,growing_media_bagasse,ampas tebu media tanam,AC_growing_media_bagasse_7783,openalex,data/raw/academic/academic_20261007T192501Z/openalex_growing_media_bagasse_ampas_tebu_media_tanam.json.gz,2026-10-07T19:25:32Z,107.1999,growing_media_bagasse,journal-article,Diklabio: Jurnal Pendidikan dan Pembelajaran Biologi,E5
W4313856041,article,Water consumption and water use efficiency of ‘Biquinho’ pepper in hydroponic cultivation with brackish water,Maria Augusta Amorim Bione; Alide Mitsue Watanabe Cova; Vital Pedro da Silva Paz; Ubirani Oliveira Santos; Maria Raphaela Severo Rafael; Francisco José Nunes Modesto; Hans Raj Gheyi; Tales Miler Soares,2023,https://doi.org/10.1590/0103-8478cr20220076,https://doi.org/10.1590/0103-8478cr20220076,Universidade Federal de Santa Maria,Ciência Rural,journal,True,2,water use efficiency; water consumption; biquinho pepper; Capsicum annuum; hydroponics; nutrient film technique; brackish water; nutrient solution electrical conductivity,BR,experiment,,,sustainability,hydroponic water use efficiency,AC_sustainability_9017,openalex,data/raw/academic/academic_20261007T192501Z/openalex_sustainability_hydroponic_water_use_efficiency.json.gz,2026-10-07T19:25:37Z,106.944244,sustainability,journal-article,Ciência Rural,E5
W2060025855,article,Efficiency of water use in sunflower grown in hydroponic system under saline stress,José Amilton Santos Júnior; Hans Raj Gheyi; Doroteu Honório Guedes Filho; Frederico Antônio Loureiro Soares; Nildo da Silva Dias,2013,https://doi.org/10.1590/s0100-69162013000400011,https://doi.org/10.1590/s0100-69162013000400011,Sociedade Brasileira de Engenharia Agrícola,Engenharia Agrícola,journal,True,23,sunflower; hydroponics; salt stress; brackish water; nutrient solution salinity; water use efficiency; water consumption; plant density,BR,experiment,,,sustainability,hydroponic water use efficiency,AC_sustainability_9017,openalex,data/raw/academic/academic_20261007T192501Z/openalex_sustainability_hydroponic_water_use_efficiency.json.gz,2026-10-07T19:25:37Z,106.698204,sustainability,journal-article,Engenharia Agrícola,E5
W3126200427,article,AMMA’PRENEURSHIP: Pemberdayaan Ibu PKK Melalui Pembudidayaan Jamur Tiram Putih menggunakan Media Tanam Ampas Tebu di Desa Balangtanaya,Tivannia Pricilla Narke; A. Khaerul Anam Haeril; Abd. Khalik; Nur Indah Jaya; Nursan Kamaruddin; Zulfiki Hidayat,2020,https://doi.org/10.26858/pengabdi.v1i1.15717,http://103.76.50.195/pengabdi/article/view/15717/9102,State University of Makassar,PENGABDI,journal,True,0,white button mushroom cultivation; women's empowerment; PKK women's groups; entrepreneurship; mushroom cultivation; agricultural extension; user manual; animated video,ID,unspecified,,,growing_media_bagasse,ampas tebu media tanam,AC_growing_media_bagasse_7783,openalex,data/raw/academic/academic_20261007T192501Z/openalex_growing_media_bagasse_ampas_tebu_media_tanam.json.gz,2026-10-07T19:25:32Z,105.077866,growing_media_bagasse,,,E5
W4385075181,article,Application of Sugarcane Bagasse and Tea in Growing Media on the Growth and Yield of Red Lettuce (Lactuca sativa L. var. Crispa),Adelia Dwi Ella Sari; Intan Rohma Nurmalasari,2023,https://doi.org/10.21070/pels.v4i0.1413,http://dx.doi.org/10.21070/pels.v4i0.1413,Universitas Muhammadiyah Sidoarjo,Procedia of Engineering and Life Science,journal,True,0,sugarcane bagasse; tea waste; growing media; red lettuce; Lactuca sativa var. crispa; plant growth; crop yield; harvest index,ID,experiment,,,growing_media_bagasse,sugarcane bagasse growing media,AC_growing_media_bagasse_1624,openalex,data/raw/academic/academic_20261007T192501Z/openalex_growing_media_bagasse_sugarcane_bagasse_growing_media.json.gz,2026-10-07T19:25:27Z,105.009285,growing_media_bagasse,journal-article,Procedia of Engineering and Life Science,E5
W4407048851,article,Penerapan Arsitektur Internet Of Things Untuk Monitoring Sawi Hijau Hidroponik.,Aydil Akbar Zam; Poetri Lestari Lokapitasari; Syahrul Mubarak,2023,https://doi.org/10.33096/busiti.v4i4.1141,https://doi.org/10.33096/busiti.v4i4.1141,Indonesian Muslim University of Makassar,Buletin Sistem Informasi dan Teknologi Islam,journal,True,0,IoT architecture; plant monitoring; nutrient solution concentration; water level monitoring; remote monitoring; Android user interface,ID,unspecified,,,iot_monitoring,internet of things hidroponik monitoring,AC_iot_monitoring_2807,openalex,data/raw/academic/academic_20261007T192501Z/openalex_iot_monitoring_internet_of_things_hidroponik_monitoring.json.gz,2026-10-07T19:25:19Z,103.624435,iot_monitoring,journal-article,Buletin Sistem Informasi dan Teknologi Islam,E5
W4411019618,article,Machine Learning and Explainable AI for Thai Basil Growth Prediction in Hydroponics,Sankalp Kadam; Vinaya Vijay Gohokar; Rupali Sandip Kute,2025,https://doi.org/10.1109/access.2025.3576440,https://doi.org/10.1109/access.2025.3576440,Institute of Electrical and Electronics Engineers,IEEE Access,journal,True,9,hydroponics; deep water culture; plant growth prediction; explainable AI; SHAP; lime; voting regressor; environmental parameters,IN,modelling,,,ai_prediction,machine learning hydroponics prediction,AC_ai_prediction_4621,openalex,data/raw/academic/academic_20261007T192501Z/openalex_ai_prediction_machine_learning_hydroponics_prediction.json.gz,2026-10-07T19:25:23Z,103.18587,ai_prediction,journal-article,IEEE Access,E5
W3120107406,article,Controlled comparisons between soil and hydroponic systems reveal increased water use efficiency and higher lycopene and β-carotene contents in hydroponically grown tomatoes,Salvatore Gaetano Verdoliva; Dylan Gwyn-Jones; Andrew P. Detheridge; Paul R. H. Robson,2021,https://doi.org/10.1016/j.scienta.2021.109896,https://doi.org/10.1016/j.scienta.2021.109896,Elsevier BV,Scientia Horticulturae,journal,True,99,hydroponics; tillage; drip irrigation; deep water culture; tomato; water use efficiency; lycopene; beta-carotene,GB,experiment,,,sustainability,hydroponic water use efficiency,AC_sustainability_9017,openalex,data/raw/academic/academic_20261007T192501Z/openalex_sustainability_hydroponic_water_use_efficiency.json.gz,2026-10-07T19:25:37Z,103.160385,sustainability,journal-article,Scientia Horticulturae,E5
W4401225980,article,Urban Farming to Ensure Food Security and to Generate Cash Income During the Covid-19 Pandemic: A Case Study in Bausasran Urban Village Indonesia,Himmah Mahmudah; Subejo Subejo; Krishna Agung Santosa,2024,https://doi.org/10.31572/inotera.vol9.iss2.2024.id367,https://doi.org/10.31572/inotera.vol9.iss2.2024.id367,Politeknik Aceh Selatan,Jurnal Inotera,journal,True,2,urban agriculture; food security; COVID-19 pandemic; cash income; farmer groups; vegetable production; agritourism; community economic resilience,ID,case_study,,,indonesia_context,urban farming Indonesia food security,AC_indonesia_context_9274,openalex,data/raw/academic/academic_20261007T192501Z/openalex_indonesia_context_urban_farming_Indonesia_food_security.json.gz,2026-10-07T19:25:45Z,102.64344,indonesia_context,journal-article,Jurnal Inotera,E5
W4387544092,article,PEMANFAATAN AMPAS TEBU DAN AMPAS TEH SEBAGAI MEDIA TANAM TERHADAP PERTUMBUHAN TANAMAN CABAI MERAH KERITING (Capsicum annum L.) DITINJAU DARI INTENSITAS PENYIRAMAN AIR TEH,Mawan Eko Defriatno,2023,https://doi.org/10.31537/jernih.v1i01.1085,http://dx.doi.org/10.31537/jernih.v1i01.1085,Universitas PGRI Argopuro Jember,JERNIH Journal of Environmental Engineering and Hygiene,journal,True,0,sugarcane bagasse; growing media; red long pepper; Capsicum annuum; plant growth; irrigation intensity; organic fertilizer; plant height,ID,unspecified,,,growing_media_bagasse,ampas tebu media tanam,AC_growing_media_bagasse_7783,openalex,data/raw/academic/academic_20261007T192501Z/openalex_growing_media_bagasse_ampas_tebu_media_tanam.json.gz,2026-10-07T19:25:32Z,102.5941,growing_media_bagasse,journal-article,JERNIH : Journal of Environmental Engineering and Hygiene,E5
W4401015126,article,Detection of Growth Stages of Chilli Plants in a Hydroponic Grower Using Machine Vision and YOLOv8 Deep Learning Algorithms,Florian Schneider; Jonas Swiatek; Mohieddine Jelali,2024,https://doi.org/10.3390/su16156420,https://doi.org/10.3390/su16156420,Multidisciplinary Digital Publishing Institute,Sustainability,journal,True,9,hydroponics; YOLOv8; object detection; machine vision; aerial views; side-view images; flowering and fruiting stages; camera systems,DE,experiment|modelling,,,ai_prediction,deep learning plant growth hydroponic,AC_ai_prediction_7042,openalex,data/raw/academic/academic_20261007T192501Z/openalex_ai_prediction_deep_learning_plant_growth_hydroponic.json.gz,2026-10-07T19:25:26Z,102.56585,ai_prediction,journal-article,Sustainability,E5
W4313005454,article,SISTEM MONITORING TANAMAN PAKCOY HIDROPONIK NUTRIENT FILM TECHNIQUE (NFT) BERBASIS INTERNET oF THINGS,Siti Ma'shumah; Ellys Kumala Pramartaningthyas,2022,https://doi.org/10.24269/mtkind.v16i1.4342,https://doi.org/10.24269/mtkind.v16i1.4342,Muhammadiyah University of Ponorogo,MULTITEK INDONESIA,journal,True,4,Brassica chinensis; hydroponics; nutrient film technique; Internet of Things; plant monitoring; fuzzy logic control; total dissolved solids sensor; ultrasonic sensors,ID,unspecified,,,iot_monitoring,internet of things hidroponik monitoring,AC_iot_monitoring_2807,openalex,data/raw/academic/academic_20261007T192501Z/openalex_iot_monitoring_internet_of_things_hidroponik_monitoring.json.gz,2026-10-07T19:25:19Z,101.40353,iot_monitoring,journal-article,MULTITEK INDONESIA,E5
W2397428258,article,"Interaction effects of water salinity and hydroponic growth medium on eggplant yield, water-use efficiency, and evapotranspiration",Farnoosh Mahjoor; Ali Asghar Ghaemi; Mohammad H. Golabi,2016,https://doi.org/10.1016/j.iswcr.2016.04.001,https://doi.org/10.1016/j.iswcr.2016.04.001,Elsevier BV,International Soil and Water Conservation Research,journal,True,41,eggplant; water salinity; water use efficiency; evapotranspiration; cocopeat; perlite; saline water irrigation; crop yield,GU; IR,experiment,,,sustainability,hydroponic water use efficiency,AC_sustainability_9017,openalex,data/raw/academic/academic_20261007T192501Z/openalex_sustainability_hydroponic_water_use_efficiency.json.gz,2026-10-07T19:25:37Z,101.13916,sustainability,journal-article,International Soil and Water Conservation Research,E5
W2621798919,article,"Impact of Sugarcane Bagasse Ash as an Amendment on the Physical Properties, Nutrient Content and Seedling Growth of a Certified Organic Greenhouse Growing Media",Charles L. Webber; Paul M. White; Douglas J. Spaunhorst; Eric C. Petrie,2017,https://doi.org/10.5539/jas.v9n7p1,https://doi.org/10.5539/jas.v9n7p1,Canadian Center of Science and Education,Journal of Agricultural Science,journal,True,18,sugarcane bagasse ash; soil amendment; soilless growing media; organic growing media; seedling growth; Phaseolus vulgaris; Chinese kale; bulk density,US,unspecified,,,growing_media_bagasse,sugarcane bagasse growing media,AC_growing_media_bagasse_1624,openalex,data/raw/academic/academic_20261007T192501Z/openalex_growing_media_bagasse_sugarcane_bagasse_growing_media.json.gz,2026-10-07T19:25:27Z,100.58058,growing_media_bagasse,journal-article,Journal of Agricultural Science,E5
W4402936961,article,Smart Farming: Integrating IoT and UAV Technologies for Precision Agriculture through the Lens of Technology Acceptance and the UTAUT2 Model,Muhammad Asyraf Bin Rodzoan,2024,https://doi.org/10.57239/pjlss-2024-22.2.00468,https://doi.org/10.57239/pjlss-2024-22.2.00468,,Pakistan Journal of Life and Social Sciences (PJLSS),journal,True,3,smart agriculture; precision agriculture; Internet of Things; unmanned aerial vehicles; technology acceptance; UTAUT2 model; crop management; irrigation automation,MY,unspecified,,,consumer_acceptance,technology acceptance model smart agriculture,AC_consumer_acceptance_2573,openalex,data/raw/academic/academic_20261007T192501Z/openalex_consumer_acceptance_technology_acceptance_model_smart_agricu.json.gz,2026-10-07T19:25:39Z,100.376434,consumer_acceptance,journal-article,Pakistan Journal of Life and Social Sciences (PJLSS),E5
W3113306510,article,A gender-differentiated analysis of climate-smart agriculture adoption by smallholder farmers: application of the extended technology acceptance model,Sizwile Khoza; Leon T. De Beer; Dewald van Niekerk; Livhuwani David Nemakonde,2020,https://doi.org/10.1080/09718524.2020.1830338,https://doi.org/10.1080/09718524.2020.1830338,Taylor & Francis,Gender Technology and Development,journal,True,70,climate-smart agriculture; technology adoption; smallholder farmers; gender differences; extended technology acceptance model; perceived ease of use; perceived usefulness; climate risk perception,ZA,unspecified,,,consumer_acceptance,technology acceptance model smart agriculture,AC_consumer_acceptance_2573,openalex,data/raw/academic/academic_20261007T192501Z/openalex_consumer_acceptance_technology_acceptance_model_smart_agricu.json.gz,2026-10-07T19:25:39Z,100.341644,consumer_acceptance,journal-article,"Gender, Technology and Development",E5
W4411834952,article,Pengaruh Pemberian Rendaman Kulit Bawang Merah (Allium cepa L.) dengan Media Tanam Ampas Tebu terhadap Pertumbuhan Tanaman Pakcoy (Brassica rapa L.),Nuri Jannah Tussadiyah Siregar; M Idris; Irda Nila Selvia,2025,https://doi.org/10.55241/spibio.v6i2.554,https://doi.org/10.55241/spibio.v6i2.554,,Spizaetus Jurnal Biologi dan Pendidikan Biologi,journal,True,0,pakcoy; Brassica rapa; red onion peel; onion; sugarcane bagasse; organic fertilizer; planting media; plant growth,ID,unspecified,,,growing_media_bagasse,ampas tebu media tanam,AC_growing_media_bagasse_7783,openalex,data/raw/academic/academic_20261007T192501Z/openalex_growing_media_bagasse_ampas_tebu_media_tanam.json.gz,2026-10-07T19:25:32Z,99.99079,growing_media_bagasse,journal-article,Spizaetus: Jurnal Biologi dan Pendidikan Biologi,E5
W1825321758,article,"Pertumbuhan Dan Hasil Jamur Tiram Putih (Pleurotus ostreatus) Pada Komposisi Media Tanam Serbuk Gergaji, Ampas Tebu Dan Kulit Pisang Yang Berbeda",Ayu Kurnia Putri,2014,,http://eprints.ums.ac.id/29665/1/HALAMAN_DEPAN.pdf,Universitas Surakarta,UMS Library Center of Academic Activities (Universitas Surakarta),repository,False,1,Pleurotus ostreatus; white button mushroom cultivation; mushroom cultivation substrate; sawdust; sugarcane bagasse; banana peel; substrate composition; mushroom yield,ID,unspecified,,,growing_media_bagasse,ampas tebu media tanam,AC_growing_media_bagasse_7783,openalex,data/raw/academic/academic_20261007T192501Z/openalex_growing_media_bagasse_ampas_tebu_media_tanam.json.gz,2026-10-07T19:25:32Z,99.90931,growing_media_bagasse,,,E3
W4312695870,article,Sistem Monitoring Tanaman Hidroponik Berbasis Internet of Things menggunakan Restful API,Karel Leo Rivaldo; I Komang Ari Mogi; I Putu Gede Hendra Suputra; Ngurah Agus Sanjaya; Dewa Made Bayu Atmaja Darmawan; Ida Bagus Gede Dwidasmara,2022,https://doi.org/10.24843/jlk.2022.v11.i01.p11,https://doi.org/10.24843/jlk.2022.v11.i01.p11,Udayana University,JELIKU (Jurnal Elektronik Ilmu Komputer Udayana),journal,True,3,Internet of Things; REST API; pH sensor; sensor data transmission; microcontroller; agricultural technology,ID,unspecified,,,iot_monitoring,internet of things hidroponik monitoring,AC_iot_monitoring_2807,openalex,data/raw/academic/academic_20261007T192501Z/openalex_iot_monitoring_internet_of_things_hidroponik_monitoring.json.gz,2026-10-07T19:25:19Z,99.37165,iot_monitoring,journal-article,JELIKU (Jurnal Elektronik Ilmu Komputer Udayana),E5
W4410760474,article,Desain Smart Nutrition Monitoring System Teknik Budidaya Hidroponik Kangkung Berbasis Internet of Things,Danang Kumara Hadi; Darma Arif Wicaksono; Rendy Anggriawan; Asih Imer Rita; Ahmad Zulfan,2023,https://doi.org/10.32528/ipteks.v8i2.7727,https://doi.org/10.32528/ipteks.v8i2.7727,Universitas Muhammadiyah Jember,Jurnal Penelitian IPTEKS,journal,True,0,water spinach; Internet of Things; Blynk; total dissolved solids sensor; DHT11 sensor; ESP8266 microcontroller; Arduino; sensor calibration,ID,system_development,,,iot_monitoring,internet of things hidroponik monitoring,AC_iot_monitoring_2807,openalex,data/raw/academic/academic_20261007T192501Z/openalex_iot_monitoring_internet_of_things_hidroponik_monitoring.json.gz,2026-10-07T19:25:19Z,98.60436,iot_monitoring,journal-article,Jurnal Penelitian IPTEKS,E5
W7218070614,article,Community-Based Urban Farming as a Sustainable Food Security Strategy: Transforming Vacant Land into Productive Green Spaces in Rural Indonesia,Lilian H. Wattimury; Yeri Alexzandro Latuperissa; Nuraini Lestaluhu; Zulkif NiniLouw; Nazma Alaili Assagaff; Triana Riruma; Nia Rizqi Amaliah; Nur Laili Rumalessin,2026,,https://ejournal.selectaedukasi.id/index.php/jppm/article/view/49,,Jurnal Penelitian dan Pengabdian kepada Masyarakat,journal,True,0,food security; vacant land utilization; green spaces; rural Indonesia; island communities; community participation; collective learning; household food expenditure,ID,case_study,,,indonesia_context,urban farming Indonesia food security,AC_indonesia_context_9274,openalex,data/raw/academic/academic_20261007T192501Z/openalex_indonesia_context_urban_farming_Indonesia_food_security.json.gz,2026-10-07T19:25:45Z,97.52243,indonesia_context,,,E5
W4313515597,article,Water Use Efficiency and Economic Evaluation of the Hydroponic versus Conventional Cultivation Systems for Green Fodder Production in Saudi Arabia,Nagat Ahmed Mustafa Elmulthum; Faisal Ibrahim Zeineldin; Suliman Ali Al-Khateeb; Khalid Mohammed Al-Barrak; Tagelsir Ahmed Mohammed; Muhammad Naeem Sattar; A. S. Mohmand,2023,https://doi.org/10.3390/su15010822,https://doi.org/10.3390/su15010822,Multidisciplinary Digital Publishing Institute,Sustainability,journal,True,37,hydroponics; water use efficiency; forage production; economic feasibility; irrigation regimes; harvesting date; dry matter yield; cost-benefit analysis,PK; SA,experiment,,,sustainability,hydroponic water use efficiency,AC_sustainability_9017,openalex,data/raw/academic/academic_20261007T192501Z/openalex_sustainability_hydroponic_water_use_efficiency.json.gz,2026-10-07T19:25:37Z,97.428734,sustainability,,,E5
W4290992083,article,Aplikasi Internet Of Things Monitoring Kebun Hidroponik Model Nft Menggunakan Panel Solar,Khairunnisak FNU,2022,https://doi.org/10.51179/tika.v7i2.1263,https://doi.org/10.51179/tika.v7i2.1263,Universitas Almuslim,Jurnal Tika,journal,True,2,hydroponic garden; nutrient film technique; Internet of Things; solar panels; real-time monitoring; mobile application; off-grid power supply,,unspecified,,,iot_monitoring,internet of things hidroponik monitoring,AC_iot_monitoring_2807,openalex,data/raw/academic/academic_20261007T192501Z/openalex_iot_monitoring_internet_of_things_hidroponik_monitoring.json.gz,2026-10-07T19:25:19Z,96.07363,iot_monitoring,,,E5
W1509373956,article,Evaluation of Some Barley Cultivars for Green Fodder Production and Water Use Efficiency under Hydroponic Conditions,Ghazi N. Al‐Karaki; N. Al-Momani,2012,,https://journals.ju.edu.jo/JJAS/article/viewFile/2584/2342,TechKnowledge General Trading,Jordan Journal of Agricultural Sciences,journal,True,47,barley cultivars; green mass yield; water use efficiency; forage quality; crude protein; rainfed agriculture,JO,experiment,,,sustainability,hydroponic water use efficiency,AC_sustainability_9017,openalex,data/raw/academic/academic_20261007T192501Z/openalex_sustainability_hydroponic_water_use_efficiency.json.gz,2026-10-07T19:25:37Z,95.74236,sustainability,,,E5
W420031121,article,Growth of Dieffenbachia amoena ‘Tropic Snow’ in Growing Media Containing Sugarcane Bagasse and Sawdust Vermicompost -,Ali Mahboub Khomami; Mohammadoov Goshgar Moharam,2014,,http://jornamental.iaurasht.ac.ir/article_513321_f2267b591b83cba3ac0ef3993a1032d2.pdf,,Journal of ornamental and horticultural plants,journal,True,5,peat replacement; ornamental plant growth; waste valorization,AZ; IR,unspecified,,,growing_media_bagasse,sugarcane bagasse growing media,AC_growing_media_bagasse_1624,openalex,data/raw/academic/academic_20261007T192501Z/openalex_growing_media_bagasse_sugarcane_bagasse_growing_media.json.gz,2026-10-07T19:25:27Z,95.73457,growing_media_bagasse,,,E5
W4416847816,article,Pengembangan Sistem Monitoring Panel Surya dan Tanaman Hidroponik Berbasis Internet of Things Bertenaga Surya,Hikam Ar-Razy; Agus Wagyana,2025,https://doi.org/10.24912/tesla.v26i2.32257,https://doi.org/10.24912/tesla.v26i2.32257,Tarumanagara University,TESLA Jurnal Teknik Elektro,journal,True,0,hydroponics; solar panel monitoring; Internet of Things; ESP32 microcontroller; solar-powered monitoring system; real-time monitoring; Firebase; Android application,ID,system_development,,,iot_monitoring,internet of things hidroponik monitoring,AC_iot_monitoring_2807,openalex,data/raw/academic/academic_20261007T192501Z/openalex_iot_monitoring_internet_of_things_hidroponik_monitoring.json.gz,2026-10-07T19:25:19Z,95.70497,iot_monitoring,,,E5
W4392837826,article,Implementasi Sistem Monitoring Kendali pada Tanaman Hidroponik Pakcoy Berbasis Internet of Things,Supriyanto Praptodiyono; Sidiq Tri Kusuma; Bagus Galang Pratama; Khoirul Safril Umam,2023,https://doi.org/10.30653/jppm.v9i1.631,http://dx.doi.org/10.30653/jppm.v9i1.631,Universitas Mathla'ul Anwar Banten,Jurnal Pengabdian Pada Masyarakat,journal,True,0,Internet of Things; mobile application; farmer training; food security; smallholder farming; work efficiency; Cilegon; agricultural technology adoption,ID,unspecified,,,iot_monitoring,internet of things hidroponik monitoring,AC_iot_monitoring_2807,openalex,data/raw/academic/academic_20261007T192501Z/openalex_iot_monitoring_internet_of_things_hidroponik_monitoring.json.gz,2026-10-07T19:25:19Z,95.67606,iot_monitoring,,,E5
W3185615334,article,SISTEM MONITORING PANEL SURYA SEBAGAI SUMBER ENERGI POMPA AIR HIDROPONIK BERBASIS INTERNET OF THINGS,Muhammad Rif’at Nor Imami; Lunde Ardhenta; Teguh Utomo,2021,,http://elektro.studentjournal.ub.ac.id/index.php/teub/article/view/1548,,Jurnal Mahasiswa TEUB,journal,True,0,solar panel monitoring; Internet of Things; solar energy; real-time monitoring; web interface; sensor-based monitoring; renewable energy,,unspecified,,,iot_monitoring,internet of things hidroponik monitoring,AC_iot_monitoring_2807,openalex,data/raw/academic/academic_20261007T192501Z/openalex_iot_monitoring_internet_of_things_hidroponik_monitoring.json.gz,2026-10-07T19:25:19Z,94.82344,iot_monitoring,,,E5
W3189777334,article,Internet of Things (IoT) pada Sistem Monitoring Kualitas Air dan Nutrisi pada Tanaman Hidroponik,Irawati Irawati; Diar Irmawati; M. Ganda Arya Permana; Mohamad Riziq Amri,2021,https://doi.org/10.36418/glosains.v2i2.18,https://doi.org/10.36418/glosains.v2i2.18,Sekolah Tinggi Agama Islam Kuningan,Glosains Jurnal Sains Global Indonesia,journal,True,0,Internet of Things; hydroponics; nutrient film technique; water quality monitoring; mobile phone tracking; IoT monitoring; agricultural automation,,unspecified,,,iot_monitoring,internet of things hidroponik monitoring,AC_iot_monitoring_2807,openalex,data/raw/academic/academic_20261007T192501Z/openalex_iot_monitoring_internet_of_things_hidroponik_monitoring.json.gz,2026-10-07T19:25:19Z,94.73187,iot_monitoring,,,E5
W4293068162,article,Scheduling a smart hydroponic system to raise water use efficiency,Ahmed Abdelhakim; Helal Samy Helal,2022,https://doi.org/10.21608/mjae.2022.148880.1080,https://doi.org/10.21608/mjae.2022.148880.1080,,Misr journal of agricultural engineering,journal,True,3,water use efficiency; cucumber; humidity sensing; culture media; perlite; composite materials; water retention; water saving,EG,experiment,,,sustainability,hydroponic water use efficiency,AC_sustainability_9017,openalex,data/raw/academic/academic_20261007T192501Z/openalex_sustainability_hydroponic_water_use_efficiency.json.gz,2026-10-07T19:25:37Z,94.17793,sustainability,,,E5
W4402023618,article,Sistem Monitoring dan Kendali Tanaman Hidroponik berbasis Internet of Things pada Smart Green House,Fiska Fadhilah; Mardi Hardjianto,2022,https://doi.org/10.70309/ticom.v11i1.69,http://dx.doi.org/10.70309/ticom.v11i1.69,,Jurnal Ticom.,journal,True,0,hydroponic plants; smart greenhouse; Internet of Things; remote plant monitoring; Android application; ESP8266 microcontroller; Firebase; temperature and humidity sensors,ID,system_development,,,iot_monitoring,internet of things hidroponik monitoring,AC_iot_monitoring_2807,openalex,data/raw/academic/academic_20261007T192501Z/openalex_iot_monitoring_internet_of_things_hidroponik_monitoring.json.gz,2026-10-07T19:25:19Z,93.97304,iot_monitoring,,,E5
W4406893216,article,"Comparing yield, nutrient uptake and water use efficiency of Nasturtium officinale cultivated in aquaponic, hydroponic, and soil systems",Parviz Alizaeh; hamid Sodaeizade; Asghar Mosleh Arani; Mohammad Ali Hakimzadeh Ardakani,2025,https://doi.org/10.1016/j.heliyon.2025.e42339,https://doi.org/10.1016/j.heliyon.2025.e42339,Elsevier BV,Heliyon,journal,True,22,watercress; aquaponics; hydroponics; tillage; soilless cultivation; water use efficiency; nutrient uptake; medicinal plants,IR,experiment,,,sustainability,hydroponic water use efficiency,AC_sustainability_9017,openalex,data/raw/academic/academic_20261007T192501Z/openalex_sustainability_hydroponic_water_use_efficiency.json.gz,2026-10-07T19:25:37Z,93.93501,sustainability,,,E5
W2794769037,article,KAJIAN ABU VULKANIK GUNUNG KELUD DAN AMPAS TEBU DALAM BERBAGAI KOMPOSISI MEDIA TANAM TERHADAP TANAMAN JAGUNG MANIS (Zea mays L. saccharata Sturt.),Muhamad Azhim El Fitroh; Agung Nugroho; Titiek Islami,2018,https://doi.org/10.21176/protan.v5i6.471,http://protan.studentjournal.ub.ac.id/index.php/protan/article/view/471,,Jurnal Produksi Tanaman,journal,True,0,sweet corn; sugarcane bagasse; growing media composition; soil amendment; plant growth; yield; stalk diameter; sugar content,,unspecified,,,growing_media_bagasse,ampas tebu media tanam,AC_growing_media_bagasse_7783,openalex,data/raw/academic/academic_20261007T192501Z/openalex_growing_media_bagasse_ampas_tebu_media_tanam.json.gz,2026-10-07T19:25:32Z,93.85296,growing_media_bagasse,,,E5
W7161826650,article,Pengembangan Internet Of Things Berbasis Fuzzy Logic Controller Dalam Monitoring Tanaman Hidroponik,Aan Tohir Efendi; Kurniabudi; Joni Devitra,2026,https://doi.org/10.33998/jakakom.2026.6.1.2313,https://doi.org/10.33998/jakakom.2026.6.1.2313,Universitas Dinamika Bangsa,Jurnal Informatika Dan Rekayasa Komputer(JAKAKOM),journal,True,0,Internet of Things; fuzzy logic controller; pH sensor; total dissolved solids; temperature sensors; ESP32 microcontroller; smart agriculture,ID,system_development,,,iot_monitoring,internet of things hidroponik monitoring,AC_iot_monitoring_2807,openalex,data/raw/academic/academic_20261007T192501Z/openalex_iot_monitoring_internet_of_things_hidroponik_monitoring.json.gz,2026-10-07T19:25:19Z,93.558205,iot_monitoring,,,E5
W2917650024,article,"Effects of Temperature and Grafting on Yield, Nutrient Uptake, and Water Use Efficiency of a Hydroponic Sweet Pepper Crop",Andreas Ropokis; Georgia Ntatsi; Constantinos Kittas; Nikolaos Katsoulas; Dimitrios Savvas,2019,https://doi.org/10.3390/agronomy9020110,https://doi.org/10.3390/agronomy9020110,Multidisciplinary Digital Publishing Institute,Agronomy,journal,True,37,sweet pepper; grafting; rootstock-scion interaction; low temperature; greenhouse temperature; water use efficiency; nutrient uptake; fruit yield,GR,experiment,,,sustainability,hydroponic water use efficiency,AC_sustainability_9017,openalex,data/raw/academic/academic_20261007T192501Z/openalex_sustainability_hydroponic_water_use_efficiency.json.gz,2026-10-07T19:25:37Z,93.29787,sustainability,,,E5
W4403998654,article,"Growth, production and water use efficiency of chicory (Cichorium endivia L.) in hydroponic systems using brackish waters",Mairton Gomes da Silva; Lucylia Suzart Alves; Tales Miler Soares; Hans Raj Gheyi; Maria Augusta Amorim Bione,2020,https://doi.org/10.13128/ahsc-8855,https://doi.org/10.13128/ahsc-8855,Firenze University Press,Advances in Horticultural Science,journal,True,8,chicory; endive; brackish water; hydroponics; deep flow technique; nutrient film technique; salt stress; water use efficiency,BR,experiment,,,sustainability,hydroponic water use efficiency,AC_sustainability_9017,openalex,data/raw/academic/academic_20261007T192501Z/openalex_sustainability_hydroponic_water_use_efficiency.json.gz,2026-10-07T19:25:37Z,93.26881,sustainability,,,E5
W4221017779,article,SISTEM KONTROL DAN MONITORING TANAMAN HIDROPONIK BERBASIS INTERNET OF THINGS (IoT) MENGGUNAKAN NODEMCU ESP32,Muh. Adrian Juniarta Hidayat; Ahmad Zuli Amrullah,2022,https://doi.org/10.33020/saintekom.v12i1.223,https://doi.org/10.33020/saintekom.v12i1.223,STMIK Palangkaraya,Jurnal SAINTEKOM,journal,True,13,hydroponics; Internet of Things; NodeMCU ESP32; remote monitoring; plant growth monitoring; real-time data transmission; web-based monitoring application,ID,system_development,,,iot_monitoring,internet of things hidroponik monitoring,AC_iot_monitoring_2807,openalex,data/raw/academic/academic_20261007T192501Z/openalex_iot_monitoring_internet_of_things_hidroponik_monitoring.json.gz,2026-10-07T19:25:19Z,93.263535,iot_monitoring,,,E5
W3031820151,article,Productivity and water use efficiency and nutritional composition of yellow maize fodder under hydroponic condition,Rachel Jemimah E; P. Tensingh Gnanaraj; S. Meenakshi Sundaram,2020,,https://www.phytojournal.com/archives/2020/vol9issue3/PartD/9-2-410-170.pdf,AkiNik Publications,Journal of Pharmacognosy and Phytochemistry,journal,True,1,yellow maize; fodder maize; hydroponics; water use efficiency; forage yield; nutritional composition; root and shoot biomass; water requirements,,unspecified,,,sustainability,hydroponic water use efficiency,AC_sustainability_9017,openalex,data/raw/academic/academic_20261007T192501Z/openalex_sustainability_hydroponic_water_use_efficiency.json.gz,2026-10-07T19:25:37Z,93.064,sustainability,,,E5
W4292552983,article,PENGARUH PEMBERIAN AMPAS TEBU PADA MEDIA TANAM TANAH TERHADAP PERTUMBUHAN TANAMAN SAWI (Brassica juncea L.) (Kajian Materi Pertumbuhan dan Perkembangan Kelas XII SMA),Rini Silvia Savitri; Suarna Samai; Suriana Gende Ede,2022,https://doi.org/10.36709/ampibi.v7i1.24070,https://doi.org/10.36709/ampibi.v7i1.24070,Universitas Halu Oleo,Ampibi Jurnal Alumni Pendidikan Biologi,journal,True,1,sugarcane bagasse; soil amendment; spinach; Brassica juncea; plant growth; plant height; leaf length and width; leaf number,ID,unspecified,,,growing_media_bagasse,ampas tebu media tanam,AC_growing_media_bagasse_7783,openalex,data/raw/academic/academic_20261007T192501Z/openalex_growing_media_bagasse_ampas_tebu_media_tanam.json.gz,2026-10-07T19:25:32Z,93.035934,growing_media_bagasse,,,E5
W4319263842,article,RANCANG BANGUN SISTEM MONITORING DAN KONTROL TANAMAN HIDROPONIK BERBASIS INTERNET OF THINGS (IOT),Panji Hidayatullah; Mira Orisa‬; Ali Mahmudi,2023,https://doi.org/10.36040/jati.v6i2.5433,https://doi.org/10.36040/jati.v6i2.5433,Institut Teknologi Nasional Malang,JATI (Jurnal Mahasiswa Teknik Informatika),journal,True,1,hydroponics; Internet of Things; Arduino Uno; NodeMCU; pH sensor; total dissolved solids; DHT22 sensor; light dependent resistor,ID,system_development,,,iot_monitoring,internet of things hidroponik monitoring,AC_iot_monitoring_2807,openalex,data/raw/academic/academic_20261007T192501Z/openalex_iot_monitoring_internet_of_things_hidroponik_monitoring.json.gz,2026-10-07T19:25:19Z,92.61348,iot_monitoring,,,E5
W4385217584,article,"Urban Farming Aquaculture as an Alternative Business for Food and Economic Security During the COVID-19 Pandemic – Case Study in the Sub-Urban Area of Jakarta, Indonesia",Haryanti Haryanti; Iskandar Iskandar; Achmad Rizal; Ratu Siti Aliah; Suhendar I Sachoemar,2023,https://doi.org/10.15244/pjoes/166362,https://doi.org/10.15244/pjoes/166362,HARD Publishing Company,Polish Journal of Environmental Studies,journal,True,5,urban aquaculture; urban agriculture; food security; economic security; COVID-19 pandemic; alternative livelihoods; tilapia farming; catfish farming,ID,survey|case_study,200 respondents,,indonesia_context,urban farming Indonesia food security,AC_indonesia_context_9274,openalex,data/raw/academic/academic_20261007T192501Z/openalex_indonesia_context_urban_farming_Indonesia_food_security.json.gz,2026-10-07T19:25:45Z,92.44619,indonesia_context,,,E5
W2164998180,article,Yield and water use efficiency of Barley fodder produced under hydroponic system in GCC countries using tertiary treated sewage effluents,Asadullah Al Ajmi; Ahmed Ali Salih; Isam Tawfik Kadim; Yahia A. Othman,2009,,https://doaj.org/article/524716090ef3409cbac9d28070eaff5b,,DOAJ (DOAJ: Directory of Open Access Journals),repository,False,40,hydroponics; water use efficiency; forage yield; feed quality; crude protein; acid detergent fiber; neutral detergent fiber; crude fiber,,experiment,,,sustainability,hydroponic water use efficiency,AC_sustainability_9017,openalex,data/raw/academic/academic_20261007T192501Z/openalex_sustainability_hydroponic_water_use_efficiency.json.gz,2026-10-07T19:25:37Z,92.196556,sustainability,,,E3
W7121030445,article,Adoption of climate-smart agriculture among Iranian farmers based on an extended technology acceptance model,Nadia Bakhshoudehnia; Homayoun Farhadian; Mahsa Saadvandi; Vahid Karimi,2026,https://doi.org/10.1007/s43621-026-02595-1,https://doi.org/10.1007/s43621-026-02595-1,Springer Nature,Discover Sustainability,journal,True,2,climate-smart agriculture; technology adoption; farmers; extended technology acceptance model; intention to use; perceived usefulness; perceived ease of use; climate change adaptation,IR,unspecified,N = 112,,consumer_acceptance,technology acceptance model smart agriculture,AC_consumer_acceptance_2573,openalex,data/raw/academic/academic_20261007T192501Z/openalex_consumer_acceptance_technology_acceptance_model_smart_agricu.json.gz,2026-10-07T19:25:39Z,91.7062,consumer_acceptance,,,E5
W4387604572,article,MONITORING KUALITAS AIR DAN KADAR NUTRISI TANAMAN HIDROPONIK BERBASIS INTERNET OF THINGS (IoT),"Arafat ,; Silvia Ratna; Wagino",2023,https://doi.org/10.31602/tji.v14i4.12755,http://dx.doi.org/10.31602/tji.v14i4.12755,Universitas Islam Kalimantan Muhammad Arsyad Al Banjary,Technologia Jurnal Ilmiah,journal,True,0,hydroponics; water quality monitoring; nutrient solution concentration; Internet of Things; ESP32 microcontroller; Blynk; Android application; water temperature,ID,system_development,,,iot_monitoring,internet of things hidroponik monitoring,AC_iot_monitoring_2807,openalex,data/raw/academic/academic_20261007T192501Z/openalex_iot_monitoring_internet_of_things_hidroponik_monitoring.json.gz,2026-10-07T19:25:19Z,91.2308,iot_monitoring,,,E5
W7220262160,article,Monitoring Sistem Monitoring pH Air Secara Realtime Pada Tanaman Hidroponik Berbasis Internet Of Things (IoT),Ronando Prasetio Panggabean,2022,,https://intechbiz.polbeng.ac.id/eprosiding/index.php/snit/article/view/271,Politeknik Negeri Bengkalis,International Conference on Industrial Technology and Business Proceeding (INTECHBIZ),journal,True,0,hydroponics; pH monitoring; real-time monitoring; Internet of Things; water quality; lettuce; NodeMCU ESP8266; automated monitoring system,ID,unspecified,,,iot_monitoring,internet of things hidroponik monitoring,AC_iot_monitoring_2807,openalex,data/raw/academic/academic_20261007T192501Z/openalex_iot_monitoring_internet_of_things_hidroponik_monitoring.json.gz,2026-10-07T19:25:19Z,91.04273,iot_monitoring,,,E5
W4381432033,article,Perancangan Sistem Monitoring Pada Hidroponik Selada (Lactuca Sativa L.) Dengan Metode NFT Berbasis Internet of Things (IoT),Agung Budi Prasetyo; Aji Brahma Nugroho; Herry Setyawan,2022,https://doi.org/10.32528/elkom.v4i2.6102,http://dx.doi.org/10.32528/elkom.v4i2.6102,Universitas Muhammadiyah Jember,Jurnal Teknik Elektro dan Komputasi (ELKOM),journal,True,6,hydroponics; nutrient film technique; lettuce; remote monitoring; Internet of Things; Blynk; water pH monitoring; temperature monitoring,ID,unspecified,,,iot_monitoring,internet of things hidroponik monitoring,AC_iot_monitoring_2807,openalex,data/raw/academic/academic_20261007T192501Z/openalex_iot_monitoring_internet_of_things_hidroponik_monitoring.json.gz,2026-10-07T19:25:19Z,90.58496,iot_monitoring,,,E5
W7117971452,article,Perancangan Alat Monitoring Dan Kontrol Air Serta Pemberian Nutrisi Pada Tanaman Hidroponik Berbasis Internet Of Things,Mutmainnah; Syarifuddin Baco; Haris Tehuayo,2025,https://doi.org/10.71466/jiktif.v2i2.117,https://doi.org/10.71466/jiktif.v2i2.117,Islamic University Makassar,Jurnal Ilmu Komputer dan Teknologi Informasi,journal,True,1,hydroponics; Internet of Things; remote monitoring; irrigation control; nutrient solution; total dissolved solids; ultrasonic water level sensor; soil temperature sensors,ID,system_development,,,iot_monitoring,internet of things hidroponik monitoring,AC_iot_monitoring_2807,openalex,data/raw/academic/academic_20261007T192501Z/openalex_iot_monitoring_internet_of_things_hidroponik_monitoring.json.gz,2026-10-07T19:25:19Z,90.567696,iot_monitoring,,,E5
W4386142427,article,The Impact of Salinity and Nutrient Regimes on the Agro-Morphological Traits and Water Use Efficiency of Tomato under Hydroponic Conditions,Rangaswamy Madugundu; Khalid A. Al‐Gaadi; ElKamil Tola; V. C. Patil; N. Sigrimis,2023,https://doi.org/10.3390/app13179564,https://doi.org/10.3390/app13179564,Multidisciplinary Digital Publishing Institute,Applied Sciences,journal,True,13,tomato; salt stress; saline water; nutrient solution; water use efficiency; hydroponics; rootstock grafting; cultivar tolerance,GR; SA,experiment,,,sustainability,hydroponic water use efficiency,AC_sustainability_9017,openalex,data/raw/academic/academic_20261007T192501Z/openalex_sustainability_hydroponic_water_use_efficiency.json.gz,2026-10-07T19:25:37Z,89.111885,sustainability,,,E5
W2911206225,article,"Influence of Nutrient Solution Temperature on Its Oxygen Level and Growth, Yield and Quality of Hydroponic Cucumber",Muthir S. Al-Rawahy; S. A. Al‐Rawahy; Yaseen A. Al-Mulla; Saleem Kaseemsaheb Nadaf,2019,https://doi.org/10.5539/jas.v11n3p75,https://doi.org/10.5539/jas.v11n3p75,Canadian Center of Science and Education,Journal of Agricultural Science,journal,True,27,nutrient solution temperature; root zone temperature; dissolved oxygen; cucumber; crop yield; crop quality; recirculating hydroponics; Oman,OM,experiment,,,nutrients_ph_ec,nutrient solution temperature dissolved oxygen hydroponic,AC_nutrients_ph_ec_3545,openalex,data/raw/academic/academic_20261007T192501Z/openalex_nutrients_ph_ec_nutrient_solution_temperature_dissolved_.json.gz,2026-10-07T19:25:15Z,88.28305,nutrients_ph_ec,,,E5
W3036201353,article,Water use efficiency and fodder yield of maize (Zea mays) and wheat (Triticum aestivum) under hydroponic condition as affected by sources of water and days to harvest,Adetayo Bamikole Adekeye; O. S. Onifade; Goke Tunde Amole; R. Y. Aderinboye; Olufunmilayo Alaba Jolaoso,2020,https://doi.org/10.5897/ajar2019.14503,https://doi.org/10.5897/ajar2019.14503,Academic Journals,African Journal of Agricultural Research,journal,True,14,water use efficiency; hydroponics; maize; wheat; borehole water; nutrient solution; days to harvest; forage yield,KE; NG,experiment,,,sustainability,hydroponic water use efficiency,AC_sustainability_9017,openalex,data/raw/academic/academic_20261007T192501Z/openalex_sustainability_hydroponic_water_use_efficiency.json.gz,2026-10-07T19:25:37Z,87.816795,sustainability,,,E5
W3014202727,article,"Effect of variety and seed rate on hydroponic maize fodder biomass yield, chemical composition, and water use efficiency",Getachew Assefa; Mengistu Urge; Getachew Animut; Getnet Assefa,2020,https://doi.org/10.2298/bah2001087a,https://doi.org/10.2298/bah2001087a,Faculty of Agronomy in Čačak,Biotechnology in Animal Husbandry,journal,True,18,fodder maize; maize varieties; seeding rate; water use efficiency,ET,unspecified,,,sustainability,hydroponic water use efficiency,AC_sustainability_9017,openalex,data/raw/academic/academic_20261007T192501Z/openalex_sustainability_hydroponic_water_use_efficiency.json.gz,2026-10-07T19:25:37Z,87.59546,sustainability,,,E5
W7218219011,article,BUDIDAYA KAILAN (Brassica oleracea) HIDROPONIK SEBAGAI USAHA PENYOKONG EKONOMI RUMAH TANGGA Di WILAYAH PERKOTAAN,Siti Mutmainah -; Ahmad Sufillah Zaeni,2022,,https://jurnal.fkip-uwgm.ac.id/index.php/jpkpm/article/view/870,,Jurnal Pengabdian Kreativitas Pendidikan Mahakam (JPKPM),journal,True,0,spinach cultivation; Brassica oleracea; hydroponics; organic vegetables; urban agriculture; vegetable production; household income,ID,unspecified,,,adoption_barriers,hidroponik rumah tangga perkotaan,AC_adoption_barriers_6174,openalex,data/raw/academic/academic_20261007T192501Z/openalex_adoption_barriers_hidroponik_rumah_tangga_perkotaan.json.gz,2026-10-07T19:25:07Z,87.19283,adoption_barriers,,,E5
W2044568149,article,Cooling and concentration of nutrient solution in hydroponic lettuce crop,Nilton Nélio Cometti; Diene Maria Bremenkamp; Karla Galon; Leonardo Raasch Hell; Marinaldo Francisco Zanotelli,2013,https://doi.org/10.1590/s0102-05362013000200018,https://doi.org/10.1590/s0102-05362013000200018,Associação Brasileira de Olericultura,Horticultura Brasileira,journal,True,59,hydroponics; lettuce; nutrient solution temperature; electrical conductivity; plant growth; plant water content; tropical climate; Vitória de Santo Antão,BR,experiment,,,nutrients_ph_ec,electrical conductivity nutrient solution lettuce,AC_nutrients_ph_ec_7322,openalex,data/raw/academic/academic_20261007T192501Z/openalex_nutrients_ph_ec_electrical_conductivity_nutrient_solutio.json.gz,2026-10-07T19:25:13Z,86.84419,nutrients_ph_ec,,,E5
W3185434123,article,"Production, water-use efficiency and post-harvest quality of hydroponic mini watermelon under salinity stress1",Laís Monique Gomes do Ó; Alide Mitsue Watanabe Cova; André Dias de Azevedo Neto; M. G. de Souza; Andressa Leite Santos; Hans Raj Gheyi,2021,https://doi.org/10.1590/1983-40632021v5167054,https://doi.org/10.1590/1983-40632021v5167054,Universidade Federal de Goiás,Pesquisa Agropecuária Tropical,journal,True,9,mini watermelon; Sugar Baby; floating hydroponics; salt stress; nutrient solution electrical conductivity; water use efficiency; postharvest quality; fruit yield,BR,experiment,,,sustainability,hydroponic water use efficiency,AC_sustainability_9017,openalex,data/raw/academic/academic_20261007T192501Z/openalex_sustainability_hydroponic_water_use_efficiency.json.gz,2026-10-07T19:25:37Z,86.29376,sustainability,,,E5
W7131120806,article,"PERTUMBUHAN DAN HASIL JAMUR TIRAM PUTIH (Pleurotus ostreatus) PADA KOMPOSISI MEDIA TANAM SERBUK GERGAJI, AMPAS TEBU DAN JANTUNG PISANG YANG BERBEDA",Evy Hanifah,2025,https://doi.org/10.55080/agronimal.v3i1.1904,https://doi.org/10.55080/agronimal.v3i1.1904,,AGRONIMAL Jurnal Ilmiah Pertanian dan Peternakan,journal,True,0,Pleurotus ostreatus; white oyster mushroom; mushroom cultivation substrate; sawdust; sugarcane bagasse; banana heart; mycelial growth; fruiting body yield,ID,experiment,,,growing_media_bagasse,ampas tebu media tanam,AC_growing_media_bagasse_7783,openalex,data/raw/academic/academic_20261007T192501Z/openalex_growing_media_bagasse_ampas_tebu_media_tanam.json.gz,2026-10-07T19:25:32Z,85.70787,growing_media_bagasse,,,E5
W4206125272,article,Applications of magnetized and electrostatic water on irrigation water use efficiency and barley fodder yield under hydroponic system,Taha M. Elzanaty; Alaa El-Din Elmesery; F. I. Zabady; A. M. A. Mashhour,2021,https://doi.org/10.21608/azeng.2021.209954,https://doi.org/10.21608/azeng.2021.209954,,Al-Azhar Journal of Agricultural Engineering,journal,True,2,magnetic field therapy; irrigation water use efficiency; barley; hydroponics; nutrient uptake; NPK availability; water-saving agriculture,EG,experiment,,,sustainability,hydroponic water use efficiency,AC_sustainability_9017,openalex,data/raw/academic/academic_20261007T192501Z/openalex_sustainability_hydroponic_water_use_efficiency.json.gz,2026-10-07T19:25:37Z,85.517494,sustainability,,,E5
W3129946509,article,"in Determination of Performance, Water Use Efficiency and Simulation of Lettuce’s Canopy Cover in Hydroponic Cultivation and Soil Cultivation by AquaCrop Model",Mahmoud Sabzian; Ali Rahimikhoob; Mahmoud Mashal; Sasan Aliniaeifard,2021,,http://idj.iaid.ir/article_125227.html?lang=en,,,,False,0,lettuce; hydroponics; tillage; AquaCrop model; water use efficiency; canopy cover; crop yield simulation; model calibration,IR,experiment|modelling,,,sustainability,hydroponic water use efficiency,AC_sustainability_9017,openalex,data/raw/academic/academic_20261007T192501Z/openalex_sustainability_hydroponic_water_use_efficiency.json.gz,2026-10-07T19:25:37Z,84.37403,sustainability,,,E3
W4405023914,article,"Nitrogen, phosphorus, and potassium requirements to improve Sideritis cypria growth, nutrient and water use efficiency in hydroponic cultivation",Antonios Chrysargyris; Nikolaos Tzortzakis,2024,https://doi.org/10.1016/j.heliyon.2024.e40755,https://doi.org/10.1016/j.heliyon.2024.e40755,Elsevier BV,Heliyon,journal,True,12,nitrogen fertilization; phosphorus fertilization; potassium fertilization; nutrient use efficiency; water use efficiency; hydroponics; plant growth; biomass,CY,unspecified,,,sustainability,hydroponic water use efficiency,AC_sustainability_9017,openalex,data/raw/academic/academic_20261007T192501Z/openalex_sustainability_hydroponic_water_use_efficiency.json.gz,2026-10-07T19:25:37Z,83.95868,sustainability,,,E5
W7217550178,article,"Urban Farming Deteksi Keberadaan Serangga Rayap, Budikember dan Hidroponik di Kota Medan- Sumut, Indonesia dan Penang, Malaysia: Urban Farming Detecting the Presence of Termites, Cultivation and Hydroponics in Medan City - North Sumatra, Indonesia and Penang, Malaysia",Ameilia Zuliyanti Siregar; Tulus; Zulkifli Nasution; Nismah Panjaitan,2024,,http://jurnal.unismuhpalu.ac.id/index.php/JKS/article/view/5692,Universitas Muhammadiyah Palu,Jurnal Kolaboratif Sains,journal,True,0,urban agriculture; hydroponics; termites; pest detection; green spaces; food security; Medan; Penang,ID,unspecified,,,indonesia_context,hydroponics Indonesia urban farming,AC_indonesia_context_9585,openalex,data/raw/academic/academic_20261007T192501Z/openalex_indonesia_context_hydroponics_Indonesia_urban_farming.json.gz,2026-10-07T19:25:43Z,83.619316,indonesia_context,,,E5
W7153004358,article,Pengaruh Substitusi Media Tanam Berbasis Jerami dengan Ampas Tebu terhadap Pertumbuhan dan Hasil Jamur Merang (Volvariella volvaceae) di Majalaya Kabupaten Karawang,Muhammad Arsy Ardian; Sulistyo Sidik Purnomo; Ani Lestari,2026,https://doi.org/10.35138/paspalum.v14i1.1100,https://doi.org/10.35138/paspalum.v14i1.1100,Universitas Winaya Mukti,Paspalum Jurnal Ilmiah Pertanian,journal,True,0,sugarcane bagasse; rice straw; mushroom yield; fruiting body formation; agro-industrial waste; edible mushroom cultivation; Karawang Regency; Majalaya,ID,experiment,,,growing_media_bagasse,ampas tebu media tanam,AC_growing_media_bagasse_7783,openalex,data/raw/academic/academic_20261007T192501Z/openalex_growing_media_bagasse_ampas_tebu_media_tanam.json.gz,2026-10-07T19:25:32Z,83.43562,growing_media_bagasse,,,E5
W4388835751,article,"Evaluation of Fruit Yield and Quality of Netted Melon, Water and Nutrient Use Efficiency in a Closed Hydroponic System",Minju Shin; Seungri Yoon; Jin Hyun Kim; Ho Jeong Jeong; Sung Kyeom Kim,2023,https://doi.org/10.12791/ksbec.2023.32.4.492,https://doi.org/10.12791/ksbec.2023.32.4.492,,Journal of Bio-Environment Control,journal,True,1,Cucumis melo; netted melon; fruit yield; fruit quality; water use efficiency; nutrient use efficiency; closed hydroponic system; hydroponics,KR,unspecified,,,sustainability,hydroponic water use efficiency,AC_sustainability_9017,openalex,data/raw/academic/academic_20261007T192501Z/openalex_sustainability_hydroponic_water_use_efficiency.json.gz,2026-10-07T19:25:37Z,82.69097,sustainability,,,E5
W3039397204,article,"Evaluation of Tropical Tomato for Growth, Yield, Nutrient, and Water Use Efficiency in Recirculating Hydroponic System",Alex Williams Ayarna; Satoru Tsukagoshi; George Oduro Nkansah; Na Lü; Kazuya Maeda,2020,https://doi.org/10.3390/agriculture10070252,https://doi.org/10.3390/agriculture10070252,Multidisciplinary Digital Publishing Institute,Agriculture,journal,True,10,recirculating hydroponics; high-density planting; water use efficiency; nutrient use efficiency; biomass allocation; net assimilation rate; fruit yield; fruit quality,GH; JP,experiment,,,sustainability,hydroponic water use efficiency,AC_sustainability_9017,openalex,data/raw/academic/academic_20261007T192501Z/openalex_sustainability_hydroponic_water_use_efficiency.json.gz,2026-10-07T19:25:37Z,82.57103,sustainability,,,E5
W7115687377,article,Application of IoT-Based pH and TDS Sensors for Optimization of Hydroponic Vegetable Production at Blasta Hidroponik,Vauzia - -; Yulkifli Yulkifli; Resti Fevria; Roni Jarlis,2025,https://doi.org/10.24036/pelitaeksakta/vol8-iss2/296,https://doi.org/10.24036/pelitaeksakta/vol8-iss2/296,Padang State University,Pelita Eksakta,journal,True,0,Internet of Things; hydroponics; pH sensor; total dissolved solids sensor; real-time monitoring; ESP32 microcontroller; Android application; vegetable production,ID,system_development,,,iot_monitoring,IoT hydroponic monitoring pH TDS,AC_iot_monitoring_7054,openalex,data/raw/academic/academic_20261007T192501Z/openalex_iot_monitoring_IoT_hydroponic_monitoring_pH_TDS.json.gz,2026-10-07T19:25:16Z,82.20715,iot_monitoring,,,E5
W1558047225,book-chapter,Nutrient Solutions for Hydroponic Systems,I Trejo-Tellez Libia; C. Fernando,2012,https://doi.org/10.5772/37578,https://doi.org/10.5772/37578,,InTech eBooks,ebook platform,False,167,nutrient solution; hydroponics; plant nutrition; macro and micronutrients; essential elements; nutrient availability; pH; osmotic potential,MX,unspecified,,,nutrients_ph_ec,nutrient solution temperature dissolved oxygen hydroponic,AC_nutrients_ph_ec_3545,openalex,data/raw/academic/academic_20261007T192501Z/openalex_nutrients_ph_ec_nutrient_solution_temperature_dissolved_.json.gz,2026-10-07T19:25:15Z,81.44416,ai_prediction|nutrients_ph_ec,,,E4
W7214959928,article,Gender-Responsive Mapping Report: Barriers and Opportunities for Women in Hydroponic Adoption in Tunisia,Wafa Chebbi; Erina Guraziu,2026,https://doi.org/10.5281/zenodo.23059495,https://doi.org/10.5281/zenodo.23059495,European Organization for Nuclear Research,Zenodo (CERN European Organization for Nuclear Research),repository,False,0,women in agriculture; gender barriers; sustainable entrepreneurship; rural women; agricultural land access; access to credit; market access; training accessibility,,survey|case_study,,,adoption_barriers,hydroponic adoption barriers,AC_adoption_barriers_3991,openalex,data/raw/academic/academic_20261007T192501Z/openalex_adoption_barriers_hydroponic_adoption_barriers.json.gz,2026-10-07T19:25:03Z,80.89046,adoption_barriers,,,E3
W7214968946,article,IoT-Based Lettuce Hydroponic Monitoring and Controlling System in a Horticulture Greenhouse,Rini Yanti; Rabby Nazli; Ega Evinda Putri,2026,https://doi.org/10.65359/sintika.2026.23.130,https://doi.org/10.65359/sintika.2026.23.130,,Jurnal SINTIKA (Jurnal Sistem Informasi Teknik Informatika dan Sistem Komputer),journal,True,0,hydroponics; lettuce; nutrient film technique; Internet of Things; pH monitoring; total dissolved solids; nutrient solution control; greenhouse horticulture,ID,system_development,,,iot_monitoring,IoT hydroponic monitoring pH TDS,AC_iot_monitoring_7054,openalex,data/raw/academic/academic_20261007T192501Z/openalex_iot_monitoring_IoT_hydroponic_monitoring_pH_TDS.json.gz,2026-10-07T19:25:16Z,78.87586,iot_monitoring,,,E5
W2415765110,article,Effect of silicates and electrical conductivity on Fusarium wilt of hydroponically grown lettuce.,Walter Chitarra; Massimo Pugliese; Gianfranco Gilardi; M. L. Gullino; A Garibaldi,2013,,https://pubmed.ncbi.nlm.nih.gov/25151830,National Institutes of Health,PubMed,repository,False,9,Fusarium wilt; Fusarium oxysporum f. sp. lactucae; lettuce; silicon; potassium silicate; electrical conductivity; nutrient solution; hydroponics,,unspecified,,,nutrients_ph_ec,electrical conductivity nutrient solution lettuce,AC_nutrients_ph_ec_7322,openalex,data/raw/academic/academic_20261007T192501Z/openalex_nutrients_ph_ec_electrical_conductivity_nutrient_solutio.json.gz,2026-10-07T19:25:13Z,78.31245,nutrients_ph_ec,,,E3
W1986814600,article,Sugarcane Bagasse: A Potential Medium for Fungal Cultures,Arushdeep Sidana; Umar Farooq,2014,https://doi.org/10.1155/2014/840505,https://doi.org/10.1155/2014/840505,Hindawi Publishing Corporation,Chinese Journal of Biology,journal,True,43,sugarcane bagasse; fungal culture media; lignocellulosic waste; low-cost culture medium; Aspergillus niger; Candida albicans; Saccharomyces cerevisiae; Fusarium,IN,experiment,,,growing_media_bagasse,sugarcane bagasse growing media,AC_growing_media_bagasse_1624,openalex,data/raw/academic/academic_20261007T192501Z/openalex_growing_media_bagasse_sugarcane_bagasse_growing_media.json.gz,2026-10-07T19:25:27Z,78.27558,growing_media_bagasse,,,E5
W7118550451,article,IoT Based Hydroponic Water Nutrient and pH Monitoring with Real-Time Notifications,Tri Agusti Farma; Dora Palupi; Weri Sirait,2025,https://doi.org/10.35970/jinita.v7i2.2940,https://doi.org/10.35970/jinita.v7i2.2940,Politeknik Negeri Cilacap,Journal of Innovation Information Technology and Application (JINITA),journal,True,1,hydroponics; IoT monitoring system; pH monitoring; total dissolved solids; Brassica chinensis; real-time alerts; WhatsApp alerts; DHT22 sensor,ID,unspecified,,,iot_monitoring,IoT hydroponic monitoring pH TDS,AC_iot_monitoring_7054,openalex,data/raw/academic/academic_20261007T192501Z/openalex_iot_monitoring_IoT_hydroponic_monitoring_pH_TDS.json.gz,2026-10-07T19:25:16Z,77.13233,iot_monitoring,,,E5
W4409624525,article,"Optimizing Hydroponic Crop Production: A Multifaceted Approach to EC, pH and Nutrient Management",Kartikay Sharma; Renuka Yadav; Shubham Shubham; Shilpa Kaushal,2025,https://doi.org/10.9734/jsrr/2025/v31i42995,https://doi.org/10.9734/jsrr/2025/v31i42995,Sciencedomain International,Journal of Scientific Research and Reports,journal,True,1,hydroponics; electrical conductivity; pH control; nutrient management; nutrient uptake; nutrient ratios; deep water culture; nutrient film technique,IN,unspecified,,,nutrients_ph_ec,hydroponic nutrient solution pH EC management,AC_nutrients_ph_ec_4042,openalex,data/raw/academic/academic_20261007T192501Z/openalex_nutrients_ph_ec_hydroponic_nutrient_solution_pH_EC_manag.json.gz,2026-10-07T19:25:11Z,76.97613,nutrients_ph_ec,,,E5
W3165050704,article,High Nutrient Concentrations of Hydroponic Solution Can Improve Growth and Nutrient Uptake of Spinach (Spinacia oleracea L.) Grown in Acidic Nutrient Solution,Daniel P. Gillespie; Gio Papio; Chieri Kubota,2021,https://doi.org/10.21273/hortsci15777-21,https://doi.org/10.21273/hortsci15777-21,American Society for Horticultural Science,HortScience,journal,True,44,spinach; hydroponic nutrient solution; nutrient solution pH; electrical conductivity; nutrient uptake; plant growth; deep water culture; nutrient management,US,experiment,,,nutrients_ph_ec,hydroponic nutrient solution pH EC management,AC_nutrients_ph_ec_4042,openalex,data/raw/academic/academic_20261007T192501Z/openalex_nutrients_ph_ec_hydroponic_nutrient_solution_pH_EC_manag.json.gz,2026-10-07T19:25:11Z,75.95948,nutrients_ph_ec,,,E5
W4412015089,article,QUALITY AND HALAL URBAN FARMING ASSISTANCE AS AN EFFORT TO MAKE THE MBG (FREE NUTRITIOUS MEALS) PROGRAM AND FOOD SECURITY A SUCCESS FOR THE AISYIYAH REGIONAL LEADERSHIP OF EAST NUSA TENGGARA ACHIEVING GOALS 2 OF SDGS 2030 INDONESIA,Intan Rohma Nurmalasari; A. Miftakhurohmat; Syarifa Ramadhani Nurbaya; Siti Halijah; Fauziyah Lamaya,2025,https://doi.org/10.61796/jscs.v2i3.343,https://doi.org/10.61796/jscs.v2i3.343,,Journal of Social Comunity Services (JSCS),journal,True,0,"urban agriculture; food security; food safety; Aisyiyah; women farmers; micro, small and medium enterprises; food poisoning; Sustainable Development Goal 2",,unspecified,,,indonesia_context,urban farming Indonesia food security,AC_indonesia_context_9274,openalex,data/raw/academic/academic_20261007T192501Z/openalex_indonesia_context_urban_farming_Indonesia_food_security.json.gz,2026-10-07T19:25:45Z,75.88372,indonesia_context,,,E5
W2938857922,article,Yield of the hydroponic lettuce under levels of salinity of the nutrient solution,F. Silva P.; M. Matos R.; M. Bonou S.; G. Sobrinho T.; E. Borges V.; Dantas Neto J.; P. Melo Júnior A.,2019,https://doi.org/10.5897/ajar2018.13782,https://doi.org/10.5897/ajar2018.13782,Academic Journals,African Journal of Agricultural Research,journal,True,5,hydroponic lettuce; salinity; nutrient solution; electrical conductivity; lettuce yield; chlorophyll content; SPAD index; leaf area,BR,experiment,,,nutrients_ph_ec,electrical conductivity nutrient solution lettuce,AC_nutrients_ph_ec_7322,openalex,data/raw/academic/academic_20261007T192501Z/openalex_nutrients_ph_ec_electrical_conductivity_nutrient_solutio.json.gz,2026-10-07T19:25:13Z,75.49869,nutrients_ph_ec,,,E5
W7217402007,article,Control and Monitoring System of Hydroponic Nutrients in Different Hydroponic Racks Based on IoT in Cibodas Village Lembang District,Sandy Bhawana Mulia,2024,,https://ijsmm.id/index.php/ijsmm/article/view/10,Hasanuddin University,International Journal on Smart Material and Mechatronics,journal,True,0,hydroponics; nutrient control; pH monitoring; total dissolved solids; IoT monitoring; feedback control; remote monitoring; ESP32 microcontroller,ID,system_development,,,iot_monitoring,IoT hydroponic monitoring pH TDS,AC_iot_monitoring_7054,openalex,data/raw/academic/academic_20261007T192501Z/openalex_iot_monitoring_IoT_hydroponic_monitoring_pH_TDS.json.gz,2026-10-07T19:25:16Z,74.12741,iot_monitoring,,,E5
W4380483016,review,Implications of urban farming on urban resilience in Indonesia: Systematic literature review and research identification,Abdillah Abdillah; Ida Widianingsih; Rd Ahmad Buchari; Heru Nurasa,2023,https://doi.org/10.1080/23311932.2023.2216484,https://doi.org/10.1080/23311932.2023.2216484,Cogent OA,Cogent Food & Agriculture,journal,True,31,urban agriculture; urban resilience; food security; economic impact of COVID-19; land scarcity; food availability,ID,review,,,indonesia_context,urban farming Indonesia food security,AC_indonesia_context_9274,openalex,data/raw/academic/academic_20261007T192501Z/openalex_indonesia_context_urban_farming_Indonesia_food_security.json.gz,2026-10-07T19:25:45Z,73.9735,indonesia_context,,,E5
W4383958483,book-chapter,Perspective Chapter: How Important is Urban Farming in Indonesia to Support Food Sovereignty?,Arini Putri Hanifa; Eka Triana Yuniarsih; Retna Qomariah; Nurmalinda; Yopi Saleh; Yati Haryati; Indarti Puji Lestari; Susi Lesmayati,2023,https://doi.org/10.5772/intechopen.1001601,http://dx.doi.org/10.5772/intechopen.1001601,IntechOpen,IntechOpen eBooks,ebook platform,False,2,urban agriculture; food sovereignty; food security; urban households; community participation; COVID-19 pandemic impact; food supply chain; corporate social responsibility,ID,unspecified,,,indonesia_context,urban farming Indonesia food security,AC_indonesia_context_9274,openalex,data/raw/academic/academic_20261007T192501Z/openalex_indonesia_context_urban_farming_Indonesia_food_security.json.gz,2026-10-07T19:25:45Z,73.82251,indonesia_context,,,E4
W4413001594,article,Design of a Nutrient and Environment Monitoring IoT Device in Vertical Hydroponic System,Ricardo Linelson; Fahmy Rinanda Saputri,2025,https://doi.org/10.31937/sk.v17i1.4145,https://doi.org/10.31937/sk.v17i1.4145,Multimedia Nusantara University,Ultima Computing Jurnal Sistem Komputer,journal,True,0,vertical hydroponics; nutrient monitoring; environmental monitoring; Internet of Things; sensor data acquisition; pH measurement; total dissolved solids; air temperature and humidity,,system_development,,,iot_monitoring,IoT hydroponic monitoring pH TDS,AC_iot_monitoring_7054,openalex,data/raw/academic/academic_20261007T192501Z/openalex_iot_monitoring_IoT_hydroponic_monitoring_pH_TDS.json.gz,2026-10-07T19:25:16Z,73.818886,iot_monitoring,,,E5
W4402453852,article,Data Acquisition for Monitoring IoT-Based Hydroponic Automation System Using ESP8266,Tholib Hariono; Mukhamad Cahyono Putra,2021,https://doi.org/10.32764/newton.v1i1.1534,https://doi.org/10.32764/newton.v1i1.1534,Universitas KH. A. Wahab Hasbullah,NEWTON Networking and Information Technology,journal,True,16,hydroponics; Internet of Things; ESP8266; data acquisition; plant monitoring; temperature sensing; DS18B20 temperature sensor; TDS sensor,ID,system_development,,,iot_monitoring,IoT hydroponic monitoring pH TDS,AC_iot_monitoring_7054,openalex,data/raw/academic/academic_20261007T192501Z/openalex_iot_monitoring_IoT_hydroponic_monitoring_pH_TDS.json.gz,2026-10-07T19:25:16Z,72.3617,iot_monitoring,,,E5
W2195000155,article,Sugarcane Bagasse Ash as a Seedling Growth Media Component,Charles L. Webber; Paul M. White; Eric C. Petrie; James W. Shrefler; Merritt J. Taylor,2015,https://doi.org/10.5539/jas.v8n1p1,https://doi.org/10.5539/jas.v8n1p1,Canadian Center of Science and Education,Journal of Agricultural Science,journal,True,22,sugarcane bagasse ash; soilless growing media; seedling production; squash; cantaloupe; potting media; plant growth,US,unspecified,,,growing_media_bagasse,sugarcane bagasse growing media,AC_growing_media_bagasse_1624,openalex,data/raw/academic/academic_20261007T192501Z/openalex_growing_media_bagasse_sugarcane_bagasse_growing_media.json.gz,2026-10-07T19:25:27Z,71.83485,growing_media_bagasse,,,E5
W2345775626,article,Electric conductivity in the production and nutrition lettuce in NFT system.,Ancélio Ricardo de Oliveira Gondim; Mónica Flores; Herminia Martínez; P. C. R. Fontes; P. R. G. Pereira,2010,,https://www.cabdirect.org/abstracts/20113042780.html,Federal University of Uberlândia,Bioscience Journal,journal,True,8,lettuce; electrical conductivity; nutrient solution; hydroponics; salinity; macronutrient accumulation; micronutrient accumulation; dry matter production,,experiment,,,nutrients_ph_ec,electrical conductivity nutrient solution lettuce,AC_nutrients_ph_ec_7322,openalex,data/raw/academic/academic_20261007T192501Z/openalex_nutrients_ph_ec_electrical_conductivity_nutrient_solutio.json.gz,2026-10-07T19:25:13Z,71.54242,nutrients_ph_ec,,,E5
W7171989426,article,Smart Greenhouse Hydroponic Irrigation Monitoring System,Fatima Muhammad Dawud; Amina Muhammad Dawud,2026,https://doi.org/10.47772/ijriss.2026.100700195,https://doi.org/10.47772/ijriss.2026.100700195,,International Journal of Research and Innovation in Social Science,journal,True,0,hydroponics; irrigation monitoring; water level sensor; Arduino Uno; smart greenhouse; low-cost monitoring system; energy efficiency; precision agriculture,NG,system_development,,,iot_monitoring,smart hydroponic system sensor monitoring,AC_iot_monitoring_4870,openalex,data/raw/academic/academic_20261007T192501Z/openalex_iot_monitoring_smart_hydroponic_system_sensor_monitorin.json.gz,2026-10-07T19:25:18Z,71.39077,iot_monitoring,,,E5
W4415283214,article,Hydroponic lettuce cultivated under different electrical conductivities in the Kratky method,Wiguerson Arthur Vilar da Silva; Giovanna de Faria; Osvaldo Guedes Filho; Renata Bachin Mazzini-Guedes,2025,https://doi.org/10.1590/1678-4499.20250076,https://doi.org/10.1590/1678-4499.20250076,Instituto Agronômico de Campinas,Bragantia,journal,True,1,lettuce; electrical conductivity; nutrient solution; seasonal variation; agronomic traits; root yield,BR,experiment|modelling,,,nutrients_ph_ec,electrical conductivity nutrient solution lettuce,AC_nutrients_ph_ec_7322,openalex,data/raw/academic/academic_20261007T192501Z/openalex_nutrients_ph_ec_electrical_conductivity_nutrient_solutio.json.gz,2026-10-07T19:25:13Z,71.34219,nutrients_ph_ec,,,E5
W2987561058,article,The prototype of the Greenhouse Smart Control and Monitoring System in Hydroponic Plants,Arif Supriyanto; Fathurrahmani Fathurrahmani,2019,https://doi.org/10.31849/digitalzone.v10i2.3265,https://doi.org/10.31849/digitalzone.v10i2.3265,Lancang Kuning University,Digital Zone Jurnal Teknologi Informasi dan Komunikasi,journal,True,13,smart greenhouse; hydroponics; nutrient film technique; greenhouse monitoring system; Arduino; DHT11 sensor; pH sensor; TDS sensor,,system_development,,,iot_monitoring,smart hydroponic system sensor monitoring,AC_iot_monitoring_4870,openalex,data/raw/academic/academic_20261007T192501Z/openalex_iot_monitoring_smart_hydroponic_system_sensor_monitorin.json.gz,2026-10-07T19:25:18Z,70.7381,iot_monitoring,,,E5
W7166009899,article,Community Service Implementation of IoT Water Quality Monitoring for Hydroponic Farming on Marginal Land,Diah Risqiwati; Agus Eko Minarno; Bashor Fauzan Muthohirin; Ahmad Yuda Pratama; Fahrizal Irfanda Bagaskara; Varis Afdholin; Hanugra Aulia Sidharta; Nova Eka Budiyanta,2026,https://doi.org/10.25170/charitas.v6i01.8025,https://doi.org/10.25170/charitas.v6i01.8025,Atma Jaya Catholic University of Indonesia,Jurnal Pengabdian Masyarakat Charitas,journal,True,0,hydroponics; aquaponics; Internet of Things; water quality monitoring; marginal land; household food security; local food diversification; total dissolved solids,ID,system_development,,,iot_monitoring,IoT hydroponic monitoring pH TDS,AC_iot_monitoring_7054,openalex,data/raw/academic/academic_20261007T192501Z/openalex_iot_monitoring_IoT_hydroponic_monitoring_pH_TDS.json.gz,2026-10-07T19:25:16Z,70.717316,iot_monitoring,,,E5
W2963003072,article,Hydroponic Solutions for Soilless Production Systems: Issues and Opportunities in a Smart Agriculture Perspective,Paolo Sambo; Carlo Nicoletto; Andrea Giro; Youry Pii; Fabio Valentinuzzi; Tanja Mimmo; Paolo Lugli; Guido Orzes,2019,https://doi.org/10.3389/fpls.2019.00923,https://doi.org/10.3389/fpls.2019.00923,Frontiers Media,Frontiers in Plant Science,journal,True,399,hydroponics; soilless cultivation; nutrient solution management; plant mineral nutrition; nutrient antagonism; nutrient uptake; substrate specificity; nanoparticles,IT,review|modelling,,,iot_monitoring,smart hydroponic system sensor monitoring,AC_iot_monitoring_4870,openalex,data/raw/academic/academic_20261007T192501Z/openalex_iot_monitoring_smart_hydroponic_system_sensor_monitorin.json.gz,2026-10-07T19:25:18Z,70.440956,iot_monitoring|nutrients_ph_ec,,,E5
W7167535381,article,IoT-Based Monitoring System for pH and Electrical Conductivity of Hydroponic Nutrient Solutions,Lena Yulistia Ningsih; Relita Buaton; Milli Alfhi Syari,2026,https://doi.org/10.59934/jaiea.v5i3.2503,https://doi.org/10.59934/jaiea.v5i3.2503,,Journal of Artificial Intelligence and Engineering Applications (JAIEA),journal,True,0,hydroponics; nutrient solution monitoring; pH measurement; electrical conductivity; Internet of Things; ESP32 microcontroller; pH sensor; sensor accuracy,ID,experiment|system_development,,,nutrients_ph_ec,hydroponic nutrient solution pH EC management,AC_nutrients_ph_ec_4042,openalex,data/raw/academic/academic_20261007T192501Z/openalex_nutrients_ph_ec_hydroponic_nutrient_solution_pH_EC_manag.json.gz,2026-10-07T19:25:11Z,70.19504,iot_monitoring|nutrients_ph_ec,,,E5
W7167488882,article,pH Monitoring and Nutrient Control in IoT-Based Hydroponic Water Storage Tanks Using ESP 32 Microcontroller,Sigit Pambudi,2026,https://doi.org/10.59934/jaiea.v5i3.2508,https://doi.org/10.59934/jaiea.v5i3.2508,,Journal of Artificial Intelligence and Engineering Applications (JAIEA),journal,True,0,hydroponics; pH monitoring; nutrient monitoring; nutrient solution; water storage tanks; Internet of Things; ESP32 microcontroller; TDS sensor,ID,system_development,,,iot_monitoring,IoT hydroponic monitoring pH TDS,AC_iot_monitoring_7054,openalex,data/raw/academic/academic_20261007T192501Z/openalex_iot_monitoring_IoT_hydroponic_monitoring_pH_TDS.json.gz,2026-10-07T19:25:16Z,69.059135,iot_monitoring,,,E5
W7163411797,article,"SMAC: System for monitoring and automatic control of water, nutrients, and pH in hydroponic nutrient film technique",Frengki Simatupang; Istas Pratomo Manalu; Eka Stephani Sinambela; Marojahan Mula Timbul Sigiro; Gerry Italiano Wowiling,2026,https://doi.org/10.11591/ijra.v15i2.pp365-376,https://doi.org/10.11591/ijra.v15i2.pp365-376,Institute of Advanced Engineering and Science (IAES),IAES International Journal of Robotics and Automation (IJRA),journal,True,0,nutrient film technique; hydroponics; Internet of Things; automatic control; pH control; total dissolved solids; nutrient solution monitoring; temperature compensation,ID,experiment|system_development,,,iot_monitoring,IoT hydroponic monitoring pH TDS,AC_iot_monitoring_7054,openalex,data/raw/academic/academic_20261007T192501Z/openalex_iot_monitoring_IoT_hydroponic_monitoring_pH_TDS.json.gz,2026-10-07T19:25:16Z,69.0525,iot_monitoring,,,E5
W4411928488,article,An Intelligent Fuzzy Logic-Controlled IoT System for Efficient Hydroponic Plant Monitoring and Automation,Arvita Agus Kurniasari; Pramuditha Shinta Dewi Puspitasari; Lukie Perdanasari; Dia Bitari Mei Yuana; Jumiatun Jumiatun,2025,https://doi.org/10.31961/eltikom.v9i1.1475,https://doi.org/10.31961/eltikom.v9i1.1475,Politeknik Negeri Banjarmasin,Jurnal ELTIKOM,journal,True,1,hydroponics; fuzzy logic control; Internet of Things; plant monitoring; sensor-based monitoring; temperature and humidity control; nutrient solution management; resource efficiency,ID,unspecified,,,iot_monitoring,IoT hydroponic monitoring pH TDS,AC_iot_monitoring_7054,openalex,data/raw/academic/academic_20261007T192501Z/openalex_iot_monitoring_IoT_hydroponic_monitoring_pH_TDS.json.gz,2026-10-07T19:25:16Z,69.03787,iot_monitoring,,,E5
W4394577569,article,Smart Hydroponic Systems: Optimizing Nutrient Levels with IoT Connectivity,Vinaya Gohokar Pradnya Vishram Kulkarni,2024,https://doi.org/10.52783/jes.1761,https://doi.org/10.52783/jes.1761,,Journal of Electrical Systems,journal,True,4,nutrient film technique; nutrient solution management; total dissolved solids; pH; electrical conductivity; wireless sensor networks; Internet of Things; ESP32 microcontroller,,system_development,,,iot_monitoring,IoT hydroponic monitoring pH TDS,AC_iot_monitoring_7054,openalex,data/raw/academic/academic_20261007T192501Z/openalex_iot_monitoring_IoT_hydroponic_monitoring_pH_TDS.json.gz,2026-10-07T19:25:16Z,68.90577,iot_monitoring,,,E5
W4394577966,article,Smart Hydroponic Systems: Optimizing Nutrient Levels with IoT Connectivity,Vinaya Gohokar Pradnya Vishram Kulkarni,2024,https://doi.org/10.52783/jes.1472,http://dx.doi.org/10.52783/jes.1472,,Journal of Electrical Systems,journal,True,4,nutrient film technique; nutrient solution management; total dissolved solids; pH; electrical conductivity; wireless sensor networks; Internet of Things; ESP32 microcontroller,,system_development,,,iot_monitoring,IoT hydroponic monitoring pH TDS,AC_iot_monitoring_7054,openalex,data/raw/academic/academic_20261007T192501Z/openalex_iot_monitoring_IoT_hydroponic_monitoring_pH_TDS.json.gz,2026-10-07T19:25:16Z,68.78847,iot_monitoring,,,E5
W4307904529,article,A Review on the thermochemical conversion of sugarcane bagasse into biochar,Kingsley O. Iwuozor; Ebuka Chizitere Emenike; Joshua O. Ighalo; Fredrick O. Omoarukhe; Patrick E. Omuku; Adewale George Adeniyi,2022,https://doi.org/10.1016/j.clema.2022.100162,https://doi.org/10.1016/j.clema.2022.100162,Elsevier BV,Cleaner Materials,journal,True,114,sugarcane bagasse; biochar; thermochemical conversion; pyrolysis; gasification; hydrothermal carbonization; torrefaction; pyrolysis temperature,NG; US,review|experiment,,,growing_media_bagasse,sugarcane bagasse growing media,AC_growing_media_bagasse_1624,openalex,data/raw/academic/academic_20261007T192501Z/openalex_growing_media_bagasse_sugarcane_bagasse_growing_media.json.gz,2026-10-07T19:25:27Z,68.50396,growing_media_bagasse,,,E5
W2035428972,article,Consumer Attitudes Towards and Willingness to Pay for Pesticide Residue Limit Compliant “Safe” Vegetables in Northeast Thailand,Wilatsana Posri; Bhavani Shankar; Supatra Chadbunchachai,2006,https://doi.org/10.1300/j047v19n01_05,https://doi.org/10.1300/j047v19n01_05,Taylor & Francis,Journal of International Food & Agribusiness Marketing,journal,True,58,pesticide residues; maximum residue limits; consumer attitudes; willingness to pay; premium pricing; organic vegetables; hydroponic vegetables; vegetable consumption,GB; TH,survey,608 consumers,,consumer_acceptance,willingness to pay hydroponic vegetables,AC_consumer_acceptance_4257,openalex,data/raw/academic/academic_20261007T192501Z/openalex_consumer_acceptance_willingness_to_pay_hydroponic_vegetables.json.gz,2026-10-07T19:25:40Z,67.90133,consumer_acceptance,,,E5
W4399303560,article,Sugarcane Bagasse: Challenges and Opportunities for Waste Recycling,Carlos Toshiyuki Hiranobe; Andressa Silva Gomes; Fábio Friol Guedes de Paiva; Gabrieli Roefero Tolosa; Leonardo Lataro Paim; Guilherme Dognani; Guilherme Pina Cardim; Henrique Pina Cardim,2024,https://doi.org/10.3390/cleantechnol6020035,https://doi.org/10.3390/cleantechnol6020035,Multidisciplinary Digital Publishing Institute,Clean Technologies,journal,True,105,sugarcane bagasse; lignocellulosic biomass; biomass recycling; bioenergy; pyrolysis; biofuels; biochar; pellet production,BR,unspecified,,,growing_media_bagasse,sugarcane bagasse growing media,AC_growing_media_bagasse_1624,openalex,data/raw/academic/academic_20261007T192501Z/openalex_growing_media_bagasse_sugarcane_bagasse_growing_media.json.gz,2026-10-07T19:25:27Z,67.72751,growing_media_bagasse,,,E5
W7118130352,article,IMPLEMENTATION OF IoT FOR NUTRITION MONITORING AND CONTROL IN OPTIMIZING HYDROPONIC CROP PRODUCTION IN GREENHOUSE,Rouhillah Rouhillah; Feri susilawati; Rizki Ramadhan,2026,https://doi.org/10.37478/mahajana.v6i3.7038,https://doi.org/10.37478/mahajana.v6i3.7038,,Mitra Mahajana Jurnal Pengabdian Masyarakat,journal,True,0,Internet of Things; hydroponics; greenhouse cultivation; nutrient monitoring; Wemos D1 Mini; real-time dashboard; digital marketing training; precision agriculture,ID,system_development,,,iot_monitoring,IoT hydroponic monitoring pH TDS,AC_iot_monitoring_7054,openalex,data/raw/academic/academic_20261007T192501Z/openalex_iot_monitoring_IoT_hydroponic_monitoring_pH_TDS.json.gz,2026-10-07T19:25:16Z,67.58289,iot_monitoring,,,E5
W2115600870,article,Growth and yield of lettuce plants under salinity,Jerônimo Luiz Andriolo; Gean Lopes da Luz; Maiquel H. Witter; Rodrigo dos Santos Godoi; Gisele Teixeira Barros; Orcial Ceolin Bortolotto,2005,https://doi.org/10.1590/s0102-05362005000400014,https://doi.org/10.1590/s0102-05362005000400014,Associação Brasileira de Olericultura,Horticultura Brasileira,journal,True,144,lettuce; salt stress; salt tolerance; hydroponics; electrical conductivity; plant growth; crop yield; leaf area index,BR,experiment,,,nutrients_ph_ec,electrical conductivity nutrient solution lettuce,AC_nutrients_ph_ec_7322,openalex,data/raw/academic/academic_20261007T192501Z/openalex_nutrients_ph_ec_electrical_conductivity_nutrient_solutio.json.gz,2026-10-07T19:25:13Z,67.554054,nutrients_ph_ec,,,E5
W7170467228,article,CONCEPTUAL ANALYSIS OF THE APPLICATION OF VERTICAL FARMING SYSTEMS TO SUPPORT URBAN FOOD SECURITY,Parwito Parwito; Wismalinda Rita,2025,https://doi.org/10.58222/sdgs.v2i1.1709,https://doi.org/10.58222/sdgs.v2i1.1709,,Journal of Sustainable Development Goals,journal,True,0,vertical farming; urban food security; urban agriculture; water use efficiency; carbon footprint reduction; food transport; energy costs; initial investment,ID,review|experiment,,,indonesia_context,urban farming Indonesia food security,AC_indonesia_context_9274,openalex,data/raw/academic/academic_20261007T192501Z/openalex_indonesia_context_urban_farming_Indonesia_food_security.json.gz,2026-10-07T19:25:45Z,66.99241,indonesia_context,,,E5
W4280628055,article,Pyrolysis of Puspa Wood Sawdust and Sugarcane Bagasse into Biochar,Wan Ryan Asri; Hasanudin Hasanudin; Ady Mara; Desnelli Desnelli,2022,https://doi.org/10.13170/aijst.11.1.25066,https://doi.org/10.13170/aijst.11.1.25066,Syiah Kuala University,Aceh International Journal of Science and Technology,journal,True,1,biochar; pyrolysis; sugarcane bagasse; pyrolysis temperature; pyrolysis time; biochar yield; proximate composition; biochar pH,ID,unspecified,,,growing_media_bagasse,sugarcane bagasse growing media,AC_growing_media_bagasse_1624,openalex,data/raw/academic/academic_20261007T192501Z/openalex_growing_media_bagasse_sugarcane_bagasse_growing_media.json.gz,2026-10-07T19:25:27Z,66.935104,growing_media_bagasse,,,E5
W2172355635,article,Response of potatoes to different nutrient solution management in a closed hydroponic system,Dong Chil Chang; Yong Beom Lee,2015,https://doi.org/10.1080/01904167.2015.1109120,https://doi.org/10.1080/01904167.2015.1109120,Taylor & Francis,Journal of Plant Nutrition,journal,True,3,potato; closed hydroponic system; nutrient solution management; electrical conductivity control; recirculating nutrient solution; ammonium dihydrogen phosphate; potassium nitrate; tuber growth,KR,experiment|system_development,,,nutrients_ph_ec,hydroponic nutrient solution pH EC management,AC_nutrients_ph_ec_4042,openalex,data/raw/academic/academic_20261007T192501Z/openalex_nutrients_ph_ec_hydroponic_nutrient_solution_pH_EC_manag.json.gz,2026-10-07T19:25:11Z,66.87884,nutrients_ph_ec,,,E5
W3106279170,article,Sugarcane bagasse based biorefineries in India: potential and challenges,Kakasaheb S. Konde; Sanjay Nagarajan; Vinod Kumar; Sanjay V. Patil; Vivek Vinayak Ranade,2020,https://doi.org/10.1039/d0se01332c,https://doi.org/10.1039/d0se01332c,Royal Society of Chemistry,Sustainable Energy & Fuels,journal,True,143,sugarcane bagasse; biorefinery; hydrodynamic cavitation; anaerobic digestion; bioenergy,GB,unspecified,,,growing_media_bagasse,sugarcane bagasse growing media,AC_growing_media_bagasse_1624,openalex,data/raw/academic/academic_20261007T192501Z/openalex_growing_media_bagasse_sugarcane_bagasse_growing_media.json.gz,2026-10-07T19:25:27Z,66.71926,growing_media_bagasse,,,E5
W7219182241,article,IoT implementation for Adjustment Automatic pH and TDS/EC Parameters on the System Hydroponics Lettuce,Fanes Setiawan; Banu Santoso,2025,,https://journal.upy.ac.id/index.php/ASTRO/article/view/7878,Universitas PGRI Yogyakarta,APPLIED SCIENCE AND TECHNOLOGY REASERCH JOURNAL,journal,True,0,Internet of Things; hydroponics; lettuce cultivation; ESP32 microcontroller; sensor-actuator networks; water quality management; agricultural automation,,system_development,,,iot_monitoring,IoT hydroponic monitoring pH TDS,AC_iot_monitoring_7054,openalex,data/raw/academic/academic_20261007T192501Z/openalex_iot_monitoring_IoT_hydroponic_monitoring_pH_TDS.json.gz,2026-10-07T19:25:16Z,66.696495,iot_monitoring,,,E5
W4399511449,article,Lettuce growing in different hydroponic systems and nutrient concentrations of the nutrient solution,Helena M. de M. N. Góis; Francisco de Assis de Oliveira; Renata Ramayane Torquato Oliveira; Francisco Felipe Barroso Pinto; Edna María Mendes Aroucha; Gabriela Carvalho Maia de Queiroz; José Gustavo Lima de Almeida; Carlos Eduardo Alves de Oliveira,2024,https://doi.org/10.1590/1807-1929/agriambi.v28n8e279686,https://doi.org/10.1590/1807-1929/agriambi.v28n8e279686,Federal University of Campina Grande,Revista Brasileira de Engenharia Agrícola e Ambiental,journal,True,7,lettuce; hydroponic system; nutrient solution electrical conductivity; nutrient concentration; nutrient film technique; semi-hydroponics; floating system; lettuce cultivars,BR,experiment,,,nutrients_ph_ec,electrical conductivity nutrient solution lettuce,AC_nutrients_ph_ec_7322,openalex,data/raw/academic/academic_20261007T192501Z/openalex_nutrients_ph_ec_electrical_conductivity_nutrient_solutio.json.gz,2026-10-07T19:25:13Z,66.26331,nutrients_ph_ec,,,E5
W7163737129,article,SMART HYDROPONIC MONITORING DAN CONTROL SYSTEM,A. Muzawwirah Patawari,2025,https://doi.org/10.26858/nqh8v817,https://doi.org/10.26858/nqh8v817,State University of Makassar,Jurnal Media Elektronika,journal,True,0,hydroponics; Internet of Things; real-time water quality monitoring; total dissolved solids; pH control; nutrient solution; temperature monitoring; MQTT protocol,ID,unspecified,,,iot_monitoring,IoT hydroponic monitoring pH TDS,AC_iot_monitoring_7054,openalex,data/raw/academic/academic_20261007T192501Z/openalex_iot_monitoring_IoT_hydroponic_monitoring_pH_TDS.json.gz,2026-10-07T19:25:16Z,66.26263,iot_monitoring,,,E5
W2397779250,article,Changes in the Nutrient Components Associated with the Growth of Lettuce in Circulating Hydroponics,Dong‐Seog Kim; Young-Seek Park,2015,https://doi.org/10.5322/jesi.2015.24.8.1075,https://doi.org/10.5322/jesi.2015.24.8.1075,,Journal of Environmental Science International,journal,True,2,lettuce; recirculating hydroponics; nutrient solution; nitrate nitrogen; ammonia nitrogen; phosphate; potassium; calcium,KR,experiment,,,nutrients_ph_ec,electrical conductivity nutrient solution lettuce,AC_nutrients_ph_ec_7322,openalex,data/raw/academic/academic_20261007T192501Z/openalex_nutrients_ph_ec_electrical_conductivity_nutrient_solutio.json.gz,2026-10-07T19:25:13Z,66.17195,nutrients_ph_ec,,,E5
W2092109588,article,Effect of Microporous Film on Dissolved Oxygen and Temperature of Nutrient Solution in Hydroponics,Ken-ichiro Yasuba; Mikio Yashiro; Kentaro Matsuo,2003,https://doi.org/10.2525/ecb1963.41.171,https://doi.org/10.2525/ecb1963.41.171,,Seibutsu kankyō chōsetsu/Seibutsu kankyou chousetsu,journal,True,1,microporous films; hydroponics; dissolved oxygen; nutrient solution; aeration; water evaporation; water temperature; spinach,,unspecified,,,nutrients_ph_ec,nutrient solution temperature dissolved oxygen hydroponic,AC_nutrients_ph_ec_3545,openalex,data/raw/academic/academic_20261007T192501Z/openalex_nutrients_ph_ec_nutrient_solution_temperature_dissolved_.json.gz,2026-10-07T19:25:15Z,66.127625,nutrients_ph_ec,,,E5
W4392914930,article,Efficiency of the floating system in the production of lettuce seedlings using different trays and concentrations of nutrient solution,Francisco de Assis de Oliveira; Francisco Cassio Gomes Santana; ⁠Mychelle Karla Teixeira de Oliveira; Breno Leonan de Carvalho Lima; Kleane Targino Oliveira Pereira; Helena Maria de Morais Neta; Mário Jonas Veras Costa; Carlos Eduardo Alves de Oliveira,2024,https://doi.org/10.1590/s0102-0536-2024-e2610,https://doi.org/10.1590/s0102-0536-2024-e2610,Associação Brasileira de Olericultura,Horticultura Brasileira,journal,True,0,lettuce; seedling quality; floating system; nutrient solution; electrical conductivity; lettuce cultivars; Elba; seedling vigor,BR,experiment,,,nutrients_ph_ec,electrical conductivity nutrient solution lettuce,AC_nutrients_ph_ec_7322,openalex,data/raw/academic/academic_20261007T192501Z/openalex_nutrients_ph_ec_electrical_conductivity_nutrient_solutio.json.gz,2026-10-07T19:25:13Z,66.114075,nutrients_ph_ec,,,E5
W4396957537,article,Hydroponics Integrated with Machine Learning,A. Rohini; T. Kusuma sri; R. Ganodhay; Veerbhadrapolla Saikiran; T. Balaji; S. Fouziya,2024,https://doi.org/10.55248/gengpi.5.0424.1126,http://doi.org/10.55248/gengpi.5.0424.1126,,International Journal of Research Publication and Reviews,journal,True,0,hydroponics; machine learning; Internet of Things; tomato cultivation; plant growth monitoring; crop yield improvement; user notification; agricultural technology adoption,,modelling,,,ai_prediction,machine learning hydroponics prediction,AC_ai_prediction_4621,openalex,data/raw/academic/academic_20261007T192501Z/openalex_ai_prediction_machine_learning_hydroponics_prediction.json.gz,2026-10-07T19:25:23Z,66.00474,ai_prediction,,,E5
W3023654504,article,"Characterizing Nutrient Composition and Concentration in Tomato-, Basil-, and Lettuce-Based Aquaponic and Hydroponic Systems",Teng Yang; Hye‐Ji Kim,2020,https://doi.org/10.3390/w12051259,https://doi.org/10.3390/w12051259,Multidisciplinary Digital Publishing Institute,Water,journal,True,127,aquaponics; hydroponics; nutrient composition; nutrient concentration; cherry tomato; Ocimum basilicum; lettuce; hypomagnesemia,US,unspecified,,,nutrients_ph_ec,electrical conductivity nutrient solution lettuce,AC_nutrients_ph_ec_7322,openalex,data/raw/academic/academic_20261007T192501Z/openalex_nutrients_ph_ec_electrical_conductivity_nutrient_solutio.json.gz,2026-10-07T19:25:13Z,65.85074,nutrients_ph_ec,,,E5
W1989878254,article,Evaluation of the Properties of a Portable Ion Analyzer for Hydroponic Nutrient Solutions,Hiroki Yamazaki; Ryuji TOKUGAWA; Masatoshi Osanai; Touru TORII; Yoko Mine; Sinsaku TAKAYAMA; Toshiro Higuchi; Eiji Obata,2005,https://doi.org/10.2525/ecb.43.227,https://doi.org/10.2525/ecb.43.227,,Environment Control in Biology,journal,True,1,hydroponic nutrient solution; ion concentration measurement; potassium; calcium; magnesium; phosphate; nitrate; ammonium,JP,unspecified,,,nutrients_ph_ec,hydroponic nutrient solution pH EC management,AC_nutrients_ph_ec_4042,openalex,data/raw/academic/academic_20261007T192501Z/openalex_nutrients_ph_ec_hydroponic_nutrient_solution_pH_EC_manag.json.gz,2026-10-07T19:25:11Z,65.846695,nutrients_ph_ec,,,E5
W7140206064,article,"Interactive effects of electrical conductivity and light intensity on growth, yield, and nutrient dynamics of hydroponic lettuce",Nazmin Akter; Laura Cammarisano; Md Shamim Ahamed,2026,https://doi.org/10.1038/s41598-026-44508-2,https://doi.org/10.1038/s41598-026-44508-2,Nature Portfolio,Scientific Reports,journal,True,2,hydroponics; butterhead lettuce; electrical conductivity; light intensity; salt stress; nutrient solution management; nitrate accumulation; lettuce yield,US,experiment,,,nutrients_ph_ec,electrical conductivity nutrient solution lettuce,AC_nutrients_ph_ec_7322,openalex,data/raw/academic/academic_20261007T192501Z/openalex_nutrients_ph_ec_electrical_conductivity_nutrient_solutio.json.gz,2026-10-07T19:25:13Z,65.378914,nutrients_ph_ec,,,E5
W7216721790,article,Development of an IoT-Based Smart Hydroponic Monitoring System as a Modern Agricultural Solution in Remote Areas,Firdaus Laia; Finis Hermanto Laia; Setia Murni Telaumbanua; Halasan Pardamean Sitorus; Fernando Jofannikus Hondro,2025,,https://www.idss.iocspublisher.org/index.php/jidss/article/view/318,Institute of Computer Science,Journal of Intelligent Decision Support System (IDSS),journal,True,0,hydroponics; Internet of Things; intelligent monitoring system; Nias Island; water quality monitoring; pH monitoring; temperature monitoring; nutrient monitoring,ID,system_development,,,iot_monitoring,IoT hydroponic monitoring pH TDS,AC_iot_monitoring_7054,openalex,data/raw/academic/academic_20261007T192501Z/openalex_iot_monitoring_IoT_hydroponic_monitoring_pH_TDS.json.gz,2026-10-07T19:25:16Z,65.34737,iot_monitoring,,,E5
W3003700400,article,A Survey of Smart Hydroponic Systems,Falmata Modu; Adam Adam; Farouq Muhammad Aliyu; Audu Musa Mabu; Mahdi Musa,2020,https://doi.org/10.25046/aj050130,https://doi.org/10.25046/aj050130,"Advances in Science, Technology and Engineering Systems Journal (ASTESJ)",Advances in Science Technology and Engineering Systems Journal,journal,True,75,hydroponics; vertical farming; automation; urban agriculture; food security,NG; SA,survey,,,iot_monitoring,smart hydroponic system sensor monitoring,AC_iot_monitoring_4870,openalex,data/raw/academic/academic_20261007T192501Z/openalex_iot_monitoring_smart_hydroponic_system_sensor_monitorin.json.gz,2026-10-07T19:25:18Z,65.23976,iot_monitoring,,,E5
W4377115886,article,Bagasse Electricity Potential of Conventional Sugarcane Factories,Moses Jeremiah Barasa Kabeyi; Oludolapo Akanni Olanrewaju,2023,https://doi.org/10.1155/2023/5749122,https://doi.org/10.1155/2023/5749122,Hindawi Publishing Corporation,Journal of Energy,journal,True,73,sugarcane bagasse; sugar mills; combined heat and power; electricity generation; back-pressure steam turbine; boiler efficiency; greenhouse gas emissions reduction,ZA,unspecified,,,growing_media_bagasse,sugarcane bagasse growing media,AC_growing_media_bagasse_1624,openalex,data/raw/academic/academic_20261007T192501Z/openalex_growing_media_bagasse_sugarcane_bagasse_growing_media.json.gz,2026-10-07T19:25:27Z,65.217575,growing_media_bagasse,,,E5
W4392777035,article,Hydroponic Agriculture with Machine Learning and Deep Learning Methods,Nurten Bulut; Mehmet Hacıbeyoğlu,2024,https://doi.org/10.30855/gmbd.0705083,https://doi.org/10.30855/gmbd.0705083,Gazi Publishing,Gazi Journal of Engineering Sciences,journal,True,4,plant growth monitoring; Arduino sensors; machine learning; deep learning; vertical farming; resource efficiency; food security,TR,experiment|system_development|modelling,,,ai_prediction,deep learning plant growth hydroponic,AC_ai_prediction_7042,openalex,data/raw/academic/academic_20261007T192501Z/openalex_ai_prediction_deep_learning_plant_growth_hydroponic.json.gz,2026-10-07T19:25:26Z,65.1828,ai_prediction,,,E5
W4400412702,article,Assessing the environmental impacts of reclaimed and conventional water in hydroponics based on a life cycle assessment approach,Abdullah Nadeem; Muhammad Atiq Ur Rehman Tariq; Kaleem Sarwar; Mudassar Iqbal; Khalil Ahmad; Khalil Ahmed,2024,https://doi.org/10.2166/ws.2024.160,https://doi.org/10.2166/ws.2024.160,IWA Publishing,Water Science & Technology Water Supply,journal,True,7,reclaimed water; hydroponics; environmental impact; life cycle assessment; water scarcity; food security; ecotoxicity; photochemical ozone formation,AU; PK,lca,,,sustainability,hydroponics sustainability life cycle assessment,AC_sustainability_2528,openalex,data/raw/academic/academic_20261007T192501Z/openalex_sustainability_hydroponics_sustainability_life_cycle_as.json.gz,2026-10-07T19:25:33Z,65.172134,sustainability,,,E5
W2152875344,article,PENGARUH KOMPOSISI MEDIA TANAM DAN UKURAN BIBIT PADA PERTUMBUHAN PEMBIBITAN TEBU (Saccharum officinarum L.),AmaliaPangestu Yulianingtyas Pangestu Yulianingtyas; Husni Thamrin Sebayang; Setyono Yudo Tyasmoro,2015,https://doi.org/10.21176/protan.v3i5.211,http://protan.studentjournal.ub.ac.id/index.php/protan/article/view/211,,Jurnal Produksi Tanaman,journal,True,10,sugarcane; seedling production; growing media composition; seedling size; sugarcane bagasse; boiler ash; seedling growth; seedling vigor,,unspecified,,,growing_media_bagasse,ampas tebu media tanam,AC_growing_media_bagasse_7783,openalex,data/raw/academic/academic_20261007T192501Z/openalex_growing_media_bagasse_ampas_tebu_media_tanam.json.gz,2026-10-07T19:25:32Z,65.1425,growing_media_bagasse,,,E5
W4408723786,article,Intelligent Hydroponic Control System with IoT and Fuzzy Logic on Kale Plants,Khairunnissa Zahran Ansyafa; Yana Nurrohman; Muhamad Al Habsy; Muhammad Fakhri Alauddin; Mahatmadi Ariq Mayangkara; Hafiz Agi Alfasih; Daryn Ramadhani Az Zahra; Aqim Try Kurnia,2025,https://doi.org/10.62535/5w3gk317,https://doi.org/10.62535/5w3gk317,,Journal of Applied Science Technology & Humanities,journal,True,1,hydroponics; kale; Internet of Things; fuzzy logic control; nutrient solution control; deep flow technique; temperature and humidity monitoring; total dissolved solids,ID,unspecified,,,iot_monitoring,IoT hydroponic monitoring pH TDS,AC_iot_monitoring_7054,openalex,data/raw/academic/academic_20261007T192501Z/openalex_iot_monitoring_IoT_hydroponic_monitoring_pH_TDS.json.gz,2026-10-07T19:25:16Z,65.09623,iot_monitoring,,,E5
W4415120821,article,Strategic transformations for realizing food security in Indonesia,Linasari Putri Bangun,2024,https://doi.org/10.61511/crsusf.v1i2.1961,https://doi.org/10.61511/crsusf.v1i2.1961,,Critical Issue of Sustainable Future,journal,True,1,food security; agricultural land conversion; food security policy; climate change adaptation; demographic transition; urbanization; sustainable agriculture; youth empowerment,ID,review,,,indonesia_context,urban farming Indonesia food security,AC_indonesia_context_9274,openalex,data/raw/academic/academic_20261007T192501Z/openalex_indonesia_context_urban_farming_Indonesia_food_security.json.gz,2026-10-07T19:25:45Z,65.061676,indonesia_context,,,E5
W7160014410,article,IOT BASED HYDROPONIC WATER QUALITY CONTROL INTEGRATED WITH WEBSITE AND EARLY WARNING,Herman Saputra; Nofriadi Nofriadi,2026,https://doi.org/10.33330/jurteksi.v12i2.4491,https://doi.org/10.33330/jurteksi.v12i2.4491,,JURTEKSI (Jurnal Teknologi dan Sistem Informasi),journal,True,0,hydroponics; water quality monitoring; Internet of Things; ESP32 microcontroller; pH sensor; temperature sensors; total dissolved solids; early warning notifications,,system_development,,,iot_monitoring,IoT hydroponic monitoring pH TDS,AC_iot_monitoring_7054,openalex,data/raw/academic/academic_20261007T192501Z/openalex_iot_monitoring_IoT_hydroponic_monitoring_pH_TDS.json.gz,2026-10-07T19:25:16Z,65.01455,iot_monitoring,,,E5
W4389108642,article,Business Development Strategy for Smart Watering Product of PT. Hidroponik Padjadjaran Indonesia,Hasna Vidianti Rahmi; Sophia Dwiratna Nur Perwitasari; Lukito Hasta Pratopo,2023,https://doi.org/10.17358/jma.20.3.477,http://dx.doi.org/10.17358/jma.20.3.477,Bogor Institute of Agriculture,Jurnal Manajemen dan Agribisnis,journal,True,1,enterprise development strategy; hydroponics; urban agriculture; market penetration strategy; SWOT analysis; strategy prioritization,ID,unspecified,,,indonesia_context,hidroponik Indonesia,AC_indonesia_context_5245,openalex,data/raw/academic/academic_20261007T192501Z/openalex_indonesia_context_hidroponik_Indonesia.json.gz,2026-10-07T19:25:46Z,64.83208,indonesia_context,,,E5
W2784111283,article,Sugarcane Biochar as an Amendment for Greenhouse Growing Media for the Production of Cucurbit Seedlings,Charles L. Webber; Paul M. White; Douglas J. Spaunhorst; Isabel M. Lima; Eric C. Petrie,2018,https://doi.org/10.5539/jas.v10n2p104,https://doi.org/10.5539/jas.v10n2p104,Canadian Center of Science and Education,Journal of Agricultural Science,journal,True,14,sugarcane bagasse; soilless growing media; greenhouse seedling production; squash; cantaloupe; biochar amendment; water holding capacity; bulk density,US,unspecified,,,growing_media_bagasse,sugarcane bagasse growing media,AC_growing_media_bagasse_1624,openalex,data/raw/academic/academic_20261007T192501Z/openalex_growing_media_bagasse_sugarcane_bagasse_growing_media.json.gz,2026-10-07T19:25:27Z,64.65349,growing_media_bagasse,,,E5
W4417412861,article,Application of pH and TDS Sensors to Optimize the Growth of Pakcoy (Brassica rapa L.) Plants in Hydroponic Systems,Annisa Mardaniyah; Resti Fevria; Reki Kardiman,2025,https://doi.org/10.29303/jbt.v25i4b.10765,https://doi.org/10.29303/jbt.v25i4b.10765,University of Mataram,JURNAL BIOLOGI TROPIS,journal,True,0,pakcoy; Brassica rapa; hydroponics; pH sensor; total dissolved solids sensor; deep flow technique; nutrient management; plant growth,ID,experiment,,,iot_monitoring,IoT hydroponic monitoring pH TDS,AC_iot_monitoring_7054,openalex,data/raw/academic/academic_20261007T192501Z/openalex_iot_monitoring_IoT_hydroponic_monitoring_pH_TDS.json.gz,2026-10-07T19:25:16Z,64.44135,iot_monitoring,,,E5
W4388638075,article,"Degradation of autotoxic chemicals and maintainence of electrical conductivity recover growth, yield and nutrient absorption of successive lettuce in recycled hydroponics",Md. Abdur Razzak; Chiaki Yamazaki; Tetsuhito Fuse; Yasuhiro Yakura; Kounosuke Matsushita; Makoto Ueno; Md. Asaduzzaman; Toshiki Asao,2023,https://doi.org/10.1080/09593330.2023.2283788,https://doi.org/10.1080/09593330.2023.2283788,Taylor & Francis,Environmental Technology,journal,True,3,allelochemicals; benzoic acid; electrical conductivity; lettuce yield; nutrient absorption; nutrient solution reuse; plant factory,BD; JP,experiment,,,nutrients_ph_ec,electrical conductivity nutrient solution lettuce,AC_nutrients_ph_ec_7322,openalex,data/raw/academic/academic_20261007T192501Z/openalex_nutrients_ph_ec_electrical_conductivity_nutrient_solutio.json.gz,2026-10-07T19:25:13Z,64.32401,nutrients_ph_ec,,,E5
W4403074817,article,Assessment of Farmers’ Acceptance of Intelligent Agriculture System Using Technology Acceptance Model,George Essah Yaw Okai; William Akotam Agangiba; Millicent Akotam Agangiba,2024,https://doi.org/10.5120/ijca2024923953,https://doi.org/10.5120/ijca2024923953,Foundation of Computer Science,International Journal of Computer Applications,journal,True,3,technology acceptance; farmers; smart agriculture; precision agriculture; technology acceptance model; perceived usefulness; perceived ease of use; attitudes,GH; US,survey|system_development|modelling,,,consumer_acceptance,technology acceptance model smart agriculture,AC_consumer_acceptance_2573,openalex,data/raw/academic/academic_20261007T192501Z/openalex_consumer_acceptance_technology_acceptance_model_smart_agricu.json.gz,2026-10-07T19:25:39Z,64.04043,consumer_acceptance,,,E5
W4415355590,article,AUTOMATED NUTRIENT CONTROL AND MONITORING SYSTEM FOR INTERNET OF THINGS (IOT)-BASED HYDROPONIC TOWERS,Waliyyuddin Muhammad; Linda Faridah; Sutisna Sutisna,2025,https://doi.org/10.23960/jitet.v13i3s1.8101,https://doi.org/10.23960/jitet.v13i3s1.8101,Lampung University,Jurnal Informatika dan Teknik Elektro Terapan,journal,True,3,nutrient control; Internet of Things; IoT monitoring; DS18B20 temperature sensor; TDS sensor; solenoid valve; ESP32 microcontroller; MQTT,ID,system_development,,,iot_monitoring,IoT hydroponic monitoring pH TDS,AC_iot_monitoring_7054,openalex,data/raw/academic/academic_20261007T192501Z/openalex_iot_monitoring_IoT_hydroponic_monitoring_pH_TDS.json.gz,2026-10-07T19:25:16Z,63.992115,iot_monitoring,,,E5
W7204442872,article,Internet of Things (IoT)-Based Automatic Monitoring and Control System for Environmental Conditions and Nutrition of Hydroponic Melon Plants,Putri Chairuniza; Dibyo Susanto; Muchammad Rizqy Nugraha; Agustina Rachmawardani; Daniela Adolfina Ndaumanu,2026,https://doi.org/10.31763/iota.v6i3.1182,https://doi.org/10.31763/iota.v6i3.1182,,Internet of Things and Artificial Intelligence Journal,journal,True,0,Internet of Things; hydroponics; Cucumis melo; smart agriculture; precision agriculture; environmental monitoring; nutrient solution control; Arduino Mega 2560,ID,experiment|system_development,,,iot_monitoring,IoT hydroponic monitoring pH TDS,AC_iot_monitoring_7054,openalex,data/raw/academic/academic_20261007T192501Z/openalex_iot_monitoring_IoT_hydroponic_monitoring_pH_TDS.json.gz,2026-10-07T19:25:16Z,63.9097,iot_monitoring,,,E5
W4390748831,article,Anomaly detection based on Artificial Intelligence of Things: A Systematic Literature Mapping,Sergio Trilles; Sahibzada Saadoon Hammad; Ditsuhi Iskandaryan,2024,https://doi.org/10.1016/j.iot.2024.101063,https://doi.org/10.1016/j.iot.2024.101063,Elsevier BV,Internet of Things,journal,True,100,anomaly detection; AIoT; edge computing; TinyML; microcontroller; validation metrics; power supply; communication technology,ES,review|survey|modelling,,,ai_prediction,artificial intelligence hydroponic anomaly detection,AC_ai_prediction_4917,openalex,data/raw/academic/academic_20261007T192501Z/openalex_ai_prediction_artificial_intelligence_hydroponic_anoma.json.gz,2026-10-07T19:25:24Z,63.77546,ai_prediction,,,E5
W3138982117,article,Pengaruh Pengomposan Ampas Tebu Sebagai Media Alternatif dan Pengaruhnya Terhadap Produktivitas Jamur Tiram Putih (Pleurotus ostreatus),Claresta Erlinda; Aniek Prasetyaningsih; Kukuh Madyaningrana,2021,https://doi.org/10.26740/lenterabio.v11n1.p161-173,https://doi.org/10.26740/lenterabio.v11n1.p161-173,State University of Surabaya,LenteraBio Berkala Ilmiah Biologi,journal,True,1,sugarcane bagasse; composting; Pleurotus ostreatus; white button mushroom cultivation; mushroom cultivation substrate; alternative growing media; mycelial growth rate; mushroom yield,ID,unspecified,,,growing_media_bagasse,ampas tebu media tanam,AC_growing_media_bagasse_7783,openalex,data/raw/academic/academic_20261007T192501Z/openalex_growing_media_bagasse_ampas_tebu_media_tanam.json.gz,2026-10-07T19:25:32Z,63.40731,growing_media_bagasse,,,E5
W4416723558,article,Innovative Applications of Sugarcane Bagasse in the Global Sugarcane Industry,Sylvere Ndikumana; Omar Tanane; Youness Aichi; Elfarissi Latifa; Lina Goudali,2025,https://doi.org/10.3390/pr13123796,https://doi.org/10.3390/pr13123796,Multidisciplinary Digital Publishing Institute,Processes,journal,True,19,sugarcane bagasse; sugar industry by-products; bioenergy; bioplastics; building materials; agricultural applications; circular economy; bioethanol,MA,review|experiment|lca,,,growing_media_bagasse,sugarcane bagasse growing media,AC_growing_media_bagasse_1624,openalex,data/raw/academic/academic_20261007T192501Z/openalex_growing_media_bagasse_sugarcane_bagasse_growing_media.json.gz,2026-10-07T19:25:27Z,63.38061,growing_media_bagasse,,,E5
W7151837743,article,IoT-Based Smart Hydroponic System for Nutrient Management Using Predictive Machine Learning Algorithms,Palash Gourshettiwar; K. V. Jaya Chandra Reddy,2026,https://doi.org/10.3844/jcssp.2026.960.980,https://doi.org/10.3844/jcssp.2026.960.980,Science Publications,Journal of Computer Science,journal,True,2,hydroponics; Internet of Things; nutrient management; tomato cultivation; real-time monitoring; sensor data; total dissolved solids; pH,IN,modelling,,,iot_monitoring,IoT hydroponic monitoring pH TDS,AC_iot_monitoring_7054,openalex,data/raw/academic/academic_20261007T192501Z/openalex_iot_monitoring_IoT_hydroponic_monitoring_pH_TDS.json.gz,2026-10-07T19:25:16Z,63.34864,iot_monitoring,,,E5
W2810672430,article,Consumers’ Willingness to Pay for Hydroponic Lettuce,Daniel Gilmour,2018,,https://scholarworks.uark.edu/etd/2722,Arkansas Academy of Science,Journal of the Arkansas Academy of Science,journal,True,5,hydroponic lettuce; willingness to pay; consumer attitudes; organic certification; organic farming; supermarket consumers,,experiment,,,consumer_acceptance,willingness to pay hydroponic vegetables,AC_consumer_acceptance_4257,openalex,data/raw/academic/academic_20261007T192501Z/openalex_consumer_acceptance_willingness_to_pay_hydroponic_vegetables.json.gz,2026-10-07T19:25:40Z,63.322533,consumer_acceptance,,,E5
W4283713388,article,Electrical conductivity of the nutrient solution for soilless cultivation of kohlrabi,Francisco de Assis de Oliveira; Rafaelle da Silva Freitas; ⁠Mychelle Karla Teixeira de Oliveira; Sandy Thomaz dos Santos; Jessilanne Plinia BM Costa; Helena M Morais Neta; Isabelly CS Marques; C. J. X. Cordeiro,2022,https://doi.org/10.1590/s0102-0536-20220201,https://doi.org/10.1590/s0102-0536-20220201,Associação Brasileira de Olericultura,Horticultura Brasileira,journal,True,5,electrical conductivity; nutrient solution; soilless cultivation; kohlrabi; bulb yield; bulb quality; titratable acidity; pulp firmness,BR,experiment,,,nutrients_ph_ec,electrical conductivity nutrient solution lettuce,AC_nutrients_ph_ec_7322,openalex,data/raw/academic/academic_20261007T192501Z/openalex_nutrients_ph_ec_electrical_conductivity_nutrient_solutio.json.gz,2026-10-07T19:25:13Z,63.310123,nutrients_ph_ec,,,E5
W4389308530,article,URBAN FARMING: ALTERNATIVE SUSTAINABLE FOOD SYSTEMS AFTER THE COVID-19 PANDEMIC,Rumanintya Lisaria Putri; Joko Sutrisno; Eko Budi Wahyono; Moh Saeri; Rusli Burhansyah; Supriyadi Supriyadi,2023,https://doi.org/10.22487/agroland.v0i0.1939,http://dx.doi.org/10.22487/agroland.v0i0.1939,Tadulako University,AGROLAND The Agricultural Sciences Journal (e-Journal),journal,True,2,urban agriculture; sustainable food systems; COVID-19 pandemic; food security; hunger; food crisis; home gardening; food localization,ID,unspecified,,,indonesia_context,urban farming Indonesia food security,AC_indonesia_context_9274,openalex,data/raw/academic/academic_20261007T192501Z/openalex_indonesia_context_urban_farming_Indonesia_food_security.json.gz,2026-10-07T19:25:45Z,63.26248,indonesia_context,,,E5
W3153039079,article,"Smart Hydroponic Greenhouse (Sensing, Monitoring and Control) Prototype Based on Arduino and IOT",M. Abul-Soud; Mohamed Saad Aly Emam; Sh. M. Mohammed,2021,https://doi.org/10.9734/ijpss/2021/v33i430430,https://doi.org/10.9734/ijpss/2021/v33i430430,Sciencedomain International,International Journal of Plant & Soil Science,journal,True,7,smart greenhouse; hydroponics; nutrient film technique; deep flow technique; lettuce; Arduino; Internet of Things; NodeMCU ESP8266,EG,experiment|system_development,,,iot_monitoring,IoT hydroponic monitoring pH TDS,AC_iot_monitoring_7054,openalex,data/raw/academic/academic_20261007T192501Z/openalex_iot_monitoring_IoT_hydroponic_monitoring_pH_TDS.json.gz,2026-10-07T19:25:16Z,63.17049,iot_monitoring,,,E5
W4413395849,article,Urban Planning Policies and Architectural Design for Sustainable Food Security: A Case Study of Smart Cities in Indonesia,Rafi Haikal; Thoriqi Firdaus; Herdis Herdiansyah; Rizqi Shafira Chairunnisa,2025,https://doi.org/10.3390/su17167546,https://doi.org/10.3390/su17167546,Multidisciplinary Digital Publishing Institute,Sustainability,journal,True,6,smart cities; urban planning policy; food security; sustainable food systems; architectural design; Indonesia; urban agriculture; water-energy-food nexus,ID,modelling|case_study,,,indonesia_context,urban farming Indonesia food security,AC_indonesia_context_9274,openalex,data/raw/academic/academic_20261007T192501Z/openalex_indonesia_context_urban_farming_Indonesia_food_security.json.gz,2026-10-07T19:25:45Z,63.14891,indonesia_context,,,E5
W2803076602,article,Design and Implementation of a Knowledge-Based Nutrient Solution Irrigation System for Hydroponic Applications,Chung‐Liang Chang; Guo-Fong Hong; Wei-Lun Fu,2018,https://doi.org/10.13031/trans.11564,https://doi.org/10.13031/trans.11564,American Society of Agricultural and Biological Engineers,Transactions of the ASABE,journal,True,9,hydroponics; nutrient solution management; fuzzy logic control; microcontroller; electrical conductivity control; pH control; dissolved oxygen,,system_development,,,nutrients_ph_ec,hydroponic nutrient solution pH EC management,AC_nutrients_ph_ec_4042,openalex,data/raw/academic/academic_20261007T192501Z/openalex_nutrients_ph_ec_hydroponic_nutrient_solution_pH_EC_manag.json.gz,2026-10-07T19:25:11Z,62.90542,nutrients_ph_ec,,,E5
W4248371647,article,Electrical Conductivity in Nutritive Solution and Influence on Hydroponic Production in Lettuce Culture (Lactuta sativa L.),,2018,https://doi.org/10.22587/ajbas.2018.12.12.5,https://doi.org/10.22587/ajbas.2018.12.12.5,International Network for Scientific Information Publication,AUSTRALIAN JOURNAL OF BASIC AND APPLIED SCIENCES,journal,True,2,electrical conductivity; hydroponics; lettuce; nutrient solution; lettuce cultivars; dry weight; root length; greenhouse cultivation,,experiment,,,nutrients_ph_ec,electrical conductivity nutrient solution lettuce,AC_nutrients_ph_ec_7322,openalex,data/raw/academic/academic_20261007T192501Z/openalex_nutrients_ph_ec_electrical_conductivity_nutrient_solutio.json.gz,2026-10-07T19:25:13Z,62.66544,nutrients_ph_ec,,,E5
W4407354264,article,Automated Hydroponic Nutrient Dosing System: A Scoping Review of pH and Electrical Conductivity Dosing Frameworks,Hamdan Sulaiman; Ahmad Anas Yusof; Mohd Khairi Mohamed Nor,2025,https://doi.org/10.3390/agriengineering7020043,https://doi.org/10.3390/agriengineering7020043,Multidisciplinary Digital Publishing Institute,AgriEngineering,journal,True,24,hydroponics; pH control; electrical conductivity; nutrient solution management; feedback control loop; predictive analytics; multiple regression model; total dissolved solids,MY,systematic_review|review|modelling,n = 4,,nutrients_ph_ec,hydroponic nutrient solution pH EC management,AC_nutrients_ph_ec_4042,openalex,data/raw/academic/academic_20261007T192501Z/openalex_nutrients_ph_ec_hydroponic_nutrient_solution_pH_EC_manag.json.gz,2026-10-07T19:25:11Z,62.39885,nutrients_ph_ec,,,E5
W4391041558,article,Automated hydroponic nutrient control system for smart agriculture,Ambidi Naveena; Shaik Nannu Saheb; Ratnababu Mamidi; G. L. N. Murthy,2024,https://doi.org/10.11591/ijeecs.v33.i2.pp839-846,https://doi.org/10.11591/ijeecs.v33.i2.pp839-846,Institute of Advanced Engineering and Science (IAES),Indonesian Journal of Electrical Engineering and Computer Science,journal,True,9,hydroponics; nutrient control; smart agriculture; irrigation automation; Raspberry Pi; sensor networks; actuators; ambient temperature monitoring,IN,system_development,,,iot_monitoring,smart hydroponic system sensor monitoring,AC_iot_monitoring_4870,openalex,data/raw/academic/academic_20261007T192501Z/openalex_iot_monitoring_smart_hydroponic_system_sensor_monitorin.json.gz,2026-10-07T19:25:18Z,62.395134,iot_monitoring,,,E5
W2806621462,article,Transcriptome and secretome analysis of Aspergillus fumigatus in the presence of sugarcane bagasse,Paula Fagundes de Gouvêa; Aline Vianna Bernardi; Luís Eduardo Gerolamo; Emerson de Souza Santos; Diego Mauricio Riaño‐Pachón; Sérgio Akira Uyemura; Taísa Magnani Dinamarco,2018,https://doi.org/10.1186/s12864-018-4627-8,https://doi.org/10.1186/s12864-018-4627-8,BioMed Central,BMC Genomics,journal,True,93,sugarcane bagasse; Aspergillus fumigatus; lignocellulose degradation; cellulosic ethanol; carbohydrate-active enzymes; secretome; transcriptome; lytic polysaccharide monooxygenase,BR,experiment,,,growing_media_bagasse,sugarcane bagasse growing media,AC_growing_media_bagasse_1624,openalex,data/raw/academic/academic_20261007T192501Z/openalex_growing_media_bagasse_sugarcane_bagasse_growing_media.json.gz,2026-10-07T19:25:27Z,62.296764,growing_media_bagasse,,,E5
W4214613579,article,Smart agriculture monitoring system for outdoor and hydroponic environments,Bijolin Edwin; Ebenezer Veemaraj; Pradeepa Parthiban; Joseph Pushparaj Devarajan; Vargheese Mariadhas; Ahila Arumuga Nainar; Maheshwar Reddy,2022,https://doi.org/10.11591/ijeecs.v25.i3.pp1679-1687,https://doi.org/10.11591/ijeecs.v25.i3.pp1679-1687,Institute of Advanced Engineering and Science (IAES),Indonesian Journal of Electrical Engineering and Computer Science,journal,True,23,hydroponics; GSM module; Arduino; Internet of Things; cloud computing; SMS alerts; conversational AI; crop monitoring,IN,system_development,,,iot_monitoring,smart hydroponic system sensor monitoring,AC_iot_monitoring_4870,openalex,data/raw/academic/academic_20261007T192501Z/openalex_iot_monitoring_smart_hydroponic_system_sensor_monitorin.json.gz,2026-10-07T19:25:18Z,62.138374,iot_monitoring,,,E5
W4392044770,review,A Systematic Review on Urban Farming Food Business in Indonesia,Syarifuddin Syarifuddin; Mahir Pradana; Pablo Farías; Hanifah Putri Elisa; Adrianza Putra,2024,https://doi.org/10.37394/23202.2024.23.13,https://doi.org/10.37394/23202.2024.23.13,,WSEAS TRANSACTIONS on SYSTEMS archive,journal,True,2,urban agriculture; food business; agribusiness; social entrepreneurship; research trends; Indonesia,CL; ID,unspecified,,,indonesia_context,urban farming Indonesia food security,AC_indonesia_context_9274,openalex,data/raw/academic/academic_20261007T192501Z/openalex_indonesia_context_urban_farming_Indonesia_food_security.json.gz,2026-10-07T19:25:45Z,62.02739,indonesia_context,,,E5
W4395703969,article,Optimisation of Advanced Nutrient Solutions for Escalating Crop Production under Hydroponic Systems: A Comprehensive Review,Guntaash Singh Brar; Ankit Kumar; Gurpreet Singh; Ishika Ishika; Shubham Shubham; Shilpa Kaushal,2024,https://doi.org/10.9734/ijpss/2024/v36i64618,https://doi.org/10.9734/ijpss/2024/v36i64618,Sciencedomain International,International Journal of Plant & Soil Science,journal,True,7,hydroponics; nutrient solution; nutrient management; pH; electrical conductivity; total dissolved solids; nutrient formulation; fertilizer dose,IN,review,,,nutrients_ph_ec,hydroponic nutrient solution pH EC management,AC_nutrients_ph_ec_4042,openalex,data/raw/academic/academic_20261007T192501Z/openalex_nutrients_ph_ec_hydroponic_nutrient_solution_pH_EC_manag.json.gz,2026-10-07T19:25:11Z,62.025963,nutrients_ph_ec,,,E5
W3106543818,article,HYDROPONIC CULTIVATION OF CORIANDER USING FRESH AND BRACKISH WATERS WITH DIFFERENT TEMPERATURES OF THE NUTRIENT SOLUTION,Mairton Gomes da Silva; Tales Miler Soares; Hans Raj Gheyi; Mateus Gerardi Braga de Oliveira; Caroline Cardoso dos Santos,2020,https://doi.org/10.1590/1809-4430-eng.agric.v40n6p674-683/2020,https://doi.org/10.1590/1809-4430-eng.agric.v40n6p674-683/2020,Sociedade Brasileira de Engenharia Agrícola,Engenharia Agrícola,journal,True,19,coriander; hydroponics; nutrient solution temperature; brackish water; salinity; electrical conductivity,BR,experiment,,,nutrients_ph_ec,nutrient solution temperature dissolved oxygen hydroponic,AC_nutrients_ph_ec_3545,openalex,data/raw/academic/academic_20261007T192501Z/openalex_nutrients_ph_ec_nutrient_solution_temperature_dissolved_.json.gz,2026-10-07T19:25:15Z,61.768658,nutrients_ph_ec,,,E5
W4396901563,article,Urban Farming as an Alternative in Realizing Sustainable City Development in Indonesia,Armansyah Armansyah; Sri Rum Giyarsih; Apit Fathurohman; Ade Latifa Soetrisno; Andy Ahmad Zaelany; Bayu Setiawan; Dani Saputra; Muamar Haqi,2024,https://doi.org/10.22146/kawistara.84324,https://doi.org/10.22146/kawistara.84324,Gadjah Mada University,Jurnal Kawistara,journal,True,2,urban agriculture; urbanization; sustainable urban development; food security; sustainable development principles; urban land use; Indonesian cities; Palembang,ID,case_study,,,indonesia_context,urban farming Indonesia food security,AC_indonesia_context_9274,openalex,data/raw/academic/academic_20261007T192501Z/openalex_indonesia_context_urban_farming_Indonesia_food_security.json.gz,2026-10-07T19:25:45Z,61.75984,indonesia_context,,,E5
W7217248800,article,URBAN FARMING: HARVESTING THE FUTURE AS CAPITAL FOR FINDING A PARTNER,Ilham Komarudin; Aris Prio Agus Santoso; Nabila Fikriynadhifah; Qorri Petrianti,2024,,https://conference.unita.ac.id/index.php/conference/article/view/288,Universitas Tulungagung,INTERNATIONAL SEMINAR,journal,True,0,urban agriculture; Generation Z; digital agriculture; agricultural digitalization; food security; youth work ethics; urbanization; local economy,ID,unspecified,,,indonesia_context,urban farming Indonesia food security,AC_indonesia_context_9274,openalex,data/raw/academic/academic_20261007T192501Z/openalex_indonesia_context_urban_farming_Indonesia_food_security.json.gz,2026-10-07T19:25:45Z,61.64381,indonesia_context,,,E5
W2982132904,article,Smart Plant Growth Control and Monitoring System for Indoor Hydroponic Farming,Fina Supegina,2019,https://doi.org/10.23960/jesr.v1i2.11,http://doi.org/10.23960/jesr.v1i2.11,Lampung University,Journal of Engineering and Scientific Research,journal,True,0,hydroponics; indoor cultivation; plant monitoring system; Internet of Things; LED grow lights; temperature and humidity sensors; water level sensor; ThingSpeak,,unspecified,,,iot_monitoring,smart hydroponic system sensor monitoring,AC_iot_monitoring_4870,openalex,data/raw/academic/academic_20261007T192501Z/openalex_iot_monitoring_smart_hydroponic_system_sensor_monitorin.json.gz,2026-10-07T19:25:18Z,61.55771,iot_monitoring,,,E5
W3111114336,article,Empowerment of Urban Farming Community to Improve Food Security in Gresik,Pawana Nur Indah; Indra Tjahaja Amir; Umar Khasan,2020,https://doi.org/10.21107/agriekonomika.v9i2.7853,https://doi.org/10.21107/agriekonomika.v9i2.7853,University of Trunojoyo Madura,Agriekonomika,journal,True,10,community empowerment; urban agriculture; food security; urban villages; Gresik Regency,ID,modelling|case_study,,,indonesia_context,urban farming Indonesia food security,AC_indonesia_context_9274,openalex,data/raw/academic/academic_20261007T192501Z/openalex_indonesia_context_urban_farming_Indonesia_food_security.json.gz,2026-10-07T19:25:45Z,61.346806,indonesia_context,,,E5
W3166769082,article,Acceptance of artificial intelligence in German agriculture: an application of the technology acceptance model and the theory of planned behavior,Svenja Mohr; Rainer W. Kühl,2021,https://doi.org/10.1007/s11119-021-09814-x,https://doi.org/10.1007/s11119-021-09814-x,Springer Science+Business Media,Precision Agriculture,journal,True,275,artificial intelligence adoption; farmers; technology acceptance model; theory of planned behavior; perceived behavioral control; attitudes toward AI; personal innovativeness; German agriculture,DE,survey,84 farmers,,consumer_acceptance,technology acceptance model smart agriculture,AC_consumer_acceptance_2573,openalex,data/raw/academic/academic_20261007T192501Z/openalex_consumer_acceptance_technology_acceptance_model_smart_agricu.json.gz,2026-10-07T19:25:39Z,61.324417,consumer_acceptance,,,E5
W3007131812,article,Preparation and Characterization of Hemicellulose Films from Sugarcane Bagasse,Roberta da Silva Braga; Matheus Poletto,2020,https://doi.org/10.3390/ma13040941,https://doi.org/10.3390/ma13040941,Multidisciplinary Digital Publishing Institute,Materials,journal,True,59,hemicellulose; sugarcane bagasse; lignin removal; biodegradable films; tensile properties; water solubility; thermal stability; film morphology,BR,unspecified,,,growing_media_bagasse,sugarcane bagasse growing media,AC_growing_media_bagasse_1624,openalex,data/raw/academic/academic_20261007T192501Z/openalex_growing_media_bagasse_sugarcane_bagasse_growing_media.json.gz,2026-10-07T19:25:27Z,61.26956,growing_media_bagasse,,,E5
W4367860027,article,Development of IoT Smart Greenhouse System for Hydroponic Gardens,Arcel Christian Austria; John Simon Fabros; Kurt Russel Sumilang; Jocelyn Bernardino; Anabella C. Doctor,2023,https://doi.org/10.25147/ijcsr.2017.001.1.149,https://doi.org/10.25147/ijcsr.2017.001.1.149,,International Journal of Computing Sciences Research,journal,True,14,smart greenhouse; hydroponics; Internet of Things; greenhouse monitoring; mobile application; ThingSpeak; Arduino; water pH monitoring,PH,survey|system_development,,,iot_monitoring,smart hydroponic system sensor monitoring,AC_iot_monitoring_4870,openalex,data/raw/academic/academic_20261007T192501Z/openalex_iot_monitoring_smart_hydroponic_system_sensor_monitorin.json.gz,2026-10-07T19:25:18Z,61.264057,beginner_knowledge|iot_monitoring,,,E5
W4308788060,article,Realizing food security through the development of urban farming to support the family economy during the Covid-19 pandemic,Farah Putri Wenang Lusianingrum; Widya Nur Bhakti Pertiwi,2022,https://doi.org/10.58251/ekonomi.1102694,https://doi.org/10.58251/ekonomi.1102694,,Journal of Ekonomi,journal,True,4,urban agriculture; food security; COVID-19 pandemic; household economy; SWOT analysis; Cilegon; pest and disease control; public policy,ID,survey,,,indonesia_context,urban farming Indonesia food security,AC_indonesia_context_9274,openalex,data/raw/academic/academic_20261007T192501Z/openalex_indonesia_context_urban_farming_Indonesia_food_security.json.gz,2026-10-07T19:25:45Z,61.247078,indonesia_context,,,E5
W2116768512,article,Use of vinasse and sugarcane bagasse for the production of enzymes by lignocellulolytic fungi,Mario Mamede Aguiar; Luiz Fernando Romanholo Ferreira; Regina Teresa Rosim Monteiro,2010,https://doi.org/10.1590/s1516-89132010000500030,https://doi.org/10.1590/s1516-89132010000500030,Instituto de Tecnologia do Paraná (Tecpar),Brazilian Archives of Biology and Technology,journal,True,65,vinasse; sugarcane bagasse; lignocellulolytic fungi; Trichoderma reesei; Pleurotus; manganese peroxidase; laccase; peroxidase,BR,experiment,,,growing_media_bagasse,sugarcane bagasse growing media,AC_growing_media_bagasse_1624,openalex,data/raw/academic/academic_20261007T192501Z/openalex_growing_media_bagasse_sugarcane_bagasse_growing_media.json.gz,2026-10-07T19:25:27Z,61.151325,growing_media_bagasse,,,E5
W3095604042,article,Analisis Kelayakan Finansial Selada Keriting dengan Sistem Hidroponik (Studi Kasus PT Cifa Indonesia),Doni Sahat Tua Manalu; Lavyina Br Bangun,2020,https://doi.org/10.46575/agrihumanis.v1i2.71,https://doi.org/10.46575/agrihumanis.v1i2.71,,AgriHumanis Journal of Agriculture and Human Resource Development Studies,journal,True,8,financial feasibility; hydroponic lettuce; agricultural diversification; vegetable production; farm income; break-even point; net present value; internal rate of return,,unspecified,,,indonesia_context,hidroponik Indonesia,AC_indonesia_context_5245,openalex,data/raw/academic/academic_20261007T192501Z/openalex_indonesia_context_hidroponik_Indonesia.json.gz,2026-10-07T19:25:46Z,61.092304,indonesia_context,,,E5
W4410972990,article,Vermichar Tea as Nutrient Supplement for Hydroponically-Grown Lettuce (Lactuca sativa L.),,2025,https://doi.org/10.63498/etcor338,https://doi.org/10.63498/etcor338,,International Journal of Open-access Interdisciplinary and New Educational Discoveries of ETCOR Educational Research Center (iJOINED ETCOR),journal,True,0,hydroponic lettuce; lettuce; nutrient solution; organic fertilizer; consumer acceptance; sensory evaluation; electrical conductivity; total dissolved solids,,experiment,,,nutrients_ph_ec,electrical conductivity nutrient solution lettuce,AC_nutrients_ph_ec_7322,openalex,data/raw/academic/academic_20261007T192501Z/openalex_nutrients_ph_ec_electrical_conductivity_nutrient_solutio.json.gz,2026-10-07T19:25:13Z,61.079,nutrients_ph_ec,,,E5
W4408056390,article,Analisis Kinerja Agro-Eduwisata PT. Hidroponik Padjadjaran Indonesia melalui Pendekatan Balanced Scorecard,Ahmad Thoriq; Kharista Amayu; Lukito Hasta Pratopo; Sophia Dwiratna Nur Perwitasari; Ratna Dwi Septiningsih,2025,https://doi.org/10.51852/jaa.v8i2.930,https://doi.org/10.51852/jaa.v8i2.930,Bogor Agricultural Development Polytechnic,Jurnal Agroekoteknologi dan Agribisnis,journal,True,0,enterprise performance evaluation; balanced scorecard; return on assets; customer satisfaction; internal processes; school promotion,,unspecified,,,indonesia_context,hidroponik Indonesia,AC_indonesia_context_5245,openalex,data/raw/academic/academic_20261007T192501Z/openalex_indonesia_context_hidroponik_Indonesia.json.gz,2026-10-07T19:25:46Z,61.041687,indonesia_context,,,E5
W3200924311,article,Nutrient Solution Temperature Affects Growth and °Brix Parameters of Seventeen Lettuce Cultivars Grown in an NFT Hydroponic System,Dharti Thakulla; Bruce L. Dunn; Bizhen Hu; CARLA L. GOAD; Niels O. Maness,2021,https://doi.org/10.3390/horticulturae7090321,https://doi.org/10.3390/horticulturae7090321,Multidisciplinary Digital Publishing Institute,Horticulturae,journal,True,47,lettuce; nutrient solution temperature; nutrient film technique; hydroponics; lettuce cultivars; root and shoot biomass; carbon assimilation; romaine lettuce,US,experiment,,,nutrients_ph_ec,nutrient solution temperature dissolved oxygen hydroponic,AC_nutrients_ph_ec_3545,openalex,data/raw/academic/academic_20261007T192501Z/openalex_nutrients_ph_ec_nutrient_solution_temperature_dissolved_.json.gz,2026-10-07T19:25:15Z,61.021545,nutrients_ph_ec,,,E5
W4285222877,article,Sensor Fusion Based Intelligent Hydroponic Farming and Nursing System,Yash Vardhan Bhargava; Prithvi Krishna Chittoor; C. Bharatiraja; Rajesh Verma; K. Sathiyasekar,2022,https://doi.org/10.1109/jsen.2022.3177777,https://doi.org/10.1109/jsen.2022.3177777,IEEE Sensors Council,IEEE Sensors Journal,journal,True,32,hydroponics; sensor fusion; Internet of Things; plant monitoring; environmental regulation; random forest; energy efficiency; peak power reduction,IN; SA,experiment|system_development,,,iot_monitoring,smart hydroponic system sensor monitoring,AC_iot_monitoring_4870,openalex,data/raw/academic/academic_20261007T192501Z/openalex_iot_monitoring_smart_hydroponic_system_sensor_monitorin.json.gz,2026-10-07T19:25:18Z,60.943535,iot_monitoring,,,E5
W4319316616,article,Non-Thermal Plasma and Soilless Nutrient Solution Application: Effects on Nutrient Film Technique Lettuce Cultivation,Carlo Nicoletto; Valentina Falcioni; Silvia L. Locatelli; Paolo Sambo,2023,https://doi.org/10.3390/horticulturae9020208,https://doi.org/10.3390/horticulturae9020208,Multidisciplinary Digital Publishing Institute,Horticulturae,journal,True,11,non-thermal plasma; nutrient film technique; lettuce; soilless cultivation; nutrient depletion; crop yield; leaf pigments; antioxidant content,IT,experiment,,,nutrients_ph_ec,electrical conductivity nutrient solution lettuce,AC_nutrients_ph_ec_7322,openalex,data/raw/academic/academic_20261007T192501Z/openalex_nutrients_ph_ec_electrical_conductivity_nutrient_solutio.json.gz,2026-10-07T19:25:13Z,60.814163,nutrients_ph_ec,,,E5
W7125968302,article,"Pendampingan Kelompok Tani dalam Budidaya Hidroponik di Kota Surabaya, Indonesia",Firli Alya Rahma; Tri Budiarto; Agief Julio Pratama; Henry Kasmanhadi Saputra,2026,https://doi.org/10.34145/jppm.v5i2.3773,https://doi.org/10.34145/jppm.v5i2.3773,Politeknik Pembangunan Pertanian Malang,JURNAL PENYULUHAN PEMBANGUNAN,journal,True,0,hydroponics; urban agriculture; food security; agricultural extension; farmer knowledge improvement; Surabaya,ID,survey,,,indonesia_context,hidroponik Indonesia,AC_indonesia_context_5245,openalex,data/raw/academic/academic_20261007T192501Z/openalex_indonesia_context_hidroponik_Indonesia.json.gz,2026-10-07T19:25:46Z,60.59915,indonesia_context,,,E5
W4389502421,article,SMART GROW – Low-cost automated hydroponic system for urban farming,Kenny Kueh Yung Shin; Tan Ping Ping; Maybelline Goh Boon Ling; Chong Chee Jiun; Noor Alamshah Bolhassan,2023,https://doi.org/10.1016/j.ohx.2023.e00498,https://doi.org/10.1016/j.ohx.2023.e00498,Elsevier BV,HardwareX,journal,True,22,hydroponics; urban agriculture; Internet of Things; low-cost sensors; microcontroller; ESP32 microcontroller; Android application; pH monitoring,MY,system_development,,,iot_monitoring,smart hydroponic system sensor monitoring,AC_iot_monitoring_4870,openalex,data/raw/academic/academic_20261007T192501Z/openalex_iot_monitoring_smart_hydroponic_system_sensor_monitorin.json.gz,2026-10-07T19:25:18Z,60.151917,iot_monitoring,,,E5
W3093597360,article,"COVID-19, Agriculture, and Food Security in Indonesia",Zuhud Rozaki,2020,https://doi.org/10.7831/ras.8.0_243,https://doi.org/10.7831/ras.8.0_243,,Reviews in Agricultural Science,journal,True,109,COVID-19 pandemic; food security; agriculture; food supply chain; food price control; agricultural subsidies; food diversification; purchasing power,ID,unspecified,,,indonesia_context,urban farming Indonesia food security,AC_indonesia_context_9274,openalex,data/raw/academic/academic_20261007T192501Z/openalex_indonesia_context_urban_farming_Indonesia_food_security.json.gz,2026-10-07T19:25:45Z,59.92899,indonesia_context,,,E5
W7127162009,article,Smart Hydroponic System Using IoT and Machine Learning for Water Quality Monitoring,Priyanka Kumari,2026,https://doi.org/10.24321/3117.4809.202603,https://doi.org/10.24321/3117.4809.202603,Advanced Research Publications,International Journal of Advanced Research in Artificial Intelligence and Machine Learning Reviews,journal,True,0,hydroponics; water quality monitoring; IoT sensors; pH; electrical conductivity; temperature; ebb and flow irrigation; Raspberry Pi,IN,system_development|modelling,,,iot_monitoring,smart hydroponic system sensor monitoring,AC_iot_monitoring_4870,openalex,data/raw/academic/academic_20261007T192501Z/openalex_iot_monitoring_smart_hydroponic_system_sensor_monitorin.json.gz,2026-10-07T19:25:18Z,59.502987,iot_monitoring,,,E5
W2490341281,article,Efficient sugar production from sugarcane bagasse by microwave assisted acid and alkali pretreatment,Zongyuan Zhu; Camila Alves de Rezende; Rachael Simister; Simon J. McQueen‐Mason; Duncan J. Macquarrie; Igor Polikarpov; Leonardo Dario Gomez,2016,https://doi.org/10.1016/j.biombioe.2016.06.017,https://doi.org/10.1016/j.biombioe.2016.06.017,Elsevier BV,Biomass and Bioenergy,journal,True,164,sugarcane bagasse; microwave pretreatment; alkaline pretreatment; acid pretreatment; reducing sugar production; enzymatic hydrolysis; cellulosic ethanol; lignin removal,BR; GB,experiment,,,growing_media_bagasse,sugarcane bagasse growing media,AC_growing_media_bagasse_1624,openalex,data/raw/academic/academic_20261007T192501Z/openalex_growing_media_bagasse_sugarcane_bagasse_growing_media.json.gz,2026-10-07T19:25:27Z,59.43223,growing_media_bagasse,,,E5
W7204690286,article,Bibliometric Analysis of Urban Farming,Loso Judijanto; Bintang Cahya; Rani Eka Arini,2026,https://doi.org/10.58812/wsa.v4i03.3087,https://doi.org/10.58812/wsa.v4i03.3087,,West Science Agro,journal,True,0,urban agriculture; research trends; food security; sustainable agriculture; vertical farming; hydroponics; smart agriculture; Internet of Things,ID,modelling,,,indonesia_context,urban farming Indonesia food security,AC_indonesia_context_9274,openalex,data/raw/academic/academic_20261007T192501Z/openalex_indonesia_context_urban_farming_Indonesia_food_security.json.gz,2026-10-07T19:25:45Z,59.233627,indonesia_context,,,E5
W4223637284,book-chapter,Soilless Culture for Agribusiness throughout Urban Farming in Indonesia,Ristina Siti Sundari; Lies Sulistyowati; Trisna Insan Noor; Iwan Budi Setiawan,2022,https://doi.org/10.5772/intechopen.101757,https://doi.org/10.5772/intechopen.101757,IntechOpen,IntechOpen eBooks,ebook platform,False,3,hydroponics; urban agriculture; agribusiness; aquaponics; aeroponics; vertical farming; land scarcity; household food production,,unspecified,,,indonesia_context,hydroponics Indonesia urban farming,AC_indonesia_context_9585,openalex,data/raw/academic/academic_20261007T192501Z/openalex_indonesia_context_hydroponics_Indonesia_urban_farming.json.gz,2026-10-07T19:25:43Z,59.195045,indonesia_context,,,E4
W7219368057,article,PENGUATAN EKONOMI MASYARAKAT INDONESIA PASCA PANDEMI COVID-19 BERBASIS BUDIDAYA TANAMAN HIDROPONIK,Rahma Putri Novrianti; Ririt Iriani Sri Setiawati; Putra Perdana,2022,,https://jurnalfkip.samawa-university.ac.id/KARYA_JPM/article/view/117,,KARYA: Jurnal Pengabdian Kepada Masyarakat,journal,True,0,economic recovery; hydroponics; household income; smallholder farmers; food security; vegetable production; poverty reduction; economic impact of COVID-19,ID,unspecified,,,indonesia_context,hidroponik Indonesia,AC_indonesia_context_5245,openalex,data/raw/academic/academic_20261007T192501Z/openalex_indonesia_context_hidroponik_Indonesia.json.gz,2026-10-07T19:25:47Z,59.174778,indonesia_context,,,E5
W7126240497,article,Smart Hydroponic Nutrient Monitoring and Control System using Fuzzy Logic and IoT,Muhammad Alimussadad; Dyah Lestari; Wahyu Mulyo Utomo,2025,https://doi.org/10.31961/eltikom.v9i2.1494,https://doi.org/10.31961/eltikom.v9i2.1494,Politeknik Negeri Banjarmasin,Jurnal ELTIKOM,journal,True,2,hydroponics; nutrient monitoring; nutrient control; fuzzy logic control; Sugeno fuzzy inference; Internet of Things; ESP32 microcontroller; solenoid valve,ID; MY,system_development,,,iot_monitoring,smart hydroponic system sensor monitoring,AC_iot_monitoring_4870,openalex,data/raw/academic/academic_20261007T192501Z/openalex_iot_monitoring_smart_hydroponic_system_sensor_monitorin.json.gz,2026-10-07T19:25:18Z,59.09275,iot_monitoring,,,E5
W2981493508,article,Cost Effective Smart Hydroponic Monitoring and Controlling System Using IoT,Ahsan Ullah; Sadia Aktar; Nipa Sutar; Rafsan Kabir; Afzal Hossain,2019,https://doi.org/10.4236/ica.2019.104010,https://doi.org/10.4236/ica.2019.104010,Scientific Research Publishing,Intelligent Control and Automation,journal,True,33,hydroponics; Internet of Things; remote monitoring; mobile app control; ESP32 microcontroller; water level monitoring; pH sensor; humidity and temperature sensing,BD,system_development,,,iot_monitoring,smart hydroponic system sensor monitoring,AC_iot_monitoring_4870,openalex,data/raw/academic/academic_20261007T192501Z/openalex_iot_monitoring_smart_hydroponic_system_sensor_monitorin.json.gz,2026-10-07T19:25:18Z,59.09012,beginner_knowledge|iot_monitoring,,,E5
W7148673185,article,"Cultivating the margins: Urban farming, social solidarity, and spatial justice in Indonesia",Moh. Solehatul Mustofa; Kemal Budi Mulyono; Nina Farliana; Dwi Cahyaningdyah,2026,https://doi.org/10.1002/uar2.70049,https://doi.org/10.1002/uar2.70049,Wiley,Urban Agriculture & Regional Food Systems,journal,True,0,urban agriculture; social solidarity; spatial justice; food sovereignty; food security; community resilience; social-ecological systems; participatory urban planning,ID,case_study,,,indonesia_context,urban farming Indonesia food security,AC_indonesia_context_9274,openalex,data/raw/academic/academic_20261007T192501Z/openalex_indonesia_context_urban_farming_Indonesia_food_security.json.gz,2026-10-07T19:25:45Z,59.079628,indonesia_context,,,E5
W2091518266,article,Consumer Willingness‐to‐Pay for Food Safety in Taiwan: A Binary‐Ordinal Probit Model of Analysis,Chung L. Huang; Kamhon Kan; Tsu‐Tan Fu,1999,https://doi.org/10.1111/j.1745-6606.1999.tb00761.x,https://doi.org/10.1111/j.1745-6606.1999.tb00761.x,Wiley,Journal of Consumer Affairs,journal,True,64,willingness to pay; food safety; hydroponic vegetables; premium pricing; simultaneous estimation; household income; family health status; consumer attitudes,TW; US,unspecified,,,consumer_acceptance,willingness to pay hydroponic vegetables,AC_consumer_acceptance_4257,openalex,data/raw/academic/academic_20261007T192501Z/openalex_consumer_acceptance_willingness_to_pay_hydroponic_vegetables.json.gz,2026-10-07T19:25:40Z,59.033585,consumer_acceptance,,,E5
W3097308673,article,Effect of Nutrient Solution Concentration on the Growth of Hydroponic Sweetpotato,Masaru Sakamoto; Takahiro Suzuki,2020,https://doi.org/10.3390/agronomy10111708,https://doi.org/10.3390/agronomy10111708,Multidisciplinary Digital Publishing Institute,Agronomy,journal,True,49,Ipomoea batatas; hydroponics; nutrient solution concentration; electrical conductivity; storage root yield; shoot growth; leaf abscission; leaf number,JP,experiment,,,nutrients_ph_ec,hydroponic nutrient solution pH EC management,AC_nutrients_ph_ec_4042,openalex,data/raw/academic/academic_20261007T192501Z/openalex_nutrients_ph_ec_hydroponic_nutrient_solution_pH_EC_manag.json.gz,2026-10-07T19:25:11Z,58.866467,nutrients_ph_ec,,,E5
W4385721300,article,Study of dissolved oxygen quality response in smart watering and autopot systems due to the effect of changes in environmental temperature,Chaerul Amin; Sophia Dwiratna Nur Perwitasari; Kharistya Amaru,2023,https://doi.org/10.31764/jau.v10i2.13347,http://dx.doi.org/10.31764/jau.v10i2.13347,Muhammadiyah University of Mataram,Jurnal Agrotek UMMat,journal,True,2,dissolved oxygen; hydroponics; ambient temperature; nutrient solution; fertigation; lettuce; paprika; smart irrigation,ID,unspecified,,,nutrients_ph_ec,nutrient solution temperature dissolved oxygen hydroponic,AC_nutrients_ph_ec_3545,openalex,data/raw/academic/academic_20261007T192501Z/openalex_nutrients_ph_ec_nutrient_solution_temperature_dissolved_.json.gz,2026-10-07T19:25:15Z,58.833775,nutrients_ph_ec,,,E5
W4410850537,article,Hydroponics - sustainable farming,C S DESHPANDE -,2025,https://doi.org/10.71097/ijsat.v16.i2.5317,https://doi.org/10.71097/ijsat.v16.i2.5317,,International Journal on Science and Technology,journal,True,0,hydroponics; soilless cultivation; sustainable agriculture; water conservation; nutrient film technique; deep water culture; aeroponics; vertical farming,,unspecified,,,indonesia_context,hydroponics Indonesia urban farming,AC_indonesia_context_9585,openalex,data/raw/academic/academic_20261007T192501Z/openalex_indonesia_context_hydroponics_Indonesia_urban_farming.json.gz,2026-10-07T19:25:43Z,58.830948,indonesia_context,,,E5
W4416744579,article,University Students’ Perspectives on Adopting Internet of Things Technologies in Smart Farming: An Analysis Using the Extended Technology Acceptance Model,Zulfadli Hazim Zul Azlan; Syahrul Nizam Junaini; Adnan Shahid Khan; Wan Azani Mustafa; Behnam Ghasemzadeh,2025,https://doi.org/10.1155/hbe2/3858988,https://doi.org/10.1155/hbe2/3858988,Wiley,Human Behavior and Emerging Technologies,journal,True,1,Internet of Things; smart agriculture; technology adoption; university students; technology acceptance model; agricultural technology; sustainable agriculture; agricultural innovation,AU; IR; MY,survey,,,consumer_acceptance,technology acceptance model smart agriculture,AC_consumer_acceptance_2573,openalex,data/raw/academic/academic_20261007T192501Z/openalex_consumer_acceptance_technology_acceptance_model_smart_agricu.json.gz,2026-10-07T19:25:39Z,58.692883,consumer_acceptance,,,E5
W4387445004,article,Hydroponics: current trends in sustainable crop production,Ganapathy Rajaseger,2023,https://doi.org/10.6026/97320630019925,https://doi.org/10.6026/97320630019925,Biomedical Informatics,Bioinformation,journal,True,195,hydroponics; smart agriculture; Internet of Things; sensor-based monitoring; nutrient delivery; water conservation; automation; artificial intelligence,SG,review,,,sustainability,hydroponics sustainability life cycle assessment,AC_sustainability_2528,openalex,data/raw/academic/academic_20261007T192501Z/openalex_sustainability_hydroponics_sustainability_life_cycle_as.json.gz,2026-10-07T19:25:33Z,58.629574,sustainability,,,E5
W4399505262,article,Performance enhancement in hydroponic and soil compound prediction by deep learning techniques,Mustufa Haider Abidi; Sanjay Chintakindi; Ateekh Ur Rehman; Muneer Khan Mohammed,2024,https://doi.org/10.7717/peerj-cs.2101,https://doi.org/10.7717/peerj-cs.2101,"PeerJ, Inc.",PeerJ Computer Science,journal,True,2,soil texture prediction; feature extraction; weighted features; convolutional autoencoder; gated recurrent unit; multi-scale feature fusion; soil contamination; plant growth,SA,unspecified,,,ai_prediction,deep learning plant growth hydroponic,AC_ai_prediction_7042,openalex,data/raw/academic/academic_20261007T192501Z/openalex_ai_prediction_deep_learning_plant_growth_hydroponic.json.gz,2026-10-07T19:25:26Z,58.604218,ai_prediction,,,E5
W3036315035,article,Consumers’ acceptability and perceptions toward the consumption of hydroponically and soil grown broccoli microgreens,Hsiangting Shatina Chen; Xiao Tong; Libo Tan; Lingyan Kong,2020,https://doi.org/10.1016/j.jafr.2020.100051,https://doi.org/10.1016/j.jafr.2020.100051,Elsevier BV,Journal of Agriculture and Food Research,journal,True,37,hydroponics; consumer acceptance; sensory properties; purchase intention; perceived benefits; consumer perception,US,unspecified,150 participants,,consumer_acceptance,consumer perception hydroponic produce,AC_consumer_acceptance_8690,openalex,data/raw/academic/academic_20261007T192501Z/openalex_consumer_acceptance_consumer_perception_hydroponic_produce.json.gz,2026-10-07T19:25:42Z,58.568584,consumer_acceptance,,,E5
W7113907242,review,Urban Agriculture for Sustainable Food Systems: A Narrative Review of Indonesian Practices and Potentials,Ahmad Yani; Eka Prasetia Hati; Hardianti,2025,https://doi.org/10.61978/foodsecure.v1i1.624,https://doi.org/10.61978/foodsecure.v1i1.624,,Journal of FoodSecure Indonesia,journal,True,1,urban agriculture; household food security; sustainable food systems; dietary diversity; food access; economic resilience; additional income; food policy,ID,review,,,indonesia_context,urban farming Indonesia food security,AC_indonesia_context_9274,openalex,data/raw/academic/academic_20261007T192501Z/openalex_indonesia_context_urban_farming_Indonesia_food_security.json.gz,2026-10-07T19:25:45Z,58.557465,indonesia_context,,,E5
W2514649402,article,Pre-processing of sugarcane bagasse for gasification in a downdraft biomass gasifier system: A comprehensive review,Anthony Ike Anukam; Sampson Mamphweli; Prashant Reddy; Edson L. Meyer; Omobola Oluranti Okoh,2016,https://doi.org/10.1016/j.rser.2016.08.046,https://doi.org/10.1016/j.rser.2016.08.046,Elsevier BV,Renewable and Sustainable Energy Reviews,journal,True,185,sugarcane bagasse; biomass gasification; downdraft gasifier; thermochemical conversion; particle size reduction; moisture content reduction; bulk density,ZA,review,,,growing_media_bagasse,sugarcane bagasse growing media,AC_growing_media_bagasse_1624,openalex,data/raw/academic/academic_20261007T192501Z/openalex_growing_media_bagasse_sugarcane_bagasse_growing_media.json.gz,2026-10-07T19:25:27Z,58.484528,growing_media_bagasse,,,E5
W7110696463,article,ORGANIC ELECTROCHEMICAL TRANSISTOR-BASED NITRATE MONITORING SENSOR FOR HYDROPONIC SYSTEM,"Islam, Md Najmul",2025,,https://scholarworks.uttyler.edu/ee_grad/64,The University of Texas at Tyler,Scholar Works at UT Tyler (The University of Texas at Tyler),repository,False,0,organic electrochemical transistors; nitrate sensing; hydroponics; ion-selective membranes; PEDOT:PSS; MoS2 nanocomposites; flexible sensors; nutrient monitoring,,unspecified,,,iot_monitoring,smart hydroponic system sensor monitoring,AC_iot_monitoring_4870,openalex,data/raw/academic/academic_20261007T192501Z/openalex_iot_monitoring_smart_hydroponic_system_sensor_monitorin.json.gz,2026-10-07T19:25:18Z,58.3394,iot_monitoring,,,E3
W3117902254,article,Recycling Nutrient Solution Can Reduce Growth Due to Nutrient Deficiencies in Hydroponic Production,Alexander Miller; Ranjeeta Adhikari; Krishna Nemali,2020,https://doi.org/10.3389/fpls.2020.607643,https://doi.org/10.3389/fpls.2020.607643,Frontiers Media,Frontiers in Plant Science,journal,True,51,nutrient solution recycling; hydroponics; lettuce; electrical conductivity; nutritional deficiency; tissue nutrient concentration; bicarbonate accumulation; plant growth,US,unspecified,,,nutrients_ph_ec,nutrient solution temperature dissolved oxygen hydroponic,AC_nutrients_ph_ec_3545,openalex,data/raw/academic/academic_20261007T192501Z/openalex_nutrients_ph_ec_nutrient_solution_temperature_dissolved_.json.gz,2026-10-07T19:25:15Z,58.32473,nutrients_ph_ec,,,E5
W4394785785,article,The responses of pepper plants to nitrogen form and dissolved oxygen concentration of nutrient solution in hydroponics,Hamid Reza Roosta,2024,https://doi.org/10.1186/s12870-024-04943-7,https://doi.org/10.1186/s12870-024-04943-7,BioMed Central,BMC Plant Biology,journal,True,24,sweet pepper; Capsicum annuum; nitrogen forms; ammonium; nitrate; dissolved oxygen; nutrient solution; hydroponics,IR,experiment|system_development,,,nutrients_ph_ec,nutrient solution temperature dissolved oxygen hydroponic,AC_nutrients_ph_ec_3545,openalex,data/raw/academic/academic_20261007T192501Z/openalex_nutrients_ph_ec_nutrient_solution_temperature_dissolved_.json.gz,2026-10-07T19:25:15Z,58.198307,nutrients_ph_ec,,,E5
W2912634023,article,PEMBERDAYAAN IBU RUMAH TANGGA MELALUI PELATIHAN HIDROPONIK,Badingatus Solikhah; Trisni Suryarini; Agus Wahyudin,2019,,https://doaj.org/article/398c1b89c9eb4ee39d4f765fa0a5586f,,DOAJ (DOAJ: Directory of Open Access Journals),repository,False,24,hydroponics; housewives; women's empowerment; household income; urban gardening; community training,ID,unspecified,,,adoption_barriers,hidroponik rumah tangga perkotaan,AC_adoption_barriers_6174,openalex,data/raw/academic/academic_20261007T192501Z/openalex_adoption_barriers_hidroponik_rumah_tangga_perkotaan.json.gz,2026-10-07T19:25:07Z,58.151714,adoption_barriers,,,E3
W7220298922,article,PENGARUH PENAMBAHAN AMPAS SAGU DAN AMPAS TEBU TERHADAP PERTUMBUHAN JAMUR TIRAM PUTIH (Pleurotus ostreatus Jacq ex Fr),Matilda Y. Wambrauw; Supeni Sufaati; Edoward Krisson Raunsay,2023,,https://ejournal.uncen.ac.id/index.php/NG/article/view/2861,Cenderawasih University,NOVAE GUINEA Jurnal Biologi,journal,True,0,sugarcane bagasse; cassava bagasse; Pleurotus ostreatus; oyster mushroom cultivation; mushroom growing media; harvest time; mycelial growth; fruiting body yield,ID,experiment,,,growing_media_bagasse,ampas tebu media tanam,AC_growing_media_bagasse_7783,openalex,data/raw/academic/academic_20261007T192501Z/openalex_growing_media_bagasse_ampas_tebu_media_tanam.json.gz,2026-10-07T19:25:32Z,58.150364,growing_media_bagasse,,,E5
W2802808115,article,Smart System for Bicarbonate Control in Irrigation for Hydroponic Precision Farming,Carlos Cambra; Sandra Sendra; Jaime Lloret; Raquel Lacuesta,2018,https://doi.org/10.3390/s18051333,https://doi.org/10.3390/s18051333,Multidisciplinary Digital Publishing Institute,Sensors,journal,True,99,hydroponics; irrigation automation; pH sensor; self-calibration; nutrient solution; wireless sensor networks; greenhouse monitoring; precision agriculture,ES,unspecified,,,iot_monitoring,smart hydroponic system sensor monitoring,AC_iot_monitoring_4870,openalex,data/raw/academic/academic_20261007T192501Z/openalex_iot_monitoring_smart_hydroponic_system_sensor_monitorin.json.gz,2026-10-07T19:25:18Z,58.021988,iot_monitoring,,,E5
W341586691,article,Saccharification of Sugarcane Bagasse by Enzymatic Treatment for bioethanol production,Firoz Ahmed; Sabita Rezwana Rahman; Donald James Gomes,2012,https://doi.org/10.21161/mjm.03412,https://doi.org/10.21161/mjm.03412,Malaysian Society for Microbiology,Malaysian Journal of Microbiology,journal,True,29,sugarcane bagasse; saccharification; bioethanol production; cellulolytic enzymes; Trichoderma viride; lignocellulosic biomass; alkaline pretreatment; cellulase,BD,experiment,,,growing_media_bagasse,sugarcane bagasse growing media,AC_growing_media_bagasse_1624,openalex,data/raw/academic/academic_20261007T192501Z/openalex_growing_media_bagasse_sugarcane_bagasse_growing_media.json.gz,2026-10-07T19:25:27Z,57.78002,growing_media_bagasse,,,E5
W1956901080,article,Pertumbuhan dan Produktivitas Jamur Tiram Putih (Pleurotus ostreatus) pada Media Campuran Serbuk Tongkol Jagung dan Ampas Tebu,Ernest Alfira Arif Un,2014,,http://jurnalmahasiswa.unesa.ac.id/index.php/lenterabio/article/view/9624,State University of Surabaya,LenteraBio Berkala Ilmiah Biologi,journal,True,3,Pleurotus ostreatus; white button mushroom cultivation; mushroom cultivation substrate; sugarcane bagasse; corn cob; mycelial growth rate; mushroom yield; fruiting body formation,,unspecified,,,growing_media_bagasse,ampas tebu media tanam,AC_growing_media_bagasse_7783,openalex,data/raw/academic/academic_20261007T192501Z/openalex_growing_media_bagasse_ampas_tebu_media_tanam.json.gz,2026-10-07T19:25:32Z,57.647083,growing_media_bagasse,,,E5
W2309041103,article,Feasibility of growth and nutrition of Dieffenbachia amoena \'Tropic Snow\' in pot growth-medium amended with sugarcane bagasse vermicompost,"Ali Mahboub Khomami; Flower and Ornamental Plants Res. Station of Lahijan, Iran.; G. Moharam Mammdov",2016,https://doi.org/10.18869/acadpub.ejgcst.6.4.23,https://doi.org/10.18869/acadpub.ejgcst.6.4.23,,Journal of Science and Technology of Greenhouse Culture,journal,True,0,sugarcane bagasse; vermicompost; peat replacement; growing media; ornamental plants; substrate physical properties; leaf nutrient content; cattle manure,,experiment,,,growing_media_bagasse,sugarcane bagasse growing media,AC_growing_media_bagasse_1624,openalex,data/raw/academic/academic_20261007T192501Z/openalex_growing_media_bagasse_sugarcane_bagasse_growing_media.json.gz,2026-10-07T19:25:27Z,57.61425,growing_media_bagasse,,,E5
W7216730020,article,Wirausaha dan Pemberdayaan Perempuan Melalui Pelatihan Budidaya Hidroponik Pada Wanita Katolik Republik Indonesia Cabang Abepura,Yosephina Ohoiwutun; Westim Ratang; Albertina Nasri Lobo; Bernarda Meteray; Yosefin Rianita Hadiyanti; Agnes Aryesam; Gerda Numbery; Graciano Aristides Maturbongs,2025,,https://jurnal.sitasi.id/melayani/article/view/318,,Melayani Jurnal Pengabdian Kepada Masyarakat,journal,True,0,hydroponics; women's entrepreneurship; women's empowerment; women's economic independence; Catholic women's associations,ID,unspecified,,,indonesia_context,hidroponik Indonesia,AC_indonesia_context_5245,openalex,data/raw/academic/academic_20261007T192501Z/openalex_indonesia_context_hidroponik_Indonesia.json.gz,2026-10-07T19:25:47Z,57.44401,indonesia_context,,,E5
W4385218130,article,Precise Management of Hydroponic Nutrient Solution pH: The Effects of Minor pH Changes and MES Buffer Molarity on Lettuce Physiological Properties,Gediminas Kudirka; Akvilė Viršilė; Rūta Sutulienė; Kristina Laužikė; G. Samuolienė,2023,https://doi.org/10.3390/horticulturae9070837,https://doi.org/10.3390/horticulturae9070837,Multidisciplinary Digital Publishing Institute,Horticulturae,journal,True,34,MES buffer; buffering capacity; lettuce; deep water culture; vertical farming; antioxidant activity; mineral absorption; pH fluctuations,LT,experiment,,,nutrients_ph_ec,hydroponic nutrient solution pH EC management,AC_nutrients_ph_ec_4042,openalex,data/raw/academic/academic_20261007T192501Z/openalex_nutrients_ph_ec_hydroponic_nutrient_solution_pH_EC_manag.json.gz,2026-10-07T19:25:11Z,57.113407,nutrients_ph_ec,,,E5
W3014945539,article,Performance of foliage ornamentals in hydroponic nutrient solutions,Dhanasekaran Dhanraj,2020,https://doi.org/10.25081/jfcls.2020.v6.5753,https://doi.org/10.25081/jfcls.2020.v6.5753,Society for Scientific Research,Journal of Floriculture and Landscaping,journal,True,5,hydroponic nutrient solution; vertical gardens; root growth; Hoagland solution; Epipremnum aureum; Syngonium podophyllum; Tradescantia spathacea; green walls,IN,experiment,,,nutrients_ph_ec,hydroponic nutrient solution pH EC management,AC_nutrients_ph_ec_4042,openalex,data/raw/academic/academic_20261007T192501Z/openalex_nutrients_ph_ec_hydroponic_nutrient_solution_pH_EC_manag.json.gz,2026-10-07T19:25:11Z,57.08637,nutrients_ph_ec,,,E5
W4385144086,article,Sugarcane Bagasse as a Biosorbent for Removal of Dyes,Manisha Chaudhari,2023,https://doi.org/10.25166/ijppr.2023.27.3.30,https://doi.org/10.25166/ijppr.2023.27.3.30,,International Journal of Pharmacy and Pharmaceutical Research,journal,True,1,sugarcane bagasse; biosorption; dye removal; wastewater treatment; agro-industrial waste; biosorbent modification; adsorption optimization; biosorbent regeneration,IN,review,,,growing_media_bagasse,sugarcane bagasse growing media,AC_growing_media_bagasse_1624,openalex,data/raw/academic/academic_20261007T192501Z/openalex_growing_media_bagasse_sugarcane_bagasse_growing_media.json.gz,2026-10-07T19:25:27Z,56.908386,growing_media_bagasse,,,E5
W4210742417,article,Nitrogen management in nitrification-hydroponic systems by utilizing their pH characteristics,Ignatius Leopoldus van Rooyen; Willie Nicol,2022,https://doi.org/10.1016/j.eti.2022.102360,https://doi.org/10.1016/j.eti.2022.102360,Elsevier BV,Environmental Technology & Innovation,journal,True,26,digestate; anaerobic digestion by-products; nitrification; hydroponic nutrient solution; pH control; nitrogen management; nitrogen use efficiency; plant growth,ZA,unspecified,,,nutrients_ph_ec,hydroponic nutrient solution pH EC management,AC_nutrients_ph_ec_4042,openalex,data/raw/academic/academic_20261007T192501Z/openalex_nutrients_ph_ec_hydroponic_nutrient_solution_pH_EC_manag.json.gz,2026-10-07T19:25:11Z,56.798412,nutrients_ph_ec,,,E5
W4391906241,article,Electrochemical sensing of paracetamol based on sugarcane bagasse-activated biochar,Scarlett Allende; Yang Liu; Mohan Vadakkedam Jacob,2024,https://doi.org/10.1016/j.indcrop.2024.118241,https://doi.org/10.1016/j.indcrop.2024.118241,Elsevier BV,Industrial Crops and Products,journal,True,41,paracetamol detection; electrochemical sensor; sugarcane bagasse; activated biochar; microwave pyrolysis; sulfuric acid activation; electrocatalysis; modified glassy carbon electrode,AU,experiment,,,growing_media_bagasse,sugarcane bagasse growing media,AC_growing_media_bagasse_1624,openalex,data/raw/academic/academic_20261007T192501Z/openalex_growing_media_bagasse_sugarcane_bagasse_growing_media.json.gz,2026-10-07T19:25:27Z,56.796795,growing_media_bagasse,,,E5
W7219955876,article,Artificial Intelligence-Based Hydroponic Plant Disease Detection System (Lactuca sativa),M. Rhifky Wayahdi; Fahmi Ruziq; Nurhajijah Nurhajijah,2025,,https://journal.technolabs.co.id/index.php/jotechcom/article/view/p-168,,Journal of Technology and Computer,journal,True,0,lettuce; plant disease detection; hydroponics; YOLO; Internet of Things; edge computing; precision agriculture; tipburn,ID,experiment,,,ai_prediction,artificial intelligence hydroponic anomaly detection,AC_ai_prediction_4917,openalex,data/raw/academic/academic_20261007T192501Z/openalex_ai_prediction_artificial_intelligence_hydroponic_anoma.json.gz,2026-10-07T19:25:24Z,56.585056,ai_prediction,,,E5
W4413308655,article,Experimental Evaluation of Oxygen and Dissolved Solids Levels in Hydroponic Crops Using Organic Nutrients as a Function of the Number of Daily Recirculations,Nino Vega; Néstor Zamora; Ana Tigse; Juan Chacón; Alexis Vega,2025,https://doi.org/10.3390/su17167484,https://doi.org/10.3390/su17167484,Multidisciplinary Digital Publishing Institute,Sustainability,journal,True,2,hydroponics; dissolved oxygen; total dissolved solids; romaine lettuce; organic nutrients; crop growth; water physicochemical parameters; real-time monitoring,EC,experiment,,,nutrients_ph_ec,nutrient solution temperature dissolved oxygen hydroponic,AC_nutrients_ph_ec_3545,openalex,data/raw/academic/academic_20261007T192501Z/openalex_nutrients_ph_ec_nutrient_solution_temperature_dissolved_.json.gz,2026-10-07T19:25:15Z,56.545094,nutrients_ph_ec,,,E5
W1673455871,article,"PROTEIN JAMUR TIRAM PUTIH (Pleurotus ostreatus) PADA MEDIA SERBUK GERGAJI, AMPAS TEBU DAN ARANG SEKAM",Suparti; Cahya Wardani,2014,,https://jurnal.fkip.uns.ac.id/index.php/snps/article/view/5100/3606,Sebelas Maret University,Prosiding SNPS (Seminar Nasional Pendidikan Sains),journal,True,3,Agaricus bisporus; Pleurotus ostreatus; cultivation substrate; sawdust; sugarcane molasses; rice husk biochar; biuret test; edible mushroom cultivation,ID,unspecified,,,growing_media_bagasse,ampas tebu media tanam,AC_growing_media_bagasse_7783,openalex,data/raw/academic/academic_20261007T192501Z/openalex_growing_media_bagasse_ampas_tebu_media_tanam.json.gz,2026-10-07T19:25:32Z,56.535763,growing_media_bagasse,,,E5
W7124700500,article,Prioritas Strategi Pengembangan Agribisnis Selada Hidroponik (SWOT–AHP) di Kebumen Indonesia,Ma'dan Sururi; Dwi Aulia Puspitaningrum,2025,https://doi.org/10.37149/jia.v10i6.2237,https://doi.org/10.37149/jia.v10i6.2237,Universitas Halu Oleo,JIA (Jurnal Ilmiah Agribisnis) Jurnal Agribisnis dan Ilmu Sosial Ekonomi Pertanian,journal,True,0,hydroponic lettuce; agribusiness development strategy; SWOT analysis; analytic hierarchy process; strategy prioritization; digital marketing; promotion campaigns; partnership marketing,ID,survey|case_study,,,indonesia_context,hidroponik Indonesia,AC_indonesia_context_5245,openalex,data/raw/academic/academic_20261007T192501Z/openalex_indonesia_context_hidroponik_Indonesia.json.gz,2026-10-07T19:25:47Z,56.482056,indonesia_context,,,E5
W7133485040,article,"Hydroponic Cultivation in Horticultural Crops: Technological Advances, Nutrient Management and Production Efficiency",Amit Lohar; Adarsh Thapa; Anant Tamang,2025,https://doi.org/10.65525/jaar.v1i3.14,https://doi.org/10.65525/jaar.v1i3.14,Swami Vivekananda University,Journal of Advance Agricultural Research,journal,True,0,hydroponics; horticultural crops; nutrient management; nutrient film technique; deep water culture; electrical conductivity monitoring; soilless cultivation; sustainable horticulture,IN,unspecified,,,nutrients_ph_ec,hydroponic nutrient solution pH EC management,AC_nutrients_ph_ec_4042,openalex,data/raw/academic/academic_20261007T192501Z/openalex_nutrients_ph_ec_hydroponic_nutrient_solution_pH_EC_manag.json.gz,2026-10-07T19:25:11Z,56.25419,nutrients_ph_ec,,,E5
W1952027958,article,"Kadar Protein Jamur Tiram Putih (Pleurotus ostreatus) Pada Media Campuran Serbuk Gergaji, Ampas Tebu Dan Arang Sekam",Cahya Wardani; M.Si Dra. Suparti,2014,,http://eprints.ums.ac.id/29742/1/HALAMAN_DEPAN.pdf,Universitas Surakarta,UMS Library Center of Academic Activities (Universitas Surakarta),repository,False,4,Agaricus bisporus; Pleurotus ostreatus; protein content; mushroom cultivation substrate; sawdust; sugarcane bagasse; rice husk biochar; substrate mixtures,,unspecified,,,growing_media_bagasse,ampas tebu media tanam,AC_growing_media_bagasse_7783,openalex,data/raw/academic/academic_20261007T192501Z/openalex_growing_media_bagasse_ampas_tebu_media_tanam.json.gz,2026-10-07T19:25:32Z,56.17559,growing_media_bagasse,,,E3
W7163579809,article,Applying an IoT Technology in Hydroponic Smart Farming Systems on a Limited Area,Dwi Endah Wahyuni; Marti Widya Sari; Prahenusa Wahyu Ciptadi; R. Hafid Hardyanto; Banu Santoso,2026,https://doi.org/10.31316/astro.v4i2.9324,https://doi.org/10.31316/astro.v4i2.9324,Universitas PGRI Yogyakarta,APPLIED SCIENCE AND TECHNOLOGY REASERCH JOURNAL,journal,True,0,hydroponics; Internet of Things; smart agriculture; remote monitoring; ESP32 microcontroller; DS18B20 temperature sensor; ultrasonic water level sensor; TDS sensor,ID,review|experiment|system_development,,,iot_monitoring,smart hydroponic system sensor monitoring,AC_iot_monitoring_4870,openalex,data/raw/academic/academic_20261007T192501Z/openalex_iot_monitoring_smart_hydroponic_system_sensor_monitorin.json.gz,2026-10-07T19:25:18Z,56.14537,iot_monitoring,,,E5
W4396731463,article,A low-cost spectroscopic nutrient management system for Microscale Smart Hydroponic system,Joseph D. Stevens; David E Murray; Dean Diepeveen; Danny Toohey,2024,https://doi.org/10.1371/journal.pone.0302638,https://doi.org/10.1371/journal.pone.0302638,Public Library of Science,PLoS ONE,journal,True,8,hydroponics; nutrient management; low-cost sensing; multiple linear regression; lettuce growth; electrical conductivity; household food production; food security,AU,experiment,,,iot_monitoring,smart hydroponic system sensor monitoring,AC_iot_monitoring_4870,openalex,data/raw/academic/academic_20261007T192501Z/openalex_iot_monitoring_smart_hydroponic_system_sensor_monitorin.json.gz,2026-10-07T19:25:18Z,56.129745,adoption_barriers|iot_monitoring,,,E5
W7216330845,article,Eco-Friendly Microbial Growth Media From Sugarcane Bagasse And Fruit Peels: Optimizing Natural Substrates For Sustainable Cultivation,"Anchal Thakur, Priyanka Sharma, Namrata Sharma, Anju Kumari Thakur, Arti Sharma, Nitika Kapoor",2025,https://doi.org/10.64252/p5bnaf13,https://theaspd.com/index.php/ijes/article/view/11121,,International Journal of Environmental Sciences,journal,True,0,microbial growth media; sugarcane bagasse; fruit peel; agricultural waste valorization; banana peel; papaya peel; orange peel; Staphylococcus aureus,,unspecified,,,growing_media_bagasse,sugarcane bagasse growing media,AC_growing_media_bagasse_1624,openalex,data/raw/academic/academic_20261007T192501Z/openalex_growing_media_bagasse_sugarcane_bagasse_growing_media.json.gz,2026-10-07T19:25:27Z,56.085915,growing_media_bagasse,,,E5
W4297549639,article,Design of a Hydroponic Smart Farm System with Web-Based IoT in Bireuen Regency,T. Irfan Fajri; Mustaqim; Rahmad,2022,https://doi.org/10.52403/ijrr.20220945,https://doi.org/10.52403/ijrr.20220945,Galore Knowledge Publication Pvt. Ltd.,International Journal of Research and Review,journal,True,7,hydroponics; smart farm; Internet of Things; web-based monitoring; agricultural automation; sensor data acquisition; photodetectors; pH sensor,,system_development,,,iot_monitoring,smart hydroponic system sensor monitoring,AC_iot_monitoring_4870,openalex,data/raw/academic/academic_20261007T192501Z/openalex_iot_monitoring_smart_hydroponic_system_sensor_monitorin.json.gz,2026-10-07T19:25:18Z,56.068417,iot_monitoring,,,E5
W4392106485,article,Automatic nutrient estimator: distributing nutrient solution in hydroponic plants based on plant growth,Tupili Sangeetha; Ezhumalai Periyathambi,2024,https://doi.org/10.7717/peerj-cs.1871,https://doi.org/10.7717/peerj-cs.1871,"PeerJ, Inc.",PeerJ Computer Science,journal,True,23,hydroponics; nutrient dosing; peristaltic pump; Arduino control,IN,experiment|system_development,,,nutrients_ph_ec,nutrient solution temperature dissolved oxygen hydroponic,AC_nutrients_ph_ec_3545,openalex,data/raw/academic/academic_20261007T192501Z/openalex_nutrients_ph_ec_nutrient_solution_temperature_dissolved_.json.gz,2026-10-07T19:25:15Z,56.06333,ai_prediction|nutrients_ph_ec,,,E5
W4300981940,article,Enhancing smart farming through the applications of Agriculture 4.0 technologies,Mohd Javaid; Abid Haleem; Ravi Pratap Singh; Rajiv Suman,2022,https://doi.org/10.1016/j.ijin.2022.09.004,https://doi.org/10.1016/j.ijin.2022.09.004,Elsevier BV,International Journal of Intelligent Networks,journal,True,576,Agriculture 4.0; smart agriculture; precision agriculture; Internet of Things; big data; artificial intelligence; agricultural robotics; digital agriculture,IN,unspecified,,,consumer_acceptance,technology acceptance model smart agriculture,AC_consumer_acceptance_2573,openalex,data/raw/academic/academic_20261007T192501Z/openalex_consumer_acceptance_technology_acceptance_model_smart_agricu.json.gz,2026-10-07T19:25:39Z,56.056652,consumer_acceptance,,,E5
W3092652597,article,"Improving sugarcane bagasse quality as ruminant feed with Lactobacillus, cellulase, and molasses",Sarong So; Anusorn Cherdthong; Metha Wanapat,2020,https://doi.org/10.5187/jast.2020.62.5.648,https://doi.org/10.5187/jast.2020.62.5.648,Korean Society of Animal Sciences and Technology,Journal of Animal Science and Technology,journal,True,53,sugarcane bagasse; silage additives; Lactobacillus casei; cellulase; molasses; ruminant feed; silage fermentation quality; lactic acid bacteria,TH,experiment,,,growing_media_bagasse,sugarcane bagasse growing media,AC_growing_media_bagasse_1624,openalex,data/raw/academic/academic_20261007T192501Z/openalex_growing_media_bagasse_sugarcane_bagasse_growing_media.json.gz,2026-10-07T19:25:27Z,56.052895,growing_media_bagasse,,,E5
W7172261771,article,"Perceived value and purchase intention of hydroponic vegetables: trust, sustainability, and quality attributes in consumer acceptance",Roberto Lauro Tambasco Júnior; Fabian Corrêa Cardoso,2026,https://doi.org/10.54899/dcs.v23i93.6445,https://doi.org/10.54899/dcs.v23i93.6445,,Derecho y cambio social.,journal,True,0,hydroponic vegetables; soilless cultivation; vertical farming; indoor cultivation; perceived value; purchase intention; consumer acceptance; trust,BR,review,,,consumer_acceptance,willingness to pay hydroponic vegetables,AC_consumer_acceptance_4257,openalex,data/raw/academic/academic_20261007T192501Z/openalex_consumer_acceptance_willingness_to_pay_hydroponic_vegetables.json.gz,2026-10-07T19:25:40Z,56.041042,consumer_acceptance,,,E5
W4407174481,article,Automated Hydroponic System Measurement for Smart Greenhouses in Algeria,Moussa Attia; Nourredine Belghar; Zied Driss,2025,https://doi.org/10.51646/jsesd.v14i1.306,https://doi.org/10.51646/jsesd.v14i1.306,Center for Solar Energy Research and Studies,Solar Energy and Sustainable Development,journal,True,4,smart greenhouse; hydroponics; barley cultivation; Arduino control system; DHT22 sensor; water use efficiency; energy consumption; nutrient absorption,DZ; TN,experiment|system_development,,,iot_monitoring,smart hydroponic system sensor monitoring,AC_iot_monitoring_4870,openalex,data/raw/academic/academic_20261007T192501Z/openalex_iot_monitoring_smart_hydroponic_system_sensor_monitorin.json.gz,2026-10-07T19:25:18Z,55.997448,adoption_barriers|iot_monitoring,,,E5
W4210766699,article,Cellulase and Xylanase Production by Sugarcane Bagasse Mycobiota,A. M. Moharram; Abdel-Naser Ahmed Zohri; Dalia N. Hussein,2021,https://doi.org/10.21608/esugj.2021.207984,https://doi.org/10.21608/esugj.2021.207984,,Egyptian Sugar Journal,journal,True,5,cellulase; xylanase; sugarcane bagasse; fungal mycobiota; lignocellulose degradation; Aspergillus niger; Aspergillus flavus; Aspergillus tamarii,EG,unspecified,,,growing_media_bagasse,sugarcane bagasse growing media,AC_growing_media_bagasse_1624,openalex,data/raw/academic/academic_20261007T192501Z/openalex_growing_media_bagasse_sugarcane_bagasse_growing_media.json.gz,2026-10-07T19:25:27Z,55.96824,growing_media_bagasse,,,E5
W7165559634,book-chapter,IoT-Based Smart Dosing System for Hydroponic Agriculture,Gambhir Singh; Gwmsar Brahma; Angela Arora; Abhay Kumar; Aditya Srivastava,2026,https://doi.org/10.1201/9781003743767-130,https://doi.org/10.1201/9781003743767-130,CRC Press,CRC Press eBooks,ebook platform,False,0,hydroponics; Internet of Things; pH monitoring; electrical conductivity; ESP32 microcontroller; peristaltic pump; ultrasonic sensors; cloud-based monitoring,,system_development,,,iot_monitoring,smart hydroponic system sensor monitoring,AC_iot_monitoring_4870,openalex,data/raw/academic/academic_20261007T192501Z/openalex_iot_monitoring_smart_hydroponic_system_sensor_monitorin.json.gz,2026-10-07T19:25:18Z,55.927032,iot_monitoring,,,E4
W7155204199,article,IoT-Enabled Intelligent Hydroponic System for Smart Indoor Farming and Real-Time Environmental Monitoring,B. G. Anand kumar; Kusumanchi Baji Baba; Essampally Supriya; Kusumanchi Karishma; Kola Sathvika; Mulagalapati Ramanaga Vignesh,2025,https://doi.org/10.64751/ijdim.2025.v4.n2.pp73-79,https://doi.org/10.64751/ijdim.2025.v4.n2.pp73-79,,International Journal of Data Science and IoT Management System,journal,True,0,hydroponics; indoor cultivation; Internet of Things; solar-powered system; ESP32 microcontroller; environmental monitoring; irrigation automation; nutrient monitoring,,system_development,,,iot_monitoring,smart hydroponic system sensor monitoring,AC_iot_monitoring_4870,openalex,data/raw/academic/academic_20261007T192501Z/openalex_iot_monitoring_smart_hydroponic_system_sensor_monitorin.json.gz,2026-10-07T19:25:18Z,55.91559,iot_monitoring,,,E5
W2790214051,article,"The Income Analysis Of Vegetables Farming With Hydroponic System In Samarinda City, Indonesia",Achmad Zaini; Idham Maqshuddi; Juraemi,2018,https://doi.org/10.14738/assrj.53.4270,https://doi.org/10.14738/assrj.53.4270,Society for Science and Education,Advances in Social Sciences Research Journal,journal,True,2,hydroponics; vegetable production; farm income; production costs; mustard greens; lettuce; celery; urban agriculture,ID,survey|case_study,,,indonesia_context,hydroponics Indonesia urban farming,AC_indonesia_context_9585,openalex,data/raw/academic/academic_20261007T192501Z/openalex_indonesia_context_hydroponics_Indonesia_urban_farming.json.gz,2026-10-07T19:25:43Z,55.84605,indonesia_context,,,E5
W4411320448,article,USE OF LOW-COST SENSOR AS AN ALTERNATIVE FOR PH MONITORING IN HYDROPONIC SYSTEM,Lairta Stefany dos Santos; Caio Fernando Ramalho de Oliveira; Carlos Wagner Oliveira; Anelise Souza Carneiro Alencar; Sirleide Maria de Menezes; Ana Célia Maia Meireles; José Bandeira Brasil,2025,https://doi.org/10.7127/rbai.v1901388,https://doi.org/10.7127/rbai.v1901388,,Revista Brasileira de Agricultura Irrigada,journal,True,0,hydroponics; pH monitoring; low-cost sensors; sensor calibration; polynomial regression; lettuce; nutrient solution; sensor accuracy,BR,modelling,,,iot_monitoring,low-cost sensors hydroponics accuracy calibration,AC_iot_monitoring_1718,openalex,data/raw/academic/academic_20261007T192501Z/openalex_iot_monitoring_low-cost_sensors_hydroponics_accuracy_ca.json.gz,2026-10-07T19:25:21Z,55.784847,iot_monitoring,,,E5
W4406205067,article,Research progress and prospects of spinach (Spinacia oleracea L.) hydroponic technology,Jianan Xu; Chenhui Ge; Quanhua Wang; WANG Xiaoli,2019,https://doi.org/10.3969/j.issn.1000-5137.2019.05.018,https://doaj.org/article/f49cd37495614d95b2f9b2a9835b063a,,DOAJ (DOAJ: Directory of Open Access Journals),repository,False,0,spinach; hydroponics; nutrient solution; leafy vegetable production; environmental factors; dissolved oxygen; light; liquid temperature,CN,unspecified,,,nutrients_ph_ec,nutrient solution temperature dissolved oxygen hydroponic,AC_nutrients_ph_ec_3545,openalex,data/raw/academic/academic_20261007T192501Z/openalex_nutrients_ph_ec_nutrient_solution_temperature_dissolved_.json.gz,2026-10-07T19:25:15Z,55.73705,nutrients_ph_ec,,,E3
W4389641700,review,A systematic literature review for smart hydroponic system,Haifaa Jassim Muhasin; Ali Yahya Gheni; Nur Ilyana Ismarau Tajuddin; Nor Aziyatul Izni; Yusmadi Yah Jusoh; Khairi Azhar Aziz,2023,https://doi.org/10.11591/eei.v13i1.4738,https://doi.org/10.11591/eei.v13i1.4738,Institute of Advanced Engineering and Science (IAES),Bulletin of Electrical Engineering and Informatics,journal,True,8,hydroponic system; plant monitoring; pH monitoring; water monitoring; temperature monitoring; soil monitoring; soilless cultivation; Internet of Things in agriculture,IQ; MY,review,,,iot_monitoring,smart hydroponic system sensor monitoring,AC_iot_monitoring_4870,openalex,data/raw/academic/academic_20261007T192501Z/openalex_iot_monitoring_smart_hydroponic_system_sensor_monitorin.json.gz,2026-10-07T19:25:18Z,55.67829,iot_monitoring,,,E5
W3109337686,article,Utilizing Anaerobic Digestates as Nutrient Solutions in Hydroponic Production Systems,Karl-Johan Bergstrand; Håkan Asp; Malin Hultberg,2020,https://doi.org/10.3390/su122310076,https://doi.org/10.3390/su122310076,Multidisciplinary Digital Publishing Institute,Sustainability,journal,True,63,digestate; hydroponics; nutrient solution; urban waste recycling; biogas digestate; salt tolerance; nitrite toxicity; nitrification,SE,experiment,,,nutrients_ph_ec,hydroponic nutrient solution pH EC management,AC_nutrients_ph_ec_4042,openalex,data/raw/academic/academic_20261007T192501Z/openalex_nutrients_ph_ec_hydroponic_nutrient_solution_pH_EC_manag.json.gz,2026-10-07T19:25:11Z,55.565643,nutrients_ph_ec,,,E5
W7131641949,article,Implementasi Metode Hidroponik dalam Kemandirian Pangan dan Pertumbuhan Ekonomi (Studi Indonesia - Malaysia),Rico Wijaya; Ilham Wahyudi; Enggar Diah Puspa Arum; Wiralestari; Aulia Beatrice Brilliant,2026,https://doi.org/10.38035/jpmpt.v4i1.1918,https://doi.org/10.38035/jpmpt.v4i1.1918,,Jurnal Pengabdian Masyarakat dan Penelitian Terapan,journal,True,0,hydroponics; food security; vegetable production; coastal communities; Kuala Terengganu; fishing communities; agricultural extension; business management,ID,unspecified,,,indonesia_context,hidroponik Indonesia,AC_indonesia_context_5245,openalex,data/raw/academic/academic_20261007T192501Z/openalex_indonesia_context_hidroponik_Indonesia.json.gz,2026-10-07T19:25:47Z,55.553074,indonesia_context,,,E5
W4316689368,article,Hydroponic forage of corn and millet grown on different organic substrates,Hackson Santos da Silva; Thatiane Mota Vieira; Jeankarlo Penalva dos Santos; Édson Marcos Viana Porto; José Ricardo dos Santos Filho; Renata Rodrigues Jardim; Brenda Emilly Ferreira dos Santos; Daniela Deitos Fries,2022,https://doi.org/10.31686/ijier.vol10.iss12.4025,https://doi.org/10.31686/ijier.vol10.iss12.4025,International Educative Research Foundation and Publisher (IERFP),International Journal for Innovation Education and Research,journal,True,1,hydroponic forage; maize; pearl millet; organic substrates; sugarcane bagasse; Pennisetum purpureum; Brachiaria grass; forage quality,BR,experiment,,,growing_media_bagasse,bagasse substrate hydroponic,AC_growing_media_bagasse_9233,openalex,data/raw/academic/academic_20261007T192501Z/openalex_growing_media_bagasse_bagasse_substrate_hydroponic.json.gz,2026-10-07T19:25:29Z,55.47247,growing_media_bagasse,,,E5
W7161965381,article,THE EFFECTIVENESS OF DAIRY INDUSTRY WASTEWATER TREATMENT USING COCONUT HUSK AND SUGARCANE BAGASSE WITH LIMESTONE AS FILTER MEDIA,,2026,https://doi.org/10.56726/irjmets98654,https://doi.org/10.56726/irjmets98654,,International Research Journal of Modernization in Engineering Technology and Science,journal,True,0,dairy wastewater treatment; coconut husk; sugarcane bagasse; limestone; BOD removal; COD removal; turbidity removal; oil and grease removal,,experiment,,,growing_media_bagasse,sugarcane bagasse growing media,AC_growing_media_bagasse_1624,openalex,data/raw/academic/academic_20261007T192501Z/openalex_growing_media_bagasse_sugarcane_bagasse_growing_media.json.gz,2026-10-07T19:25:27Z,55.302544,growing_media_bagasse,,,E5
W7143375229,article,Improving TDS Sensor Accuracy in an IoT-Based Fertigation Prototype Using Polynomial Regression Calibration and Interpolation,Arif Harjanto; Happy Nugroho; Aprilia Amrina Ainurrosyidah; Aji Ery Burhandenny,2026,https://doi.org/10.52088/ijesty.v6i1.1776,https://doi.org/10.52088/ijesty.v6i1.1776,,International Journal of Engineering Science and Information Technology,journal,True,0,total dissolved solids; polynomial regression; interpolation; fertigation; hydroponics; lettuce; nutrient management; Internet of Things,ID,system_development|modelling,,,iot_monitoring,low-cost sensors hydroponics accuracy calibration,AC_iot_monitoring_1718,openalex,data/raw/academic/academic_20261007T192501Z/openalex_iot_monitoring_low-cost_sensors_hydroponics_accuracy_ca.json.gz,2026-10-07T19:25:21Z,55.183548,iot_monitoring,,,E5
W3005991542,article,Biogas Digestate in Vegetable Hydroponic Production: pH Dynamics and pH Management by Controlled Nitrification,Olle Pelayo Lind; Malin Hultberg; Karl-Johan Bergstrand; Helene Larsson-Jönsson; Siri Caspersen; Håkan Asp,2020,https://doi.org/10.1007/s12649-020-00965-y,https://doi.org/10.1007/s12649-020-00965-y,Springer Science+Business Media,Waste and Biomass Valorization,journal,True,81,biogas digestate; hydroponics; nutrient film technique; Brassica chinensis; nitrification; pH dynamics; pH control; ammonium reduction,SE,experiment,,,nutrients_ph_ec,hydroponic nutrient solution pH EC management,AC_nutrients_ph_ec_4042,openalex,data/raw/academic/academic_20261007T192501Z/openalex_nutrients_ph_ec_hydroponic_nutrient_solution_pH_EC_manag.json.gz,2026-10-07T19:25:11Z,55.133804,nutrients_ph_ec,,,E5
W2087903322,article,"Effects of hydroponic solution composition, electrical conductivity and plant spacing on yield and quality of strawberries",RA Sarooshi; G. C. Cresswell,1994,https://doi.org/10.1071/ea9940529,https://doi.org/10.1071/ea9940529,CSIRO Publishing,Australian Journal of Experimental Agriculture,journal,True,45,strawberry; hydroponics; recirculating nutrient solution; electrical conductivity; nutrient solution management; potassium to nitrogen ratio; plant spacing; plant density,,unspecified,,,nutrients_ph_ec,hydroponic nutrient solution pH EC management,AC_nutrients_ph_ec_4042,openalex,data/raw/academic/academic_20261007T192501Z/openalex_nutrients_ph_ec_hydroponic_nutrient_solution_pH_EC_manag.json.gz,2026-10-07T19:25:11Z,55.133335,nutrients_ph_ec,,,E5
W3024669979,article,Identifikasi Arah Pengembangan Riset dan Tinjauan Sistem Teknik Budidaya Hidroponik di Indonesia,Muhammad Subandi; Suryaman Birnadi; Salamet Ginandjar; Budy Frasetya,2020,https://doi.org/10.13140/rg.2.2.33996.49283,https://doi.org/10.13140/rg.2.2.33996.49283,,,,False,4,hydroponics; research roadmap; research trends; precision agriculture; lettuce; Brassica chinensis; interdisciplinary research,,system_development,,,indonesia_context,hidroponik Indonesia,AC_indonesia_context_5245,openalex,data/raw/academic/academic_20261007T192501Z/openalex_indonesia_context_hidroponik_Indonesia.json.gz,2026-10-07T19:25:47Z,55.13213,indonesia_context,,,E3
W7140503364,article,Temporal Variation of Nutrient Ratios Within Hydroponic Nutrient Solutions,Sam Bannon; Jens Thomas; Richard J. Webster; Hannah Whitby,2026,https://doi.org/10.1002/fes3.70220,https://doi.org/10.1002/fes3.70220,Wiley,Food and Energy Security,journal,True,0,hydroponics; nutrient solution management; nutrient depletion; Hoagland's solution; electrical conductivity; lettuce; nutrient use efficiency; nutrient ratios,GB,experiment,,,nutrients_ph_ec,nutrient solution temperature dissolved oxygen hydroponic,AC_nutrients_ph_ec_3545,openalex,data/raw/academic/academic_20261007T192501Z/openalex_nutrients_ph_ec_nutrient_solution_temperature_dissolved_.json.gz,2026-10-07T19:25:15Z,55.07377,nutrients_ph_ec,,,E5
W4253598550,book-chapter,Hydroponic Technologies,Carmelo Maucieri; Carlo Nicoletto; Erik van Os; Dieter Anseeuw; Robin Van Havermaet; Ranka Junge,2019,https://doi.org/10.1007/978-3-030-15943-6_4,https://doi.org/10.1007/978-3-030-15943-6_4,Springer Nature,Springer eBooks,ebook platform,False,119,hydroponics; aquaponics; recirculating aquaculture system; hydroponic substrate; nutrient solution; nutrient management,BE; CH; IT; NL,review|experiment,,,nutrients_ph_ec,nutrient solution temperature dissolved oxygen hydroponic,AC_nutrients_ph_ec_3545,openalex,data/raw/academic/academic_20261007T192501Z/openalex_nutrients_ph_ec_nutrient_solution_temperature_dissolved_.json.gz,2026-10-07T19:25:15Z,54.992573,beginner_knowledge|nutrients_ph_ec,,,E4
W2338616832,article,PENGARUH KOMPOSISI AMPAS TEBU DAN KAYU SENGON SEBAGAI MEDIA PERTUMBUHAN TERHADAP KUALITAS JAMUR TIRAM (Pleurotus ostreatus),Andini Islami,2014,,http://digilib.its.ac.id/ITS-paper-14021140005563/32997,,,,False,0,Pleurotus ostreatus; sugarcane bagasse; sengon wood; mushroom yield; mushroom nutritional composition; crude protein; crude fiber; moisture content,,unspecified,,,growing_media_bagasse,ampas tebu media tanam,AC_growing_media_bagasse_7783,openalex,data/raw/academic/academic_20261007T192501Z/openalex_growing_media_bagasse_ampas_tebu_media_tanam.json.gz,2026-10-07T19:25:32Z,54.882477,growing_media_bagasse,,,E3
W2482191293,article,PENGARUH KOMPOSISI AMPAS TEBU DAN KAYU SENGON SEBAGAI MEDIA PERTUMBUHAN TERHADAP KUALITAS JAMUR TIRAM (Pleurotus ostreatus),Adi Setyo Purnomo; M.Si Dra. Sukesi,2013,,http://digilib.its.ac.id/ITS-Undergraduate-14001140005564/32986,,,,False,0,Pleurotus ostreatus; sugarcane bagasse; sengon wood; mushroom yield; mushroom nutritional composition; crude protein; crude fiber; moisture content,,unspecified,,,growing_media_bagasse,ampas tebu media tanam,AC_growing_media_bagasse_7783,openalex,data/raw/academic/academic_20261007T192501Z/openalex_growing_media_bagasse_ampas_tebu_media_tanam.json.gz,2026-10-07T19:25:32Z,54.79088,growing_media_bagasse,,,E3
W4292408633,article,Principles of Nutrient and Water Management for Indoor Agriculture,Noah James Langenfeld; Daniel Fernandez Pinto; James E. Faust; Royal D. Heins; Bruce G. Bugbee,2022,https://doi.org/10.3390/su141610204,https://doi.org/10.3390/su141610204,Multidisciplinary Digital Publishing Institute,Sustainability,journal,True,90,mass balance; hydroponics; soilless substrate; water use efficiency; nutrient management; elevated CO2; stomatal closure; transpiration,CO; US,unspecified,,,nutrients_ph_ec,hydroponic nutrient solution pH EC management,AC_nutrients_ph_ec_4042,openalex,data/raw/academic/academic_20261007T192501Z/openalex_nutrients_ph_ec_hydroponic_nutrient_solution_pH_EC_manag.json.gz,2026-10-07T19:25:11Z,54.679695,nutrients_ph_ec,,,E5
W4307131750,article,Development of Sustainable Hydroponics Technique for Urban Agrobusiness,G. Swaminathan; G. Saurav,2022,https://doi.org/10.5109/4842519,https://doi.org/10.5109/4842519,Kyushu University,Evergreen,journal,True,11,hydroponics; urban agriculture; fuel cells; solar energy; anion exchange membranes; hydrogen production; Raspberry Pi; sensor-based monitoring,IN,system_development,,,indonesia_context,hydroponics Indonesia urban farming,AC_indonesia_context_9585,openalex,data/raw/academic/academic_20261007T192501Z/openalex_indonesia_context_hydroponics_Indonesia_urban_farming.json.gz,2026-10-07T19:25:43Z,54.655975,indonesia_context,,,E5
W2990560175,article,Consumer Willingness and Acceptance of Smart Meters in Indonesia,Yash Chawla; Anna Kowalska-Pyzalska; Widayat Widayat,2019,https://doi.org/10.3390/resources8040177,https://doi.org/10.3390/resources8040177,Multidisciplinary Digital Publishing Institute,Resources,journal,True,18,smart meters; consumer acceptance; advanced metering infrastructure; smart grid; grid modernization; consumer awareness; energy conservation; early adopters,ID; PL,survey,,,consumer_acceptance,consumer acceptance smart farming technology,AC_consumer_acceptance_3324,openalex,data/raw/academic/academic_20261007T192501Z/openalex_consumer_acceptance_consumer_acceptance_smart_farming_techno.json.gz,2026-10-07T19:25:38Z,54.598774,consumer_acceptance,,,E5
W2572828518,article,Pengaruh Campuran Ampas Tebu dan Tongkol jagung sebagai Media Pertumbuhan terhadap Kandungan Nutrisi Jamur Tiram Putih (Pleurotus ostreatus),Robiatuz Zuniar; Adi Setyo Purnomo,2016,https://doi.org/10.12962/j23373520.v5i2.16689,http://ejurnal.its.ac.id/index.php/sains_seni/article/download/16689/2909,Lembaga Penelitian dan Pengabdian kepada Masyarakat (LP2M),Jurnal Sains dan Seni ITS,journal,True,5,Agaricus bisporus; Pleurotus ostreatus; sugarcane pulp; corn cob; mushroom cultivation substrate; substrate composition; mushroom yield; moisture content,ID,unspecified,,,growing_media_bagasse,ampas tebu media tanam,AC_growing_media_bagasse_7783,openalex,data/raw/academic/academic_20261007T192501Z/openalex_growing_media_bagasse_ampas_tebu_media_tanam.json.gz,2026-10-07T19:25:32Z,54.46799,growing_media_bagasse,,,E5
W4225120275,article,The hidden power of emotions: How psychological factors influence skill development in smart technology adoption,Paolo Gerli; Jessica Clement; Giovanni Esposito; Luca Mora; Nathalie Crutzen,2022,https://doi.org/10.1016/j.techfore.2022.121721,https://doi.org/10.1016/j.techfore.2022.121721,Elsevier BV,Technological Forecasting and Social Change,journal,True,102,smart agriculture; technology adoption; emotions; skill development; technology acceptance model; digital skills; agricultural technology; information seeking,BE; EE; GB,case_study,,,consumer_acceptance,technology acceptance model smart agriculture,AC_consumer_acceptance_2573,openalex,data/raw/academic/academic_20261007T192501Z/openalex_consumer_acceptance_technology_acceptance_model_smart_agricu.json.gz,2026-10-07T19:25:39Z,54.456974,consumer_acceptance,,,E5
W2159444705,article,A model of traveller acceptance of mobile technology,Dae‐Young Kim; Jungkun Park; Alastair M. Morrison,2008,https://doi.org/10.1002/jtr.669,https://doi.org/10.1002/jtr.669,Wiley,International Journal of Tourism Research,journal,True,273,technology acceptance model; perceived usefulness; perceived ease of use; technology experience; perceived performance; user attitudes; intention to use; mobile tourism,US,review|modelling,,,consumer_acceptance,technology acceptance model smart agriculture,AC_consumer_acceptance_2573,openalex,data/raw/academic/academic_20261007T192501Z/openalex_consumer_acceptance_technology_acceptance_model_smart_agricu.json.gz,2026-10-07T19:25:39Z,54.427734,consumer_acceptance,,,E5
W4408497808,article,Pelatihan Hidroponik Sebagai Upaya Peningkatan Keterampilan dan Ketahanan Pangan Siswa di Sekolah Indonesia Davao (SID) Filipina,Priyo Heru Adiwibowo; Ahmad Saepuddin; Akhmad Hafizh Ainur Rasyid; Aisyah Endah Palupi; Muhaji Muhaji; I Made Arsana; A. Grummy Wailanduw; Indra Herlamba Siregar,2025,https://doi.org/10.70609/icom.v5i1.6680,https://doi.org/10.70609/icom.v5i1.6680,Universitas Islam Raden Rahmat Malang,I-Com Indonesian Community Journal,journal,True,1,hydroponics; student training; food security; sustainable agriculture; soilless cultivation; plant nutrition management; growing media; Indonesian schools abroad,ID,unspecified,,,indonesia_context,hidroponik Indonesia,AC_indonesia_context_5245,openalex,data/raw/academic/academic_20261007T192501Z/openalex_indonesia_context_hidroponik_Indonesia.json.gz,2026-10-07T19:25:47Z,54.131916,indonesia_context,,,E5
W2343743654,article,Frequency of recirculation of nutrient solution in hydroponic cultivation of coriander with brackish water,Mairton Gomes da Silva; Tales Miler Soares; Hans Raj Gheyi; I. de S. Oliveira; José Ailton da Silva Filho; FE Celestino do Carmo,2016,https://doi.org/10.1590/1807-1929/agriambi.v20n5p447-454,https://doi.org/10.1590/1807-1929/agriambi.v20n5p447-454,Federal University of Campina Grande,Revista Brasileira de Engenharia Agrícola e Ambiental,journal,True,27,coriander; hydroponics; recirculating nutrient solution; brackish water; electrical conductivity; crop yield,BR,experiment,,,nutrients_ph_ec,nutrient solution temperature dissolved oxygen hydroponic,AC_nutrients_ph_ec_3545,openalex,data/raw/academic/academic_20261007T192501Z/openalex_nutrients_ph_ec_nutrient_solution_temperature_dissolved_.json.gz,2026-10-07T19:25:15Z,54.092552,nutrients_ph_ec,,,E5
W7214767724,article,Effects of Organic Nutrient Solutions and Dissolved Oxygen Management on the Growth Performance of Hydroponic Lettuce (Lactuca sativa L. var. Green Rapid),Jasmin Marie D. Amores; Pet Roey L. Pascua,2026,https://doi.org/10.68050/jams.2026.397,https://doi.org/10.68050/jams.2026.397,,,,False,0,hydroponic lettuce; lettuce; organic nutrient solution; dissolved oxygen; aeration; probiotics; fermented fruit juice; indigenous microorganisms,PH,experiment,,,nutrients_ph_ec,nutrient solution temperature dissolved oxygen hydroponic,AC_nutrients_ph_ec_3545,openalex,data/raw/academic/academic_20261007T192501Z/openalex_nutrients_ph_ec_nutrient_solution_temperature_dissolved_.json.gz,2026-10-07T19:25:15Z,54.052704,nutrients_ph_ec,,,E3
W7214996017,article,Anomaly Detection Based on Reconstruction Error in High-Frequency Hydroponic Sensor Data,Burak AĞGÜL; Kaan ARIK,2026,https://doi.org/10.35377/saucis...1858708,https://doi.org/10.35377/saucis...1858708,,Sakarya University Journal of Computer and Information Sciences,journal,True,0,anomaly detection; reconstruction error; hydroponics; vertical farming; environmental monitoring; LSTM autoencoder; unsupervised anomaly detection; high-frequency sensor data,TR,system_development|modelling,,,ai_prediction,artificial intelligence hydroponic anomaly detection,AC_ai_prediction_4917,openalex,data/raw/academic/academic_20261007T192501Z/openalex_ai_prediction_artificial_intelligence_hydroponic_anoma.json.gz,2026-10-07T19:25:24Z,53.938015,ai_prediction,,,E5
W4400388970,article,Indoor Farming: Hydroponic Plant Growth Chamber,IndoSpace Publications; IJSREM JOURNAL,2024,https://doi.org/10.55041/ijsrem36317,https://doi.org/10.55041/ijsrem36317,,INTERANTIONAL JOURNAL OF SCIENTIFIC RESEARCH IN ENGINEERING AND MANAGEMENT,journal,True,0,hydroponics; indoor cultivation; plant growth chamber; nutrient film technique; wick system; drip irrigation; deep water culture; soilless cultivation,,unspecified,,,ai_prediction,deep learning plant growth hydroponic,AC_ai_prediction_7042,openalex,data/raw/academic/academic_20261007T192501Z/openalex_ai_prediction_deep_learning_plant_growth_hydroponic.json.gz,2026-10-07T19:25:26Z,53.517693,ai_prediction,,,E5
W4402298111,article,Automated Drift Compensation System for Electrical Conductivity and pH Probes in Hydroponic Systems,Woo-Jae Cho; Dongwook Kim; Hak-Jin Kim; Min-Seok Gang; Dae-Hyun Jung; Seung Hwan Yang; Soo Hyun Park,2024,https://doi.org/10.13031/ja.15603,https://doi.org/10.13031/ja.15603,,Journal of the ASABE,journal,True,4,sensor drift correction; electrical conductivity probe; pH sensor; hydroponics; nutrient solution monitoring; measurement accuracy; sensor fault detection; nutrient use efficiency,,modelling,,,nutrients_ph_ec,hydroponic nutrient solution pH EC management,AC_nutrients_ph_ec_4042,openalex,data/raw/academic/academic_20261007T192501Z/openalex_nutrients_ph_ec_hydroponic_nutrient_solution_pH_EC_manag.json.gz,2026-10-07T19:25:11Z,53.45945,nutrients_ph_ec,,,E5
W2587466508,article,Big Data in Smart Farming – A review,J. Wolfert; Lan Ge; C.N. Verdouw; M.J. Bogaardt,2017,https://doi.org/10.1016/j.agsy.2017.01.023,https://doi.org/10.1016/j.agsy.2017.01.023,Elsevier BV,Agricultural Systems,journal,True,3383,smart agriculture; big data; Internet of Things; cloud computing; agricultural robotics; artificial intelligence in agriculture; food supply chain; predictive analytics,NL,review|system_development,,,consumer_acceptance,consumer acceptance smart farming technology,AC_consumer_acceptance_3324,openalex,data/raw/academic/academic_20261007T192501Z/openalex_consumer_acceptance_consumer_acceptance_smart_farming_techno.json.gz,2026-10-07T19:25:38Z,53.30557,consumer_acceptance,,,E5
W2984397633,article,Hydroponic pH Modifiers affect Plant Growth and Nutrient Content in Leafy Greens,Hardeep Singh; Bruce L. Dunn; Mark E. Payton,2019,https://doi.org/10.2478/johr-2019-0004,https://doi.org/10.2478/johr-2019-0004,De Gruyter Open,Journal of Horticultural Research,journal,True,39,hydroponics; pH modifiers; nutrient solution pH; pH stability; leafy vegetables; lettuce; Ocimum basilicum; Swiss chard,US,unspecified,,,nutrients_ph_ec,hydroponic nutrient solution pH EC management,AC_nutrients_ph_ec_4042,openalex,data/raw/academic/academic_20261007T192501Z/openalex_nutrients_ph_ec_hydroponic_nutrient_solution_pH_EC_manag.json.gz,2026-10-07T19:25:11Z,53.21874,nutrients_ph_ec,,,E5
W7220306813,article,Smart Hydroponic Nutrient Balancing System Using Reinforcement Learning for Sustainable Lettuce Production,Some Nacro,2026,,https://aasrresearch.com/index.php/NJPSSH/article/view/580,,National Journal of Plant Sciences and Smart Horticulture,journal,True,0,hydroponics; lettuce production; nutrient balance; reinforcement learning; nutrient film technique; Internet of Things; environmental monitoring; precision horticulture,,experiment,,,nutrients_ph_ec,nutrient solution temperature dissolved oxygen hydroponic,AC_nutrients_ph_ec_3545,openalex,data/raw/academic/academic_20261007T192501Z/openalex_nutrients_ph_ec_nutrient_solution_temperature_dissolved_.json.gz,2026-10-07T19:25:15Z,53.1864,nutrients_ph_ec,,,E5
W3003396234,book-chapter,Nutrients for Hydroponic Systems in Fruit Crops,Pramod Kumar; Simran Saini,2020,https://doi.org/10.5772/intechopen.90991,https://doi.org/10.5772/intechopen.90991,IntechOpen,IntechOpen eBooks,ebook platform,False,16,hydroponics; nutrient solution; fruit crops; nutrient composition; crop yield,,unspecified,,,nutrients_ph_ec,nutrient solution temperature dissolved oxygen hydroponic,AC_nutrients_ph_ec_3545,openalex,data/raw/academic/academic_20261007T192501Z/openalex_nutrients_ph_ec_nutrient_solution_temperature_dissolved_.json.gz,2026-10-07T19:25:15Z,53.153122,nutrients_ph_ec,,,E4
W4406987841,article,A comprehensive review of factors affecting growth and secondary metabolites in hydroponically grown medicinal plants,Neeharika Narisepalli Venkatasai; Devija N Shetty; Chigateri M. Vinay; Mahendran Sekar; Annamalai Muthusamy; S Padmalatha,2025,https://doi.org/10.1007/s00425-025-04619-y,https://doi.org/10.1007/s00425-025-04619-y,Springer Science+Business Media,Planta,journal,True,35,hydroponics; medicinal plants; secondary metabolites; plant growth; environmental factors; nutrient management; pH; electrical conductivity,IN; MY,review,,,ai_prediction,deep learning plant growth hydroponic,AC_ai_prediction_7042,openalex,data/raw/academic/academic_20261007T192501Z/openalex_ai_prediction_deep_learning_plant_growth_hydroponic.json.gz,2026-10-07T19:25:26Z,53.131714,ai_prediction,,,E5
W7165673105,article,Hydroponics for Food Self-Sufficiency in an Urban Pesantren: Evidence of Reduced Vegetable Expenditure and Improved Student Competencies,Dwi Budi Santoso; Dynda Fadhlillah Aulia,2026,https://doi.org/10.37680/amalee.v7i1.9002,https://ejournal.insuriponorogo.ac.id/index.php/amalee/article/view/9002,,Amalee Indonesian Journal of Community Research and Engagement,journal,True,0,hydroponics; urban agriculture; food self-sufficiency; pesantren; student competencies; food security; greenhouse cultivation; leafy vegetables,,unspecified,22 participants,,indonesia_context,hydroponics Indonesia urban farming,AC_indonesia_context_9585,openalex,data/raw/academic/academic_20261007T192501Z/openalex_indonesia_context_hydroponics_Indonesia_urban_farming.json.gz,2026-10-07T19:25:43Z,53.123962,adoption_barriers|indonesia_context,,,E5
W2596414784,article,Growth of hydroponic lettuce with optimized mineral and organomineral nutrient solutions,Antônio Fernandes Monteiro Filho; Márcia R. de Q. A. Azevedo; Carlos Alberto Vieira de Azevedo; Josely Dantas Fernandes; Carisa R. da Silva; Yuri dos Santos Silva,2017,https://doi.org/10.1590/1807-1929/agriambi.v21n3p191-196,https://doi.org/10.1590/1807-1929/agriambi.v21n3p191-196,Federal University of Campina Grande,Revista Brasileira de Engenharia Agrícola e Ambiental,journal,True,12,lettuce; hydroponics; nutrient film technique; lettuce cultivars; plant growth; root length; leaf area; stem diameter,BR,experiment,,,nutrients_ph_ec,nutrient solution temperature dissolved oxygen hydroponic,AC_nutrients_ph_ec_3545,openalex,data/raw/academic/academic_20261007T192501Z/openalex_nutrients_ph_ec_nutrient_solution_temperature_dissolved_.json.gz,2026-10-07T19:25:15Z,53.08678,nutrients_ph_ec,,,E5
W4225162217,article,A Review on Hydroponics and the Technologies Associated for Medium- and Small-Scale Operations,Roberto S. Velazquez-Gonzalez; Adrian Garcia; Elsa Ventura-Zapata; J.D.O. Barceinas-Sánchez; Julio C. Sosa,2022,https://doi.org/10.3390/agriculture12050646,https://doi.org/10.3390/agriculture12050646,Multidisciplinary Digital Publishing Institute,Agriculture,journal,True,320,hydroponics; smallholder farming; urban agriculture; precision agriculture; Internet of Things; Industry 4.0; food security; resource efficiency,MX,unspecified,,,indonesia_context,hydroponics Indonesia urban farming,AC_indonesia_context_9585,openalex,data/raw/academic/academic_20261007T192501Z/openalex_indonesia_context_hydroponics_Indonesia_urban_farming.json.gz,2026-10-07T19:25:43Z,52.96233,indonesia_context|sustainability,,,E5
W4403835802,article,Consumers’ perception and willingness to pay for hydroponic tomatoes: the effects of sustainability and quality attributes,Antonia D’Amico; Annalisa De Boni; Giovanni Ottomano Palmisano; Enrica Morea; Claudio Acciani; Rocco Roma,2024,https://doi.org/10.1108/bfj-04-2024-0353,https://doi.org/10.1108/bfj-04-2024-0353,Emerald Publishing Limited,British Food Journal,journal,True,10,willingness to pay; consumer perception; soilless cultivation; environmental sustainability; food safety; premium pricing; purchase decision; Italian consumers,IT,survey|modelling|case_study,292 respondents,,consumer_acceptance,willingness to pay hydroponic vegetables,AC_consumer_acceptance_4257,openalex,data/raw/academic/academic_20261007T192501Z/openalex_consumer_acceptance_willingness_to_pay_hydroponic_vegetables.json.gz,2026-10-07T19:25:40Z,52.791565,consumer_acceptance,,,E5
W4220877168,article,Hydrogen peroxide and saline nutrient solution in hydroponic zucchini culture,Maíla Vieira Dantas; Geovani Soares de Lima; Hans Raj Gheyi; Luderlândio de Andrade Silva; Petterson Costa Conceição Silva; Lauriane Almeida dos Anjos Soares; Iracy Amélia Pereira Lopes; Iara Almeida Roque,2022,https://doi.org/10.5433/1679-0359.2022v43n3p1167,https://doi.org/10.5433/1679-0359.2022v43n3p1167,State University of Londrina,Semina Ciências Agrárias,journal,True,10,hydrogen peroxide; saline nutrient solution; zucchini; Cucurbita pepo; salt stress; salt tolerance; nutrient film technique; hydroponics,BR,experiment,,,nutrients_ph_ec,nutrient solution temperature dissolved oxygen hydroponic,AC_nutrients_ph_ec_3545,openalex,data/raw/academic/academic_20261007T192501Z/openalex_nutrients_ph_ec_nutrient_solution_temperature_dissolved_.json.gz,2026-10-07T19:25:15Z,52.72407,nutrients_ph_ec,,,E5
W4210482578,book-chapter,Nutrient Solution for Hydroponics,Moaed Ali Al Meselmani,2022,https://doi.org/10.5772/intechopen.101604,https://doi.org/10.5772/intechopen.101604,IntechOpen,IntechOpen eBooks,ebook platform,False,46,hydroponics; nutrient solution; nutrient solution management; plant nutrient uptake; nutrient availability; solution pH; electrical conductivity; dissolved oxygen,,unspecified,,,nutrients_ph_ec,nutrient solution temperature dissolved oxygen hydroponic,AC_nutrients_ph_ec_3545,openalex,data/raw/academic/academic_20261007T192501Z/openalex_nutrients_ph_ec_nutrient_solution_temperature_dissolved_.json.gz,2026-10-07T19:25:15Z,52.55172,nutrients_ph_ec,,,E4
W4391928057,article,"Is it feasible to design learning media ""Tomato Plant Growth"" hydroponically based on the discovery learning model?",Lili Dahliani; Md. Anisur Rahman,2024,https://doi.org/10.51773/ajcd.v4i1.88,http://dx.doi.org/10.51773/ajcd.v4i1.88,,AMCA Journal of Community Development,journal,True,0,hydroponics; discovery learning; mobile learning media; instructional media development; vegetable production; higher education; ICT in education; self-directed learning,BD; ID,unspecified,,,ai_prediction,deep learning plant growth hydroponic,AC_ai_prediction_7042,openalex,data/raw/academic/academic_20261007T192501Z/openalex_ai_prediction_deep_learning_plant_growth_hydroponic.json.gz,2026-10-07T19:25:26Z,52.53245,ai_prediction,,,E5
W4206792296,article,Quality of hydroponic forage corn cultivated on different by-product substrates,Geane Cordeiro Fonseca; Graziela Paula de Araújo; Natan Lima Abreu; Raimundo Vagner de Lima Pantoja; Angélica Lucelia da Silva Nascimento; Letícia de Abreu Faria,2021,https://doi.org/10.1590/1809-6891v22e-69834,https://doi.org/10.1590/1809-6891v22e-69834,Universidade Federal de Goiás,Ciência Animal Brasileira,journal,True,2,forage maize; substrate evaluation; açaí seeds; sugarcane bagasse; Tifton hay; dry biomass yield; crude protein; ash content,BR,experiment,,,growing_media_bagasse,bagasse substrate hydroponic,AC_growing_media_bagasse_9233,openalex,data/raw/academic/academic_20261007T192501Z/openalex_growing_media_bagasse_bagasse_substrate_hydroponic.json.gz,2026-10-07T19:25:29Z,52.346413,growing_media_bagasse,,,E5
W4313856318,article,Machine learning based crop growth management in greenhouse environment using hydroponics farming techniques,V Mamatha; J C Kavitha,2023,https://doi.org/10.1016/j.measen.2023.100665,https://doi.org/10.1016/j.measen.2023.100665,Elsevier BV,Measurement Sensors,journal,True,72,hydroponics; smart greenhouse; leafy vegetables; nutrient film technique; k-nearest neighbors; greenhouse automation; food security,IN,unspecified,,,ai_prediction,machine learning hydroponics prediction,AC_ai_prediction_4621,openalex,data/raw/academic/academic_20261007T192501Z/openalex_ai_prediction_machine_learning_hydroponics_prediction.json.gz,2026-10-07T19:25:23Z,52.325138,ai_prediction,,,E5
W2734597654,article,Consumer Perceptions of Aquaponic Systems,Gianna Short; Chengyan Yue; Neil O. Anderson; Carol Russell; Nicholas B. D. Phelps,2017,https://doi.org/10.21273/horttech03606-16,https://doi.org/10.21273/horttech03606-16,American Society for Horticultural Science,HortTechnology,journal,True,35,aquaponics; consumer perception; willingness to pay; consumer preferences; consumer knowledge; consumer education; alternative agriculture; probit model,US,survey,,,consumer_acceptance,consumer perception hydroponic produce,AC_consumer_acceptance_8690,openalex,data/raw/academic/academic_20261007T192501Z/openalex_consumer_acceptance_consumer_perception_hydroponic_produce.json.gz,2026-10-07T19:25:42Z,52.234303,consumer_acceptance,,,E5
W4382878924,article,Recirculation intervals of nutrient solution in hydroponic acclimatization of banana seedlings,Iumi da Silva Toyosumi; Tibério S. M. da Silva; Tales Miler Soares; M. A. Coelho Filho,2023,https://doi.org/10.1590/1807-1929/agriambi.v27n9p682-689,https://doi.org/10.1590/1807-1929/agriambi.v27n9p682-689,Federal University of Campina Grande,Revista Brasileira de Engenharia Agrícola e Ambiental,journal,True,1,banana seedlings; hydroponics; recirculating nutrient solution; acclimatization; Prata-Anã cultivar; plant growth; energy consumption; seasonal temperature effects,BR,experiment,,,nutrients_ph_ec,nutrient solution temperature dissolved oxygen hydroponic,AC_nutrients_ph_ec_3545,openalex,data/raw/academic/academic_20261007T192501Z/openalex_nutrients_ph_ec_nutrient_solution_temperature_dissolved_.json.gz,2026-10-07T19:25:15Z,52.192173,nutrients_ph_ec,,,E5
W4388496065,article,Nutrient Dynamics for Hydroponic Production System,Pranjal Thakur; Hardik Wadhwa; Shilpa Kaushal; Shubham Shubham,2023,https://doi.org/10.9734/ijpss/2023/v35i214069,https://doi.org/10.9734/ijpss/2023/v35i214069,Sciencedomain International,International Journal of Plant & Soil Science,journal,True,12,hydroponics; nutrient dynamics; urban agriculture; food security; land scarcity; water use efficiency; climate change impacts on agriculture; soil degradation,IN,unspecified,,,nutrients_ph_ec,nutrient solution temperature dissolved oxygen hydroponic,AC_nutrients_ph_ec_3545,openalex,data/raw/academic/academic_20261007T192501Z/openalex_nutrients_ph_ec_nutrient_solution_temperature_dissolved_.json.gz,2026-10-07T19:25:15Z,52.148067,nutrients_ph_ec,,,E5
W3209510780,article,ACCEPTANCE AND ADOPTION OF TECHNOLOGIES IN AGRICULTURE,Hamid El Bilali; Tarek Ben Hassen; Francesco Bottalico; Siniša Berjan; Roberto Capone,2021,https://doi.org/10.7251/agreng2101135e,https://doi.org/10.7251/agreng2101135e,,AGROFOR,journal,True,18,technology adoption; technology acceptance; agricultural innovation; diffusion of innovations; theory of reasoned action; technology acceptance model; theory of planned behavior; social cognitive theory,BA; IT; QA,review,,,consumer_acceptance,technology acceptance model smart agriculture,AC_consumer_acceptance_2573,openalex,data/raw/academic/academic_20261007T192501Z/openalex_consumer_acceptance_technology_acceptance_model_smart_agricu.json.gz,2026-10-07T19:25:39Z,51.991344,consumer_acceptance,,,E5
W2406923064,article,Life Cycle Assessment of Hydrogel Used in Hydroponics for the Impatiens New Guinea Production,Silvia Paola Venegas Segura; Martha Lilia Domínguez Patiño; Miguel Aguilar Cortés; Jorge Avelino Domínguez Patiño; Luz Elva Marín Vaca; Nadia Lara Ruíz; Rosa María Melgoza Alemán; Óscar Gabriel Villegas Torres,2016,https://doi.org/10.4236/ojapps.2016.65030,https://doi.org/10.4236/ojapps.2016.65030,Scientific Research Publishing,Open Journal of Applied Sciences,journal,True,1,hydroponics; superabsorbent polymers; Steiner nutrient solution; irrigation interval; water conservation; green chemistry principles; environmental impact; coconut fiber substrate,MX,lca,,,sustainability,hydroponics sustainability life cycle assessment,AC_sustainability_2528,openalex,data/raw/academic/academic_20261007T192501Z/openalex_sustainability_hydroponics_sustainability_life_cycle_as.json.gz,2026-10-07T19:25:33Z,51.79526,sustainability,,,E5
W7219106965,article,Analysis of Demand for Hydroponic Vegetables in Kendari,Dedy Aprianto; Ilma Sarimustaqiyma Rianse; Samsul Alam Fyka,2026,https://doi.org/10.63922/ijeter.v4i03.4417,https://e-journal.citakonsultindo.or.id/index.php/IJETER/article/view/4417,,International Journal of Technology and Education Research,journal,True,0,hydroponic vegetables; consumer demand; demand determinants; consumer preferences; substitutes; vegetable prices; consumer income; Kendari City,ID,survey|modelling|case_study,31 respondents,,consumer_acceptance,willingness to pay hydroponic vegetables,AC_consumer_acceptance_4257,openalex,data/raw/academic/academic_20261007T192501Z/openalex_consumer_acceptance_willingness_to_pay_hydroponic_vegetables.json.gz,2026-10-07T19:25:40Z,51.73182,consumer_acceptance,,,E5
W3035989556,article,Modeling the Dynamic Response of Plant Growth to Root Zone Temperature in Hydroponic Chili Pepper Plant Using Neural Networks,Galih Kusuma Aji; Kenji HATOU; Tetsuo Morimoto,2020,https://doi.org/10.3390/agriculture10060234,https://doi.org/10.3390/agriculture10060234,Multidisciplinary Digital Publishing Institute,Agriculture,journal,True,34,root zone temperature; plant growth; chili pepper; hydroponics; NARX neural network; dynamic modeling; system identification; load cell measurement,ID; JP,modelling,,,ai_prediction,deep learning plant growth hydroponic,AC_ai_prediction_7042,openalex,data/raw/academic/academic_20261007T192501Z/openalex_ai_prediction_deep_learning_plant_growth_hydroponic.json.gz,2026-10-07T19:25:26Z,51.656662,ai_prediction,,,E5
W4407828474,article,Farmers’ adoption of smart agricultural technologies for black soil conservation and utilization in China: the driving factors and its mechanism,Jiaping Yu; Jing Li; Kevin Lo; Shanlin Huang; Yiqi Li; Zixin Zhao,2025,https://doi.org/10.3389/fsufs.2025.1561633,https://doi.org/10.3389/fsufs.2025.1561633,Frontiers Media,Frontiers in Sustainable Food Systems,journal,True,11,smart agriculture; technology adoption; social influence; perceived usefulness; perceived ease of use; technology acceptance model; perceived value theory; demonstration households,CN; HK,system_development,354 farmers,,consumer_acceptance,technology acceptance model smart agriculture,AC_consumer_acceptance_2573,openalex,data/raw/academic/academic_20261007T192501Z/openalex_consumer_acceptance_technology_acceptance_model_smart_agricu.json.gz,2026-10-07T19:25:39Z,51.445896,consumer_acceptance,,,E5
W4283732368,article,Understanding Ecological Agricultural Technology Adoption in China Using an Integrated Technology Acceptance Model—Theory of Planned Behavior Model,Hao Dong; Huanyuan Wang; Jichang Han,2022,https://doi.org/10.3389/fenvs.2022.927668,https://doi.org/10.3389/fenvs.2022.927668,Frontiers Media,Frontiers in Environmental Science,journal,True,80,technology acceptance model; theory of planned behavior; perceived usefulness; perceived ease of use; behavioral attitudes; subjective norms; perceived behavioral control,CN,unspecified,,,consumer_acceptance,technology acceptance model smart agriculture,AC_consumer_acceptance_2573,openalex,data/raw/academic/academic_20261007T192501Z/openalex_consumer_acceptance_technology_acceptance_model_smart_agricu.json.gz,2026-10-07T19:25:39Z,51.26448,consumer_acceptance,,,E5
W4417121328,review,"Zeolites and Activated Carbons in Hydroponics: A Systematic Review of Mechanisms, Performance Metrics, Techno-Economic Analysis and Life-Cycle Assessment",Dana Akhmetzhanova; Aitugan Sabitov; Yerlan Doszhanov; Meiram K. Atamanov; Karina Saurykova; Arman Zhumazhanov; Tolganay Atamanova; Almagul Kerimkulova,2025,https://doi.org/10.3390/su172410977,https://doi.org/10.3390/su172410977,Multidisciplinary Digital Publishing Institute,Sustainability,journal,True,5,hydroponics; zeolites; activated carbon; nutrient solution management; ammonium removal; heavy metal removal; phytotoxicity; sorbents,BE; KZ,systematic_review|review,,,sustainability,hydroponics sustainability life cycle assessment,AC_sustainability_2528,openalex,data/raw/academic/academic_20261007T192501Z/openalex_sustainability_hydroponics_sustainability_life_cycle_as.json.gz,2026-10-07T19:25:33Z,51.069267,sustainability,,,E5
W7123733141,book-chapter,Leafy vegetables growth analysis using machine learning at different pH and TDS levels for hydroponics,Dalip; Deepika; Ashima Mehta,2026,https://doi.org/10.1201/9781003559931-13,https://doi.org/10.1201/9781003559931-13,CRC Press,CRC Press eBooks,ebook platform,False,0,hydroponics; leafy vegetables; nutrient film technique; plant growth prediction; pH; total dissolved solids; water temperature; lettuce,,modelling,,,ai_prediction,machine learning hydroponics prediction,AC_ai_prediction_4621,openalex,data/raw/academic/academic_20261007T192501Z/openalex_ai_prediction_machine_learning_hydroponics_prediction.json.gz,2026-10-07T19:25:23Z,50.95187,ai_prediction,,,E4
W7164404618,article,Smart agriculture in Southeast Asia,Candraningrat Candraningrat; Nimas Aryany Pratiwi; Azmil Chusnaini,2026,https://doi.org/10.31341/jios.50.1.11,https://doi.org/10.31341/jios.50.1.11,"University of Zagreb, Faculty of organization and informatics",Journal of information and organizational sciences,journal,True,0,smart agriculture; digital transformation; digital maturity; farmers; organizational commitment; climate resilience; greenhouse gas emissions reduction; sustainable agriculture,ID,modelling,287 farmers,,consumer_acceptance,technology acceptance model smart agriculture,AC_consumer_acceptance_2573,openalex,data/raw/academic/academic_20261007T192501Z/openalex_consumer_acceptance_technology_acceptance_model_smart_agricu.json.gz,2026-10-07T19:25:39Z,50.944134,consumer_acceptance,,,E5
W3198266985,article,Smart farming for improving agricultural management,Elsayed Said Mohamed; AA. Belal; Sameh Kotb Abd‐Elmabod; Mohammed Ahmed El-Shirbeny; A. Gad; Mohamed Zahran,2021,https://doi.org/10.1016/j.ejrs.2021.08.007,https://doi.org/10.1016/j.ejrs.2021.08.007,Elsevier BV,The Egyptian Journal of Remote Sensing and Space Science,journal,True,452,smart agriculture; Internet of Things; smart irrigation; unmanned aerial vehicles; agricultural robotics; 5G; artificial intelligence in agriculture; deep learning,EG,modelling,,,consumer_acceptance,technology acceptance model smart agriculture,AC_consumer_acceptance_2573,openalex,data/raw/academic/academic_20261007T192501Z/openalex_consumer_acceptance_technology_acceptance_model_smart_agricu.json.gz,2026-10-07T19:25:39Z,50.89535,consumer_acceptance,,,E5
W4413039055,article,Production and quality of hydroponic corn fodder cultivated in various substrates and harvested at different times,Geovani Gabriel Gonçalves da Luz; Luciane da Cunha Codognoto; Alessandra de Jesus Ribeiro; Thassiane Telles Conde; Magda  Lucia Pereira de Sousa; Amanda de Oliveira Poletto,2025,https://doi.org/10.4025/actascianimsci.v47i1.71826,https://doi.org/10.4025/actascianimsci.v47i1.71826,Editora da Universidade Estadual de Maringá (Eduem),Acta Scientiarum Animal Sciences,journal,True,0,hydroponic green fodder; corn fodder; organic substrates; rice husk; coffee husk; sugarcane bagasse; corn stover; harvest time,BR,experiment,,,growing_media_bagasse,bagasse substrate hydroponic,AC_growing_media_bagasse_9233,openalex,data/raw/academic/academic_20261007T192501Z/openalex_growing_media_bagasse_bagasse_substrate_hydroponic.json.gz,2026-10-07T19:25:29Z,50.738567,growing_media_bagasse,,,E5
W4412944014,article,Smart Agriculture in Ecuador: Adoption of IoT Technologies by Farmers in Guayas to Improve Agricultural Yields,Ruth Rubí Peña-Holguín; Carlos Andrés Vaca Coronel; Ruth María Farías-Lema; Sonnia Valeria Zapatier-Castro; Juan Diego Valenzuela-Cobos,2025,https://doi.org/10.3390/agriculture15151679,https://doi.org/10.3390/agriculture15151679,Multidisciplinary Digital Publishing Institute,Agriculture,journal,True,13,IoT adoption; smart agriculture; farmers; agricultural yields; precision agriculture; technology adoption factors; diffusion of innovation theory; technology acceptance model,EC,survey|modelling,,,consumer_acceptance,technology acceptance model smart agriculture,AC_consumer_acceptance_2573,openalex,data/raw/academic/academic_20261007T192501Z/openalex_consumer_acceptance_technology_acceptance_model_smart_agricu.json.gz,2026-10-07T19:25:39Z,50.6969,consumer_acceptance,,,E5
W4385655425,article,Willingness of Farmers to Adopt Blockchain Technology in Smart Agriculture,Shang-Chuan Shih; Bang‐Han Chiu,2023,https://doi.org/10.32996/jefas.2023.5.4.3,https://doi.org/10.32996/jefas.2023.5.4.3,Al-Kindi Center for Research and Development,Journal of Economics Finance and Accounting Studies,journal,True,2,blockchain adoption; farmers; smart agriculture; technology acceptance model; perceived value; government support; information security; sustainable agriculture,TW,unspecified,,,consumer_acceptance,technology acceptance model smart agriculture,AC_consumer_acceptance_2573,openalex,data/raw/academic/academic_20261007T192501Z/openalex_consumer_acceptance_technology_acceptance_model_smart_agricu.json.gz,2026-10-07T19:25:39Z,50.601704,consumer_acceptance,,,E5
W3181483275,article,ORIENTASI IBU RUMAH TANGGA DALAM MEMANFAATKAN BAGASSE SEBAGAI CAMPURAN MEDIA TANAM DI LAHAN PEKARANGAN,Sri Harimurti,2020,https://doi.org/10.56670/jcs.v2i1.32,https://doi.org/10.56670/jcs.v2i1.32,,Journal of Community Service,journal,True,0,sugarcane bagasse; sugarcane waste; planting media; mixed cropping; horticultural crops; compost; agricultural extension; women's knowledge,,unspecified,,,growing_media_bagasse,ampas tebu media tanam,AC_growing_media_bagasse_7783,openalex,data/raw/academic/academic_20261007T192501Z/openalex_growing_media_bagasse_ampas_tebu_media_tanam.json.gz,2026-10-07T19:25:32Z,50.48109,growing_media_bagasse,,,E5
W4392787468,article,PENGARUH BOKASHI AMPAS TEBU DAN NPK TERHADAP PERTUMBUHAN DAN HASIL KUBIS BUNGA PADA TANAH ALUVIAL,Eka Putri Agustina; Muhammad Pramulya; Henny Sulistyowati,2024,https://doi.org/10.26418/jspe.v13i1.70727,http://dx.doi.org/10.26418/jspe.v13i1.70727,Tanjungpura University,Jurnal Sains Pertanian Equator,journal,True,0,NPK fertilizer; flower cabbage; cauliflower; alluvial soils; soil amendment; plant growth; crop yield; fertilizer dose,ID,unspecified,,,growing_media_bagasse,ampas tebu media tanam,AC_growing_media_bagasse_7783,openalex,data/raw/academic/academic_20261007T192501Z/openalex_growing_media_bagasse_ampas_tebu_media_tanam.json.gz,2026-10-07T19:25:32Z,50.46285,growing_media_bagasse,,,E5
W3092298831,article,Bromatological quality and productivity of hydroponic maize forage cultivated in different substrates,Josimar da Silva Chaves; Maria Lorrayne de Araújo Leal; Romildo Nicolau Alves; Tarcísio Gomes Rodrigues; Fernando Gomes de Souza; Davair Lopes Teixeira; Jaine Furtado de Sousa; João Pedro Santos do Nascimento,2020,https://doi.org/10.33448/rsd-v9i10.8216,https://doi.org/10.33448/rsd-v9i10.8216,Grupo de Pesquisa Metodologias em Ensino e Aprendizagem em Ciências,Research Society and Development,journal,True,2,forage maize; growing substrates; sugarcane bagasse; seeding rate; forage productivity; bromatological quality; crude protein; total digestible nutrients,BR,experiment,,,growing_media_bagasse,bagasse substrate hydroponic,AC_growing_media_bagasse_9233,openalex,data/raw/academic/academic_20261007T192501Z/openalex_growing_media_bagasse_bagasse_substrate_hydroponic.json.gz,2026-10-07T19:25:29Z,50.44058,growing_media_bagasse,,,E5
W4408919401,article,IoT-based control and monitoring system for hydroponic plant growth using image processing and mobile applications,Wizman Rofiansyah; Fayza Rizka Zalianty; Firman Ahmad La Ito; Inung Wijayanto; Harfan Hian Ryanu; Indrarini Dyah Irawati,2025,https://doi.org/10.7717/peerj-cs.2763,https://doi.org/10.7717/peerj-cs.2763,"PeerJ, Inc.",PeerJ Computer Science,journal,True,11,hydroponics; Internet of Things; plant health monitoring; leaf image classification; convolutional neural networks; mobile application; urban agriculture; ESP32 microcontroller,ID,system_development|modelling,,,ai_prediction,deep learning plant growth hydroponic,AC_ai_prediction_7042,openalex,data/raw/academic/academic_20261007T192501Z/openalex_ai_prediction_deep_learning_plant_growth_hydroponic.json.gz,2026-10-07T19:25:26Z,50.400566,ai_prediction,,,E5
W7108332002,article,PKM Hidroponik guna Pemenuhan Sayuran Sehat Bagi Ibu Rumah Tangga Kelurahan Batuplat,Elsy Elisabet Hangge; Tri Mardiyati W Sir; Wilhelmus Bunganean; John H. Frans,2025,https://doi.org/10.35508/jpkmlppm.v19i1.19901,https://doi.org/10.35508/jpkmlppm.v19i1.19901,University of Nusa Cendana,Buletin Lembaga Pengabdian pada Masyarakat Universitas Nusa Cendana,journal,True,0,hydroponics; floating raft system; limited land use; urban agriculture; home vegetable cultivation; household food security; women's community empowerment; Kupang,ID,unspecified,,,adoption_barriers,hidroponik rumah tangga perkotaan,AC_adoption_barriers_6174,openalex,data/raw/academic/academic_20261007T192501Z/openalex_adoption_barriers_hidroponik_rumah_tangga_perkotaan.json.gz,2026-10-07T19:25:07Z,50.369835,adoption_barriers,,,E5
W7203821029,article,"Analisis Usaha Hidroponik Pusat Pelatihan Pertanian dan Perdesaan Swadaya (P4S) di Kota Padang, Indonesia",Dian Fauzi; Mega Putri Nolasary; Arta Nidar Ziliwu,2026,https://doi.org/10.37149/jia.v11i2.2497,https://doi.org/10.37149/jia.v11i2.2497,Universitas Halu Oleo,JIA (Jurnal Ilmiah Agribisnis) Jurnal Agribisnis dan Ilmu Sosial Ekonomi Pertanian,journal,True,0,hydroponics; urban agriculture; business feasibility; financial analysis; break-even point; benefit-cost ratio; revenue-cost ratio; leafy vegetables,ID,experiment,,,indonesia_context,hidroponik Indonesia,AC_indonesia_context_5245,openalex,data/raw/academic/academic_20261007T192501Z/openalex_indonesia_context_hidroponik_Indonesia.json.gz,2026-10-07T19:25:47Z,50.320972,indonesia_context,,,E5
W887434953,article,Contributing to food security in urban areas: differences between urban agriculture and peri-urban agriculture in the Global North,Ina Opitz; Regine Berges; Annette Piorr; Thomas Krikser,2015,https://doi.org/10.1007/s10460-015-9610-2,https://doi.org/10.1007/s10460-015-9610-2,Springer Nature (Netherlands),Agriculture and Human Values,journal,True,450,urban agriculture; peri-urban agriculture; food security; urban food systems; Global North; food production; food distribution; urban planning,DE,review,,,adoption_barriers,urban agriculture hydroponics households motivation,AC_adoption_barriers_8538,openalex,data/raw/academic/academic_20261007T192501Z/openalex_adoption_barriers_urban_agriculture_hydroponics_households.json.gz,2026-10-07T19:25:06Z,50.308212,adoption_barriers,,,E5
W3091500807,article,"Farmers’ Knowledge, Attitude, and Adoption of Smart Agriculture Technology in Taiwan",Jui-Hsiung Chuang; Jiun‐Hao Wang; Yu-Chang Liou,2020,https://doi.org/10.3390/ijerph17197236,https://doi.org/10.3390/ijerph17197236,Multidisciplinary Digital Publishing Institute,International Journal of Environmental Research and Public Health,journal,True,96,smart agriculture; technology adoption; farmer knowledge; farmer attitudes; climate-smart agriculture; psychological factors; smallholder farming; market access,TW,survey|modelling,321 farmers,,consumer_acceptance,technology acceptance model smart agriculture,AC_consumer_acceptance_2573,openalex,data/raw/academic/academic_20261007T192501Z/openalex_consumer_acceptance_technology_acceptance_model_smart_agricu.json.gz,2026-10-07T19:25:39Z,50.2256,consumer_acceptance,,,E5
W7154449000,review,Systematic Literature Review on Hydroponic Automation Models: IoT and Machine Learning Approaches,Lendy Rahmadi; Hadiyanto -; Ridwan Sanjaya; - Elvera,2026,https://doi.org/10.62527/joiv.10.2.4041,https://doi.org/10.62527/joiv.10.2.4041,State Polytechnics of Andalas,JOIV International Journal on Informatics Visualization,journal,True,1,hydroponics; Internet of Things; machine learning; predictive modeling; crop growth monitoring; temperature control; pH control; real-time control,ID,systematic_review|review|survey|modelling,,,ai_prediction,deep learning plant growth hydroponic,AC_ai_prediction_7042,openalex,data/raw/academic/academic_20261007T192501Z/openalex_ai_prediction_deep_learning_plant_growth_hydroponic.json.gz,2026-10-07T19:25:26Z,50.22482,ai_prediction,,,E5
W3006023583,article,Effect of rockwool and lignite dust on physical state of rehabilitated post-mining soil,Beata Kołodziej; Maja Bryk; Krzysztof Otremba,2020,https://doi.org/10.1016/j.still.2020.104603,https://doi.org/10.1016/j.still.2020.104603,Elsevier BV,Soil and Tillage Research,journal,True,21,rockwool; mine reclamation; waste reuse; Technosols; soil physical properties; soil water availability; saturated hydraulic conductivity; air permeability,PL,unspecified,,,sustainability,rockwool waste environmental impact,AC_sustainability_3284,openalex,data/raw/academic/academic_20261007T192501Z/openalex_sustainability_rockwool_waste_environmental_impact.json.gz,2026-10-07T19:25:35Z,50.220966,sustainability,,,E5
W2990694010,article,Life Cycle Assessment of Food Systems,Stefano Cucurachi; Laura Scherer; Jeroen B. Guinée; Arnold Tukker,2019,https://doi.org/10.1016/j.oneear.2019.10.014,https://doi.org/10.1016/j.oneear.2019.10.014,Elsevier BV,One Earth,journal,True,185,life cycle assessment; food systems; environmental impact of food; food production systems; diet; food commodities; life cycle inventory; life cycle impact assessment,NL,lca,,,sustainability,hydroponics sustainability life cycle assessment,AC_sustainability_2528,openalex,data/raw/academic/academic_20261007T192501Z/openalex_sustainability_hydroponics_sustainability_life_cycle_as.json.gz,2026-10-07T19:25:33Z,50.22073,sustainability,,,E5
W7216739900,article,The effect of digital readiness and technology acceptance on smart farming adoption in agribusiness management,Leny Rudihartati,2026,,https://www.ijafibs.pelnus.ac.id/index.php/ijafibs/article/view/508,Institute of Computer Science,International Journal of Applied Finance and Business Studies,journal,True,0,smart agriculture; digital readiness; technology acceptance; technology adoption intention; perceived usefulness; perceived ease of use; agricultural digitalization; operational efficiency,ID,survey|modelling,150 respondents,,consumer_acceptance,technology acceptance model smart agriculture,AC_consumer_acceptance_2573,openalex,data/raw/academic/academic_20261007T192501Z/openalex_consumer_acceptance_technology_acceptance_model_smart_agricu.json.gz,2026-10-07T19:25:39Z,50.213585,consumer_acceptance,,,E5
W7124698067,article,Assessing the viability of hydroponics for low‐income farmers in South Africa's urban agriculture sector: An urban political ecology perspective,Busisiwe Miya Noxolo; Tinashe Paul Kanosvamhira,2026,https://doi.org/10.1002/uar2.70036,https://doi.org/10.1002/uar2.70036,Wiley,Urban Agriculture & Regional Food Systems,journal,True,3,hydroponics; urban agriculture; low-income farmers; urban political ecology; vertical farming; food security; water scarcity; land use efficiency,ZA,survey|case_study,,,adoption_barriers,urban agriculture hydroponics households motivation,AC_adoption_barriers_8538,openalex,data/raw/academic/academic_20261007T192501Z/openalex_adoption_barriers_urban_agriculture_hydroponics_households.json.gz,2026-10-07T19:25:06Z,49.918858,adoption_barriers,,,E5
W4416392663,article,Sustainable Nutrient Management in Hydroponics System: A Review of Organic and Synthetic Nutrient Solution,Rishu Raj; A. P. Singh; Shilpa Kaushal,2025,https://doi.org/10.9734/jabb/2025/v28i113312,https://doi.org/10.9734/jabb/2025/v28i113312,Sciencedomain International,Journal of Advances in Biology & Biotechnology,journal,True,0,hydroponics; nutrient management; organic nutrient solution; compost tea; seaweed extract; fish hydrolysate; vermicompost leachate; nutrient cycling,IN,review|lca,,,sustainability,hydroponics sustainability life cycle assessment,AC_sustainability_2528,openalex,data/raw/academic/academic_20261007T192501Z/openalex_sustainability_hydroponics_sustainability_life_cycle_as.json.gz,2026-10-07T19:25:33Z,49.847652,sustainability,,,E5
W4328025129,article,Risk management in the adoption of smart farming technologies by rural farmers,Pensri Jaroenwanit; Pongsutti Phuensane; Aïcha Sekhari; Claudine Gay,2023,https://doi.org/10.5267/j.uscm.2023.2.011,https://doi.org/10.5267/j.uscm.2023.2.011,Growing Science,Uncertain Supply Chain Management,journal,True,15,smart agriculture; technology adoption; risk management; rural farmers; technology acceptance model; diffusion of innovation theory; government support; agricultural production efficiency,FR; TH,survey,400 farmers,,consumer_acceptance,technology acceptance model smart agriculture,AC_consumer_acceptance_2573,openalex,data/raw/academic/academic_20261007T192501Z/openalex_consumer_acceptance_technology_acceptance_model_smart_agricu.json.gz,2026-10-07T19:25:39Z,49.80106,consumer_acceptance,,,E5
W7217634515,article,The Role of Multi-Source Information Fusion Smart Agricultural Integration Platforms in Enhancing Agricultural Efficiency and Regional Adaptation,Yutan Chen; Weiqi Song; 宋伟杰; Wenying Zhai; Xiaoqing Yuan; Can Hu,2026,,https://sarjanaintelek.my/index.php/sijsfa/article/view/21,,Sarjana International Journal of Sustainable Food and Agriculture,journal,True,0,smart agriculture; multi-source data fusion; agricultural efficiency; regional adaptation; diffusion of innovation theory; technology acceptance model; precision agriculture; Internet of Things,CN,unspecified,,,consumer_acceptance,technology acceptance model smart agriculture,AC_consumer_acceptance_2573,openalex,data/raw/academic/academic_20261007T192501Z/openalex_consumer_acceptance_technology_acceptance_model_smart_agricu.json.gz,2026-10-07T19:25:39Z,49.645737,consumer_acceptance,,,E5
W4408545899,article,Smart Hydroponic Greenhouse Using Business Intelligence Tools and Deep Learning Algorithms,J. O. Ukoba; E. O. Anuku,2025,https://doi.org/10.38124/ijisrt/25feb1515,https://doi.org/10.38124/ijisrt/25feb1515,,,,False,0,hydroponics; smart greenhouse; business intelligence; deep learning; Internet of Things; Raspberry Pi; greenhouse automation; plant disease detection,,system_development,,,ai_prediction,deep learning plant growth hydroponic,AC_ai_prediction_7042,openalex,data/raw/academic/academic_20261007T192501Z/openalex_ai_prediction_deep_learning_plant_growth_hydroponic.json.gz,2026-10-07T19:25:26Z,49.603004,ai_prediction,,,E3
W4206370394,article,"Pelatihan Budidaya Hidroponik Sayur Daun: Pemberdayaan Masyarakat Panyirapan Banten, Indonesia di Masa Pandemi Covid-19",Irva Faozi Anwar; Lia Junita Harahap,2021,https://doi.org/10.37064/jpm.v9i2.9134,https://doi.org/10.37064/jpm.v9i2.9134,State Islamic University of North Sumatra,Jurnal Pemberdayaan Masyarakat,journal,True,4,hydroponics; leafy vegetable production; community empowerment; wick system; occupational health and safety; COVID-19 pandemic; pakcoy; lettuce,ID,unspecified,,,indonesia_context,hidroponik Indonesia,AC_indonesia_context_5245,openalex,data/raw/academic/academic_20261007T192501Z/openalex_indonesia_context_hidroponik_Indonesia.json.gz,2026-10-07T19:25:47Z,49.348114,indonesia_context,,,E5
W2981854649,article,A Survey on the Role of IoT in Agriculture for the Implementation of Smart Farming,Muhammad Shoaib Farooq; Shamyla Riaz; Adnan Abid; Kamran Abid; Muhammad Azhar Naeem,2019,https://doi.org/10.1109/access.2019.2949703,https://doi.org/10.1109/access.2019.2949703,Institute of Electrical and Electronics Engineers,IEEE Access,journal,True,900,Internet of Things; smart agriculture; agricultural monitoring; IoT network architecture; network topology; IoT protocols; cloud computing; big data analytics,PK,unspecified,,,consumer_acceptance,technology acceptance model smart agriculture,AC_consumer_acceptance_2573,openalex,data/raw/academic/academic_20261007T192501Z/openalex_consumer_acceptance_technology_acceptance_model_smart_agricu.json.gz,2026-10-07T19:25:39Z,49.3301,consumer_acceptance,,,E5
W4210551306,article,Developing ‘Smart’ Dairy Farming Responsive to Farmers and Consumer-Citizens: A Review,Maeve Mary Henchion; Áine Regan; Marion Beecher; Áine Macken‐Walsh,2022,https://doi.org/10.3390/ani12030360,https://doi.org/10.3390/ani12030360,Multidisciplinary Digital Publishing Institute,Animals,journal,True,55,farmer perspectives; precision agriculture; agricultural robotics; dairy cattle breeding; milking technology; stakeholder value; knowledge differences,IE,review,,,consumer_acceptance,consumer acceptance smart farming technology,AC_consumer_acceptance_3324,openalex,data/raw/academic/academic_20261007T192501Z/openalex_consumer_acceptance_consumer_acceptance_smart_farming_techno.json.gz,2026-10-07T19:25:38Z,49.293697,consumer_acceptance,,,E5
W7217994489,article,Machine Learning Based Approach for Crop Growth Monitoring in Hydroponics Cultivation,Manoj D. Tambakhe; Vijay S. Gulhane; Yugandhara M Rajgure,2023,,https://ijisae.org/index.php/IJISAE/article/view/3944,,International Journal of Intelligent Systems and Applications in Engineering,journal,True,0,hydroponics; crop growth monitoring; water conservation; sensor data; irrigation automation; support vector regression; LASSO; plant growth prediction,IN,modelling,,,ai_prediction,machine learning hydroponics prediction,AC_ai_prediction_4621,openalex,data/raw/academic/academic_20261007T192501Z/openalex_ai_prediction_machine_learning_hydroponics_prediction.json.gz,2026-10-07T19:25:23Z,49.186337,ai_prediction|iot_monitoring,,,E5
W2988952749,article,RootNav 2.0: Deep learning for automatic navigation of complex plant root architectures,Robail Yasrab; Jonathan A. Atkinson; Darren M. Wells; Andrew P. French; Tony Pridmore; Michael P. Pound,2019,https://doi.org/10.1093/gigascience/giz123,https://doi.org/10.1093/gigascience/giz123,University of Oxford,GigaScience,journal,True,179,multi-task convolutional neural network; transfer learning; seed detection; root morphology; wheat; Arabidopsis thaliana; Brassica napus; plant phenotyping,GB,system_development|modelling,,,ai_prediction,deep learning plant growth hydroponic,AC_ai_prediction_7042,openalex,data/raw/academic/academic_20261007T192501Z/openalex_ai_prediction_deep_learning_plant_growth_hydroponic.json.gz,2026-10-07T19:25:26Z,49.112225,ai_prediction,,,E5
W4401369808,article,The Implementation of “Smart” Technologies in the Agricultural Sector: A Review,Fotis Assimakopoulos; Costas Vassilakis; Dionisis Margaris; Konstantinos Kotis; Dimitris Spiliotopoulos,2024,https://doi.org/10.3390/info15080466,https://doi.org/10.3390/info15080466,Multidisciplinary Digital Publishing Institute,Information,journal,True,27,smart agriculture; precision agriculture; Internet of Things; Agriculture 4.0; technology adoption; technology acceptance; crop monitoring; yield prediction,GR,review,,,consumer_acceptance,technology acceptance model smart agriculture,AC_consumer_acceptance_2573,openalex,data/raw/academic/academic_20261007T192501Z/openalex_consumer_acceptance_technology_acceptance_model_smart_agricu.json.gz,2026-10-07T19:25:39Z,49.074413,consumer_acceptance,,,E5
W4376874696,article,A concept for application of integrated digital technologies to enhance future smart agricultural systems,Girma Gebresenbet; Techane Bosona; David Patterson; Henrik Jan Persson; Benjamin Fischer; N. Mandaluniz; Gherardo Chirici; Aleksejs Zacepins,2023,https://doi.org/10.1016/j.atech.2023.100255,https://www.sciencedirect.com/science/article/pii/S2772375523000850/pdf,Elsevier BV,Smart Agricultural Technology,journal,True,168,smart agriculture; digital agriculture; agricultural data integration; environmental data; artificial intelligence; edge computing; cloud computing; blockchain,DE; ES; GB; IT; LV; SE,review|system_development,,,consumer_acceptance,technology acceptance model smart agriculture,AC_consumer_acceptance_2573,openalex,data/raw/academic/academic_20261007T192501Z/openalex_consumer_acceptance_technology_acceptance_model_smart_agricu.json.gz,2026-10-07T19:25:39Z,48.717804,consumer_acceptance,,,E5
W4321350703,article,NARATIVE REVIEW PEMANFAATAN INTERNET-OF-THINGS UNTUK APLIKASI SEED MONITORING AND MANAGEMENT SYSTEM PADA MEDIA TANAMAN HIDROPONIK DI INDONESIA,Syifaul Fuada; Endah Setyowati; Galuh Inti Aulia; Dwi Wahyu Riani,2023,https://doi.org/10.31949/infotech.v9i1.4439,http://dx.doi.org/10.31949/infotech.v9i1.4439,Universitas Majalengka,INFOTECH journal,journal,True,11,Internet of Things; hydroponics; seedling management; ESP8266 microcontroller; Arduino Uno; pH sensor; TDS sensor; sensor data monitoring,ID,review|system_development,,,indonesia_context,hidroponik Indonesia,AC_indonesia_context_5245,openalex,data/raw/academic/academic_20261007T192501Z/openalex_indonesia_context_hidroponik_Indonesia.json.gz,2026-10-07T19:25:47Z,48.678444,indonesia_context,,,E5
W3038113629,article,Hydroponic Vegetable Production in Florida,Richard Tyson; Robert Conway Hochmuth; Daniel J. Cantliffe,2010,https://doi.org/10.32473/edis-hs405-2009,https://doi.org/10.32473/edis-hs405-2009,George A. Smathers Libraries,EDIS,journal,True,3,hydroponics; vegetable production; Florida agriculture; vegetable marketing; economic factors,US,review,,,consumer_acceptance,willingness to pay hydroponic vegetables,AC_consumer_acceptance_4257,openalex,data/raw/academic/academic_20261007T192501Z/openalex_consumer_acceptance_willingness_to_pay_hydroponic_vegetables.json.gz,2026-10-07T19:25:40Z,48.62409,consumer_acceptance,,,E5
W4323353156,article,Comparative analysis of data using machine learning algorithms: A hydroponics system use case,Godwin Idoje; Christos Mouroutoglou; Tasos Dagiuklas; Anastasios Kotsiras; Iqbal Muddesar; Panayiotis Alefragis,2023,https://doi.org/10.1016/j.atech.2023.100207,https://doi.org/10.1016/j.atech.2023.100207,Elsevier BV,Smart Agricultural Technology,journal,True,18,hydroponics; nutrient film technique; aeroponics; floating hydroponics; split federated learning; XGBoost; deep neural network; linear regression,GB; GR,modelling,,,ai_prediction,machine learning hydroponics prediction,AC_ai_prediction_4621,openalex,data/raw/academic/academic_20261007T192501Z/openalex_ai_prediction_machine_learning_hydroponics_prediction.json.gz,2026-10-07T19:25:23Z,48.544228,ai_prediction,,,E5
W7124866333,article,Perceived Usefulness and Adoption Intention of IoT-Enabled Smart Farming Technologies Among Agriculture Graduates in Maharashtra: A Quantitative Study,Mr. Sudarshan Balasaheb Babar; Satish Warpade,2026,https://doi.org/10.65579/31075037.0102,https://doi.org/10.65579/31075037.0102,,International Journal of Integrated Research and Practice,journal,True,0,Internet of Things; smart agriculture; perceived usefulness; technology adoption intention; agricultural graduates; technology acceptance model; smart sensors; irrigation automation,IN,survey|modelling,,,consumer_acceptance,technology acceptance model smart agriculture,AC_consumer_acceptance_2573,openalex,data/raw/academic/academic_20261007T192501Z/openalex_consumer_acceptance_technology_acceptance_model_smart_agricu.json.gz,2026-10-07T19:25:39Z,48.44816,consumer_acceptance,,,E5
W7219880935,article,Smart Hydroponic Growth Optimisation System with Real–Time Monitoring and Control with Convolutional Neural Network Algorithm Using Machine Learning,"G. Rajasekaran; N. Mohamed Kaif; J. Mohammed Kayuff; B. Mohamed Jaseem Lathif; M. Mohamed Sameer Ali; Maricar, , J. Mohamed Zakkariya",2025,https://doi.org/10.51699/cajmtcs.v6i4.823,https://cajmtcs.casjournal.org/index.php/CAJMTCS/article/view/823,,CENTRAL ASIAN JOURNAL OF MATHEMATICAL THEORY AND COMPUTER SCIENCES,journal,True,0,hydroponics; smart agriculture; plant monitoring; real-time monitoring and control; sensor networks; actuators; light dependent resistor; DHT11 sensor,,unspecified,,,ai_prediction,deep learning plant growth hydroponic,AC_ai_prediction_7042,openalex,data/raw/academic/academic_20261007T192501Z/openalex_ai_prediction_deep_learning_plant_growth_hydroponic.json.gz,2026-10-07T19:25:26Z,48.42412,ai_prediction,,,E5
W4390343913,article,Design and Development of an Agricultural Parameter Monitoring System for Hydroponics,Kanishka Tharindu Rathnayake; Tharaga Sharmilan,2023,https://doi.org/10.59573/emsj.7(5).2023.21,https://doi.org/10.59573/emsj.7(5).2023.21,,European Modern Studies Journal,journal,True,0,hydroponics; agricultural monitoring system; PLC control; cloud-based remote monitoring; irrigation automation; nutrient film technique; aeroponics; alarm system,LK,unspecified,,,adoption_barriers,urban agriculture hydroponics households motivation,AC_adoption_barriers_8538,openalex,data/raw/academic/academic_20261007T192501Z/openalex_adoption_barriers_urban_agriculture_hydroponics_households.json.gz,2026-10-07T19:25:06Z,48.411606,adoption_barriers,,,E5
W4401983432,book-chapter,Smart Farming Technologies and Sustainability,Marilena Gemtou; Blanca Casares Guillén; Evangelos Anastasiou,2024,https://doi.org/10.1007/978-3-031-61749-2_6,https://doi.org/10.1007/978-3-031-61749-2_6,Springer International Publishing,Palgrave studies in digital business & enabling technologies,book series,False,8,smart agriculture; digital agriculture; precision agriculture; sustainable agriculture; food security; climate resilience; technology adoption barriers; technology adoption factors,GR,unspecified,,,consumer_acceptance,consumer acceptance smart farming technology,AC_consumer_acceptance_3324,openalex,data/raw/academic/academic_20261007T192501Z/openalex_consumer_acceptance_consumer_acceptance_smart_farming_techno.json.gz,2026-10-07T19:25:38Z,48.331852,consumer_acceptance,,,E4
W4415791584,article,Modeling the adoption of financial technology for sustainable agricultural development in Bangladesh using the technology acceptance model,Masud Rana; Md. Touhidul Islam; Sakhri Abdelwaheb; Hasibul Islam; S. M. Shahedul Alam,2025,https://doi.org/10.1007/s43621-025-02000-3,https://doi.org/10.1007/s43621-025-02000-3,Springer Nature,Discover Sustainability,journal,True,14,fintech adoption; fintech; sustainable agricultural development; technology acceptance model; farmers; perceived usefulness; perceived ease of use; risk perception,BD; DZ; US,modelling,,,consumer_acceptance,technology acceptance model smart agriculture,AC_consumer_acceptance_2573,openalex,data/raw/academic/academic_20261007T192501Z/openalex_consumer_acceptance_technology_acceptance_model_smart_agricu.json.gz,2026-10-07T19:25:39Z,48.31863,consumer_acceptance,,,E5
W4412035305,article,Development of Plant Growth Monitoring in Hydroponic Using Image Processing,Nor Maizatul Mona Husin; Norazlin Ibrahim; Hanisah Salam,2025,https://doi.org/10.37934/sijaff.4.1.4658b,https://doi.org/10.37934/sijaff.4.1.4658b,,Semarak International Journal of Agriculture Forestry and Fisheries,journal,True,0,hydroponics; plant growth monitoring; plant height measurement; image processing; automated monitoring system; non-destructive measurement; nutrient solution concentration; environmental manipulation,MY,experiment,,,ai_prediction,deep learning plant growth hydroponic,AC_ai_prediction_7042,openalex,data/raw/academic/academic_20261007T192501Z/openalex_ai_prediction_deep_learning_plant_growth_hydroponic.json.gz,2026-10-07T19:25:26Z,48.224224,ai_prediction,,,E5
W7207538706,article,Resource-Efficient Urban Agriculture: Comparative Analysis of Six Farming Models in Indonesian Cities,Sunandar; Kunti Tirtasari,2025,https://doi.org/10.61978/sativa.v1i3.1427,https://doi.org/10.61978/sativa.v1i3.1427,,Sativa Journal of Agricultural Sciences,journal,True,0,urban agriculture; resource efficiency; rooftop farming; vertical farming; hydroponics; aquaponics; community gardens; backyard farming,ID,unspecified,,,indonesia_context,hydroponics Indonesia urban farming,AC_indonesia_context_9585,openalex,data/raw/academic/academic_20261007T192501Z/openalex_indonesia_context_hydroponics_Indonesia_urban_farming.json.gz,2026-10-07T19:25:43Z,47.939915,indonesia_context,,,E5
W7172450200,article,"Sustainable Vegetable Production through Hydroponics and Aquaponics: Resource Efficiency, System Trade-offs and Pathways to Responsible Scaling",Dhriti Barman; Sheriful Alam; Tanishka Saikia; Nayanmoni Buragohain; Priyam Hazarika,2026,https://doi.org/10.9734/jeai/2026/v48i84410,https://doi.org/10.9734/jeai/2026/v48i84410,Sciencedomain International,Journal of Experimental Agriculture International,journal,True,0,hydroponics; aquaponics; sustainable vegetable production; resource efficiency; water consumption; nutrient utilization; life cycle assessment; food safety,IN,review|experiment,,,sustainability,hydroponics sustainability life cycle assessment,AC_sustainability_2528,openalex,data/raw/academic/academic_20261007T192501Z/openalex_sustainability_hydroponics_sustainability_life_cycle_as.json.gz,2026-10-07T19:25:33Z,47.917477,sustainability,,,E5
W4403016439,article,A BIBLIOMETRIC ANALYSIS: RESEARCH OF URBAN FARMING IN INDONESIA PERIOD 1991-2023,Nazulah Mufarichah Rochim; Unggul Heriqbaldi,2024,https://doi.org/10.14710/agrisocionomics.v8i1.21214,https://doi.org/10.14710/agrisocionomics.v8i1.21214,Diponegoro University,Agrisocionomics Jurnal Sosial Ekonomi Pertanian,journal,True,0,urban agriculture; Indonesia; research trends; publication growth; citation analysis; research productivity; research visibility; aquaculture research,ID,review,,,indonesia_context,hydroponics Indonesia urban farming,AC_indonesia_context_9585,openalex,data/raw/academic/academic_20261007T192501Z/openalex_indonesia_context_hydroponics_Indonesia_urban_farming.json.gz,2026-10-07T19:25:43Z,47.883133,indonesia_context,,,E5
W4367599007,review,Low-Cost Water Quality Sensors for IoT: A Systematic Review,Edson Tavares de Camargo; Fábio Alexandre Spanhol; Juliano Scholz Slongo; Marcos Vinicius Rocha da Silva; Jaqueline Pazinato; Adriana Vechai de Lima Lobo; Fábio Rizental Coutinho; Felipe Walter Dafico Pfrimer,2023,https://doi.org/10.3390/s23094424,https://doi.org/10.3390/s23094424,Multidisciplinary Digital Publishing Institute,Sensors,journal,True,145,low-cost sensors; water quality monitoring; Internet of Things; remote sensing; sensor reliability; sensor accuracy; environmental monitoring networks; real-time monitoring,BR,review,,,iot_monitoring,low-cost sensors hydroponics accuracy calibration,AC_iot_monitoring_1718,openalex,data/raw/academic/academic_20261007T192501Z/openalex_iot_monitoring_low-cost_sensors_hydroponics_accuracy_ca.json.gz,2026-10-07T19:25:21Z,47.86618,iot_monitoring,,,E5
W3171697539,article,Smart Farming Technologies in Arable Farming: Towards a Holistic Assessment of Opportunities and Risks,Sebastian Lieder; Christoph Schröter‐Schlaack,2021,https://doi.org/10.3390/su13126783,https://doi.org/10.3390/su13126783,Multidisciplinary Digital Publishing Institute,Sustainability,journal,True,47,smart agriculture; arable farming; environmental impact of agriculture; sustainable agriculture; digital agriculture; rebound effect; fertilizer reduction; pesticide reduction,DE,unspecified,,,consumer_acceptance,consumer acceptance smart farming technology,AC_consumer_acceptance_3324,openalex,data/raw/academic/academic_20261007T192501Z/openalex_consumer_acceptance_consumer_acceptance_smart_farming_techno.json.gz,2026-10-07T19:25:38Z,47.822563,consumer_acceptance,,,E5
W7215362244,article,HYDROPONIC CROP SYSTEMS: A MODERN APPROACH TO AGRICULTURAL MARKETING,Florin Alexandru Iova; Carina Marisa Chira; Anita Georgiana Șuba; Anka Roxana Pascariu,2025,,https://www.lsma.ro/index.php/lsma/article/view/2891,,Lucrări Științifice Management Agricol,journal,True,0,hydroponics; agricultural marketing; consumer perception; purchasing behavior; digital communication; storytelling; transparency; consumer trust,RO,unspecified,,,consumer_acceptance,consumer perception hydroponic produce,AC_consumer_acceptance_8690,openalex,data/raw/academic/academic_20261007T192501Z/openalex_consumer_acceptance_consumer_perception_hydroponic_produce.json.gz,2026-10-07T19:25:42Z,47.732628,adoption_barriers|consumer_acceptance,,,E5
W4402691857,article,Hydroponics: Factors influencing the growth of the plants: Vertical farming-Carbon footprint- Marketing updates,Ravindra B. Malabadi; Isha Saini; Kiran P. Kolkar; RAJU KRISHNA CHALANNAVAR; Karen Viviana Castaño Coronado; Simuzar S. Mammadova; Himansu Baijnath; Antônia Neidilê Ribeiro Munhoz,2024,https://doi.org/10.53022/oarjst.2024.12.1.0112,https://doi.org/10.53022/oarjst.2024.12.1.0112,,Open Access Research Journal of Science and Technology,journal,True,2,hydroponics; vertical farming; carbon footprint; greenhouse gas emissions; nutrient solution; plant growth factors; urban agriculture; greenhouse energy consumption,AZ; IN; IR; ZA,review,,,indonesia_context,hydroponics Indonesia urban farming,AC_indonesia_context_9585,openalex,data/raw/academic/academic_20261007T192501Z/openalex_indonesia_context_hydroponics_Indonesia_urban_farming.json.gz,2026-10-07T19:25:43Z,47.555435,adoption_barriers|indonesia_context,,,E5
W4400960459,article,"A review on urban farming: Potential, challenges and opportunities",Shu Hua Teoh; Gwo Rong Wong; Purabi Mazumdar,2024,https://doi.org/10.3897/ia.2024.127816,https://doi.org/10.3897/ia.2024.127816,Society for Scientific Research,Innovations in Agriculture,journal,True,21,urban agriculture; food security; vertical farming; rooftop farming; community farming; indoor cultivation; hydroponics; aeroponics,MY,review|case_study,,,indonesia_context,hydroponics Indonesia urban farming,AC_indonesia_context_9585,openalex,data/raw/academic/academic_20261007T192501Z/openalex_indonesia_context_hydroponics_Indonesia_urban_farming.json.gz,2026-10-07T19:25:43Z,47.539555,indonesia_context,,,E5
W2959600650,article,Public Awareness and Consumer Acceptance of Smart Meters among Polish Social Media Users,Yash Chawla; Anna Kowalska-Pyzalska,2019,https://doi.org/10.3390/en12142759,https://doi.org/10.3390/en12142759,Multidisciplinary Digital Publishing Institute,Energies,journal,True,41,smart meters; public awareness; consumer acceptance; social media users; smart grid; electricity; information sources; energy companies,PL,survey,,,consumer_acceptance,consumer acceptance smart farming technology,AC_consumer_acceptance_3324,openalex,data/raw/academic/academic_20261007T192501Z/openalex_consumer_acceptance_consumer_acceptance_smart_farming_techno.json.gz,2026-10-07T19:25:38Z,47.5078,consumer_acceptance,,,E5
W4385878916,article,Crop Prediction Model Using Machine Learning Algorithms,Ersin Elbaşı; Chamseddine Zaki; Ahmet E. Topcu; Wiem Abdelbaki; Aymen I. Zreikat; Elda Cina; Ahmed Younes Shdefat; Louai Saker,2023,https://doi.org/10.3390/app13169288,https://doi.org/10.3390/app13169288,Multidisciplinary Digital Publishing Institute,Applied Sciences,journal,True,283,crop yield prediction; machine learning in agriculture; IoT sensor data; feature combination; Naive Bayes classifier; Hoeffding tree; crop disease detection; food supply security,KW,experiment|modelling,,,ai_prediction,machine learning hydroponics prediction,AC_ai_prediction_4621,openalex,data/raw/academic/academic_20261007T192501Z/openalex_ai_prediction_machine_learning_hydroponics_prediction.json.gz,2026-10-07T19:25:23Z,47.145893,ai_prediction,,,E5
W2986260558,article,The Digitisation of Agriculture: a Survey of Research Activities on Smart Farming,Manlio Bacco; Paolo Barsocchi; Erina Ferro; Alberto Gotta; Massimiliano Ruggeri,2019,https://doi.org/10.1016/j.array.2019.100009,https://doi.org/10.1016/j.array.2019.100009,Elsevier BV,Array,journal,True,350,smart agriculture; agricultural information technology; research trends; rural technology adoption; technology adoption barriers; European Union agriculture; agricultural research projects,IT,survey,,,consumer_acceptance,consumer acceptance smart farming technology,AC_consumer_acceptance_3324,openalex,data/raw/academic/academic_20261007T192501Z/openalex_consumer_acceptance_consumer_acceptance_smart_farming_techno.json.gz,2026-10-07T19:25:38Z,47.04887,consumer_acceptance,,,E5
W4411790975,article,Factors Influence the Acceptance of Smart Farming Technologies (SFTs) among Youth in Higher Learning Education in Malaysia,Nurul Aziemah Majid; Nur Bahiah Mohamed Haris; Jasmin Arif Shah,2025,https://doi.org/10.47253/jtrss.v13i1.1450,https://doi.org/10.47253/jtrss.v13i1.1450,Universiti Malaysia Kelantan,Journal of tropical resources and sustainable science/Journal of Tropical Resources and Sustainable Science,journal,True,0,smart farming technologies; technology acceptance; youth; university students; agricultural technology adoption; attitudes; knowledge and awareness; agricultural careers,MY,unspecified,,,consumer_acceptance,consumer acceptance smart farming technology,AC_consumer_acceptance_3324,openalex,data/raw/academic/academic_20261007T192501Z/openalex_consumer_acceptance_consumer_acceptance_smart_farming_techno.json.gz,2026-10-07T19:25:38Z,47.025383,consumer_acceptance,,,E5
W4210433407,article,HYDROPONIC VEGETABLE MARKETING STRATEGY IN PALU CITY INDONESIA,Shintami R. Malik; Sulmi Sulmi; Husnul Khatima; Lien Damayanti; Rustam Abd. Rauf,2022,https://doi.org/10.22487/agroland.v8i2.1150,https://doi.org/10.22487/agroland.v8i2.1150,Tadulako University,AGROLAND The Agricultural Sciences Journal (e-Journal),journal,True,0,hydroponic vegetables; marketing mix; internal and external factors; SO strategy; Palu City; kale; Brassica chinensis; lettuce,ID,unspecified,,,consumer_acceptance,willingness to pay hydroponic vegetables,AC_consumer_acceptance_4257,openalex,data/raw/academic/academic_20261007T192501Z/openalex_consumer_acceptance_willingness_to_pay_hydroponic_vegetables.json.gz,2026-10-07T19:25:40Z,47.013176,consumer_acceptance,,,E5
W4390942180,article,Challenges and Solutions for Sustainable Food Systems: The Potential of Home Hydroponics,Rui de Sousa; L. Bragança; da Silva; Rui S. Oliveira,2024,https://doi.org/10.3390/su16020817,https://doi.org/10.3390/su16020817,Multidisciplinary Digital Publishing Institute,Sustainability,journal,True,99,sustainable food systems; food security; urban agriculture; agri-food systems; environmental impact of food production; food loss and waste; climate change mitigation; biodiversity conservation,PT,review|system_development,,,adoption_barriers,home hydroponics consumer adoption,AC_adoption_barriers_1957,openalex,data/raw/academic/academic_20261007T192501Z/openalex_adoption_barriers_home_hydroponics_consumer_adoption.json.gz,2026-10-07T19:25:04Z,46.99856,adoption_barriers|sustainability,,,E5
W4312750268,article,Consumer perceptions of vertical farming: a preliminary analysis of UK and Irish consumers,G. Robinson; A. Clark; L. McEvoy; Tom R. Hill,2022,https://doi.org/10.1017/s0029665122002518,https://doi.org/10.1017/s0029665122002518,Cambridge University Press,Proceedings of The Nutrition Society,journal,True,6,vertical farming; consumer acceptance; willingness to pay; consumer perception; consumer knowledge; sustainability; food quality; food labeling,GB; IE,survey,n = 104,,consumer_acceptance,consumer perception hydroponic produce,AC_consumer_acceptance_8690,openalex,data/raw/academic/academic_20261007T192501Z/openalex_consumer_acceptance_consumer_perception_hydroponic_produce.json.gz,2026-10-07T19:25:42Z,46.918068,consumer_acceptance,,,E5
W4394984146,article,"Consumer perceptions and preferences for urban farming, hydroponics, and robotic cultivation: A case study on parsley",Giovanbattista Califano; Anders P.F. Herdenstam; Charles J. Spence,2024,https://doi.org/10.1016/j.fufo.2024.100353,https://doi.org/10.1016/j.fufo.2024.100353,Elsevier BV,Future Foods,journal,True,19,consumer acceptance; urban agriculture; hydroponics; parsley; fresh herbs; environmental concern; food technology neophobia; consumer perception,GB; IT; SE,unspecified,148 participants,,adoption_barriers,urban agriculture hydroponics households motivation,AC_adoption_barriers_8538,openalex,data/raw/academic/academic_20261007T192501Z/openalex_adoption_barriers_urban_agriculture_hydroponics_households.json.gz,2026-10-07T19:25:06Z,46.75135,adoption_barriers|consumer_acceptance,,,E5
W4415224343,article,Implementasi Hidroponik Vertikal Tanaman Hortikultura Skala Rumah Tangga untuk Meningkatkan Pendapatan Masyarakat Kota Palangka Raya,Zakia Putri Sulaiman; Tri Yuliana Eka Sintha; Eti Dewi Nopemberini; Betrixia Barbara; I Gede Suhartawan; Pordamantra,2025,https://doi.org/10.29303/jsit.v6i2.205,https://doi.org/10.29303/jsit.v6i2.205,University of Mataram,Jurnal SIAR ILMUWAN TANI,journal,True,0,vertical hydroponics; urban agriculture; household income; urban land scarcity; fresh vegetable production; community training; Palangka Raya,ID,unspecified,,,adoption_barriers,hidroponik rumah tangga perkotaan,AC_adoption_barriers_6174,openalex,data/raw/academic/academic_20261007T192501Z/openalex_adoption_barriers_hidroponik_rumah_tangga_perkotaan.json.gz,2026-10-07T19:25:07Z,46.64834,adoption_barriers,,,E5
W4224839097,article,"A Review on Machine Learning, Artificial Intelligence, and Smart Technology in Water Treatment and Monitoring",Matthew Lowe; Ruwen Qin; Xinwei Mao,2022,https://doi.org/10.3390/w14091384,https://doi.org/10.3390/w14091384,Multidisciplinary Digital Publishing Institute,Water,journal,True,355,artificial intelligence; machine learning; water treatment; wastewater treatment; water quality monitoring; Internet of Things; smart sensors; chlorination,US,review|experiment|modelling,,,ai_prediction,machine learning hydroponics prediction,AC_ai_prediction_4621,openalex,data/raw/academic/academic_20261007T192501Z/openalex_ai_prediction_machine_learning_hydroponics_prediction.json.gz,2026-10-07T19:25:23Z,46.417057,ai_prediction,,,E5
W2951023147,article,Urban Food Systems: Applying Life Cycle Assessment in Built Environments and Aquaponics,Gundula Proksch; Alex Ianchenko,2019,https://doi.org/10.7275/1rm5-s937,https://scholarworks.umass.edu/btes/vol2019/iss1/29,University of Massachusetts Amherst,ScholarWorks@UMassAmherst (University of Massachusetts Amherst),repository,False,6,urban food systems; aquaponics; life cycle assessment; built environment; urban agriculture; water-energy-food nexus; sustainable urban food systems; recirculating aquaculture,US,lca,,,sustainability,hydroponics sustainability life cycle assessment,AC_sustainability_2528,openalex,data/raw/academic/academic_20261007T192501Z/openalex_sustainability_hydroponics_sustainability_life_cycle_as.json.gz,2026-10-07T19:25:33Z,46.40682,sustainability,,,E3
W4214860529,article,Using Machine Learning Models to Predict Hydroponically Grown Lettuce Yield,Ali Mokhtar; Wessam El-Ssawy; Hongming He; Nadhir Al-Anasari; Saad Sh. Sammen; Yeboah Gyasi‐Agyei; Mohamed E. Abuarab,2022,https://doi.org/10.3389/fpls.2022.706042,https://doi.org/10.3389/fpls.2022.706042,Frontiers Media,Frontiers in Plant Science,journal,True,84,hydroponics; aeroponics; nutrient film technique; magnetic field strength; support vector regression; extreme gradient boosting; random forest; deep neural network,AU; CN; EG; IQ; SE,experiment|modelling,,,ai_prediction,deep learning plant growth hydroponic,AC_ai_prediction_7042,openalex,data/raw/academic/academic_20261007T192501Z/openalex_ai_prediction_deep_learning_plant_growth_hydroponic.json.gz,2026-10-07T19:25:26Z,46.396248,ai_prediction,,,E5
W4382874713,article,Smart farming with e: Technology,K Santha Sheela; AV Deepan Chakravarthi,2019,https://doi.org/10.33545/26633582.2019.v1.i1a.8,https://doi.org/10.33545/26633582.2019.v1.i1a.8,,International Journal of Engineering in Computer Science,journal,True,5,smart agriculture; artificial intelligence in agriculture; crop yield; food security; sustainable agriculture; model integration; public-private partnerships; data visualization,IN,unspecified,,,consumer_acceptance,consumer acceptance smart farming technology,AC_consumer_acceptance_3324,openalex,data/raw/academic/academic_20261007T192501Z/openalex_consumer_acceptance_consumer_acceptance_smart_farming_techno.json.gz,2026-10-07T19:25:38Z,46.38984,consumer_acceptance,,,E5
W4312477184,article,Consumers perception of aquaponics in Australia: A survey,Sadiqul Awal; Darren Bonnici,2021,https://doi.org/10.15406/jamb.2021.10.00325,https://doi.org/10.15406/jamb.2021.10.00325,MedCrave Group,Journal of Aquaculture & Marine Biology,journal,True,2,aquaponics; consumer perception; willingness to pay; consumer preferences; consumer education; aquaculture marketing; alternative agriculture; Melbourne metropolitan area,AU,survey,,,consumer_acceptance,consumer perception hydroponic produce,AC_consumer_acceptance_8690,openalex,data/raw/academic/academic_20261007T192501Z/openalex_consumer_acceptance_consumer_perception_hydroponic_produce.json.gz,2026-10-07T19:25:42Z,46.384056,consumer_acceptance,,,E5
W4404631724,article,Automated Hydroponics System using the Internet of Things,Dinan Yulianto; Abiema Febrian Nugraha; Faisal Fajri Rahani,2024,https://doi.org/10.21831/jee.v8i2.76816,https://doi.org/10.21831/jee.v8i2.76816,Univerisitas Negeri Yogyakarta,Jurnal Edukasi Elektro,journal,True,0,Internet of Things; NodeMCU; environmental monitoring; pH control; nutrient monitoring; water level monitoring; urban agriculture; food security,ID,unspecified,,,indonesia_context,hydroponics Indonesia urban farming,AC_indonesia_context_9585,openalex,data/raw/academic/academic_20261007T192501Z/openalex_indonesia_context_hydroponics_Indonesia_urban_farming.json.gz,2026-10-07T19:25:43Z,46.3567,indonesia_context,,,E5
W7203674351,article,Analysis of Consumer Characteristics of QRIS Users at the Purchase Decision Stages for Hydroponic Vegetables at Pontianak Hydroponic Center,Hadisza Anggreni,2026,https://doi.org/10.25157/ma.v12i2.25257,https://doi.org/10.25157/ma.v12i2.25257,Galuh University,MIMBAR AGRIBISNIS Jurnal Pemikiran Masyarakat Ilmiah Berwawasan Agribisnis,journal,True,0,QRIS; QR codes; hydroponic vegetables; purchasing decision process; consumer characteristics; digital payments; consumer demographics; health awareness,ID,survey,100 respondents,,consumer_acceptance,willingness to pay hydroponic vegetables,AC_consumer_acceptance_4257,openalex,data/raw/academic/academic_20261007T192501Z/openalex_consumer_acceptance_willingness_to_pay_hydroponic_vegetables.json.gz,2026-10-07T19:25:40Z,46.31457,consumer_acceptance,,,E5
W4387744592,article,Acceptance of Green Technology-Based Service: Consumers’ Risk-Taking Behavior in the Context of Indoor Smart Farm Restaurants,Kyuhyeon Joo; Jinsoo Hwang,2023,https://doi.org/10.3390/app132011433,https://doi.org/10.3390/app132011433,Multidisciplinary Digital Publishing Institute,Applied Sciences,journal,True,12,consumer acceptance; risk-taking; risk perception; psychological risk; quality risk; theory of planned behavior; novelty seeking; consumer attitudes,KR,unspecified,,,consumer_acceptance,consumer acceptance smart farming technology,AC_consumer_acceptance_3324,openalex,data/raw/academic/academic_20261007T192501Z/openalex_consumer_acceptance_consumer_acceptance_smart_farming_techno.json.gz,2026-10-07T19:25:38Z,46.212414,consumer_acceptance,,,E5
W7160421824,article,"PENGUATAN KETAHANAN EKONOMI PESANTREN MELALUI PEMBERDAYAAN KEWIRAUSAHAAN BERBASIS HIDROPONIK: PENDEKATAN PENGEMBANGAN KOMUNITAS BERBASIS ASET DI KLATEN, INDONESIA",Yulfan Arif Nurohman; Rahmawati Khoiriyah; Fuad Hasyim; Fahri Ali Ahzar,2026,https://doi.org/10.52353/abdimakarti.v5i1.962,https://doi.org/10.52353/abdimakarti.v5i1.962,STIE AMA Salatiga,ABDI MAKARTI,journal,True,0,pesantren; economic resilience; entrepreneurship education; hydroponics; asset-based community development; economic empowerment; Klaten Regency,,system_development|case_study,,,indonesia_context,hidroponik Indonesia,AC_indonesia_context_5245,openalex,data/raw/academic/academic_20261007T192501Z/openalex_indonesia_context_hidroponik_Indonesia.json.gz,2026-10-07T19:25:47Z,46.088646,indonesia_context,,,E5
W3111065507,article,Use of alternative growing media in ornamental plants,T M Sachin; Neelam Thakur; Priyanshu Sharma,2020,https://doi.org/10.22271/chemi.2020.v8.i6c.11079,https://doi.org/10.22271/chemi.2020.v8.i6c.11079,AkiNik Publications,International Journal of Chemical Studies,journal,True,20,growing media; ornamental plants; peat; perlite; rockwool; sawdust; cocopeat; compost,IN,unspecified,,,growing_media_bagasse,biodegradable growing media rockwool alternative,AC_growing_media_bagasse_3627,openalex,data/raw/academic/academic_20261007T192501Z/openalex_growing_media_bagasse_biodegradable_growing_media_rockwool_alt.json.gz,2026-10-07T19:25:30Z,45.99983,growing_media_bagasse,,,E5
W2885597632,article,The acceptance of blockchain technology in meat traceability and transparency,Fabian Sander; Janjaap Semeijn; Dominik Mahr,2018,https://doi.org/10.1108/bfj-07-2017-0365,https://doi.org/10.1108/bfj-07-2017-0365,Emerald Publishing Limited,British Food Journal,journal,True,262,blockchain; meat traceability; supply chain transparency; consumer acceptance; certification labels; purchase decision; perceived quality; DNA coding,NL,survey|case_study,141 consumers,,consumer_acceptance,consumer acceptance smart farming technology,AC_consumer_acceptance_3324,openalex,data/raw/academic/academic_20261007T192501Z/openalex_consumer_acceptance_consumer_acceptance_smart_farming_techno.json.gz,2026-10-07T19:25:38Z,45.8669,consumer_acceptance,,,E5
W2973926956,article,ANALISA PERMINTAAN SAYURAN HIDROPONIK DI PT. HIDROPONIK AGROFARM BANDUNGAN,Rosa Dewi Savira; Tinjung Mary Prihtanti,2019,https://doi.org/10.30598/agrilan.v7i2.906,https://doi.org/10.30598/agrilan.v7i2.906,,Agrilan Jurnal Agribisnis Kepulauan,journal,True,15,hydroponic vegetables; vegetable demand; household income; consumer purchasing behavior; product attributes; lifestyle; consumer age; gender,ID,survey,,,indonesia_context,hidroponik Indonesia,AC_indonesia_context_5245,openalex,data/raw/academic/academic_20261007T192501Z/openalex_indonesia_context_hidroponik_Indonesia.json.gz,2026-10-07T19:25:47Z,45.84683,indonesia_context,,,E5
W4205414765,article,Deep Learning Models to Determine Nutrient Concentration in Hydroponically Grown Lettuce Cultivars (Lactuca sativa L.),Mostofa Ahsan; Sulaymon L. Eshkabilov; Bilal Cemek; Erdem Küçüktopçu; Chiwon W. Lee; Halis Şimşek,2021,https://doi.org/10.3390/su14010416,https://doi.org/10.3390/su14010416,Multidisciplinary Digital Publishing Institute,Sustainability,journal,True,33,lettuce; hydroponics; nitrogen content; lettuce cultivars; VGG16; VGG19; convolutional neural networks; greenhouse crop monitoring,TR; US,system_development|modelling,,,ai_prediction,deep learning plant growth hydroponic,AC_ai_prediction_7042,openalex,data/raw/academic/academic_20261007T192501Z/openalex_ai_prediction_deep_learning_plant_growth_hydroponic.json.gz,2026-10-07T19:25:26Z,45.83867,ai_prediction,,,E5
W3122609006,article,Predicting Plant Growth from Time-Series Data Using Deep Learning,Robail Yasrab; Jincheng Zhang; P. Smyth; Michael P. Pound,2021,https://doi.org/10.3390/rs13030331,https://doi.org/10.3390/rs13030331,Multidisciplinary Digital Publishing Institute,Remote Sensing,journal,True,97,plant phenotyping; plant growth prediction; generative adversarial networks; root segmentation; leaf segmentation; Arabidopsis thaliana; Brassica rapa; transfer learning,GB,experiment|modelling,,,ai_prediction,deep learning plant growth hydroponic,AC_ai_prediction_7042,openalex,data/raw/academic/academic_20261007T192501Z/openalex_ai_prediction_deep_learning_plant_growth_hydroponic.json.gz,2026-10-07T19:25:26Z,45.780285,ai_prediction,,,E5
W4413091830,article,Analysis of Factors Influencing Consumer Purchase Decisions for Hydroponic Vegetables,Rizki Amalia; Haji Saediman; La Ode Arfan Dedu,2025,https://doi.org/10.59890/ijmbi.v3i3.66,https://doi.org/10.59890/ijmbi.v3i3.66,,International Journal of Management and Business Intelligence,journal,True,0,purchase decision; hydroponic vegetables; store location; income; product attributes; price; promotion; Kendari,ID,survey|modelling,50 respondents,,consumer_acceptance,willingness to pay hydroponic vegetables,AC_consumer_acceptance_4257,openalex,data/raw/academic/academic_20261007T192501Z/openalex_consumer_acceptance_willingness_to_pay_hydroponic_vegetables.json.gz,2026-10-07T19:25:40Z,45.52699,consumer_acceptance,,,E5
W4387255927,article,Exploring Hydroponics and the Associated Technologies for Use in Medium-and Small-scale Operations: A Review,Rajesh Chandra Verma; Gali Krishna Chaithanya; Prashun Sachan; P. Thilagam; Raj Bahadur; Neeraj Kumar; Bal Veer Singh; K. N. Mahesha,2023,https://doi.org/10.9734/ijecc/2023/v13i103125,https://doi.org/10.9734/ijecc/2023/v13i103125,Sciencedomain International,International Journal of Environment and Climate Change,journal,True,6,hydroponics; soilless cultivation; artificial intelligence in agriculture; machine learning; nutrient management; plant disease forecasting; crop genomics; aquaponics,IN,review|modelling,,,ai_prediction,machine learning hydroponics prediction,AC_ai_prediction_4621,openalex,data/raw/academic/academic_20261007T192501Z/openalex_ai_prediction_machine_learning_hydroponics_prediction.json.gz,2026-10-07T19:25:23Z,45.496212,ai_prediction,,,E5
W3093587812,article,Community Partnership Program: Dissemination of Urban Farming Technology for Community of Jatinegara West Flats,Ahmad Rifqi Fauzi; Warid Warid; Maulidian Maulidian,2020,https://doi.org/10.21111/ku.v3i1.2640,https://ejournal.unida.gontor.ac.id/index.php/khadimulummah/article/download/2640/8638,Universitas Darussalam Gontor,Khadimul Ummah,journal,True,0,urban agriculture; technology diffusion; community empowerment; food security; vertical farming; composting; hydroponics; small farms,ID,system_development|case_study,,,indonesia_context,hydroponics Indonesia urban farming,AC_indonesia_context_9585,openalex,data/raw/academic/academic_20261007T192501Z/openalex_indonesia_context_hydroponics_Indonesia_urban_farming.json.gz,2026-10-07T19:25:43Z,45.46131,indonesia_context,,,E5
W2944898832,article,"The Effects of Individual Variables, Farming System Characteristics and Perceived Barriers on Actual Use of Smart Farming Technologies: Evidence from the Piedmont Region, Northwestern Italy",Federica Caffaro; Eugenio Cavallo,2019,https://doi.org/10.3390/agriculture9050111,https://doi.org/10.3390/agriculture9050111,Multidisciplinary Digital Publishing Institute,Agriculture,journal,True,82,smart farming technologies; technology adoption; perceived barriers; farmer education; farm size; economic barriers; agricultural systems; Piedmont region,IT,survey,,,consumer_acceptance,consumer acceptance smart farming technology,AC_consumer_acceptance_3324,openalex,data/raw/academic/academic_20261007T192501Z/openalex_consumer_acceptance_consumer_acceptance_smart_farming_techno.json.gz,2026-10-07T19:25:38Z,45.432667,consumer_acceptance,,,E5
W3083200582,article,"Management of Slum-Based Urban Farming and Economic Empowerment of the Community of Makassar City, South Sulawesi, Indonesia",Batara Surya; Syafri Syafri; Hadijah Hadijah; Baharuddin Baharuddin; Andi Tenri Fitriyah; Harry Hardian Sakti,2020,https://doi.org/10.3390/su12187324,https://doi.org/10.3390/su12187324,Multidisciplinary Digital Publishing Institute,Sustainability,journal,True,70,slum management; urban agriculture; economic empowerment; community participation; human resource capacity; business motivation; community welfare; community autonomy,ID,survey|case_study,,,indonesia_context,hydroponics Indonesia urban farming,AC_indonesia_context_9585,openalex,data/raw/academic/academic_20261007T192501Z/openalex_indonesia_context_hydroponics_Indonesia_urban_farming.json.gz,2026-10-07T19:25:43Z,45.381664,beginner_knowledge|indonesia_context,,,E5
W2992495989,article,"MODEL, MOTIVASI DAN KENDALA MASYARAKAT DALAM MELAKUKAN PERTANIAN KOTA (URBAN FARMING) DI KOTA SURABAYA",Setyo Parsudi,2019,https://doi.org/10.33005/adv.v8i1.1612,https://doi.org/10.33005/adv.v8i1.1612,University of Pembangunan Nasional Veteran,Berkala Ilmiah AGRIDEVINA,journal,True,7,urban agriculture; community motivation; hydroponics; vertical farming; rooftop gardens; food security; Surabaya,,system_development,,,indonesia_context,hydroponics Indonesia urban farming,AC_indonesia_context_9585,openalex,data/raw/academic/academic_20261007T192501Z/openalex_indonesia_context_hydroponics_Indonesia_urban_farming.json.gz,2026-10-07T19:25:43Z,45.37102,indonesia_context,,,E5
W3081666322,article,Understanding the public attitudinal acceptance of digital farming technologies: a nationwide survey in Germany,Johanna Pfeiffer; Andreas Gabriel; Markus Gandorfer,2020,https://doi.org/10.1007/s10460-020-10145-2,https://doi.org/10.1007/s10460-020-10145-2,Springer Nature (Netherlands),Agriculture and Human Values,journal,True,134,public acceptance; agricultural digitalization; animal welfare; environmental protection; Germany,DE,survey|modelling,n = 2012,,consumer_acceptance,consumer acceptance smart farming technology,AC_consumer_acceptance_3324,openalex,data/raw/academic/academic_20261007T192501Z/openalex_consumer_acceptance_consumer_acceptance_smart_farming_techno.json.gz,2026-10-07T19:25:38Z,45.35988,consumer_acceptance,,,E5
W4399319832,article,A Machine Learning Approach for Predicting Plant Uptake and Translocation of Per- and Polyfluoroalkyl Substances (PFAS) from Hydroponics,Olatunbosun Adu; Michael Bryant; Xingmao Ma; Virender K. Sharma,2024,https://doi.org/10.1021/acsestengg.4c00107,https://doi.org/10.1021/acsestengg.4c00107,American Chemical Society,ACS ES&T Engineering,journal,True,19,per- and polyfluoroalkyl substances; translocation factor; root concentration factor; hydroponics; random forest; feature importance; perfluorooctanoic acid; PFOS,US,experiment|modelling,,,ai_prediction,machine learning hydroponics prediction,AC_ai_prediction_4621,openalex,data/raw/academic/academic_20261007T192501Z/openalex_ai_prediction_machine_learning_hydroponics_prediction.json.gz,2026-10-07T19:25:23Z,45.329575,ai_prediction,,,E5
W4413290596,article,Revolutionizing agriculture: a review of smart farming technologies for a sustainable future,Moorthi Nivas Raj; M. Prahadeeswaran,2025,https://doi.org/10.1007/s42452-025-07561-6,https://doi.org/10.1007/s42452-025-07561-6,,Discover Applied Sciences,journal,True,61,smart agriculture; Agriculture 4.0; food security; artificial intelligence in agriculture; Internet of Things; unmanned aerial vehicles; agricultural robotics; crop yield prediction,IN,systematic_review|review,,,consumer_acceptance,consumer acceptance smart farming technology,AC_consumer_acceptance_3324,openalex,data/raw/academic/academic_20261007T192501Z/openalex_consumer_acceptance_consumer_acceptance_smart_farming_techno.json.gz,2026-10-07T19:25:38Z,45.15979,consumer_acceptance,,,E5
W4313159561,article,Consumer perceptions of vertical farming with a focus on the catering industry,A. Clark; Meg Ellison; G. Robinson; Tom R. Hill,2022,https://doi.org/10.1017/s0029665122002506,https://doi.org/10.1017/s0029665122002506,Cambridge University Press,Proceedings of The Nutrition Society,journal,True,6,vertical farming; consumer perception; chefs; food service industry; fine dining restaurants; consumer acceptance; barriers to adoption; perceived naturalness,GB,case_study,,,consumer_acceptance,consumer perception hydroponic produce,AC_consumer_acceptance_8690,openalex,data/raw/academic/academic_20261007T192501Z/openalex_consumer_acceptance_consumer_perception_hydroponic_produce.json.gz,2026-10-07T19:25:42Z,45.01638,consumer_acceptance,,,E5
W4390540802,article,Interrelation of urban farming and urbanization: an alternative solution to urban food and environmental problems due to urbanization in Indonesia,Sri Rum Giyarsih; Armansyah Armansyah; Andy Ahmad Zaelany; Ade Latifa; Bayu Setiawan; Dani Saputra; Muamar Haqi; Lamijo Lamijo,2024,https://doi.org/10.3389/fbuil.2023.1192130,https://doi.org/10.3389/fbuil.2023.1192130,Frontiers Media,Frontiers in Built Environment,journal,True,15,urban agriculture; urbanization; urban food security; urban environment; vacant land utilization; household waste reduction; biodiversity conservation; smallholder livestock,ID,review|case_study,,,indonesia_context,hydroponics Indonesia urban farming,AC_indonesia_context_9585,openalex,data/raw/academic/academic_20261007T192501Z/openalex_indonesia_context_hydroponics_Indonesia_urban_farming.json.gz,2026-10-07T19:25:43Z,44.981262,indonesia_context,,,E5
W4386263054,article,Smart Greenhouse Technology for Hydroponic Farming: Is it Viable and Profitable Business?,Harniati Harniati; Wahyu Trisnasari; Tri Ratna Saridewi,2023,https://doi.org/10.18517/ijaseit.13.4.17916,https://doi.org/10.18517/ijaseit.13.4.17916,Insight Society,International Journal on Advanced Science Engineering and Information Technology,journal,True,4,smart greenhouse; hydroponics; profitability; sustainability; technology acceptability; COVID-19 impact on supply chains; vegetable supply chain; benefit-cost ratio,ID,unspecified,,,consumer_acceptance,consumer acceptance smart farming technology,AC_consumer_acceptance_3324,openalex,data/raw/academic/academic_20261007T192501Z/openalex_consumer_acceptance_consumer_acceptance_smart_farming_techno.json.gz,2026-10-07T19:25:38Z,44.92968,adoption_barriers|consumer_acceptance,,,E5
W4225130942,review,Consumer Acceptance of Plant-Based Meat Substitutes: A Narrative Review,János Szenderák; Dániel Fróna; Mónika Rákos,2022,https://doi.org/10.3390/foods11091274,https://doi.org/10.3390/foods11091274,Multidisciplinary Digital Publishing Institute,Foods,journal,True,259,plant-based meat; consumer acceptance; meat consumption reduction; sensory properties; nutritional implications; willingness to pay; environmental impact of meat production; health awareness,HU,review,,,consumer_acceptance,consumer acceptance smart farming technology,AC_consumer_acceptance_3324,openalex,data/raw/academic/academic_20261007T192501Z/openalex_consumer_acceptance_consumer_acceptance_smart_farming_techno.json.gz,2026-10-07T19:25:38Z,44.893536,consumer_acceptance,,,E5
W1840126571,article,Consumers’ willingness to pay for organic products in Thailand,Yaowarat Sriwaranun; Christopher E. C. Gan; Minsoo Lee; David A. Cohen,2015,https://doi.org/10.1108/ijse-09-2013-0204,https://doi.org/10.1108/ijse-09-2013-0204,Emerald Publishing Limited,International Journal of Social Economics,journal,True,134,willingness to pay; organic products; price premium; consumer preferences; organic food consumption; kale; jasmine rice; pork,NZ; PH; TH,survey,,,consumer_acceptance,willingness to pay hydroponic vegetables,AC_consumer_acceptance_4257,openalex,data/raw/academic/academic_20261007T192501Z/openalex_consumer_acceptance_willingness_to_pay_hydroponic_vegetables.json.gz,2026-10-07T19:25:40Z,44.85713,consumer_acceptance,,,E5
W3210700604,article,Development of Monitoring Robot System for Tomato Fruits in Hydroponic Greenhouses,Dasom Seo; Byeong-Hyo Cho; Kyoung-Chul Kim,2021,https://doi.org/10.3390/agronomy11112211,https://doi.org/10.3390/agronomy11112211,Multidisciplinary Digital Publishing Institute,Agronomy,journal,True,74,hydroponic greenhouse; Faster R-CNN; object detection; fruit ripeness classification; real-time monitoring; centroid tracking,,modelling,,,ai_prediction,deep learning plant growth hydroponic,AC_ai_prediction_7042,openalex,data/raw/academic/academic_20261007T192501Z/openalex_ai_prediction_deep_learning_plant_growth_hydroponic.json.gz,2026-10-07T19:25:26Z,44.85592,ai_prediction,,,E5
W3133762490,article,Urban agriculture — A necessary pathway towards urban resilience and global sustainability?,Johannes Langemeyer; Cristina Madrid‐López; Angelica Mendoza Beltrán; Gara Villalba,2021,https://doi.org/10.1016/j.landurbplan.2021.104055,https://doi.org/10.1016/j.landurbplan.2021.104055,Elsevier BV,Landscape and Urban Planning,journal,True,342,urban agriculture; peri-urban agriculture; food system resilience; food self-sufficiency; urban land use planning; urban metabolism; nutrient cycling; wastewater,DE; ES,unspecified,,,adoption_barriers,urban agriculture hydroponics households motivation,AC_adoption_barriers_8538,openalex,data/raw/academic/academic_20261007T192501Z/openalex_adoption_barriers_urban_agriculture_hydroponics_households.json.gz,2026-10-07T19:25:06Z,44.845425,adoption_barriers,,,E5
W4410207193,article,“Adaptive Control of Smart Hydroponic Systems Using Reinforcement Learning: A Comparative Study with PID”,Selvamani Dakshinamurthy; B.M. Mohan,2025,https://doi.org/10.36948/ijfmr.2025.v07i03.42424,https://doi.org/10.36948/ijfmr.2025.v07i03.42424,,International Journal For Multidisciplinary Research,journal,True,1,hydroponics; reinforcement learning; PID control; adaptive control; proximal policy optimization; deep deterministic policy gradient; crop yield; resource efficiency,,modelling,,,ai_prediction,deep learning plant growth hydroponic,AC_ai_prediction_7042,openalex,data/raw/academic/academic_20261007T192501Z/openalex_ai_prediction_deep_learning_plant_growth_hydroponic.json.gz,2026-10-07T19:25:26Z,44.822235,ai_prediction,,,E5
W7215417280,article,Indonesia Sistem Monitoring Kesehatan Tanaman Hidroponik Portable di Dalam Ruangan dengan Integrasi Smartphone Berbasis IoT untuk Pertanian Cerdas,"Muhammad Rifal Rifdiansyah; Pita Hutabalian; Nadiyah Nur Rafifah; M.Si, Susilawati,",2026,,https://jurnal.peneliti.net/index.php/JIWP/article/view/13122,,JURNAL ILMIAH WAHANA PENDIDIKAN,journal,True,0,indoor hydroponics; Internet of Things; ESP32 microcontroller; Blynk; smartphone integration; temperature and humidity monitoring; soil moisture sensing; photodetectors,,system_development,,,indonesia_context,hidroponik Indonesia,AC_indonesia_context_5245,openalex,data/raw/academic/academic_20261007T192501Z/openalex_indonesia_context_hidroponik_Indonesia.json.gz,2026-10-07T19:25:47Z,44.72792,indonesia_context,,,E5
W7215106393,article,Beyond soil: An analysis of diverse growing media in vertical farming systems,Konappan Surya; Ramanujam Krishnan; S Vaddi; Rita Paul; A Anbazhagan; G Sornam,2026,https://doi.org/10.14719/tcb.9476,https://doi.org/10.14719/tcb.9476,,Trends in Current Biology,journal,True,0,vertical farming; growing media; soilless cultivation; peat; perlite; vermiculite; rockwool; biocomposites,IN; PH,review,,,growing_media_bagasse,biodegradable growing media rockwool alternative,AC_growing_media_bagasse_3627,openalex,data/raw/academic/academic_20261007T192501Z/openalex_growing_media_bagasse_biodegradable_growing_media_rockwool_alt.json.gz,2026-10-07T19:25:30Z,44.593468,growing_media_bagasse,,,E5
W4405734923,article,Pertanian Hidroponik sebagai Solusi Ketahanan Pangan pada Skala Rumah Tangga,Naila Najihah; Mutoharoh Mutoharoh; Devi Permatasari; Luluk Muhimatul Ifada,2024,https://doi.org/10.30653/jppm.v9i4.866,https://doi.org/10.30653/jppm.v9i4.866,Universitas Mathla'ul Anwar Banten,Jurnal Pengabdian Pada Masyarakat,journal,True,0,hydroponics; household food security; urban agriculture; low-income households; food self-sufficiency; household food expenditure; fruit and vegetable production; community training,ID,system_development,30 participants,,adoption_barriers,hidroponik rumah tangga perkotaan,AC_adoption_barriers_6174,openalex,data/raw/academic/academic_20261007T192501Z/openalex_adoption_barriers_hidroponik_rumah_tangga_perkotaan.json.gz,2026-10-07T19:25:07Z,44.590393,adoption_barriers,,,E5
W7117136774,article,"Soilless Agriculture at a Crossroads: Strengths, Challenges, and Prospects of Hydroponics, Aquaponics, and Bioponics in Relation to Precision Farming",Mohammed Elakrouch; Marouane Mohaddab; Ahmed Rachid; M. Haïssam Jijakli,2025,https://doi.org/10.3390/su18010064,https://doi.org/10.3390/su18010064,Multidisciplinary Digital Publishing Institute,Sustainability,journal,True,5,soilless cultivation; hydroponics; aquaponics; precision agriculture; smart sensors; automation; predictive modeling; resource efficiency,BE; FR; MA,review|modelling|lca,,,sustainability,hydroponics sustainability life cycle assessment,AC_sustainability_2528,openalex,data/raw/academic/academic_20261007T192501Z/openalex_sustainability_hydroponics_sustainability_life_cycle_as.json.gz,2026-10-07T19:25:33Z,44.53569,adoption_barriers|sustainability,,,E5
W4387022996,article,The Effect of Marketing Mix on Repurchase Intention of Hydroponic Farm Vegetable Products,Abdul Rasyid; Tri Eko Yudiandri; Muhamad Irpan Nurhab; Fioletta Papilaya; D. Yadi Heryadi,2023,https://doi.org/10.35870/jemsi.v9i2.1043,https://doi.org/10.35870/jemsi.v9i2.1043,,JEMSI (Jurnal Ekonomi Manajemen dan Akuntansi),journal,True,2,marketing mix; 7P marketing mix; 4Cs; repurchase intention; customer satisfaction; hydroponic vegetables; vegetable products; mediating effect,ID,modelling,,,consumer_acceptance,willingness to pay hydroponic vegetables,AC_consumer_acceptance_4257,openalex,data/raw/academic/academic_20261007T192501Z/openalex_consumer_acceptance_willingness_to_pay_hydroponic_vegetables.json.gz,2026-10-07T19:25:40Z,44.202656,consumer_acceptance,,,E5
W4407458798,article,INTEGRATING AQUACULTURE AND HYDROPONICS: A REVIEW OF AQUAPONICS SYSTEMS AND THEIR SUSTAINABILITY,Puspa RC; Janak Singh Rawal,2024,https://doi.org/10.26480/gwk.02.2024.79.87,https://doi.org/10.26480/gwk.02.2024.79.87,Zibeline International Publishing,Engineering Heritage Journal,journal,True,2,aquaponics; hydroponics; aquaculture; nutrient film technique; deep water culture; nutrient cycling; nitrifying bacteria; water conservation,,review,,,sustainability,hydroponics sustainability life cycle assessment,AC_sustainability_2528,openalex,data/raw/academic/academic_20261007T192501Z/openalex_sustainability_hydroponics_sustainability_life_cycle_as.json.gz,2026-10-07T19:25:33Z,44.029133,adoption_barriers|sustainability,,,E5
W2475742460,book-chapter,Choosing Hydroponic Systems for Specific Crops,Howard M. Resh,2015,https://doi.org/10.1201/b18069-21,https://doi.org/10.1201/b18069-21,CRC Press,CRC Press eBooks,ebook platform,False,0,hydroponic system; hydroponic substrate; crop selection; water culture; nutrient film technique; floating raft system; rockwool; drip irrigation,,unspecified,,,beginner_knowledge,hydroponic system failure causes,AC_beginner_knowledge_4550,openalex,data/raw/academic/academic_20261007T192501Z/openalex_beginner_knowledge_hydroponic_system_failure_causes.json.gz,2026-10-07T19:25:10Z,44.004807,beginner_knowledge,,,E4
W4384451797,article,Pelatihan Hidroponik Sistem Wick Bagi Ibu Rumah Tangga di Desa Semangat Karya Kabupaten Barito Kuala,Fuzi Maulana Ash’ari; Gusti Khairun Ni’mah; Yarna Hasiani,2022,https://doi.org/10.36277/abdimasuniversal.v5i1.243,http://dx.doi.org/10.36277/abdimasuniversal.v5i1.243,Universitas Balikpapan,Abdimas Universal,journal,True,2,wick hydroponics; housewives; household food security; home gardening,ID,survey,,,adoption_barriers,hidroponik rumah tangga perkotaan,AC_adoption_barriers_6174,openalex,data/raw/academic/academic_20261007T192501Z/openalex_adoption_barriers_hidroponik_rumah_tangga_perkotaan.json.gz,2026-10-07T19:25:07Z,43.966896,adoption_barriers,,,E5
W3091130823,article,"Design, Construction and Testing of IoT Based Automated Indoor Vertical Hydroponics Farming Test-Bed in Qatar",Muhammad E. H. Chowdhury; Amith Abdullah Khandakar; Saba Ahmed; Fatima Al-Khuzaei; Jalaa Hamdalla; Fahmida Haque; Mamun Bin Ibne Reaz; Ahmed Al-Shafei,2020,https://doi.org/10.3390/s20195637,https://doi.org/10.3390/s20195637,Multidisciplinary Digital Publishing Institute,Sensors,journal,True,118,vertical hydroponics; indoor cultivation; Internet of Things; microcontroller control; sensor-based monitoring; remote monitoring; energy consumption; nutrient solution,MY; QA,unspecified,,,indonesia_context,hydroponics Indonesia urban farming,AC_indonesia_context_9585,openalex,data/raw/academic/academic_20261007T192501Z/openalex_indonesia_context_hydroponics_Indonesia_urban_farming.json.gz,2026-10-07T19:25:43Z,43.965843,adoption_barriers|indonesia_context,,,E5
W7216497983,article,Peningkatan Ketahanan Pangan Keluarga Melalui Pelatihan dan Pendampingan Budidaya Sayuran Hidroponik Skala Rumah Tangga di Kelurahan Sadia Kota Bima,Abbassyakhrin Abbassyakhrin; Erni Suryani; Ariyansyah Ariyansyah; Irma Rubianti,2026,https://doi.org/10.71301/jp3m.v3i2.264,https://rumahjournal.yayasanassyifa.com/index.php/jp3m/article/view/264,,Jurnal Penelitian Pengabdian dan Pemberdayaan Masyarakat,journal,True,0,household food security; vegetable production; urban agriculture; community training; PKK cadres; plant nutrition management; Bima,,unspecified,,,adoption_barriers,hidroponik rumah tangga perkotaan,AC_adoption_barriers_6174,openalex,data/raw/academic/academic_20261007T192501Z/openalex_adoption_barriers_hidroponik_rumah_tangga_perkotaan.json.gz,2026-10-07T19:25:08Z,43.951614,adoption_barriers,,,E5
W4417225504,article,SOCIALIZATION OF HYDROPONIC VEGETABLE SALES INCREASE STRATEGY IN SOUTH MERUYA REGION,Annisa Hakim Z; Yulis Diana Alfia,2025,https://doi.org/10.33068/iccd.v7i1.840,https://doi.org/10.33068/iccd.v7i1.840,,ICCD,conference,False,0,hydroponic vegetables; vegetable marketing; business strategy; market segmentation; vegetable quality,ID,unspecified,,,consumer_acceptance,willingness to pay hydroponic vegetables,AC_consumer_acceptance_4257,openalex,data/raw/academic/academic_20261007T192501Z/openalex_consumer_acceptance_willingness_to_pay_hydroponic_vegetables.json.gz,2026-10-07T19:25:40Z,43.937057,consumer_acceptance,,,E3
W4414755586,article,"Harnessing desert resources: a comparative study of microgreens growth, nutrient dynamics, and performance in desert sand and rockwool",Drishya Nishanth; Chythra Somanathan Nair; Ramya Manoharan; Radhakrishnan Subramanian; Zienab F. R. Ahmed; Abdul Jaleel,2025,https://doi.org/10.3389/fpls.2025.1677009,https://doi.org/10.3389/fpls.2025.1677009,Frontiers Media,Frontiers in Plant Science,journal,True,4,microgreens; rockwool; arid region agriculture; food security; fenugreek; mustard; Trachyspermum ammi; alfalfa,AE,experiment,,,growing_media_bagasse,biodegradable growing media rockwool alternative,AC_growing_media_bagasse_3627,openalex,data/raw/academic/academic_20261007T192501Z/openalex_growing_media_bagasse_biodegradable_growing_media_rockwool_alt.json.gz,2026-10-07T19:25:30Z,43.93361,growing_media_bagasse|sustainability,,,E5
W7128698487,article,Long-term performance and life cycle assessment of integrated Hydroponics-Microbial Electrochemical Technology for managing domestic wastewater resources,Ravi K. Yadav; Rendra Hakim Hafyan; Ramandeep Singh; Siddharth Gadkari; Sunil A. Patil,2026,https://doi.org/10.1016/j.cscee.2026.101347,https://doi.org/10.1016/j.cscee.2026.101347,Elsevier BV,Case Studies in Chemical and Environmental Engineering,journal,True,1,domestic wastewater treatment; wastewater resource recovery; reclaimed water; leafy vegetables; coconut husk; life cycle assessment; global warming potential; land footprint,GB; IN,experiment,,,sustainability,hydroponics sustainability life cycle assessment,AC_sustainability_2528,openalex,data/raw/academic/academic_20261007T192501Z/openalex_sustainability_hydroponics_sustainability_life_cycle_as.json.gz,2026-10-07T19:25:33Z,43.883324,sustainability,,,E5
W4281871415,article,Smart Farming,Onkar J. Jagtap; Revati R. Mathapati; Aditi S. Bhadule; Snehal S. Kangude; Asst. Prof. Sushma Mule,2022,https://doi.org/10.22214/ijraset.2022.43691,https://doi.org/10.22214/ijraset.2022.43691,International Journal for Research in Applied Science and Engineering Technology (IJRASET),International Journal for Research in Applied Science and Engineering Technology,journal,True,5,smart agriculture; Internet of Things; mushroom cultivation; agricultural monitoring; environmental sensors; temperature and humidity monitoring; gas monitoring; actuator control,,unspecified,,,consumer_acceptance,consumer acceptance smart farming technology,AC_consumer_acceptance_3324,openalex,data/raw/academic/academic_20261007T192501Z/openalex_consumer_acceptance_consumer_acceptance_smart_farming_techno.json.gz,2026-10-07T19:25:38Z,43.618576,consumer_acceptance,,,E5
W4386319867,article,Sustainability of Vegetable Hydroponic System in Pekanbaru City,Nadia Putri Maisarah; Anna Fariyanti; Nia Rosiana,2023,https://doi.org/10.17358/jma.20.2.214,http://dx.doi.org/10.17358/jma.20.2.214,Bogor Institute of Agriculture,Jurnal Manajemen dan Agribisnis,journal,True,2,sustainable agriculture; sustainability index; institutional sustainability; social sustainability; farmer training; Pekanbaru City,ID,modelling,,,consumer_acceptance,willingness to pay hydroponic vegetables,AC_consumer_acceptance_4257,openalex,data/raw/academic/academic_20261007T192501Z/openalex_consumer_acceptance_willingness_to_pay_hydroponic_vegetables.json.gz,2026-10-07T19:25:40Z,43.528183,consumer_acceptance,,,E5
W3036901171,article,Food First: COVID-19 Outbreak and Cities Lockdown a Booster for a Wider Vision on Urban Agriculture,Giuseppe Pulighe; Flavio Lupia,2020,https://doi.org/10.3390/su12125012,https://doi.org/10.3390/su12125012,Multidisciplinary Digital Publishing Institute,Sustainability,journal,True,226,urban agriculture; COVID-19 lockdown; food security; food supply chain; vertical farming; hydroponics; aeroponics; aquaponics,IT,unspecified,,,adoption_barriers,urban agriculture hydroponics households motivation,AC_adoption_barriers_8538,openalex,data/raw/academic/academic_20261007T192501Z/openalex_adoption_barriers_urban_agriculture_hydroponics_households.json.gz,2026-10-07T19:25:06Z,43.491158,adoption_barriers,,,E5
W7165020282,article,Uji Efektivitas Poc Berbasis Limbah Rumah Tangga Pengganti Ab-Mix Dalam Budidaya Pakcoy Hidroponik,Desty Aulia Putrantri; Mustika Adzania Lestari; Annisa Fitri; Reza Zulfahmi; Desryan Irawan,2026,https://doi.org/10.25181/jppt.v26i1.4795,https://doi.org/10.25181/jppt.v26i1.4795,,Jurnal Penelitian Pertanian Terapan,journal,True,0,liquid organic fertilizer; household waste; hydroponics; pakcoy; Amaranthus; AB Mix; plant growth; leaf color,ID,unspecified,,,adoption_barriers,hidroponik rumah tangga perkotaan,AC_adoption_barriers_6174,openalex,data/raw/academic/academic_20261007T192501Z/openalex_adoption_barriers_hidroponik_rumah_tangga_perkotaan.json.gz,2026-10-07T19:25:08Z,43.45633,adoption_barriers,,,E5
W4211264229,article,Smart Farming,Matthew N. O. Sadiku; Tolulope Joshua Ashaolu; Abayomi J. Ajayi-Majebi; Sarhan M. Musa,2020,https://doi.org/10.51542/ijscia.v1i3.2,https://doi.org/10.51542/ijscia.v1i3.2,,International Journal Of Scientific Advances,journal,True,2,smart agriculture; information and communication technologies; agricultural automation; farm management; data-driven agriculture; agricultural product quality,CN; US,unspecified,,,consumer_acceptance,consumer acceptance smart farming technology,AC_consumer_acceptance_3324,openalex,data/raw/academic/academic_20261007T192501Z/openalex_consumer_acceptance_consumer_acceptance_smart_farming_techno.json.gz,2026-10-07T19:25:38Z,43.388977,consumer_acceptance,,,E5
W4383347087,article,The Role of Contract Farming in Green Smart Agricultural Technology,Junjin Chen; Zhou Hong,2023,https://doi.org/10.3390/su151310600,https://doi.org/10.3390/su151310600,Multidisciplinary Digital Publishing Institute,Sustainability,journal,True,27,contract farming; green agriculture; rice farmers; mediating effect; moderating effect; agricultural product quality; Jiangsu Province,CN,modelling,,,consumer_acceptance,consumer acceptance smart farming technology,AC_consumer_acceptance_3324,openalex,data/raw/academic/academic_20261007T192501Z/openalex_consumer_acceptance_consumer_acceptance_smart_farming_techno.json.gz,2026-10-07T19:25:38Z,43.358856,consumer_acceptance,,,E5
W2767661602,article,Farmer’s acceptance towards sustainable farming technology,et al. Sa’ari,2017,https://doi.org/10.21833/ijaas.2017.012.038,https://doi.org/10.21833/ijaas.2017.012.038,Institute of Advanced Science Extension (IASE),International Journal of ADVANCED AND APPLIED SCIENCES,journal,True,7,technology acceptance; farmers; agricultural technology adoption; sustainable business; environmental technology; adoption factors,MY,system_development,,,consumer_acceptance,consumer acceptance smart farming technology,AC_consumer_acceptance_3324,openalex,data/raw/academic/academic_20261007T192501Z/openalex_consumer_acceptance_consumer_acceptance_smart_farming_techno.json.gz,2026-10-07T19:25:38Z,43.33623,consumer_acceptance,,,E5
W4408530267,article,Evaluating the environmental impacts of nutrient film technique hydroponic systems with alternate water sources: a life cycle assessment perspective,Abdullah Nadeem; Muhammad Atiq Ur Rehman Tariq; Khalil Ahmad; Wasif Ali; Zohreh Rajabi,2025,https://doi.org/10.2166/wrd.2025.027,https://doi.org/10.2166/wrd.2025.027,IWA Publishing,Water Reuse,journal,True,1,nutrient film technique; hydroponics; reclaimed water; desalinated water; deionized water; environmental impact; water scarcity; water efficiency,AU; PK,unspecified,,,sustainability,hydroponics sustainability life cycle assessment,AC_sustainability_2528,openalex,data/raw/academic/academic_20261007T192501Z/openalex_sustainability_hydroponics_sustainability_life_cycle_as.json.gz,2026-10-07T19:25:33Z,43.049927,sustainability,,,E5
W2925432450,article,HYDROPONIC TRAINING AS AN ALTERNATIVE URBAN FARMING,Devin Defriza Harisdani; Dwi Lindarto Hadinugroho; Rudolf Sitorus,2019,https://doi.org/10.32734/abdimastalenta.v3i2.4035,https://doi.org/10.32734/abdimastalenta.v3i2.4035,Universitas Sumatera Utara,ABDIMAS TALENTA Jurnal Pengabdian Kepada Masyarakat,journal,True,1,hydroponics; urban agriculture; urban green space; home vegetable cultivation; carpentry training; school-community partnership; community training,ID,system_development|modelling,,,indonesia_context,hydroponics Indonesia urban farming,AC_indonesia_context_9585,openalex,data/raw/academic/academic_20261007T192501Z/openalex_indonesia_context_hydroponics_Indonesia_urban_farming.json.gz,2026-10-07T19:25:43Z,43.024963,indonesia_context,,,E5
W4411515718,article,"The viability of hydroponic agriculture in tropical developing regions: A case study of Nueva Ecija, Philippines",Macaso Mark Edrian P,2025,https://doi.org/10.55493/5005.v15i2.5406,https://doi.org/10.55493/5005.v15i2.5406,,Asian Journal of Agriculture and Rural Development,journal,True,0,hydroponics; soilless cultivation; smallholder farmers; tropical agriculture; Nueva Ecija; barriers to adoption; economic feasibility; water and fertilizer savings,PH,case_study,,,adoption_barriers,hydroponic adoption barriers,AC_adoption_barriers_3991,openalex,data/raw/academic/academic_20261007T192501Z/openalex_adoption_barriers_hydroponic_adoption_barriers.json.gz,2026-10-07T19:25:03Z,42.97917,adoption_barriers|beginner_knowledge,,,E5
W2802456921,article,Environmental Impacts of Urban Hydroponics in Europe: A Case Study in Lyon,Daina Romeo; Eldbjørg Blikra Vea; Marianne Thomsen,2018,https://doi.org/10.1016/j.procir.2017.11.048,https://doi.org/10.1016/j.procir.2017.11.048,Elsevier BV,Procedia CIRP,journal,True,117,urban agriculture; environmental impact; life cycle assessment; vertical farming; greenhouse cultivation; open-field cultivation; power sources; carbon neutrality,DK,unspecified,,,sustainability,hydroponics sustainability life cycle assessment,AC_sustainability_2528,openalex,data/raw/academic/academic_20261007T192501Z/openalex_sustainability_hydroponics_sustainability_life_cycle_as.json.gz,2026-10-07T19:25:33Z,42.856297,sustainability,,,E5
W4409196097,article,A review of machine learning approaches for predicting lettuce yield in hydroponic systems,Sabrina Sharmin; Md. Shorif Hossan; Mohammad Shorif Uddin,2025,https://doi.org/10.1016/j.atech.2025.100925,https://doi.org/10.1016/j.atech.2025.100925,Elsevier BV,Smart Agricultural Technology,journal,True,11,hydroponics; machine learning; yield prediction; remote sensing; crop monitoring; feature optimization; model comparison; precision agriculture,BD,review|modelling,,,ai_prediction,machine learning hydroponics prediction,AC_ai_prediction_4621,openalex,data/raw/academic/academic_20261007T192501Z/openalex_ai_prediction_machine_learning_hydroponics_prediction.json.gz,2026-10-07T19:25:23Z,42.799843,ai_prediction,,,E5
W4389207066,article,Sustainable Water Management: Developing a Hydroponic-Watering System to Support Epiphytic Plant Growth,Mary Rosette S. Sorrilla; Shao-Eng M. Huang; Girlie D. Catarong; Wilbert Jr. S. Caliao; Nina Valerie H. Icain; Sean Archer B. Morillo; Freddie Jay C. Dacer; Iro Miguel O. Yokota,2023,https://doi.org/10.47760/cognizance.2023.v03i11.039,http://doi.org/10.47760/cognizance.2023.v03i11.039,,Cognizance Journal of Multidisciplinary Studies,journal,True,0,hydroponics; epiphytes; water conservation; urban agriculture; closed-loop water recycling; hydroponic nutrient solution; urea; carbonized rice hull,PH,unspecified,,,ai_prediction,deep learning plant growth hydroponic,AC_ai_prediction_7042,openalex,data/raw/academic/academic_20261007T192501Z/openalex_ai_prediction_deep_learning_plant_growth_hydroponic.json.gz,2026-10-07T19:25:26Z,42.75898,ai_prediction,,,E5
W4388694286,article,Hierarchical Machine Learning-Based Growth Prediction Model of Panax ginseng Sprouts in a Hydroponic Environment,Tae Hyong Kim; Seung‐Hoon Baek; Ki-Hyun Kwon; Seung Eel Oh,2023,https://doi.org/10.3390/plants12223867,https://doi.org/10.3390/plants12223867,Multidisciplinary Digital Publishing Institute,Plants,journal,True,10,Panax ginseng; hydroponics; nitrogen content; hierarchical machine learning; artificial neural networks; support vector machine; random forest,KR,experiment|modelling,,,ai_prediction,deep learning plant growth hydroponic,AC_ai_prediction_7042,openalex,data/raw/academic/academic_20261007T192501Z/openalex_ai_prediction_deep_learning_plant_growth_hydroponic.json.gz,2026-10-07T19:25:26Z,42.671017,ai_prediction,,,E5
W7152496038,article,Estimation of tissue nitrogen content in hydroponic basil using low-cost RGB imaging and deep learning-based computer vision,Victor A Steffens; Christian Splith; Alexander Jaworski; Kay Plat,2026,https://doi.org/10.1515/auto-2025-0134,https://doi.org/10.1515/auto-2025-0134,R. Oldenbourg Verlag,at - Automatisierungstechnik,journal,True,0,tissue nitrogen content; Ocimum basilicum; hydroponics; vertical farming; RGB imaging; stereo vision; plant height estimation; leaf area,,unspecified,n = 106,,ai_prediction,deep learning plant growth hydroponic,AC_ai_prediction_7042,openalex,data/raw/academic/academic_20261007T192501Z/openalex_ai_prediction_deep_learning_plant_growth_hydroponic.json.gz,2026-10-07T19:25:26Z,42.65092,ai_prediction,,,E5
W7172405470,article,An IoT-Based Precision Hydroponic Monitoring System and Long-Term Characterization of Low-Cost Temperature Sensor Drift,Dedy Atmajaya; Abdullah Basalamah; Nia Kurniati; Muhammad Iqbal; Thalita Sherly Putri Jasmin,2026,https://doi.org/10.56705/ijodas.v7i2.456,https://doi.org/10.56705/ijodas.v7i2.456,,Indonesian Journal of Data and Science,journal,True,0,nutrient film technique; low-cost sensors; Internet of Things; redundant sensors; precision agriculture,ID,unspecified,,,iot_monitoring,low-cost sensors hydroponics accuracy calibration,AC_iot_monitoring_1718,openalex,data/raw/academic/academic_20261007T192501Z/openalex_iot_monitoring_low-cost_sensors_hydroponics_accuracy_ca.json.gz,2026-10-07T19:25:21Z,42.636806,iot_monitoring,,,E5
W7109988167,article,Analysis of Hydroponic Strawberry (Fragaria spp.) Disease and Pest Using Deep Learning under Artificial-Light Vertical Farm Conditions,Jeong-Wook Heo; Jeong-Hyun Baek; Tae-Hyun Kim,2025,https://doi.org/10.5338/kjea.2025.44.43,https://doi.org/10.5338/kjea.2025.44.43,Korean Society of Environmental Agriculture,Korean Journal of Environmental Agriculture,journal,True,1,strawberry; Fragaria; hydroponics; plant disease detection; pest detection; artificial lighting; vertical farming; YOLO,KR,unspecified,,,ai_prediction,deep learning plant growth hydroponic,AC_ai_prediction_7042,openalex,data/raw/academic/academic_20261007T192501Z/openalex_ai_prediction_deep_learning_plant_growth_hydroponic.json.gz,2026-10-07T19:25:26Z,42.473877,ai_prediction,,,E5
W1985435302,article,"Rockwool in horticulture, and its importance and sustainable use in New Zealand",W. T. Bussell; S. McKennie,2004,https://doi.org/10.1080/01140671.2004.9514277,https://doi.org/10.1080/01140671.2004.9514277,Taylor & Francis,New Zealand Journal of Crop and Horticultural Science,journal,True,64,rockwool; sustainable reuse; New Zealand horticulture,NZ,unspecified,,,sustainability,rockwool waste environmental impact,AC_sustainability_3284,openalex,data/raw/academic/academic_20261007T192501Z/openalex_sustainability_rockwool_waste_environmental_impact.json.gz,2026-10-07T19:25:35Z,42.435276,sustainability,,,E5
W4411026707,article,Smart farming technologies and changes to farm work: New insights into on-farm experiences,Ruth A. Nettle; Julie Ingram,2025,https://doi.org/10.1016/j.techfore.2025.124227,https://doi.org/10.1016/j.techfore.2025.124227,Elsevier BV,Technological Forecasting and Social Change,journal,True,10,smart farming technologies; agricultural labor; future of work; workload; data work; farm size; technology adoption; horticulture,AU; GB,system_development|case_study,17 farmers,,consumer_acceptance,consumer acceptance smart farming technology,AC_consumer_acceptance_3324,openalex,data/raw/academic/academic_20261007T192501Z/openalex_consumer_acceptance_consumer_acceptance_smart_farming_techno.json.gz,2026-10-07T19:25:38Z,42.396282,consumer_acceptance,,,E5
W7163011600,article,A study on the consumer buying behaviour towards hydroponic vegetables in Dehradun District of Uttarakhand,Ankit Thakur; Mukesh Kumar Maurya; Ashwini Choudhary; Kartikay Raj Singh,2026,https://doi.org/10.33545/26180723.2026.v9.i5i.3644,https://doi.org/10.33545/26180723.2026.v9.i5i.3644,,International Journal of Agriculture Extension and Social Development,journal,True,0,hydroponic vegetables; consumer buying behaviour; consumer awareness; consumer purchasing behaviour; perceived health benefits; premium pricing; Dehradun; Uttarakhand,IN,survey,,,consumer_acceptance,willingness to pay hydroponic vegetables,AC_consumer_acceptance_4257,openalex,data/raw/academic/academic_20261007T192501Z/openalex_consumer_acceptance_willingness_to_pay_hydroponic_vegetables.json.gz,2026-10-07T19:25:40Z,42.39562,consumer_acceptance,,,E5
W2801667049,article,Combined Fish and Lettuce Cultivation: An Aquaponics Life Cycle Assessment,Abigail R. Cohen; Stephen M. Malone; Zackery B. Morris; Marc J. Weissburg; Bert Bras,2018,https://doi.org/10.1016/j.procir.2017.11.029,https://doi.org/10.1016/j.procir.2017.11.029,Elsevier BV,Procedia CIRP,journal,True,78,aquaponics; lettuce production; tilapia production; life cycle assessment; environmental impact; eutrophication; water consumption; fish feed,US,unspecified,,,sustainability,hydroponics sustainability life cycle assessment,AC_sustainability_2528,openalex,data/raw/academic/academic_20261007T192501Z/openalex_sustainability_hydroponics_sustainability_life_cycle_as.json.gz,2026-10-07T19:25:33Z,42.31393,sustainability,,,E5
W4390509383,article,"Willingness to pay for pesticide-free vegetables in Hokkaido, Japan: the relationship between appearance and pesticide use",Katsuhito Nohara,2024,https://doi.org/10.1057/s41599-023-02515-y,https://doi.org/10.1057/s41599-023-02515-y,Palgrave Macmillan,Humanities and Social Sciences Communications,journal,True,12,pesticide-free vegetables; willingness to pay; consumer preferences; organic farming; food loss; mineral fertilizers; Hokkaido,JP,experiment,,,consumer_acceptance,willingness to pay hydroponic vegetables,AC_consumer_acceptance_4257,openalex,data/raw/academic/academic_20261007T192501Z/openalex_consumer_acceptance_willingness_to_pay_hydroponic_vegetables.json.gz,2026-10-07T19:25:40Z,42.18529,consumer_acceptance,,,E5
W3007834255,book-chapter,Implication of Urban Agriculture and Vertical Farming for Future Sustainability,Anwesha Chatterjee; Sanjit Debnath; Harshata Pal,2020,https://doi.org/10.5772/intechopen.91133,https://doi.org/10.5772/intechopen.91133,IntechOpen,IntechOpen eBooks,ebook platform,False,46,urban agriculture; vertical farming; urban sustainability; hydroponics; climate change adaptation; urbanization; food security; water conservation,IN,unspecified,,,adoption_barriers,urban agriculture hydroponics households motivation,AC_adoption_barriers_8538,openalex,data/raw/academic/academic_20261007T192501Z/openalex_adoption_barriers_urban_agriculture_hydroponics_households.json.gz,2026-10-07T19:25:06Z,42.020237,adoption_barriers,,,E4
W4390449177,article,Customer Value Analysis of Hydroponic and Organic Vegetable Products with Conjoint Analysis Approach,,2023,https://doi.org/10.35370/bjssh.2023.5.2-01,http://doi.org/10.35370/bjssh.2023.5.2-01,University of Technology Sarawak,Borneo Journal of Social Sciences and Humanities,journal,True,0,customer value; hydroponic vegetables; organic vegetables; consumer preferences; purchase decision; packaging; price; product management,,unspecified,,,consumer_acceptance,willingness to pay hydroponic vegetables,AC_consumer_acceptance_4257,openalex,data/raw/academic/academic_20261007T192501Z/openalex_consumer_acceptance_willingness_to_pay_hydroponic_vegetables.json.gz,2026-10-07T19:25:40Z,41.995052,consumer_acceptance,,,E5
W4392079285,article,"Hydroponics: Exploring innovative sustainable technologies and applications across crop production, with Emphasis on potato mini-tuber cultivation",Sasireka Rajendran; Tenzing Domalachenpa; Himanshu Arora; Pai Li; Abhishek Sharma; Gaurav Rajauria,2024,https://doi.org/10.1016/j.heliyon.2024.e26823,https://doi.org/10.1016/j.heliyon.2024.e26823,Elsevier BV,Heliyon,journal,True,122,hydroponics; soilless cultivation; climate-resilient agriculture; sustainable agriculture; artificial intelligence in agriculture; nanoparticles; plant growth-promoting rhizobacteria; water and energy efficiency,IE; IN; US,review|system_development,,,sustainability,hydroponics sustainability life cycle assessment,AC_sustainability_2528,openalex,data/raw/academic/academic_20261007T192501Z/openalex_sustainability_hydroponics_sustainability_life_cycle_as.json.gz,2026-10-07T19:25:33Z,41.92947,sustainability,,,E5
W3190163503,article,Recovered phosphorus for a more resilient urban agriculture: Assessment of the fertilizer potential of struvite in hydroponics,Verónica Arcas‐Pilz; Martí Rufí-Salís; Felipe Parada; Anna Petit‐Boix; Xavier Gabarrell; Gara Villalba,2021,https://doi.org/10.1016/j.scitotenv.2021.149424,https://doi.org/10.1016/j.scitotenv.2021.149424,Elsevier BV,The Science of The Total Environment,journal,True,53,struvite; urban agriculture; hydroponics; fertilizer potential; phosphorus leaching; nutrient recovery; local food production; plant phosphorus uptake,DE; ES,experiment,,,sustainability,hydroponics sustainability life cycle assessment,AC_sustainability_2528,openalex,data/raw/academic/academic_20261007T192501Z/openalex_sustainability_hydroponics_sustainability_life_cycle_as.json.gz,2026-10-07T19:25:33Z,41.909832,sustainability,,,E5
W7220141648,article,Intelligent Disease Prediction in Hydroponic Systems Using Machine Learning,Tom Kurian; Ektha P S; Chethana Raj T; Diona Joseph; Annu Mary Abraham,2025,,https://ijera.in/index.php/IJERA/article/view/120,,International Journal on Emerging Research Areas,journal,True,0,hydroponics; plant disease detection; plant disease classification; convolutional neural networks; Internet of Things; Raspberry Pi; real-time sensor monitoring; chatbots,,system_development|modelling,,,ai_prediction,machine learning hydroponics prediction,AC_ai_prediction_4621,openalex,data/raw/academic/academic_20261007T192501Z/openalex_ai_prediction_machine_learning_hydroponics_prediction.json.gz,2026-10-07T19:25:23Z,41.90209,ai_prediction,,,E5
W7154093822,article,"Hydroponics, Vertical Farming and Carbon Footprint Dynamics: Pathways toward Climate-Resilient Food Systems",Aishika Halder; Subhadeep Karak; Umesh Thapa; Arafat Mondal; Sourav Kundu; Abujafar Oliyar Rahaman,2026,https://doi.org/10.9734/jsrr/2026/v32i44128,https://doi.org/10.9734/jsrr/2026/v32i44128,Sciencedomain International,Journal of Scientific Research and Reports,journal,True,0,hydroponics; vertical farming; carbon footprint; greenhouse gas emissions; life cycle assessment; greenhouse gas accounting; urban food systems; climate-resilient agriculture,IN,review|modelling|lca,,,sustainability,hydroponics sustainability life cycle assessment,AC_sustainability_2528,openalex,data/raw/academic/academic_20261007T192501Z/openalex_sustainability_hydroponics_sustainability_life_cycle_as.json.gz,2026-10-07T19:25:33Z,41.63839,sustainability,,,E5
W7216497943,article,STRATEGI PEMASARAN SAYURAN HIDROPONIK PADA CV ASMA HIDROPONIK DIKOTA PALU,Tri Rahmadhani; Wildani Pingkan Hamzens; Ali Akrab,2024,https://doi.org/10.22487/agrotekbis.v12i4.2305,https://jurnal.faperta.untad.ac.id/index.php/index/article/view/2305,Tadulako University,AGROTEKBIS : E-JURNAL ILMU PERTANIAN,journal,True,0,hydroponic vegetables; marketing strategy; vegetable marketing; internal and external factors; SWOT analysis; SO strategy; Palu,,survey,,,indonesia_context,hidroponik Indonesia,AC_indonesia_context_5245,openalex,data/raw/academic/academic_20261007T192501Z/openalex_indonesia_context_hidroponik_Indonesia.json.gz,2026-10-07T19:25:47Z,41.618298,indonesia_context,,,E5
W2493018088,article,Greenhouse vegetable production: Hydroponic Systems,Charles W. Marr,1994,,http://hdl.handle.net/2097/32774,Kansas State University,K-State Research Exchange (Kansas State University),repository,False,3,greenhouse vegetable production; hydroponic system; hydroponics; vegetable crops; protected cultivation,,unspecified,,,beginner_knowledge,hydroponic system failure causes,AC_beginner_knowledge_4550,openalex,data/raw/academic/academic_20261007T192501Z/openalex_beginner_knowledge_hydroponic_system_failure_causes.json.gz,2026-10-07T19:25:10Z,41.614586,beginner_knowledge,,,E3
W4416200176,article,Sprouting hydro-cities to feed urban communities: are they sustainable?,Krishna R. Reddy; Jaqueline Rojas Robles; Suzane A. V. Carneiro; Banuchandra Nagaraja,2025,https://doi.org/10.1680/jenes.24.00167,https://doi.org/10.1680/jenes.24.00167,Thomas Telford Ltd.,Journal of Environmental Engineering and Science,journal,True,1,hydroponics; urban agriculture; community gardens; life cycle assessment; sustainability assessment; triple bottom line; LED lighting; nutrient solution,US,lca|case_study,,,sustainability,hydroponics sustainability life cycle assessment,AC_sustainability_2528,openalex,data/raw/academic/academic_20261007T192501Z/openalex_sustainability_hydroponics_sustainability_life_cycle_as.json.gz,2026-10-07T19:25:33Z,41.559093,sustainability,,,E5
W4390103616,article,Using Date Palm Waste as an Alternative for Rockwool: Sweet Pepper Performance under Both Soilless Culture Substrates,Muein Qaryouti; Mohamed F. Eshag Osman; Abdulaziz Alharbi; Wim Voogt; Mohamed Ewis Abdelaziz,2023,https://doi.org/10.3390/plants13010044,https://doi.org/10.3390/plants13010044,Multidisciplinary Digital Publishing Institute,Plants,journal,True,10,date palm waste; rockwool; growing substrates; hydroponics; sweet pepper; Capsicum annuum; blossom end rot; leaf fluorescence,EG; NL; SA,unspecified,,,sustainability,rockwool waste environmental impact,AC_sustainability_3284,openalex,data/raw/academic/academic_20261007T192501Z/openalex_sustainability_rockwool_waste_environmental_impact.json.gz,2026-10-07T19:25:35Z,41.46967,growing_media_bagasse|sustainability,,,E5
W4410343919,article,The challenges of controlled environment hydroponic farming: a life cycle assessment of lettuce,Aline Banboukian; Yongsheng Chen; Valerie M. Thomas,2025,https://doi.org/10.1007/s11367-025-02463-6,https://doi.org/10.1007/s11367-025-02463-6,Springer Science+Business Media,The International Journal of Life Cycle Assessment,journal,True,19,lettuce; hydroponics; controlled environment agriculture; greenhouse cultivation; open-field cultivation; life cycle assessment; environmental impact; energy consumption,US,unspecified,,,sustainability,hydroponics sustainability life cycle assessment,AC_sustainability_2528,openalex,data/raw/academic/academic_20261007T192501Z/openalex_sustainability_hydroponics_sustainability_life_cycle_as.json.gz,2026-10-07T19:25:33Z,41.404385,adoption_barriers|sustainability,,,E5
W4409590106,article,PENERAPAN SISTEM HIDROPONIK SEDERHANA DALAM BUDIDAYA TANAMAN PAKCOY PADA SKALA RUMAH TANGGA DI DESA KUBANG JAYA,Mellisa Mellisa; Fitriyeni Fitriyeni; Nurkhairo Hidayati; Imania Imania; Salshadilla Anthonia,2024,https://doi.org/10.20956/jdp.v9i2.22469,https://doi.org/10.20956/jdp.v9i2.22469,Hasanuddin University,Jurnal Dinamika Pengabdian (JDP),journal,True,2,wick system; pakcoy; Chinese cabbage; home vegetable cultivation; urban agriculture; smallholder farming; hydroponic growing media; farmer training,ID,unspecified,,,adoption_barriers,hidroponik rumah tangga perkotaan,AC_adoption_barriers_6174,openalex,data/raw/academic/academic_20261007T192501Z/openalex_adoption_barriers_hidroponik_rumah_tangga_perkotaan.json.gz,2026-10-07T19:25:08Z,41.29733,adoption_barriers,,,E5
W2997225501,article,The Occurrence of Shiga Toxin-Producing E. coli in Aquaponic and Hydroponic Systems,Yi-Ju Wang; Amanda J. Deering; Hye‐Ji Kim,2020,https://doi.org/10.3390/horticulturae6010001,https://doi.org/10.3390/horticulturae6010001,Multidisciplinary Digital Publishing Institute,Horticulturae,journal,True,55,Shiga toxin-producing Escherichia coli; aquaponics; hydroponics; foodborne pathogens; lettuce; Ocimum basilicum; tomato; fish feces,US,unspecified,,,consumer_acceptance,consumer perception hydroponic produce,AC_consumer_acceptance_8690,openalex,data/raw/academic/academic_20261007T192501Z/openalex_consumer_acceptance_consumer_perception_hydroponic_produce.json.gz,2026-10-07T19:25:42Z,41.18234,consumer_acceptance,,,E5
W4401067898,article,Hydroponics Lab Experiment: An Introduction into Sustainable Agriculture for Chemical Engineers,Jacob Lakomy,2024,https://doi.org/10.18260/2-1-370.660-134695,http://dx.doi.org/10.18260/2-1-370.660-134695,American Society for Engineering Education,Chemical Engineering Education,journal,True,1,hydroponics; microgreens; sustainable agriculture; nutrient solution; seed density; plant growth; senior capstone projects; horticulture,,experiment,,,sustainability,hydroponics sustainability life cycle assessment,AC_sustainability_2528,openalex,data/raw/academic/academic_20261007T192501Z/openalex_sustainability_hydroponics_sustainability_life_cycle_as.json.gz,2026-10-07T19:25:33Z,40.97476,sustainability,,,E5
W4407258814,article,HYDROPONICS: ADVANTAGES AND CHALLENGES IN SOILLESS FARMING,Lokendra Khatri; Adhiraj Kunwar; Dipak Raj Bist,2024,https://doi.org/10.26480/bda.02.2024.98.105,https://doi.org/10.26480/bda.02.2024.98.105,Zibeline International Publishing,Big Data In Agriculture,journal,True,26,hydroponics; soilless cultivation; nutrient solution; water conservation; crop yield; pesticide reduction; sustainable agriculture; nutrient management,NP,review,,,adoption_barriers,home hydroponics consumer adoption,AC_adoption_barriers_1957,openalex,data/raw/academic/academic_20261007T192501Z/openalex_adoption_barriers_home_hydroponics_consumer_adoption.json.gz,2026-10-07T19:25:04Z,40.80533,adoption_barriers|beginner_knowledge|sustainability,,,E5
W4311720536,article,Bioponics as a Promising Approach to Sustainable Agriculture: A Review of the Main Methods for Producing Organic Nutrient Solution for Hydroponics,Iris Szekely; M. Haïssam Jijakli,2022,https://doi.org/10.3390/w14233975,https://doi.org/10.3390/w14233975,Multidisciplinary Digital Publishing Institute,Water,journal,True,62,hydroponics; organic nutrient solution; organic waste recycling; soilless cultivation; anaerobic digestion; sustainable agriculture; plant yield,BE,review,,,sustainability,hydroponics sustainability life cycle assessment,AC_sustainability_2528,openalex,data/raw/academic/academic_20261007T192501Z/openalex_sustainability_hydroponics_sustainability_life_cycle_as.json.gz,2026-10-07T19:25:33Z,40.560444,sustainability,,,E5
W3153295060,article,Anti-Corrosion Performance of Polyaniline Coated Basalt Rockwool Wastes/Epoxy Resin Coatings,Zhiqiang Fang; Guoqing Wang; Yangkai Xiong; Jiang Li; Yu Sen Yang; Lei Huang; Peiqing Wang; Jianhe Liao,2021,https://doi.org/10.3390/coatings11040463,https://doi.org/10.3390/coatings11040463,Multidisciplinary Digital Publishing Institute,Coatings,journal,True,19,polyaniline coating; epoxy coatings; anti-corrosion properties; waste recycling; protective coatings,CN; US,experiment,,,sustainability,rockwool waste environmental impact,AC_sustainability_3284,openalex,data/raw/academic/academic_20261007T192501Z/openalex_sustainability_rockwool_waste_environmental_impact.json.gz,2026-10-07T19:25:35Z,40.54844,sustainability,,,E5
W7134257052,article,Integration of circular economy and zero-waste practices with hydroponics for sustainable agriculture,Abhijeet Das; Satchidananda Mishra,2026,https://doi.org/10.1007/s44173-026-00030-2,https://doi.org/10.1007/s44173-026-00030-2,Springer Nature,Green Technology Resilience and Sustainability,journal,True,0,circular economy; hydroponics; water reuse; biomass valorization; nutrient recovery; sustainability indicators; urban agriculture; peri-urban agriculture,IN,unspecified,,,sustainability,hydroponics sustainability life cycle assessment,AC_sustainability_2528,openalex,data/raw/academic/academic_20261007T192501Z/openalex_sustainability_hydroponics_sustainability_life_cycle_as.json.gz,2026-10-07T19:25:33Z,40.27539,sustainability,,,E5
W4296356115,article,Use of By-Products from the Tequila Industry. Part 12: Composted Agave Bagasse for Growing Grape Tomatoes,G. Iñiguez-Covarrubias; Walter Ramírez-Meda; José De Jesús Bernal-Casillas; Gil Virgen-Calleros,2022,https://doi.org/10.4236/ajps.2022.139083,https://doi.org/10.4236/ajps.2022.139083,Scientific Research Publishing,American Journal of Plant Sciences,journal,True,3,agave bagasse; composting; tomato cultivation; growing substrates; hydroponics; drip irrigation,MX,experiment,,,growing_media_bagasse,bagasse substrate hydroponic,AC_growing_media_bagasse_9233,openalex,data/raw/academic/academic_20261007T192501Z/openalex_growing_media_bagasse_bagasse_substrate_hydroponic.json.gz,2026-10-07T19:25:29Z,40.191746,growing_media_bagasse,,,E5
W2948129536,article,Increasing Sustainability of Growing Media Constituents and Stand-Alone Substrates in Soilless Culture Systems,Nazim S. Gruda,2019,https://doi.org/10.3390/agronomy9060298,https://doi.org/10.3390/agronomy9060298,Multidisciplinary Digital Publishing Institute,Agronomy,journal,True,464,hydroponics; growing media; horticultural substrates; peat replacement; renewable raw materials; water use efficiency; sustainability; waste recycling,DE,review,,,growing_media_bagasse,biodegradable growing media rockwool alternative,AC_growing_media_bagasse_3627,openalex,data/raw/academic/academic_20261007T192501Z/openalex_growing_media_bagasse_biodegradable_growing_media_rockwool_alt.json.gz,2026-10-07T19:25:30Z,40.182583,growing_media_bagasse,,,E5
W2025051877,article,Strawberry fields forever? Urban agriculture in developed countries: a review,Hoi‐Fei Mok; Virginia G. Williamson; James Grove; Kristal Burry; Fiona Barker; Andrew John Hamilton,2013,https://doi.org/10.1007/s13593-013-0156-7,https://doi.org/10.1007/s13593-013-0156-7,Springer Science+Business Media,Agronomy for Sustainable Development,journal,True,442,urban agriculture; food security; social well-being; urban sprawl; urban self-sufficiency; carbon footprint; food miles; developed countries,AU,review,,,adoption_barriers,urban agriculture hydroponics households motivation,AC_adoption_barriers_8538,openalex,data/raw/academic/academic_20261007T192501Z/openalex_adoption_barriers_urban_agriculture_hydroponics_households.json.gz,2026-10-07T19:25:06Z,40.052334,adoption_barriers,,,E5
W4393133555,article,Rockwool Waste as an Effective Additive for Bitumen Membrane in Waterproofing Insulator Production,Abdallah Mohamed Saber; Rabie Saad Farag; Mohamed E. Sultan; Mahmoud Ghareb; Esmat M. A. Hamzawy,2024,https://doi.org/10.58675/2636-3305.1668,https://doi.org/10.58675/2636-3305.1668,Egypts Presidential Specialized Council for Education and Scientific Research,Al-Azhar Bulletin of Science,journal,True,4,modified asphalt; waterproofing membranes; waste recycling; polypropylene; insulators; thermal resistance; softening point; tear strength,EG,unspecified,,,sustainability,rockwool waste environmental impact,AC_sustainability_3284,openalex,data/raw/academic/academic_20261007T192501Z/openalex_sustainability_rockwool_waste_environmental_impact.json.gz,2026-10-07T19:25:35Z,40.046642,sustainability,,,E5
W2168399919,article,Characterization of the Microbial Community Involved in the Suppression of Pythium aphanidermatum in Cucumber Grown on Rockwool,J. Postma; Bart P. J. Geraats; Rob Pastoor; Jan Dirk van Elsas,2005,https://doi.org/10.1094/phyto-95-0808,https://doi.org/10.1094/phyto-95-0808,American Phytopathological Society,Phytopathology,journal,True,76,Pythium aphanidermatum; cucumber; rockwool; disease suppression; actinomycetes; Streptomyces; Trichoderma; microbial community structure,,survey|experiment,,,sustainability,rockwool waste environmental impact,AC_sustainability_3284,openalex,data/raw/academic/academic_20261007T192501Z/openalex_sustainability_rockwool_waste_environmental_impact.json.gz,2026-10-07T19:25:35Z,39.967766,sustainability,,,E5
W7126467859,article,Analisis Keberlanjutan Usaha Sayuran Hidroponik (Studi Kasus Griya Hijau Hidroponik Kota Bandung),Rifda Nazhifa; Rani Andriani Budi Kusumo,2026,https://doi.org/10.25157/ma.v12i1.20520,https://doi.org/10.25157/ma.v12i1.20520,Galuh University,MIMBAR AGRIBISNIS Jurnal Pemikiran Masyarakat Ilmiah Berwawasan Agribisnis,journal,True,0,corporate sustainability; triple bottom line; GRI indicators; economic sustainability; social sustainability; environmental sustainability; urban agriculture; community empowerment,ID,case_study,,,indonesia_context,hidroponik Indonesia,AC_indonesia_context_5245,openalex,data/raw/academic/academic_20261007T192501Z/openalex_indonesia_context_hidroponik_Indonesia.json.gz,2026-10-07T19:25:47Z,39.918446,indonesia_context,,,E5
W4321230304,article,PEMANFAATAN PEKARANGAN RUMAH PERKOTAAN DENGAN BUDIDAYA SAYURAN HIDROPONIK,Ummu Harmain; Jef Rudiantho Saragih; Tri Marhaeni Pudji Astuti; Muldri Pudamo James Pasaribu; Pinondang Nainggolan,2023,https://doi.org/10.36985/jpmsm.v2i1.504,https://doi.org/10.36985/jpmsm.v2i1.504,Universitas Simalungun,Jurnal Pengabdian Masyarakat Sapangambei Manoktok Hitei,journal,True,1,hydroponic vegetable cultivation; household income diversification,ID,unspecified,,,adoption_barriers,hidroponik rumah tangga perkotaan,AC_adoption_barriers_6174,openalex,data/raw/academic/academic_20261007T192501Z/openalex_adoption_barriers_hidroponik_rumah_tangga_perkotaan.json.gz,2026-10-07T19:25:08Z,39.883545,adoption_barriers,,,E5
W4401228475,article,Analysing the Economic Viability of Hydroponic Farming: A Comparative Cost-Benefit Analysis,,2024,https://doi.org/10.58257/ijprems35128,https://doi.org/10.58257/ijprems35128,,International Journal of Progressive Research in Engineering Management and Science,journal,True,14,hydroponics; economic feasibility; cost-benefit analysis; soilless cultivation; operating costs; crop yield; resource efficiency; barriers to adoption,,survey|experiment,,,adoption_barriers,hydroponic adoption barriers,AC_adoption_barriers_3991,openalex,data/raw/academic/academic_20261007T192501Z/openalex_adoption_barriers_hydroponic_adoption_barriers.json.gz,2026-10-07T19:25:03Z,39.863163,adoption_barriers,,,E5
W4401665834,article,PEMANFAATAN PEKARANGAN RUMAH PERKOTAAN DENGAN BUDIDAYA SAYURAN HIDROPONIK,Ummu Harmain; Jef Rudiantho Saragih; Tri Marhaeni Pudji Astuti; Muldri Pudamo James Pasaribu; Pinondang Nainggolan,2022,https://doi.org/10.36985/f198jn91,https://doi.org/10.36985/f198jn91,Universitas Simalungun,Jurnal Pengabdian Masyarakat Sapangambei Manoktok Hitei,journal,True,1,hydroponic vegetable cultivation; household income diversification,ID,unspecified,,,adoption_barriers,hidroponik rumah tangga perkotaan,AC_adoption_barriers_6174,openalex,data/raw/academic/academic_20261007T192501Z/openalex_adoption_barriers_hidroponik_rumah_tangga_perkotaan.json.gz,2026-10-07T19:25:08Z,39.791435,adoption_barriers,,,E5
W4319019633,article,Development and Testing of an IoT Spectroscopic Nutrient Monitoring System for Use in Micro Indoor Smart Hydroponics,Joseph D. Stevens; David E Murray; Dean Diepeveen; Danny Toohey,2023,https://doi.org/10.3390/horticulturae9020185,https://doi.org/10.3390/horticulturae9020185,Multidisciplinary Digital Publishing Institute,Horticulturae,journal,True,35,nutrient monitoring; hydroponics; nitrogen content; spectroscopic sensors; Internet of Things; multiple linear regression; lettuce; low-cost sensors,AU,experiment|system_development|modelling,,,iot_monitoring,low-cost sensors hydroponics accuracy calibration,AC_iot_monitoring_1718,openalex,data/raw/academic/academic_20261007T192501Z/openalex_iot_monitoring_low-cost_sensors_hydroponics_accuracy_ca.json.gz,2026-10-07T19:25:21Z,39.71472,adoption_barriers|iot_monitoring,,,E5
W3121563743,article,Food for Thought: Addressing Urban Food Security Risks through Urban Agriculture,Jorinda Steenkamp; Elizelle Juaneé Cilliers; Sarel Stephanus Cilliers; Louis Lategan,2021,https://doi.org/10.3390/su13031267,https://doi.org/10.3390/su13031267,Multidisciplinary Digital Publishing Institute,Sustainability,journal,True,107,urban agriculture; food security; food supply chain; sustainable food production; climate change impacts on agriculture; food deserts; urban planning; land use zoning,AU; ZA,case_study,,,adoption_barriers,urban agriculture hydroponics households motivation,AC_adoption_barriers_8538,openalex,data/raw/academic/academic_20261007T192501Z/openalex_adoption_barriers_urban_agriculture_hydroponics_households.json.gz,2026-10-07T19:25:06Z,39.694714,adoption_barriers,,,E5
W4391896865,article,Role of Hydroponics in Improving Water-Use Efficiency and Food Security,Ram Naresh; Sagar K Jadav; Monika Singh; Abhimanyu Patel; Barinderjit Singh; Shreedhar Beese; Shivam Kumar Pandey,2024,https://doi.org/10.9734/ijecc/2024/v14i23976,https://doi.org/10.9734/ijecc/2024/v14i23976,Sciencedomain International,International Journal of Environment and Climate Change,journal,True,62,hydroponics; water use efficiency; food security; precision agriculture; vertical farming; sustainable intensification; technology adoption; agricultural automation,IN,unspecified,,,adoption_barriers,home hydroponics consumer adoption,AC_adoption_barriers_1957,openalex,data/raw/academic/academic_20261007T192501Z/openalex_adoption_barriers_home_hydroponics_consumer_adoption.json.gz,2026-10-07T19:25:04Z,39.664577,adoption_barriers|beginner_knowledge,,,E5
W4404833453,article,pH Measurement in Hydroponics System,A. Ankitha; Sandeep V P.; C Shashank; Sameer Mulla; Sharath Kamat,2024,https://doi.org/10.38124/ijisrt/ijisrt24nov574,http://dx.doi.org/10.38124/ijisrt/ijisrt24nov574,,International Journal of Innovative Science and Research Technology (IJISRT),journal,True,0,pH measurement; hydroponics; pH meter calibration; pH monitoring; nutrient availability; plant growth; nutrient uptake; pH fluctuations,,unspecified,,,iot_monitoring,low-cost sensors hydroponics accuracy calibration,AC_iot_monitoring_1718,openalex,data/raw/academic/academic_20261007T192501Z/openalex_iot_monitoring_low-cost_sensors_hydroponics_accuracy_ca.json.gz,2026-10-07T19:25:21Z,39.284904,iot_monitoring,,,E5
W7203544811,article,Edufarming Communication Strategy for The Diffusion of Smart Farming Innovation: A Qualitative Case Study of SGH Hydroponic,Nur Annisa Putri Nazaruddin; Moehammad Iqbal Sultan; Andi Subhan Amir,2026,https://doi.org/10.37046/jaj.v7i2.38587,https://doi.org/10.37046/jaj.v7i2.38587,State University of Gorontalo,Jambura Agribusiness Journal,journal,True,0,smart agriculture; AIoT; hydroponics; diffusion of innovations; communication strategies; participatory learning; agricultural education; technology adoption,ID,case_study,,,beginner_knowledge,hydroponic farming knowledge training beginners,AC_beginner_knowledge_9796,openalex,data/raw/academic/academic_20261007T192501Z/openalex_beginner_knowledge_hydroponic_farming_knowledge_training_be.json.gz,2026-10-07T19:25:08Z,39.262512,beginner_knowledge,,,E5
W4362450026,article,Urban agriculture and farmers’ willingness to pay for treated wastewater: Insights from vegetable producers in the greater Accra metropolis of Ghana,Abdulai Adams; Samuel Sekyi; Irrshad Kaseeram,2023,https://doi.org/10.1080/23311932.2023.2197161,https://doi.org/10.1080/23311932.2023.2197161,Cogent OA,Cogent Food & Agriculture,journal,True,14,urban agriculture; treated wastewater; willingness to pay; vegetable farmers; urban vegetable production; water scarcity; urbanization; farmer efficiency,GH; ZA,modelling,214 farmers,,consumer_acceptance,willingness to pay hydroponic vegetables,AC_consumer_acceptance_4257,openalex,data/raw/academic/academic_20261007T192501Z/openalex_consumer_acceptance_willingness_to_pay_hydroponic_vegetables.json.gz,2026-10-07T19:25:40Z,39.222507,consumer_acceptance,,,E5
W7211968726,article,Hydroponic on the Rise: A Study of Consumer Behavior and Purchase Intentions,Asgami Putri; Jabal Tarik Ibrahim; Adi Sutanto; Syafrani Syafrani; Dedi Zargustin; Desma Harmaidi,2026,https://doi.org/10.14710/agrisocionomics.v10i1.26724,https://doi.org/10.14710/agrisocionomics.v10i1.26724,Diponegoro University,Agrisocionomics Jurnal Sosial Ekonomi Pertanian,journal,True,0,hydroponic vegetables; consumer behavior; purchase intention; price perception; product quality; consumer taste; health consciousness; social media influence,ID,survey|modelling,100 respondents,,consumer_acceptance,consumer perception hydroponic produce,AC_consumer_acceptance_8690,openalex,data/raw/academic/academic_20261007T192501Z/openalex_consumer_acceptance_consumer_perception_hydroponic_produce.json.gz,2026-10-07T19:25:42Z,39.0775,consumer_acceptance,,,E5
W3161405080,article,ANALISA FINANSIAL USAHA SAYURAN HIDROPONIK,Aliyah Aliyah; Masrur Muzadi; Kartika Wulandari; Teguh Dwi Putra; Adi Rastono,2017,https://doi.org/10.47492/jip.v1i1.439,https://stp-mataram.e-journal.id/JIP/article/download/439/364,,Jurnal Inovasi Penelitian,journal,True,0,financial analysis; farm income; farm costs; profit; revenue-cost ratio; vegetable prices; Malang,,unspecified,,,indonesia_context,hidroponik Indonesia,AC_indonesia_context_5245,openalex,data/raw/academic/academic_20261007T192501Z/openalex_indonesia_context_hidroponik_Indonesia.json.gz,2026-10-07T19:25:47Z,39.07721,indonesia_context,,,E5
W4407450478,article,Analisis Faktor Internal dan Eksternal Pemasaran Sayur Hidroponik di Kota Banjarbaru (Studi Kasus Pemasaran Sayur Hidroponik Pada Komunitas Hidroponik Banjarbaru),Fanesa Natasye Salendu; Mira Yulianti; Luki Anjardiani,2020,https://doi.org/10.20527/frontbiz.v4i2.14787,https://doi.org/10.20527/frontbiz.v4i2.14787,Lambung Mangkurat University,Frontier Agribisnis,journal,True,0,hydroponic vegetables; vegetable marketing; SWOT analysis; IFE matrix; marketing mix; digital marketing; social media marketing; price competitiveness,ID,survey,,,indonesia_context,hidroponik Indonesia,AC_indonesia_context_5245,openalex,data/raw/academic/academic_20261007T192501Z/openalex_indonesia_context_hidroponik_Indonesia.json.gz,2026-10-07T19:25:47Z,39.063736,indonesia_context,,,E5
W7131061607,article,URBAN AGRICULTURE AND INCOME CONTRIBUTION: EVIDENCE ACROSS HOUSEHOLD INCOME GROUPS IN YOGYAKARTA,Hedwig Ajeng Grahani; Seno Budhi Ajar,2025,https://doi.org/10.35760/eb.2025.v30i3.27,https://doi.org/10.35760/eb.2025.v30i3.27,,Jurnal Ilmiah Ekonomi Bisnis ,journal,True,0,urban agriculture; household income; income contribution; income inequality; urban farmers; alternative livelihoods; urban poverty; urban food security,ID; JP,modelling,,,adoption_barriers,urban agriculture hydroponics households motivation,AC_adoption_barriers_8538,openalex,data/raw/academic/academic_20261007T192501Z/openalex_adoption_barriers_urban_agriculture_hydroponics_households.json.gz,2026-10-07T19:25:06Z,38.95751,adoption_barriers,,,E5
W7131119675,article,Enhancing the welfare of beginner rabbit farmers through integrated farming systems,Arman Arman; Ainur Rosidah; Umi Kholidah,2025,https://doi.org/10.31603/ce.15161,https://doi.org/10.31603/ce.15161,Universitas Muhammdiyah Magelang,Community Empowerment,journal,True,0,rabbit farming; integrated farming systems; farmer capacity building; farmer groups; institutional capacity building; circular economy; liquid organic fertilizer; farm income,ID,unspecified,,,beginner_knowledge,hydroponic farming knowledge training beginners,AC_beginner_knowledge_9796,openalex,data/raw/academic/academic_20261007T192501Z/openalex_beginner_knowledge_hydroponic_farming_knowledge_training_be.json.gz,2026-10-07T19:25:08Z,38.930374,beginner_knowledge,,,E5
W4210357512,article,Reliable IoT-Based Monitoring and Control of Hydroponic Systems,Konstantinos Tatas; Ahmad Al-Zoubi; Nicholas G. Christofides; Chrysostomos Zannettis; Michael Chrysostomou; Stavros Panteli; Anthony Antoniou,2022,https://doi.org/10.3390/technologies10010026,https://doi.org/10.3390/technologies10010026,Multidisciplinary Digital Publishing Institute,Technologies,journal,True,85,hydroponics; Internet of Things; greenhouse monitoring; irrigation control; water quality monitoring; temperature and humidity monitoring; motion sensing; fuzzy inference,CY; DE,unspecified,,,beginner_knowledge,hydroponic system failure causes,AC_beginner_knowledge_4550,openalex,data/raw/academic/academic_20261007T192501Z/openalex_beginner_knowledge_hydroponic_system_failure_causes.json.gz,2026-10-07T19:25:10Z,38.902546,beginner_knowledge,,,E5
W3196047586,article,Promoting Urban Agriculture and Its Opportunities and Challenges—A Global Review,Chethika Gunasiri Wadumestrige Dona; Geetha Mohan; Kensuke Fukushi,2021,https://doi.org/10.3390/su13179609,https://doi.org/10.3390/su13179609,Multidisciplinary Digital Publishing Institute,Sustainability,journal,True,133,urban agriculture; multifunctionality; community gardens; socioeconomic context; developed vs developing countries; urban sustainability; urban planning; government support,JP,systematic_review|review,,,adoption_barriers,urban agriculture hydroponics households motivation,AC_adoption_barriers_8538,openalex,data/raw/academic/academic_20261007T192501Z/openalex_adoption_barriers_urban_agriculture_hydroponics_households.json.gz,2026-10-07T19:25:06Z,38.873627,adoption_barriers,,,E5
W4391851958,book-chapter,Vision-Based Object Detection for Efficient Monitoring in Smart Hydroponic Systems,Septafiansyah Dwi Putra; Agus Ambarwari; Imam Asrowardi; Moh. Harris Imron S. Jaya,2024,https://doi.org/10.2991/978-94-6463-364-1_40,https://doi.org/10.2991/978-94-6463-364-1_40,Atlantis Press,Advances in engineering research/Advances in Engineering Research,book series,False,2,hydroponics; object detection; YOLOv8; plant monitoring; lightweight detection model; plant growth stages; vision-based monitoring,,experiment,,,ai_prediction,artificial intelligence hydroponic anomaly detection,AC_ai_prediction_4917,openalex,data/raw/academic/academic_20261007T192501Z/openalex_ai_prediction_artificial_intelligence_hydroponic_anoma.json.gz,2026-10-07T19:25:24Z,38.611263,ai_prediction,,,E4
W4413737285,article,Integrating Shale Gas Development and Hydroponic Farming: A Sustainable Pathway for Energy and Food Security in Pakistan,Md. Arafat Rahman; Talha Javed,2025,https://doi.org/10.52015/numljournalofeconomics.v2i1.42,https://doi.org/10.52015/numljournalofeconomics.v2i1.42,National University of Modern Languages,NUML Journal of Economics,journal,True,0,shale gas development; hydroponics; energy security; food security; hydraulic fracturing; shale gas resources; water-saving agriculture; energy policy,,unspecified,,,beginner_knowledge,hydroponic farming knowledge training beginners,AC_beginner_knowledge_9796,openalex,data/raw/academic/academic_20261007T192501Z/openalex_beginner_knowledge_hydroponic_farming_knowledge_training_be.json.gz,2026-10-07T19:25:08Z,38.591087,beginner_knowledge,,,E5
W7219026261,article,"Analisis Kesediaan Membayar (Willingness To Pay) Konsumen Terhadap Pembelian Sayur Kangkung (Ipomoea Reptans Poir) Hidroponik Dan Faktor-Faktor Yang Mempengaruhinya (Studi Kasus: Konsumen Analisa Agrokreasi (AAK), Kecamatan Medan Johor)",Mestika Amelia Sinuraya; Muhammad Ilham Riyadh; Violeta Tia Monica,2025,https://doi.org/10.31004/joecy.v5i3.6147,https://joecy.org/index.php/joecy/article/view/6147,Universitas Pahlawan Tuanku Tambusai,Journal of Innovative and Creativity (Joecy),journal,True,0,willingness to pay; Ipomoea reptans; consumer behavior; contingent valuation; determinants of willingness to pay; consumer characteristics; Medan Johor,ID,survey|modelling,,,consumer_acceptance,willingness to pay hydroponic vegetables,AC_consumer_acceptance_4257,openalex,data/raw/academic/academic_20261007T192501Z/openalex_consumer_acceptance_willingness_to_pay_hydroponic_vegetables.json.gz,2026-10-07T19:25:40Z,38.54001,consumer_acceptance,,,E5
W2127268032,article,Green Building Construction Thermal Isolation Materials (Rockwool),Itewi,2011,https://doi.org/10.3844/ajessp.2011.161.165,https://doi.org/10.3844/ajessp.2011.161.165,,American Journal of Environmental Sciences,journal,True,14,rockwool; mineral wool; thermal insulation; building insulation; R-value; thermal comfort; heat loss reduction; sound insulation,JO,unspecified,,,sustainability,rockwool waste environmental impact,AC_sustainability_3284,openalex,data/raw/academic/academic_20261007T192501Z/openalex_sustainability_rockwool_waste_environmental_impact.json.gz,2026-10-07T19:25:35Z,38.45254,sustainability,,,E5
W7163334341,article,Penguatan Kemandirian Pangan Rumah Tangga Melalui Hidroponik Vertikal Dan Pemasaran Digital Berbasis E-Commerce,Fitri Ayu; Benriwati Maharmi; Desi Yasri; Jesaja Ginting; Ermawati; Jean Riko Kurniawan Putra; Nurhasnah,2026,https://doi.org/10.33330/jurdimas.v9i2.4321,https://doi.org/10.33330/jurdimas.v9i2.4321,,Jurdimas (Jurnal Pengabdian Kepada Masyarakat) Royal,journal,True,0,household food security; vertical hydroponics; urban agriculture; organic waste treatment; e-commerce marketing; digital marketing training; food self-sufficiency; community empowerment,ID,unspecified,20 households,,adoption_barriers,hidroponik rumah tangga perkotaan,AC_adoption_barriers_6174,openalex,data/raw/academic/academic_20261007T192501Z/openalex_adoption_barriers_hidroponik_rumah_tangga_perkotaan.json.gz,2026-10-07T19:25:08Z,38.425274,adoption_barriers,,,E5
W3188684768,article,An Analysis of Millennial Farmers’ Communication Networks on Hydroponic Vegetable Marketing Topics Via Whatsapp Application (Hydroponic Farmers in Situbondo),Sandis Prasetiyo; Edi Dwi Cahyono; Reza Safitri,2021,https://doi.org/10.21776/ub.habitat.2021.032.2.12,https://doi.org/10.21776/ub.habitat.2021.032.2.12,Brawijaya University,HABITAT,journal,True,3,millennial farmers; WhatsApp; media gratifications; social support; socialization; COVID-19 pandemic; farmer communication; Situbondo,ID,survey|case_study,108 respondents,,consumer_acceptance,willingness to pay hydroponic vegetables,AC_consumer_acceptance_4257,openalex,data/raw/academic/academic_20261007T192501Z/openalex_consumer_acceptance_willingness_to_pay_hydroponic_vegetables.json.gz,2026-10-07T19:25:40Z,38.289333,beginner_knowledge|consumer_acceptance,,,E5
W7219284126,article,Implementation of a microcontroller-based neural network for prediction of pH and EC levels in hydroponics,Abdoulaye SIDIBE; Rehema Ndeda; Evan Murimi; Urbanus N. Mutwiwa,2023,,https://jsre.jkuat.ac.ke/index.php/jsre/article/view/162,Jomo Kenyatta University of Agriculture & Technology,Journal of Sustainable Research in Engineering,journal,True,0,hydroponics; nutrient solution monitoring; pH prediction; electrical conductivity prediction; nutrient film technique; Arduino; NARX neural network; Levenberg-Marquardt training,KE,system_development|modelling,,,ai_prediction,machine learning hydroponics prediction,AC_ai_prediction_4621,openalex,data/raw/academic/academic_20261007T192501Z/openalex_ai_prediction_machine_learning_hydroponics_prediction.json.gz,2026-10-07T19:25:23Z,38.165253,ai_prediction,,,E5
W4385453441,article,Revolutionizing Holy-Basil Cultivation With AI-Enabled Hydroponics System,G. Lakshmi Priya; Chanthini Baskar; Sanket Sandeep Deshmane; C. R. Adithya; Souranil Das,2023,https://doi.org/10.1109/access.2023.3300912,https://doi.org/10.1109/access.2023.3300912,Institute of Electrical and Electronics Engineers,IEEE Access,journal,True,44,hydroponics; medicinal plants; nutrient deficiency detection; plant image analysis; water reuse; logistic regression; Azure IoT Hub,IN,experiment|system_development|modelling,,,iot_monitoring,low-cost sensors hydroponics accuracy calibration,AC_iot_monitoring_1718,openalex,data/raw/academic/academic_20261007T192501Z/openalex_iot_monitoring_low-cost_sensors_hydroponics_accuracy_ca.json.gz,2026-10-07T19:25:21Z,38.130497,ai_prediction|iot_monitoring,,,E5
W7214559745,article,Prospects for Urban Agriculture in Greater Amman,Mohammed Ali Sharadagah; Nabil Abu-Dayyeh; Raed Al Tal; Dana Aref Al-Lafi,2026,https://doi.org/10.35516/hum.2026.10484,https://doi.org/10.35516/hum.2026.10484,TechKnowledge General Trading,Dirasat Human and Social Sciences,journal,True,0,urban agriculture; vegetable production; food self-sufficiency; vacant land; private gardens; urban land use; public perception; urban planning policy,JO,survey|case_study,,,adoption_barriers,urban agriculture hydroponics households motivation,AC_adoption_barriers_8538,openalex,data/raw/academic/academic_20261007T192501Z/openalex_adoption_barriers_urban_agriculture_hydroponics_households.json.gz,2026-10-07T19:25:06Z,38.079166,adoption_barriers,,,E5
W4414118502,article,"Conventional VS Digital Marketing Channels for Hydroponic Vegetables in Kendari City, Indonesia: A Comparative Efficiency Analysis",Ananda Maura Aulia Prayugo; La Ode Alwi; Normal Bivariant Padangaran; Haji Saediman,2025,https://doi.org/10.59890/ijefbs.v3i4.129,https://doi.org/10.59890/ijefbs.v3i4.129,,International Journal of Economic Finance and Business Statistics,journal,True,0,hydroponic vegetables; digital marketing; lettuce; pakcoy; marketing efficiency; marketing margin; distribution channels; marketing intermediaries,ID,unspecified,,,consumer_acceptance,willingness to pay hydroponic vegetables,AC_consumer_acceptance_4257,openalex,data/raw/academic/academic_20261007T192501Z/openalex_consumer_acceptance_willingness_to_pay_hydroponic_vegetables.json.gz,2026-10-07T19:25:40Z,37.861652,consumer_acceptance,,,E5
W7117421714,article,Automated Herbal Hydroponics,L Spandana; Suchetha N S; Yamuna K; Yashashwini C; Padma R,2025,https://doi.org/10.47392/irjash.2025.120,https://doi.org/10.47392/irjash.2025.120,,International Research Journal on Advanced Science Hub,journal,True,0,herb cultivation; Internet of Things; ESP8266 microcontroller; ESP32-CAM; ThingSpeak; nutrient solution monitoring; plant detection; YOLOv11,,system_development,,,iot_monitoring,low-cost sensors hydroponics accuracy calibration,AC_iot_monitoring_1718,openalex,data/raw/academic/academic_20261007T192501Z/openalex_iot_monitoring_low-cost_sensors_hydroponics_accuracy_ca.json.gz,2026-10-07T19:25:21Z,37.834557,iot_monitoring,,,E5
W4409062354,article,Optimization of Vegetable Production in Hydroculture Environments Using Artificial Intelligence: A Literature Review,Dick Díaz-Delgado; Ciro R. Rodriguez; Augusto Bernuy-Alva; Carlos Navarro; Alexander Eduardo Inga Alva,2025,https://doi.org/10.3390/su17073103,https://doi.org/10.3390/su17073103,Multidisciplinary Digital Publishing Institute,Sustainability,journal,True,15,hydroponics; vegetable production; artificial intelligence; nutrient solution management; IoT monitoring; crop growth prediction; water use efficiency; irrigation optimization,PE,systematic_review|review|modelling,,,ai_prediction,artificial intelligence hydroponic anomaly detection,AC_ai_prediction_4917,openalex,data/raw/academic/academic_20261007T192501Z/openalex_ai_prediction_artificial_intelligence_hydroponic_anoma.json.gz,2026-10-07T19:25:24Z,37.670284,ai_prediction,,,E5
W7151060427,article,"Household Perception and Mode Choice in Urban Agriculture: Evidence from Machakos County, Kenya",Stephanie Akeyo Nyapela; Everlyn Chitechi Wemali,2026,https://doi.org/10.37284/eajab.9.1.4764,https://doi.org/10.37284/eajab.9.1.4764,,East African Journal of Agriculture and Biotechnology,journal,True,0,urban agriculture; household perceptions; mode choice; urban food security; peri-urban agriculture; technology adoption; urban form; spatial accessibility,KE,survey|modelling,N = 388,,adoption_barriers,urban agriculture hydroponics households motivation,AC_adoption_barriers_8538,openalex,data/raw/academic/academic_20261007T192501Z/openalex_adoption_barriers_urban_agriculture_hydroponics_households.json.gz,2026-10-07T19:25:06Z,37.55388,adoption_barriers,,,E5
W7117536963,article,Pemberdayaan Perempuan Melalui Kegiatan Hidroponik untuk Ketahanan Pangan dan Keberlanjutan Pertanian Perkotaan di Kota Tarakan,Nurul Chairiyah; Nur Indah Mansyur; Eko Hary Pudjiwati; Nurjannah Nurjannah; Arbain Arbain,2025,https://doi.org/10.52072/abdine.v5i2.1746,https://doi.org/10.52072/abdine.v5i2.1746,,ABDINE Jurnal Pengabdian Masyarakat,journal,True,1,women's empowerment; hydroponics; nutrient film technique; food security; urban agriculture; sustainable agriculture; spinach; household food self-sufficiency,,unspecified,,,adoption_barriers,hidroponik rumah tangga perkotaan,AC_adoption_barriers_6174,openalex,data/raw/academic/academic_20261007T192501Z/openalex_adoption_barriers_hidroponik_rumah_tangga_perkotaan.json.gz,2026-10-07T19:25:08Z,37.548523,adoption_barriers,,,E5
W3106016488,article,Features and Functions of Multifunctional Urban Agriculture in the Global North: A Review,Francesco Orsini; Giuseppina Pennisi; Nicola Michelon; Alberto Minelli; Giovanni Giorgio Bazzocchi; Esther Sanyé‐Mengual; Giorgio Prosdocimi Gianquinto,2020,https://doi.org/10.3389/fsufs.2020.562513,https://doi.org/10.3389/fsufs.2020.562513,Frontiers Media,Frontiers in Sustainable Food Systems,journal,True,140,urban agriculture; multifunctional agriculture; Global North; ecosystem services; crop diversification; farm size; urban food systems,IT,review,,,adoption_barriers,urban agriculture hydroponics households motivation,AC_adoption_barriers_8538,openalex,data/raw/academic/academic_20261007T192501Z/openalex_adoption_barriers_urban_agriculture_hydroponics_households.json.gz,2026-10-07T19:25:06Z,37.544,adoption_barriers,,,E5
W4205244930,article,Pengenalan Sistem Pertanian Hidroponik Rumah Tangga di Desa Dalung,Luh Putu Mahyuni; Luh Putu Yulika Rara Gayatri,2021,https://doi.org/10.31849/dinamisia.v5i6.6303,https://doi.org/10.31849/dinamisia.v5i6.6303,Lancang Kuning University,Dinamisia Jurnal Pengabdian Kepada Masyarakat,journal,True,8,soilless cultivation; community empowerment; video campaign; agricultural extension; home gardening,ID,unspecified,,,adoption_barriers,hidroponik rumah tangga perkotaan,AC_adoption_barriers_6174,openalex,data/raw/academic/academic_20261007T192501Z/openalex_adoption_barriers_hidroponik_rumah_tangga_perkotaan.json.gz,2026-10-07T19:25:08Z,37.531395,adoption_barriers,,,E5
W2579782393,article,Potential of Vertical Hydroponic Agriculture in Mexico,José de Anda; Harvey Shear,2017,https://doi.org/10.3390/su9010140,https://doi.org/10.3390/su9010140,Multidisciplinary Digital Publishing Institute,Sustainability,journal,True,44,vertical farming; hydroponics; urban agriculture; sustainable food production; water scarcity; arid regions; greenhouse gas emissions from agriculture; carbon footprint,CA; MX,unspecified,,,consumer_acceptance,consumer perception hydroponic produce,AC_consumer_acceptance_8690,openalex,data/raw/academic/academic_20261007T192501Z/openalex_consumer_acceptance_consumer_perception_hydroponic_produce.json.gz,2026-10-07T19:25:42Z,37.433956,beginner_knowledge|consumer_acceptance,,,E5
W4220980540,article,Automated Hydroponics Notification System Using IOT,Wrintorn Boonneua; Supaporn Chai-Arayalert; Nathaphon Boonnam,2022,https://doi.org/10.3991/ijim.v16i06.27959,https://doi.org/10.3991/ijim.v16i06.27959,kassel university press,International Journal of Interactive Mobile Technologies (iJIM),journal,True,12,hydroponics; Internet of Things; environmental monitoring; plant growth factors; web application; alert notification; temperature and humidity control; pH and electrical conductivity,TH,experiment,,,iot_monitoring,low-cost sensors hydroponics accuracy calibration,AC_iot_monitoring_1718,openalex,data/raw/academic/academic_20261007T192501Z/openalex_iot_monitoring_low-cost_sensors_hydroponics_accuracy_ca.json.gz,2026-10-07T19:25:21Z,37.314606,iot_monitoring,,,E5
W3216799015,article,STRATEGI PEMASARAN SAYURAN HIDROPONIK SHANTI BHUANA,Falentia Tia Indana; Sabinus Beni,2021,https://doi.org/10.46229/b.e.e..v3i2.316,https://doi.org/10.46229/b.e.e..v3i2.316,Institut Shanti Bhuana,Business Economics and Entrepreneurship,journal,True,8,marketing strategy; hydroponic vegetables; 4P marketing mix; digital marketing; social media marketing; sales volume; online shopping,ID,unspecified,,,indonesia_context,hidroponik Indonesia,AC_indonesia_context_5245,openalex,data/raw/academic/academic_20261007T192501Z/openalex_indonesia_context_hidroponik_Indonesia.json.gz,2026-10-07T19:25:47Z,37.295856,indonesia_context,,,E5
W4405006398,article,Constraints and coping strategies of urban agriculture households in Namibia's informal settlements during COVID‐19,Joel Muzanima; Maria N. T. Shipandeni; Cecil Togarepi; Susanna Shivolo-Useb; Cecilie N. Jona; Ndiilokelwa Patricia Petrus,2024,https://doi.org/10.1002/uar2.70006,https://doi.org/10.1002/uar2.70006,Wiley,Urban Agriculture & Regional Food Systems,journal,True,5,urban agriculture; COVID-19 pandemic; informal settlements; household coping strategies; urban farmers; food security; food system resilience; production constraints,NA,survey|case_study,59 households,,adoption_barriers,urban agriculture hydroponics households motivation,AC_adoption_barriers_8538,openalex,data/raw/academic/academic_20261007T192501Z/openalex_adoption_barriers_urban_agriculture_hydroponics_households.json.gz,2026-10-07T19:25:06Z,37.21624,adoption_barriers,,,E5
W2585415690,article,GROWTH OF HYBRID LILIES IN ROCKWOOL-BASED MEDIA.,Mark Kelley; George C. Elliott; Richard J. McAvoy,1991,https://doi.org/10.21273/hortsci.26.6.741g,https://doi.org/10.21273/hortsci.26.6.741g,American Society for Horticultural Science,HortScience,journal,True,0,lily hybrids; rockwool; peat-based growing media; water porosity; aeration porosity; bulk density; plant growth; flower number,,unspecified,,,sustainability,rockwool waste environmental impact,AC_sustainability_3284,openalex,data/raw/academic/academic_20261007T192501Z/openalex_sustainability_rockwool_waste_environmental_impact.json.gz,2026-10-07T19:25:35Z,37.155514,sustainability,,,E5
W7204957090,article,Urban and Peri-Urban Agriculture for Improving Human Nutrition and Protecting Planetary Processes,Rattan Lal,2026,https://doi.org/10.18103/mra.v14i1.7123,https://doi.org/10.18103/mra.v14i1.7123,European Society of Medicine,Medical Research Archives,journal,True,1,urban agriculture; peri-urban agriculture; food security; nutrition security; urbanization; soil contamination; heavy metals; water pollution,US,unspecified,,,adoption_barriers,urban agriculture hydroponics households motivation,AC_adoption_barriers_8538,openalex,data/raw/academic/academic_20261007T192501Z/openalex_adoption_barriers_urban_agriculture_hydroponics_households.json.gz,2026-10-07T19:25:06Z,37.095486,adoption_barriers,,,E5
W4313519150,article,"Hydroponic Agriculture and Microbial Safety of Vegetables: Promises, Challenges, and Solutions",Shlomo Sela; Victor Rodov; David Kenigsbuch; Asher Bar‐Tal,2023,https://doi.org/10.3390/horticulturae9010051,https://doi.org/10.3390/horticulturae9010051,Multidisciplinary Digital Publishing Institute,Horticulturae,journal,True,99,hydroponics; microbiological safety; fresh produce safety; human pathogens; leafy vegetables; fruit vegetables; recirculating nutrient solution; decontamination,IL,review|experiment,,,adoption_barriers,hydroponic adoption barriers,AC_adoption_barriers_3991,openalex,data/raw/academic/academic_20261007T192501Z/openalex_adoption_barriers_hydroponic_adoption_barriers.json.gz,2026-10-07T19:25:03Z,36.9651,adoption_barriers,,,E5
W2741449026,article,"Comparison of Coconut Coir, Rockwool, and Peat Cultivations for Tomato Production: Nutrient Balance, Plant Growth and Fruit Quality",Jing Xiong; Yongqiang Tian; Jingguo Wang; Wei Liu; Qing Chen,2017,https://doi.org/10.3389/fpls.2017.01327,https://doi.org/10.3389/fpls.2017.01327,Frontiers Media,Frontiers in Plant Science,journal,True,89,coconut fiber; rockwool; peat; tomato cultivation; growing substrates; nutrient uptake; nutrient balance; blossom end rot,CN,unspecified,,,sustainability,rockwool waste environmental impact,AC_sustainability_3284,openalex,data/raw/academic/academic_20261007T192501Z/openalex_sustainability_rockwool_waste_environmental_impact.json.gz,2026-10-07T19:25:35Z,36.81575,sustainability,,,E5
W3018240450,article,Pemberdayaan Masyarakat Desa Kepada Kelompok Ibu-Ibu Pkk dan Karang Taruna melalui Program Pelatihan “Hidroponik”,Ruswaji Ruswaji; Laely Chodariyanti,2020,https://doi.org/10.30736/jab.v2i01.32,https://doi.org/10.30736/jab.v2i01.32,Universitas Islam Lamongan,Jurnal Abdimas Berdaya Jurnal Pembelajaran Pemberdayaan dan Pengabdian Masyarakat,journal,True,20,hydroponics; community empowerment; PKK women's groups; housewives; horticulture education; household income improvement,ID,unspecified,,,adoption_barriers,hidroponik rumah tangga perkotaan,AC_adoption_barriers_6174,openalex,data/raw/academic/academic_20261007T192501Z/openalex_adoption_barriers_hidroponik_rumah_tangga_perkotaan.json.gz,2026-10-07T19:25:08Z,36.805313,adoption_barriers,,,E5
W4417516841,article,Urban Agriculture through IoT-based Resilient Hydroponic Farming – A Machine Learning Approach,Sushant Kumar Pattnaik; Soumya Ranjan Samal; Shuvabrata Bandopadhaya; Debi Prasad Pradhan; Jitendra Kumar Das; Antoni Ivanov; Vladimir K. Poulkov; Albena Mihovska,2025,https://doi.org/10.13052/jmm1550-4646.2163,https://doi.org/10.13052/jmm1550-4646.2163,River Publishers (Denmark),Journal of Mobile Multimedia,journal,True,1,urban agriculture; hydroponics; nutrient film technique; Internet of Things; smart agriculture; pH prediction; support vector machine; environmental monitoring,BG; IN,experiment|modelling,,,ai_prediction,machine learning hydroponics prediction,AC_ai_prediction_4621,openalex,data/raw/academic/academic_20261007T192501Z/openalex_ai_prediction_machine_learning_hydroponics_prediction.json.gz,2026-10-07T19:25:23Z,36.775864,ai_prediction,,,E5
W4409966948,article,A Low-Cost pH Sensor for Real-Time Monitoring of Aquaculture Systems in a Multi-Layer Wireless Sensor Network,Binta Mohammed Adib Zeta; Sifat U. Alam; Gazi M. E. Rahman; Khawza Iftekhar Uddin Ahmed,2025,https://doi.org/10.3390/s25092824,https://doi.org/10.3390/s25092824,Multidisciplinary Digital Publishing Institute,Sensors,journal,True,3,pH sensor; aquaculture water quality monitoring; wireless sensor networks; electronic calibration; machine learning calibration; temperature compensation; low-cost sensors; real-time monitoring,BD,modelling,,,iot_monitoring,low-cost sensors hydroponics accuracy calibration,AC_iot_monitoring_1718,openalex,data/raw/academic/academic_20261007T192501Z/openalex_iot_monitoring_low-cost_sensors_hydroponics_accuracy_ca.json.gz,2026-10-07T19:25:21Z,36.745815,iot_monitoring,,,E5
W4401109352,article,Smart Urban Agriculture,Anne-Sophie Christmann; Valerie Graf‐Drasch; Ricarda Schäfer,2024,https://doi.org/10.1007/s12599-024-00863-w,https://doi.org/10.1007/s12599-024-00863-w,Springer Nature,Business & Information Systems Engineering,journal,True,9,digital agriculture; organizational readiness; food security; ecosystem services; urban agriculture,DE,unspecified,,,adoption_barriers,urban agriculture hydroponics households motivation,AC_adoption_barriers_8538,openalex,data/raw/academic/academic_20261007T192501Z/openalex_adoption_barriers_urban_agriculture_hydroponics_households.json.gz,2026-10-07T19:25:06Z,36.73454,adoption_barriers,,,E5
W4379932504,article,Pemanfaatan Limbah Rumah Tangga sebagai Sumber Nutrisi dalam Kegiatan Pertanian Urban,Nadia Nuraniya Kamaluddin; Ummu ‘Azizah Halimah; Nanda Aditya Setyawan; Pujawati Suryatmana; Mieke Rochimi Setiawati,2023,https://doi.org/10.24198/mktt.v5i1.44658,http://dx.doi.org/10.24198/mktt.v5i1.44658,Padjadjaran University,Media Kontak Tani Ternak,journal,True,0,household waste; urban agriculture; organic waste; hydroponics; plant nutrition; microorganisms; food security; waste valorization,ID,unspecified,,,adoption_barriers,hidroponik rumah tangga perkotaan,AC_adoption_barriers_6174,openalex,data/raw/academic/academic_20261007T192501Z/openalex_adoption_barriers_hidroponik_rumah_tangga_perkotaan.json.gz,2026-10-07T19:25:08Z,36.68042,adoption_barriers,,,E5
W4391604689,article,Fostering Empowerment of Urban Community Gardening Through Urban Agriculture Initiatives in Malaysia,Nafisah Awang; Suhana Saad; Sarmila Md Sum,2024,https://doi.org/10.6007/ijarbss/v14-i1/20487,https://doi.org/10.6007/ijarbss/v14-i1/20487,Human Resource Management Academic Research Society,International Journal of Academic Research in Business and Social Sciences,journal,True,5,urban agriculture; community gardening; community empowerment; food security; urban poverty; rooftop gardens; vertical farming; hydroponics,MY,unspecified,,,adoption_barriers,urban agriculture hydroponics households motivation,AC_adoption_barriers_8538,openalex,data/raw/academic/academic_20261007T192501Z/openalex_adoption_barriers_urban_agriculture_hydroponics_households.json.gz,2026-10-07T19:25:06Z,36.65545,adoption_barriers,,,E5
W4407040009,article,Pendampingan Budidaya Hidroponik Menggunakan Botol Bekas,Gusmawartati Gusmawartati; Arman Effendi AR; Artica Ria Syafitri; Yola Agnecilya; Yudit Aziz Priyanto; Fajar Arrafi Putera Ansari; Vina Febriyanti,2025,https://doi.org/10.30591/japhb.v8i1.7452,https://doi.org/10.30591/japhb.v8i1.7452,Politeknik Harapan Bersama Tegal,Jurnal Pengabdian Masyarakat Progresif Humanis Brainstorming,journal,True,0,hydroponic vegetable cultivation; orphanage children; nutrition improvement; economic impact of COVID-19,ID,unspecified,,,indonesia_context,hidroponik Indonesia,AC_indonesia_context_5245,openalex,data/raw/academic/academic_20261007T192501Z/openalex_indonesia_context_hidroponik_Indonesia.json.gz,2026-10-07T19:25:47Z,36.58591,indonesia_context,,,E5
W2914292952,article,Opportunities and Challenges of Urban Agriculture for Sustainable City Development,Erwin van Tuijl; Gert‐Jan Hospers; Leo van den Berg,2018,https://doi.org/10.18778/1231-1952.25.2.01,https://doi.org/10.18778/1231-1952.25.2.01,University of Lodz Press,European Spatial Research and Policy,journal,True,76,urban agriculture; sustainable urban development; strategic planning; social benefits; environmental benefits; economic benefits; urban planning; case studies of cities,BE; DE; NL,unspecified,,,adoption_barriers,urban agriculture hydroponics households motivation,AC_adoption_barriers_8538,openalex,data/raw/academic/academic_20261007T192501Z/openalex_adoption_barriers_urban_agriculture_hydroponics_households.json.gz,2026-10-07T19:25:06Z,36.56547,adoption_barriers,,,E5
W7168143713,article,"ARTIFICIAL INTELLIGENCE IN HYDROPONIC VEGETABLE PRODUCTION: SMART MANAGEMENT, SUSTAINABILITY AND CONSUMER-PERCEIVED VALUE",Roberto Lauro Tambasco Júnior; Sergio Souza Novak,2026,https://doi.org/10.47820/recima21.v7i7.8589,https://doi.org/10.47820/recima21.v7i7.8589,,RECIMA21 - Revista Científica Multidisciplinar,journal,True,0,artificial intelligence; hydroponic vegetable production; smart agriculture; nutrient solution monitoring; environmental control; growth prediction; computer vision; irrigation and fertilization,BR,review|experiment|system_development,,,consumer_acceptance,consumer perception hydroponic produce,AC_consumer_acceptance_8690,openalex,data/raw/academic/academic_20261007T192501Z/openalex_consumer_acceptance_consumer_perception_hydroponic_produce.json.gz,2026-10-07T19:25:42Z,36.530697,consumer_acceptance,,,E5
W4408706192,article,Pelatihan Hidroponik Sistem Sederhana Skala Rumah Tangga di Malanu,Lili Sarce Joi Sapari; Dwi Indah Widya Yanti; Edward Clan; Ivonnie Leiwakabessy; Novalian Margaretha Syauta,2024,https://doi.org/10.31004/jh.v4i6.1691,https://doi.org/10.31004/jh.v4i6.1691,Universitas Pahlawan Tuanku Tambusai,Journal of Human and Education (JAHE),journal,True,0,hydroponics; women farmers; housewives; recycled plastic bottles; agricultural training; women's dual roles,ID,unspecified,,,adoption_barriers,hidroponik rumah tangga perkotaan,AC_adoption_barriers_6174,openalex,data/raw/academic/academic_20261007T192501Z/openalex_adoption_barriers_hidroponik_rumah_tangga_perkotaan.json.gz,2026-10-07T19:25:08Z,36.5128,adoption_barriers,,,E5
W7214678984,article,Urban Agriculture's Impact on Household Livelihoods in the Netherlands,Prof. Albert Van Rinsum,2023,https://doi.org/10.47672/aja.1392,https://doi.org/10.47672/aja.1392,,American Journal of Agriculture,journal,True,0,urban agriculture; household livelihoods; state governance; resource competition; waste management; treated wastewater reuse; land use planning; farmer capacity building,NL,review,,,adoption_barriers,urban agriculture hydroponics households motivation,AC_adoption_barriers_8538,openalex,data/raw/academic/academic_20261007T192501Z/openalex_adoption_barriers_urban_agriculture_hydroponics_households.json.gz,2026-10-07T19:25:06Z,36.494583,adoption_barriers,,,E5
W7216480127,article,Strategi Pengembangan Usaha Sayuran Hidroponik di Hidroponik Binjai,Albert Albert; Vitus Dwi Yunianto Budi Ismadi,2025,https://doi.org/10.14710/jpii.2023.23908,https://ejournal2.undip.ac.id/index.php/jpii/article/view/23908,Diponegoro University,Jurnal Profesi Insinyur Indonesia,journal,True,0,hydroponic vegetables; enterprise development strategy; SWOT analysis; aggressive strategy; greenhouse technology; seed supply; financial management,ID,unspecified,,,indonesia_context,hidroponik Indonesia,AC_indonesia_context_5245,openalex,data/raw/academic/academic_20261007T192501Z/openalex_indonesia_context_hidroponik_Indonesia.json.gz,2026-10-07T19:25:47Z,36.448494,indonesia_context,,,E5
W2529361197,article,Achieving environmentally sustainable growing media for soilless plant cultivation systems – A review,G. Barrett; P.D. Alexander; James Stephen Robinson; Neil C. Bragg,2016,https://doi.org/10.1016/j.scienta.2016.09.030,https://doi.org/10.1016/j.scienta.2016.09.030,Elsevier BV,Scientia Horticulturae,journal,True,535,soilless cultivation; growing media; environmental sustainability; renewable materials; organic growing media; material selection; horticultural production systems,GB,review|experiment,,,growing_media_bagasse,biodegradable growing media rockwool alternative,AC_growing_media_bagasse_3627,openalex,data/raw/academic/academic_20261007T192501Z/openalex_growing_media_bagasse_biodegradable_growing_media_rockwool_alt.json.gz,2026-10-07T19:25:30Z,36.446213,growing_media_bagasse,,,E5
W4312777774,article,STRATEGI PEMBERDAYAAN MASYARAKAT MELALUI PELATIHAN HIDROPONIK PADA MASA PENDEMI COVID-19,Dona Wahyuning Laily; Dita Atasa; Prasmita Dian Wijayanti,2022,https://doi.org/10.58406/jpml.v5i1.959,https://doi.org/10.58406/jpml.v5i1.959,Universitas Samawa,Jurnal Pengembangan Masyarakat Lokal,journal,True,1,hydroponics; community empowerment; household income; COVID-19 pandemic; women farmers; home gardening; urban agriculture; smallholder farming,ID,unspecified,,,adoption_barriers,hidroponik rumah tangga perkotaan,AC_adoption_barriers_6174,openalex,data/raw/academic/academic_20261007T192501Z/openalex_adoption_barriers_hidroponik_rumah_tangga_perkotaan.json.gz,2026-10-07T19:25:08Z,36.444828,adoption_barriers,,,E5
W4401927450,article,APPLYING MACHINE LEARNING FOR ENVIRONMENTAL FACTOR PREDICTION ON DESIGNING IOT APPLIED HYDROPONIC SYSTEM,Van-Tinh NGUYEN; Tan-Hoang NGUYEN; Ngoc-Kien Nguyen,2024,https://doi.org/10.35633/inmateh-73-56,https://doi.org/10.35633/inmateh-73-56,,INMATEH Agricultural Engineering,journal,True,2,machine learning; sensor data; temperature prediction; soil moisture prediction; pH prediction; smart agriculture; resource optimization,VN,experiment|modelling,,,ai_prediction,machine learning hydroponics prediction,AC_ai_prediction_4621,openalex,data/raw/academic/academic_20261007T192501Z/openalex_ai_prediction_machine_learning_hydroponics_prediction.json.gz,2026-10-07T19:25:23Z,36.443825,ai_prediction,,,E5
W4409697580,book-chapter,The Rise of Urban Agriculture and Its Implications for Food Systems,Godswill Ntsomboh-Ntsefong,2025,https://doi.org/10.5772/intechopen.1005284,https://doi.org/10.5772/intechopen.1005284,IntechOpen,IntechOpen eBooks,ebook platform,False,0,urban agriculture; food systems; food insecurity; food deserts; community gardens; rooftop farming; food safety; soil contamination,,unspecified,,,adoption_barriers,urban agriculture hydroponics households motivation,AC_adoption_barriers_8538,openalex,data/raw/academic/academic_20261007T192501Z/openalex_adoption_barriers_urban_agriculture_hydroponics_households.json.gz,2026-10-07T19:25:06Z,36.426964,adoption_barriers,,,E4
W4409752651,article,SIMULASI SISTEM KONTROL DAN MONITORING TANAMAN HIDROPONIK BERBARIS ARDUINO MENGGUNAKAN PROTEUS,Rachmat Kasim; Yalon Bu’tu Pagewang; Yusrielvis Remak; Gloria Karolina Pangau,2024,https://doi.org/10.35799/ijids.v3i2.60427,https://doi.org/10.35799/ijids.v3i2.60427,Sam Ratulangi University,Indonesian Journal of Intelligence Data Science,journal,True,0,hydroponics; nutrient film technique; Arduino; Proteus simulation; plant monitoring system; plant control systems; soil moisture sensing; temperature monitoring,ID,system_development,,,adoption_barriers,hidroponik rumah tangga perkotaan,AC_adoption_barriers_6174,openalex,data/raw/academic/academic_20261007T192501Z/openalex_adoption_barriers_hidroponik_rumah_tangga_perkotaan.json.gz,2026-10-07T19:25:08Z,36.422733,adoption_barriers,,,E5
W3014447016,article,Mempelajari hidroponik sistem NFT Mft dalam budidaya sayur hidroponik di balai Pelatihan Pertanian Lampung,Iskandar Zulkarnain; Sekar Ayu Safitri,2019,,http://repository.lppm.unila.ac.id/14562/,,,,False,0,nutrient film technique; hydroponic vegetable cultivation; pump types; electricity supply; operator skill; seedling production; transplanting; plant maintenance,,unspecified,,,indonesia_context,hidroponik Indonesia,AC_indonesia_context_5245,openalex,data/raw/academic/academic_20261007T192501Z/openalex_indonesia_context_hidroponik_Indonesia.json.gz,2026-10-07T19:25:47Z,36.37877,indonesia_context,,,E3
W3043332212,article,What Constraints the Expansion of Urban Agriculture in Benin?,Mawuna Donald Houessou; Mirte van de Louw; Ben G. J. S. Sonneveld,2020,https://doi.org/10.3390/su12145774,https://doi.org/10.3390/su12145774,Multidisciplinary Digital Publishing Institute,Sustainability,journal,True,33,urban agriculture; urban food insecurity; urban gardens; land tenure insecurity; market access; urban inequality; urban planning enforcement; Benin,BJ; NL,review|survey|case_study,,,adoption_barriers,urban agriculture hydroponics households motivation,AC_adoption_barriers_8538,openalex,data/raw/academic/academic_20261007T192501Z/openalex_adoption_barriers_urban_agriculture_hydroponics_households.json.gz,2026-10-07T19:25:06Z,36.358635,adoption_barriers,,,E5
W2580205137,article,(308) Irrigation Strategies for Rockwool-grown Greenhouse Tomatoes,Athanasios P. Papadopoulos; Uttam Kumar Saha; Xuiming Hao; Shalin Khosla,2005,https://doi.org/10.21273/hortsci.40.4.1012a,https://doi.org/10.21273/hortsci.40.4.1012a,American Society for Horticultural Science,HortScience,journal,True,0,rockwool; greenhouse tomato; irrigation strategies; root growth; root diseases; electrical conductivity control; water management; marketable yield,CA,experiment,,,sustainability,rockwool waste environmental impact,AC_sustainability_3284,openalex,data/raw/academic/academic_20261007T192501Z/openalex_sustainability_rockwool_waste_environmental_impact.json.gz,2026-10-07T19:25:35Z,36.33766,sustainability,,,E5
W4404964614,article,CROP YEILD PREDICTION USING MACHINE LEARNING,R. Venkadesh; J Kodiyarasan; Murugan S; Y Moses; J Raguvarman,2024,https://doi.org/10.29121/shodhkosh.v5.i4.2024.2988,https://doi.org/10.29121/shodhkosh.v5.i4.2024.2988,Granthaalayah Publications and Printers,ShodhKosh Journal of Visual and Performing Arts,journal,True,0,crop yield prediction; soil data; soil image analysis; soil nutrient composition; soil moisture; soil texture; soil suitability for crops; crop selection,,modelling,,,ai_prediction,machine learning hydroponics prediction,AC_ai_prediction_4621,openalex,data/raw/academic/academic_20261007T192501Z/openalex_ai_prediction_machine_learning_hydroponics_prediction.json.gz,2026-10-07T19:25:23Z,36.27085,ai_prediction,,,E5
W4414239380,article,Soilless Growing Media for Cannabis Cultivation,Matěj Malík; Pavel Tlustoš,2025,https://doi.org/10.3390/agriculture15181955,https://doi.org/10.3390/agriculture15181955,Multidisciplinary Digital Publishing Institute,Agriculture,journal,True,7,soilless growing media; Cannabis sativa; rockwool; coconut fiber; perlite; vermiculite; expanded clay aggregate; foamed glass,CZ,review|experiment,,,growing_media_bagasse,biodegradable growing media rockwool alternative,AC_growing_media_bagasse_3627,openalex,data/raw/academic/academic_20261007T192501Z/openalex_growing_media_bagasse_biodegradable_growing_media_rockwool_alt.json.gz,2026-10-07T19:25:30Z,36.260105,growing_media_bagasse,,,E5
W2803733813,article,Increasing Household Revenues Through Hydroponic Agricultural as Sustainable Agricultural Efforts,Ni Wayan Suryathi; Ni Made Delly Resiani,2017,https://doi.org/10.22225/seas.1.2.401.69-75,https://doi.org/10.22225/seas.1.2.401.69-75,Warmadewa University,SEAS (Sustainable Environment Agricultural Science),journal,True,3,hydroponics; household income; sustainable agriculture; technology transfer; vegetable production; kale; lettuce; initial investment,,survey|case_study,,,adoption_barriers,urban agriculture hydroponics households motivation,AC_adoption_barriers_8538,openalex,data/raw/academic/academic_20261007T192501Z/openalex_adoption_barriers_urban_agriculture_hydroponics_households.json.gz,2026-10-07T19:25:06Z,36.247635,adoption_barriers,,,E5
W4376287469,article,End-user perspective of low-cost sensors for urban stormwater monitoring: a review,Qingchuan Zhu; Frédéric Cherqui; Jean-Luc Bertrand-Krajewski,2023,https://doi.org/10.2166/wst.2023.142,https://doi.org/10.2166/wst.2023.142,Pergamon Press,Water Science & Technology,journal,True,16,low-cost sensors; sensor performance assessment; sensor calibration; open-source hardware; Arduino; water quality monitoring; turbidity; soil moisture,FR,review|system_development,,,iot_monitoring,low-cost sensors hydroponics accuracy calibration,AC_iot_monitoring_1718,openalex,data/raw/academic/academic_20261007T192501Z/openalex_iot_monitoring_low-cost_sensors_hydroponics_accuracy_ca.json.gz,2026-10-07T19:25:21Z,36.188477,iot_monitoring,,,E5
W4383739669,article,HIDROPONIK BASKOM BAGI KAUM PEREMPUAN RAYON 12 GMIT POHONITAS KOTA KUPANG,Elsy Elisabet Hangge; Andi Kumalawati; Judi K. Nasjono; Dantje A. T. Sina,2021,https://doi.org/10.35508/jpkmlppm.v15i2.6050,http://dx.doi.org/10.35508/jpkmlppm.v15i2.6050,University of Nusa Cendana,Buletin Lembaga Pengabdian pada Masyarakat Universitas Nusa Cendana,journal,True,0,hydroponics; urban agriculture; limited land use; vegetable production; household food security; women's empowerment; COVID-19 pandemic; community partnerships,ID,unspecified,,,adoption_barriers,hidroponik rumah tangga perkotaan,AC_adoption_barriers_6174,openalex,data/raw/academic/academic_20261007T192501Z/openalex_adoption_barriers_hidroponik_rumah_tangga_perkotaan.json.gz,2026-10-07T19:25:08Z,36.063263,adoption_barriers,,,E5
W4319597853,article,"A Review of Hydroponics and Conventional Agriculture Based on Energy and Water Consumption, Environmental Impact, and Land Use",Dimitra I. Pomoni; Maria K. Koukou; Michail Gr. Vrachopoulos; Labros Vasiliadis,2023,https://doi.org/10.3390/en16041690,https://doi.org/10.3390/en16041690,Multidisciplinary Digital Publishing Institute,Energies,journal,True,180,hydroponics; conventional farming; soilless cultivation; water consumption; energy consumption; environmental impact; land use efficiency; greenhouse gas emissions,GR,review,,,adoption_barriers,home hydroponics consumer adoption,AC_adoption_barriers_1957,openalex,data/raw/academic/academic_20261007T192501Z/openalex_adoption_barriers_home_hydroponics_consumer_adoption.json.gz,2026-10-07T19:25:04Z,36.0561,adoption_barriers,,,E5
W4412449514,article,Influence of heat insulation on temperature and moisture variations in municipal solid waste landfills under diverse environmental conditions,Emmanuella Stephanie Widjaja; Vivi Anggraini; I.M.S.K. Ilankoon; Pooria Pasbakhsh,2025,https://doi.org/10.1016/j.tsep.2025.103852,https://doi.org/10.1016/j.tsep.2025.103852,Elsevier BV,Thermal Science and Engineering Progress,journal,True,0,municipal solid waste landfill; rockwool; insulation thickness; landfill liner integrity; leachate production; landfill gas collection; heat mitigation,AU; MY,experiment|modelling,,,sustainability,rockwool waste environmental impact,AC_sustainability_3284,openalex,data/raw/academic/academic_20261007T192501Z/openalex_sustainability_rockwool_waste_environmental_impact.json.gz,2026-10-07T19:25:35Z,36.05159,sustainability,,,E5
W4405421355,article,Microgreens: Acceptance and Perception of Consumers,Kritika Rawat; A. N. Pahuja; Russell Sharma; Monika Jain,2024,https://doi.org/10.56093/aaz.v63i4.147908,https://doi.org/10.56093/aaz.v63i4.147908,,Annals of Arid Zone,journal,True,7,microgreens; consumer perception; consumer acceptance; consumer awareness; sensory evaluation; barriers to purchase; health benefits; gut health,IN,survey,100 respondents,,consumer_acceptance,consumer perception hydroponic produce,AC_consumer_acceptance_8690,openalex,data/raw/academic/academic_20261007T192501Z/openalex_consumer_acceptance_consumer_perception_hydroponic_produce.json.gz,2026-10-07T19:25:42Z,35.910774,consumer_acceptance,,,E5
W4386701945,article,"Influence of knowledge, attitude and practices of consumers on the consumption of hydroponically grown fruits and vegetables in Kiambu County, Kenya",Rhodah Nekesa; Lucy Gicuku Njue; George Ooko Abong,2023,https://doi.org/10.37425/eajsti.v4i.739,https://doi.org/10.37425/eajsti.v4i.739,,East African Journal of Science Technology and Innovation,journal,True,6,hydroponics; food consumption frequency; food safety knowledge; nutrition education; sustainable farming systems; sociodemographic factors; Kiambu County,KE,survey|modelling|case_study,,,consumer_acceptance,consumer perception hydroponic produce,AC_consumer_acceptance_8690,openalex,data/raw/academic/academic_20261007T192501Z/openalex_consumer_acceptance_consumer_perception_hydroponic_produce.json.gz,2026-10-07T19:25:42Z,35.82675,consumer_acceptance,,,E5
W4401396508,article,Design and Development of Automated Nutrient Regulation System for Hydroponics Unit,Rana Prathap; K. Krupavathi; K. Madhusudhan Reddy; Ashok Kumar,2024,https://doi.org/10.60151/envec/qzyl9116,http://doi.org/10.60151/envec/qzyl9116,MKK Publication,Environment and Ecology,journal,True,1,hydroponics; nutrient solution; pH control; total dissolved solids; Arduino Uno; solenoid valve; pH sensor; TDS sensor,,experiment|system_development,,,iot_monitoring,low-cost sensors hydroponics accuracy calibration,AC_iot_monitoring_1718,openalex,data/raw/academic/academic_20261007T192501Z/openalex_iot_monitoring_low-cost_sensors_hydroponics_accuracy_ca.json.gz,2026-10-07T19:25:21Z,35.760147,iot_monitoring,,,E5
W4361022840,article,Automated Hydroponics System,Palash Agrawal; Sankalp Bhagwate; Dhruv Singhaniya; Aditi Tamrakar; Prof. Puja S. Agrawal,2023,https://doi.org/10.22214/ijraset.2023.49606,https://doi.org/10.22214/ijraset.2023.49606,International Journal for Research in Applied Science and Engineering Technology (IJRASET),International Journal for Research in Applied Science and Engineering Technology,journal,True,7,deep water culture; nutrient film technique; electrical conductivity control; pH control; microcontroller; nutrient supply; plant growth,,modelling,,,ai_prediction,machine learning hydroponics prediction,AC_ai_prediction_4621,openalex,data/raw/academic/academic_20261007T192501Z/openalex_ai_prediction_machine_learning_hydroponics_prediction.json.gz,2026-10-07T19:25:23Z,35.7485,ai_prediction,,,E5
W4410236898,article,Investment Feasibility of Hydroponic Farming: Analysing the Return on Investment (ROI) Compared to Traditional Farming,Shakeela Banu C; T Akshaya; M. Akshaya; Amisha Prabhu N; Akshith B.E; Ganta Chandra Sekhar; Amatoor Rahman,2025,https://doi.org/10.38124/ijisrt/25may163,https://doi.org/10.38124/ijisrt/25may163,,,,False,0,hydroponics; return on investment; investment feasibility; stakeholder perspectives; investment risk; government subsidies; water scarcity; pesticide-free produce,IN,survey,,,consumer_acceptance,consumer perception hydroponic produce,AC_consumer_acceptance_8690,openalex,data/raw/academic/academic_20261007T192501Z/openalex_consumer_acceptance_consumer_perception_hydroponic_produce.json.gz,2026-10-07T19:25:42Z,35.734684,consumer_acceptance,,,E3
W4410232497,article,Hidroponik Sistem Rakit Apung Solusi Urban Farming di Kota Surakarta,Avisema Sigit Saputro; Sumarmi Sumarmi,2025,https://doi.org/10.22236/solma.v14i1.17870,https://doi.org/10.22236/solma.v14i1.17870,Universitas Muhammadiyah Prof Dr Hamka,Jurnal SOLMA,journal,True,0,floating raft hydroponics; urban agriculture; home vegetable cultivation; PKK women's groups; Surakarta; community training,ID,unspecified,,,adoption_barriers,hidroponik rumah tangga perkotaan,AC_adoption_barriers_6174,openalex,data/raw/academic/academic_20261007T192501Z/openalex_adoption_barriers_hidroponik_rumah_tangga_perkotaan.json.gz,2026-10-07T19:25:08Z,35.52924,adoption_barriers,,,E5
W4289646160,article,intelligent crop growth monitoring system using IoT and machine learning,Manoj D. Tambakhe; Vijay S. Gulhane,2022,https://doi.org/10.53730/ijhs.v6ns8.9686,https://doi.org/10.53730/ijhs.v6ns8.9686,,International Journal of Health Sciences,journal,True,6,crop growth monitoring; hydroponics; Internet of Things; machine learning; random forest; support vector regression; regression trees; LASSO,,modelling,,,ai_prediction,machine learning hydroponics prediction,AC_ai_prediction_4621,openalex,data/raw/academic/academic_20261007T192501Z/openalex_ai_prediction_machine_learning_hydroponics_prediction.json.gz,2026-10-07T19:25:23Z,35.437103,ai_prediction,,,E5
W4411840979,article,"Pemberdayaan Masyarakat Melalui Urban Farming Hidroponik dan Eco-Enzyme untuk Ketahanan Pangan dan Pengelolaan Limbah di Kelurahan Bendan Ngisor, Kota Semarang",Apri Kuntariningsih; Andhy Supriyadi,2025,https://doi.org/10.31004/jerkin.v3i4.1200,https://doi.org/10.31004/jerkin.v3i4.1200,Universitas Pahlawan Tuanku Tambusai,Jurnal Pengabdian Masyarakat dan Riset Pendidikan,journal,True,1,urban agriculture; hydroponics; eco-enzyme; household organic waste; food security; waste management; community empowerment; liquid organic fertilizer,,unspecified,,,adoption_barriers,hidroponik rumah tangga perkotaan,AC_adoption_barriers_6174,openalex,data/raw/academic/academic_20261007T192501Z/openalex_adoption_barriers_hidroponik_rumah_tangga_perkotaan.json.gz,2026-10-07T19:25:08Z,35.429237,adoption_barriers,,,E5
W4400680106,article,Interplay of Fogponics and Artificial Intelligence for Potential Application in Controlled Space Farming,Newton John Suganob; Carey Louise Arroyo; Ronnie Concepcion,2024,https://doi.org/10.3390/agriengineering6030126,https://doi.org/10.3390/agriengineering6030126,Multidisciplinary Digital Publishing Institute,AgriEngineering,journal,True,14,artificial intelligence; space agriculture; microgravity; soilless cultivation; aeroponics; hydroponics; fertigation; closed-loop systems,PH,review,,,ai_prediction,artificial intelligence hydroponic anomaly detection,AC_ai_prediction_4917,openalex,data/raw/academic/academic_20261007T192501Z/openalex_ai_prediction_artificial_intelligence_hydroponic_anoma.json.gz,2026-10-07T19:25:24Z,35.378517,ai_prediction,,,E5
W4207062139,article,effect of marketing mix and consumer behavior on the decision to purchase hydroponic vegetables,Anang Widodo; Ahsin Daroini; Supriyono Supriyono; Ratna Dewi Mulyaningtiyas,2022,https://doi.org/10.53730/ijssh.v6n1.3149,https://doi.org/10.53730/ijssh.v6n1.3149,,International Journal of Social Sciences and Humanities,journal,True,3,marketing mix; consumer behavior; purchase decision; hydroponic vegetables; product; price; promotion; place,ID,survey|modelling|case_study,50 respondents,,consumer_acceptance,consumer perception hydroponic produce,AC_consumer_acceptance_8690,openalex,data/raw/academic/academic_20261007T192501Z/openalex_consumer_acceptance_consumer_perception_hydroponic_produce.json.gz,2026-10-07T19:25:42Z,35.25823,consumer_acceptance,,,E5
W7202039873,article,"Are Italian consumers afraid of hydroponic agriculture? The role of food technology Neophobia, information, and dietary habits",Federica Cantoni; Elena Radicioni; Fabio Boncinelli,2026,https://doi.org/10.1016/j.foodqual.2026.106076,https://doi.org/10.1016/j.foodqual.2026.106076,Elsevier BV,Food Quality and Preference,journal,True,0,hydroponics; food technology neophobia; consumer acceptance; willingness to pay; hydroponic lettuce; consumer information; environmental information; health information,IT,survey|experiment,,,consumer_acceptance,consumer perception hydroponic produce,AC_consumer_acceptance_8690,openalex,data/raw/academic/academic_20261007T192501Z/openalex_consumer_acceptance_consumer_perception_hydroponic_produce.json.gz,2026-10-07T19:25:42Z,35.24201,consumer_acceptance,,,E5
W4411697847,article,Hydroponics: An intensified system of crop production,Akshay Satishrao Bayskar; Anita B. Chorey; A. A. Mohod; S.P. Bobate; S. V. Thombre; C. R. Nichal; M. M. Ganvir,2025,https://doi.org/10.21276/aatccreview.2025.13.02.133,https://doi.org/10.21276/aatccreview.2025.13.02.133,,Agriculture Association of Textile Chemical and Critical Reviews,journal,True,0,hydroponics; vertical farming; soilless cultivation; food security; climate-resilient agriculture; agricultural intensification; water conservation; algal growth control,IN,unspecified,,,ai_prediction,machine learning hydroponics prediction,AC_ai_prediction_4621,openalex,data/raw/academic/academic_20261007T192501Z/openalex_ai_prediction_machine_learning_hydroponics_prediction.json.gz,2026-10-07T19:25:23Z,35.217308,adoption_barriers|ai_prediction,,,E5
W156401883,article,Fresh Bytes - Connected Hydroponics for Small-Scale Growing,Jack Bowen,2014,,https://digitalcommons.calpoly.edu/laessp/39,California State Polytechnic University,DigitalCommons - CalPoly (California State Polytechnic University),repository,False,0,hydroponics; aquaponics; home gardening; microcomputers; sensors; pH monitoring; nutrient monitoring; chemical monitoring,,system_development,,,iot_monitoring,low-cost sensors hydroponics accuracy calibration,AC_iot_monitoring_1718,openalex,data/raw/academic/academic_20261007T192501Z/openalex_iot_monitoring_low-cost_sensors_hydroponics_accuracy_ca.json.gz,2026-10-07T19:25:21Z,35.18829,iot_monitoring,,,E3
W2989224449,article,MELIRIK HIDROPONIK SAYURAN SEGAR SKALA RUMAH TANGGA SEBAGAI PELUANG USAHA,Hommy Dorthy Ellyany Sinaga; Novica Irawati,2018,https://doi.org/10.33330/jurdimas.v1i1.385,https://doi.org/10.33330/jurdimas.v1i1.385,,Jurdimas (Jurnal Pengabdian Kepada Masyarakat) Royal,journal,True,2,hydroponics; wick system; water spinach; kangkung; home vegetable cultivation; entrepreneurship; women's empowerment; household income,,unspecified,,,adoption_barriers,hidroponik rumah tangga perkotaan,AC_adoption_barriers_6174,openalex,data/raw/academic/academic_20261007T192501Z/openalex_adoption_barriers_hidroponik_rumah_tangga_perkotaan.json.gz,2026-10-07T19:25:08Z,34.971226,adoption_barriers,,,E5
W2585772577,article,Commercial Aquaponics Approaching the European Market: To Consumers’ Perceptions of Aquaponics Products in Europe,Vesna Miličić; Ragnheidur Inga Thorarinsdottir; Dos Santos; Maja Hančič,2017,https://doi.org/10.3390/w9020080,https://doi.org/10.3390/w9020080,Multidisciplinary Digital Publishing Institute,Water,journal,True,89,aquaponics; consumer perception; consumer acceptance; willingness to pay; organic certification; consumer awareness; customer segmentation,IS; PT; SI,survey,,,consumer_acceptance,consumer perception hydroponic produce,AC_consumer_acceptance_8690,openalex,data/raw/academic/academic_20261007T192501Z/openalex_consumer_acceptance_consumer_perception_hydroponic_produce.json.gz,2026-10-07T19:25:42Z,34.956535,consumer_acceptance,,,E5
W2082284393,article,Recycling Agave Bagasse of the Tequila Industry,C. G. Iñiguez; C. J. J. Bernal; Megan Ramirez; N. J. Villalvazo,2014,https://doi.org/10.4236/aces.2014.42016,https://doi.org/10.4236/aces.2014.42016,Scientific Research Publishing,Advances in Chemical Engineering and Science,journal,True,20,agave bagasse; tequila industry; animal feed; compound materials; hydroponic vegetable cultivation; biosolids treatment; vinasse; slaughterhouse waste,MX,review,,,growing_media_bagasse,bagasse substrate hydroponic,AC_growing_media_bagasse_9233,openalex,data/raw/academic/academic_20261007T192501Z/openalex_growing_media_bagasse_bagasse_substrate_hydroponic.json.gz,2026-10-07T19:25:29Z,34.864956,growing_media_bagasse,,,E5
W7155706522,article,From Code to Crop: Smart Hydroponics for Tomorrow’s Cities,Joy Samadder; Jadav Chandra Das,2026,https://doi.org/10.29292/jics.v21i1.1139,https://doi.org/10.29292/jics.v21i1.1139,Sociedade Brasileira de Microeletrônica,Journal of Integrated Circuits and Systems,journal,True,0,hydroponics; indoor cultivation; vertical farming; ESP32 microcontroller; Internet of Things; cloud-based monitoring; sensor data acquisition; remote monitoring,IN,unspecified,,,iot_monitoring,low-cost sensors hydroponics accuracy calibration,AC_iot_monitoring_1718,openalex,data/raw/academic/academic_20261007T192501Z/openalex_iot_monitoring_low-cost_sensors_hydroponics_accuracy_ca.json.gz,2026-10-07T19:25:21Z,34.576984,iot_monitoring,,,E5
W1989797105,article,Edible mushroom Pleurotus sajor-caju production on washed and supplemented sugarcane bagasse,Evelise Moncaio Moda; Jorge Horii; Marta Helena Fillet Spoto,2005,https://doi.org/10.1590/s0103-90162005000200006,https://doi.org/10.1590/s0103-90162005000200006,University of São Paulo,Scientia Agricola,journal,True,82,Pleurotus sajor-caju; edible mushroom cultivation; sugarcane bagasse; substrate supplementation; corn grits; nutrient solution; biological efficiency; substrate contamination,BR,experiment,,,growing_media_bagasse,bagasse substrate hydroponic,AC_growing_media_bagasse_9233,openalex,data/raw/academic/academic_20261007T192501Z/openalex_growing_media_bagasse_bagasse_substrate_hydroponic.json.gz,2026-10-07T19:25:29Z,34.57411,growing_media_bagasse,,,E5
W2903304876,article,Roselle (Hibiscus sabdariffa L.) cultivars calyx produced hydroponically: Physicochemical and nutricional quality,Jeny Hinojosa-Gómez; César San-Martín-Hernández; J. Basilio Heredia; Josefina León‐Félix; Tomás Osuna‐Enciso; María Dolores Muy‐Rangel,2018,https://doi.org/10.4067/s0718-58392018000400478,https://doi.org/10.4067/s0718-58392018000400478,"Instituto de Investigaciones Agropecuarias, INIA",Chilean journal of agricultural research,journal,True,14,Hibiscus sabdariffa; calyx; cultivar differences; hydroponics; greenhouse cultivation; nutraceutical quality; mineral composition; total phenolic content,MX,experiment,,,consumer_acceptance,consumer perception hydroponic produce,AC_consumer_acceptance_8690,openalex,data/raw/academic/academic_20261007T192501Z/openalex_consumer_acceptance_consumer_perception_hydroponic_produce.json.gz,2026-10-07T19:25:42Z,34.529716,consumer_acceptance,,,E5
W4411191321,article,Future farming in water: A comprehensive review on hydroponics,Aurobinda Behera; Anita Mohanty; Pradyumna Tripathy; Sunil Kumar Dash; Sunita Dhar; Disha Baisnabi; Akash Kumar Parida; Gracy Lakra,2025,https://doi.org/10.33545/26174693.2025.v9.i6c.4512,https://doi.org/10.33545/26174693.2025.v9.i6c.4512,,International Journal of Advanced Biochemistry Research,journal,True,2,hydroponics; urban agriculture; vertical farming; nutrient film technique; deep water culture; aeroponics; water scarcity; water conservation,IN,review|experiment,,,adoption_barriers,home hydroponics consumer adoption,AC_adoption_barriers_1957,openalex,data/raw/academic/academic_20261007T192501Z/openalex_adoption_barriers_home_hydroponics_consumer_adoption.json.gz,2026-10-07T19:25:04Z,34.476498,adoption_barriers,,,E5
W3042406704,article,Hydroponic— The Future of Farming,Neha Dubey; Vaibhav Nain,2020,https://doi.org/10.22161/ijeab.54.2,https://doi.org/10.22161/ijeab.54.2,Infogain Publication,International Journal of Environment Agriculture and Biotechnology,journal,True,25,hydroponics; soilless cultivation; water conservation,IN,unspecified,,,beginner_knowledge,hydroponic system failure causes,AC_beginner_knowledge_4550,openalex,data/raw/academic/academic_20261007T192501Z/openalex_beginner_knowledge_hydroponic_system_failure_causes.json.gz,2026-10-07T19:25:10Z,34.45564,beginner_knowledge,,,E5
W4412877975,article,Implementasi Sistem Hidroponik di Lingkungan Kelurahan Ubung,I Putu Eka Sudartana; Ida Bagus Gede Agung Yoga Pramana,2025,https://doi.org/10.54082/jamsi.1824,https://doi.org/10.54082/jamsi.1824,,Jurnal Abdi Masyarakat Indonesia,journal,True,0,hydroponics; deep flow technique; urban agriculture; food security; limited land; community participation; household food production; vegetable production,ID,unspecified,,,adoption_barriers,hidroponik rumah tangga perkotaan,AC_adoption_barriers_6174,openalex,data/raw/academic/academic_20261007T192501Z/openalex_adoption_barriers_hidroponik_rumah_tangga_perkotaan.json.gz,2026-10-07T19:25:08Z,34.4355,adoption_barriers,,,E5
W7219890597,article,HYDROPONICS: THE AGRICULTURE OF THE FUTURE AND ITS LOGISTICAL CHALLENGES,Ia Goderdzishvili; Maia Azmaiparashvili; Vakho Mirotadze,2026,https://doi.org/10.36074/grail-of-science.03.07.2026.007,https://doi.org/10.36074/grail-of-science.03.07.2026.007,,ГРААЛЬ НАУКИ,journal,True,0,hydroponics; nutrient solution; nutrient film technique; deep water culture; ebb and flow irrigation; vertical farming; greenhouse cultivation; water saving,GE,unspecified,,,adoption_barriers,home hydroponics consumer adoption,AC_adoption_barriers_1957,openalex,data/raw/academic/academic_20261007T192501Z/openalex_adoption_barriers_home_hydroponics_consumer_adoption.json.gz,2026-10-07T19:25:04Z,34.405457,adoption_barriers,,,E5
W4313297273,article,Sustainability Framing of Controlled Environment Agriculture and Consumer Perceptions: A Review,Caixia Ivy Gan; Ruth Soukoutou; Denise Maria Conroy,2022,https://doi.org/10.3390/su15010304,https://doi.org/10.3390/su15010304,Multidisciplinary Digital Publishing Institute,Sustainability,journal,True,45,controlled environment agriculture; vertical farming; sustainability framing; consumer perception; consumer acceptance; sustainable food systems; agri-food technology; climate change and food security,NZ,review,,,consumer_acceptance,consumer perception hydroponic produce,AC_consumer_acceptance_8690,openalex,data/raw/academic/academic_20261007T192501Z/openalex_consumer_acceptance_consumer_perception_hydroponic_produce.json.gz,2026-10-07T19:25:42Z,34.34998,consumer_acceptance,,,E5
W4363672356,article,Hydroponic Farming,Vyshnavi; S - Asha; Sanjana Agarwal -; Chinmay S Jain; Harshit Dubey -,2023,https://doi.org/10.36948/ijfmr.2023.v05i02.2286,https://doi.org/10.36948/ijfmr.2023.v05i02.2286,,International Journal For Multidisciplinary Research,journal,True,5,hydroponics; crop yield; water conservation; pesticide reduction; soilless cultivation; initial investment cost; electricity dependence,IN,review,,,beginner_knowledge,hydroponic system failure causes,AC_beginner_knowledge_4550,openalex,data/raw/academic/academic_20261007T192501Z/openalex_beginner_knowledge_hydroponic_system_failure_causes.json.gz,2026-10-07T19:25:10Z,34.341858,beginner_knowledge,,,E5
W4405382094,article,Analisis Keuntungan Usahatani Selada Hidroponik di Kabupaten Banjar (Studi Kasus Usahatani Hidroponik Hydrosukses),Nur Prasyetiyo; Kamiliah Wilda; Djoko Budi Santoso,2023,https://doi.org/10.20527/frontbiz.v7i2.9407,https://doi.org/10.20527/frontbiz.v7i2.9407,Lambung Mangkurat University,Frontier Agribisnis,journal,True,0,farm profitability; production costs; farm income; urban agriculture; electricity supply; seed supply; weather uncertainty; Banjar Regency,,unspecified,,,adoption_barriers,hidroponik rumah tangga perkotaan,AC_adoption_barriers_6174,openalex,data/raw/academic/academic_20261007T192501Z/openalex_adoption_barriers_hidroponik_rumah_tangga_perkotaan.json.gz,2026-10-07T19:25:08Z,34.25058,adoption_barriers,,,E5
W2462623364,article,Growth responses of hydroponic green fodder system and Fusarium oxysporum to external supply of mycolytic enzymes applied on seaweed bagasse as carrier,B. J. Torres Garcia; C; Martiacute nez Hernaacute ndez; Jl; ML Hernaacute ndez Hernaacute ndez; MM Murillo Soto; Segura Ceniceros; EP,2013,https://doi.org/10.5897/ajmr2012.2326,https://doi.org/10.5897/ajmr2012.2326,Academic Journals,African Journal of Microbiology Research,journal,True,0,"hydroponic green fodder; Fusarium oxysporum; chitinase; β-1,3-glucanase; enzyme immobilization; antifungal activity; fungal contamination; wheat grain",MX,experiment,,,growing_media_bagasse,bagasse substrate hydroponic,AC_growing_media_bagasse_9233,openalex,data/raw/academic/academic_20261007T192501Z/openalex_growing_media_bagasse_bagasse_substrate_hydroponic.json.gz,2026-10-07T19:25:29Z,34.085976,growing_media_bagasse,,,E5
W4398348350,article,Transition to cellular and hydroponic agriculture: A necessary response to climate change,Mikhail Krasnyansky,2024,https://doi.org/10.1002/moda.26,https://doi.org/10.1002/moda.26,Wiley,Modern Agriculture,journal,True,1,cellular agriculture; hydroponics; climate change adaptation; sustainable agriculture; agricultural water use; arable land loss; livestock methane emissions; agricultural subsidies,UA,experiment,,,adoption_barriers,hydroponic adoption barriers,AC_adoption_barriers_3991,openalex,data/raw/academic/academic_20261007T192501Z/openalex_adoption_barriers_hydroponic_adoption_barriers.json.gz,2026-10-07T19:25:03Z,34.08417,adoption_barriers,,,E5
W4306964297,article,The Use of PGPB to Promote Plant Hydroponic Growth,Ashley A. Stegelmeier; Danielle M. Rose; Benjamin R. Joris; Bernard R. Glick,2022,https://doi.org/10.3390/plants11202783,https://doi.org/10.3390/plants11202783,Multidisciplinary Digital Publishing Institute,Plants,journal,True,91,plant growth-promoting bacteria; hydroponics; soilless cultivation; crop yield improvement; nutrient uptake; plant hormones; biological control; vertical farming,CA,review|experiment,,,beginner_knowledge,hydroponic system failure causes,AC_beginner_knowledge_4550,openalex,data/raw/academic/academic_20261007T192501Z/openalex_beginner_knowledge_hydroponic_system_failure_causes.json.gz,2026-10-07T19:25:10Z,33.860153,beginner_knowledge,,,E5
W4405530358,article,Utilising artificial intelligence for cultivating decorative plants,Nurdana Nurtaevna Salybekova; Gani Issayev; Aikerim Serzhanova; Valery Mikhailov,2024,https://doi.org/10.1186/s40529-024-00445-9,https://doi.org/10.1186/s40529-024-00445-9,Springer Science+Business Media,Botanical studies,journal,True,7,artificial intelligence; tulip cultivation; greenhouse cultivation; recurrent neural networks; tulip varieties; ornamental plants; greenhouse monitoring,KZ; RU,experiment|modelling,,,ai_prediction,artificial intelligence hydroponic anomaly detection,AC_ai_prediction_4917,openalex,data/raw/academic/academic_20261007T192501Z/openalex_ai_prediction_artificial_intelligence_hydroponic_anoma.json.gz,2026-10-07T19:25:24Z,33.759342,ai_prediction,,,E5
W4416021456,article,Developing an Integrated AI Model for Predictive Maintenance in Hydroponics,Sanay Dhote,2025,https://doi.org/10.36948/ijfmr.2025.v07i06.59922,https://doi.org/10.36948/ijfmr.2025.v07i06.59922,,International Journal For Multidisciplinary Research,journal,True,0,predictive maintenance; hydroponics; yield prediction; nutrient monitoring; electrical conductivity; pH; environmental monitoring; sensor data,,modelling,,,iot_monitoring,low-cost sensors hydroponics accuracy calibration,AC_iot_monitoring_1718,openalex,data/raw/academic/academic_20261007T192501Z/openalex_iot_monitoring_low-cost_sensors_hydroponics_accuracy_ca.json.gz,2026-10-07T19:25:21Z,33.58466,iot_monitoring,,,E5
W4313681459,article,"Comprehensive Review of Aquaponic, Hydroponic, and Recirculating Aquaculture Systems",Manimozhi Rajalakshmi; Valsa Remony Manoj; Hima Manoj,2022,https://doi.org/10.18006/2022.10(6).1266.1289,https://doi.org/10.18006/2022.10(6).1266.1289,,Journal of Experimental Biology and Agricultural Sciences,journal,True,16,aquaponics; hydroponics; recirculating aquaculture system; vegetable production; fish production; resource efficiency; water management; crop yield,IN,unspecified,,,beginner_knowledge,hydroponic system failure causes,AC_beginner_knowledge_4550,openalex,data/raw/academic/academic_20261007T192501Z/openalex_beginner_knowledge_hydroponic_system_failure_causes.json.gz,2026-10-07T19:25:10Z,33.56696,beginner_knowledge,,,E5
W4407844035,article,The Role of Hydroponics in Sustainable Agriculture and Water Conservation in India,Navaneetha Kumar,2025,https://doi.org/10.55041/ijsrem41743,https://doi.org/10.55041/ijsrem41743,,INTERANTIONAL JOURNAL OF SCIENTIFIC RESEARCH IN ENGINEERING AND MANAGEMENT,journal,True,0,hydroponics; sustainable agriculture; water conservation; soilless cultivation; water scarcity; food security; India; urban agriculture,IN,unspecified,,,adoption_barriers,home hydroponics consumer adoption,AC_adoption_barriers_1957,openalex,data/raw/academic/academic_20261007T192501Z/openalex_adoption_barriers_home_hydroponics_consumer_adoption.json.gz,2026-10-07T19:25:04Z,33.529015,adoption_barriers,,,E5
W3013221902,article,Indoor Gardening with Hydroponics: A Reddit Community Analysis to Identify Knowledge Gaps,Elisa Solis-Toapanta; Andrei Kirilenko; Celina Gómez,2020,https://doi.org/10.21273/horttech04574-20,https://doi.org/10.21273/horttech04574-20,American Society for Horticultural Science,HortTechnology,journal,True,16,hydroponics; indoor gardening; Reddit; online communities; misinformation; knowledge gaps; plant growth lighting; nutrient solution management,US,unspecified,,,adoption_barriers,home hydroponics consumer adoption,AC_adoption_barriers_1957,openalex,data/raw/academic/academic_20261007T192501Z/openalex_adoption_barriers_home_hydroponics_consumer_adoption.json.gz,2026-10-07T19:25:04Z,33.35342,adoption_barriers,,,E5
W2345809115,article,Biocompatibility of Wheat and Tomato in a Dual Culture Hydroponic System,Andrew C. Schuerger; Philip D. Laible,1994,https://doi.org/10.21273/hortsci.29.10.1164,https://doi.org/10.21273/hortsci.29.10.1164,American Society for Horticultural Science,HortScience,journal,True,13,wheat; tomato; intercropping; allelopathy; plant growth; crop yield; tillering; grain yield,US,experiment,,,beginner_knowledge,hydroponic system failure causes,AC_beginner_knowledge_4550,openalex,data/raw/academic/academic_20261007T192501Z/openalex_beginner_knowledge_hydroponic_system_failure_causes.json.gz,2026-10-07T19:25:10Z,33.28309,beginner_knowledge,,,E5
W3189244874,article,Designing Low-Cost Capacitive-Based Soil Moisture Sensor and Smart Monitoring Unit Operated by Solar Cells for Greenhouse Irrigation Management,Abdelaziz Mohamed Okasha; Hasnaa G. Ibrahim; Adel H. Elmetwalli; Khaled Mohamed Khedher; Zaher Mundher Yaseen‬‬‬‬‬‬‬‬‬‬‬‬‬‬‬‬; Salah Elsayed,2021,https://doi.org/10.3390/s21165387,https://doi.org/10.3390/s21165387,Multidisciplinary Digital Publishing Institute,Sensors,journal,True,54,soil moisture sensors; capacitive sensors; low-cost sensors; solar photovoltaic power; greenhouse irrigation; irrigation scheduling; soil volumetric water content; sensor calibration,EG; IQ; SA; TN; TW,unspecified,,,iot_monitoring,low-cost sensors hydroponics accuracy calibration,AC_iot_monitoring_1718,openalex,data/raw/academic/academic_20261007T192501Z/openalex_iot_monitoring_low-cost_sensors_hydroponics_accuracy_ca.json.gz,2026-10-07T19:25:21Z,33.080776,iot_monitoring,,,E5
W4366609822,article,Hydroponic Capital: Socionatural Innovation and the Intensification of Glasshouse Agrifood Production,Adrian Smith,2023,https://doi.org/10.1080/00130095.2023.2196004,https://doi.org/10.1080/00130095.2023.2196004,Taylor & Francis,Economic Geography,journal,True,8,hydroponics; knowledge regimes; technological innovation; labor rationalization; capital circulation; food security; plant pathology; political economy of agriculture,GB,unspecified,,,adoption_barriers,hydroponic adoption barriers,AC_adoption_barriers_3991,openalex,data/raw/academic/academic_20261007T192501Z/openalex_adoption_barriers_hydroponic_adoption_barriers.json.gz,2026-10-07T19:25:03Z,33.07949,adoption_barriers,,,E5
W4385792859,article,Understanding the Perceptions of Small-Scale Farmers Towards Hydroponics: A Thematic Analysis,Marie Stephanie E. Velasco; Hannah Joy A. Lanot; Jerson M. Robles; Kyla Mae D. Sacriz; Marianne B. Temporal; Eleonor R. Basilio,2023,https://doi.org/10.55151/ijeedu.v5i2.112,https://doi.org/10.55151/ijeedu.v5i2.112,,International Journal of Environment Engineering and Education,journal,True,3,hydroponics; smallholder farmers; farmer perceptions; technology adoption; sustainable agriculture; food security; agricultural resilience; farmer welfare,PH,case_study,,,adoption_barriers,home hydroponics consumer adoption,AC_adoption_barriers_1957,openalex,data/raw/academic/academic_20261007T192501Z/openalex_adoption_barriers_home_hydroponics_consumer_adoption.json.gz,2026-10-07T19:25:04Z,33.0417,adoption_barriers,,,E5
W7203856789,article,The Use of Hydroponic Fodder in Animal Production Systems,Saim Boztepe; Alpönder Yıldız,2026,https://doi.org/10.15316/selcukjafsci.1816436,https://doi.org/10.15316/selcukjafsci.1816436,,Selcuk Journal of Agricultural and Food Sciences,journal,True,0,hydroponic green fodder; ruminant farming; nutrient loss; water consumption; labor demand; small ruminants; large ruminants; feed prices,TR,unspecified,,,beginner_knowledge,hydroponic system failure causes,AC_beginner_knowledge_4550,openalex,data/raw/academic/academic_20261007T192501Z/openalex_beginner_knowledge_hydroponic_system_failure_causes.json.gz,2026-10-07T19:25:10Z,33.024734,beginner_knowledge,,,E5
W4412360707,article,The Enhancement of Indoor Hydroponics Using Mechatronics Methodology (GROOT),mohamed maher elmansi; Mohamed Mohamed Soliman; abdaurrhman nadi mohamed; salma anwer mohamed; Ahmed elsayed younis; Mohamed A Ibrahim; Ahmed M Hanafi,2025,https://doi.org/10.21608/ijeasou.2025.391698.1067,https://doi.org/10.21608/ijeasou.2025.391698.1067,,International Journal of Engineering and Applied Sciences - October 6 University .,journal,True,0,indoor hydroponics; mechatronics; Internet of Things; irrigation automation; robot manipulators; nutrient management; plant growth monitoring; environmental monitoring,EG,modelling,,,iot_monitoring,low-cost sensors hydroponics accuracy calibration,AC_iot_monitoring_1718,openalex,data/raw/academic/academic_20261007T192501Z/openalex_iot_monitoring_low-cost_sensors_hydroponics_accuracy_ca.json.gz,2026-10-07T19:25:21Z,32.83125,iot_monitoring,,,E5
W4385640599,article,IMPLEMENTATION OF CERTAINTY FACTOR METHOD IN PEST AND DISEASE DIAGNOSIS IN HYDROPONIC PLANTS,Riski Afdhalis Syahreza; Jeperson Hutahaean; Afrisawati Afrisawati,2023,https://doi.org/10.52436/1.jutif.2023.4.1.531,http://dx.doi.org/10.52436/1.jutif.2023.4.1.531,Jenderal Soedirman University,Jurnal Teknik Informatika (Jutif),journal,True,0,certainty factor; expert systems; pest diagnosis; plant disease diagnosis; hydroponic plants; Tetranychidae; wet rot; leaf spot,,unspecified,,,beginner_knowledge,hydroponic system failure causes,AC_beginner_knowledge_4550,openalex,data/raw/academic/academic_20261007T192501Z/openalex_beginner_knowledge_hydroponic_system_failure_causes.json.gz,2026-10-07T19:25:10Z,32.823364,beginner_knowledge,,,E5
W7143295715,article,Consumer Preferences for Home Plant Factory Attributes,Yu CHEN; Yuki Yano; Shinsaku Nakajima,2026,https://doi.org/10.5874/jfsr.25.32.4_11,https://doi.org/10.5874/jfsr.25.32.4_11,,Journal of Food System Research,journal,True,0,consumer preferences; hydroponics; price; automation; age differences; product adoption; best-worst scaling,JP,survey,228 respondents,,adoption_barriers,home hydroponics consumer adoption,AC_adoption_barriers_1957,openalex,data/raw/academic/academic_20261007T192501Z/openalex_adoption_barriers_home_hydroponics_consumer_adoption.json.gz,2026-10-07T19:25:04Z,32.700947,adoption_barriers,,,E5
W4308125770,article,Substrates based on carbonized rice husk alter strawberry productivity in a semi-hydroponic system,Marcos Vinícius Marques Pinheiro; Evandro Holz; Anderson Rafael Webler; Guilherme Masarro Araújo; Leonardo Antônio Thiesen; Fábio Miguel Knapp; Maria Inês Diel; Denise Schmidt,2022,https://doi.org/10.33448/rsd-v11i14.36347,https://doi.org/10.33448/rsd-v11i14.36347,Grupo de Pesquisa Metodologias em Ensino e Aprendizagem em Ciências,Research Society and Development,journal,True,1,strawberry; Albion cultivar; semi-hydroponics; rice husk; carbonized rice husk; growing substrates; substrate replacement; crop yield,BR,experiment,,,growing_media_bagasse,bagasse substrate hydroponic,AC_growing_media_bagasse_9233,openalex,data/raw/academic/academic_20261007T192501Z/openalex_growing_media_bagasse_bagasse_substrate_hydroponic.json.gz,2026-10-07T19:25:29Z,32.600193,growing_media_bagasse,,,E5
W7133358672,article,The Promise of Low‐Cost Metal‐Oxide Semiconductor Gas Sensors for Precision Agriculture,Ali Ahmad; Sandra Sendra; Jaime Lloret; Jinhe Bai; Erin N. Rosskopf; Francesco Di Gioia,2026,https://doi.org/10.1002/adsr.202500112,https://doi.org/10.1002/adsr.202500112,Wiley,Advanced Sensor Research,journal,True,2,metal oxide gas sensors; low-cost sensors; precision agriculture; crop disease detection; volatile organic compounds; sensor selectivity; drift error; support vector machine,ES; US,modelling,,,iot_monitoring,low-cost sensors hydroponics accuracy calibration,AC_iot_monitoring_1718,openalex,data/raw/academic/academic_20261007T192501Z/openalex_iot_monitoring_low-cost_sensors_hydroponics_accuracy_ca.json.gz,2026-10-07T19:25:21Z,32.591602,iot_monitoring,,,E5
W7208835637,article,Effect of Growing Media on the Growth of Pak Choy (Brassica rapa L.) in NFT Hydroponic System,Marsha Nadira; Ririh Sekar Mardisiwi; Agief Julio Pratama,2026,https://doi.org/10.29244/mapace.1.1.15-24,https://doi.org/10.29244/mapace.1.1.15-24,,Managing Agricultural Practice and Community Engagement,journal,True,0,Brassica chinensis; Brassica rapa; nutrient film technique; hydroponics; growing media; rockwool; cocopeat; plant growth,ID,unspecified,,,growing_media_bagasse,biodegradable growing media rockwool alternative,AC_growing_media_bagasse_3627,openalex,data/raw/academic/academic_20261007T192501Z/openalex_growing_media_bagasse_biodegradable_growing_media_rockwool_alt.json.gz,2026-10-07T19:25:30Z,32.568676,growing_media_bagasse,,,E5
W4412931299,article,Precise and Continuous Biomass Measurement for Plant Growth Using a Low-Cost Sensor Setup,Lukas Munser; Kiran Kumar Sathyanarayanan; Jonathan Raecke; Mohamed Mokhtar Mansour; Morgan Uland; Stefan Streif,2025,https://doi.org/10.3390/s25154770,https://doi.org/10.3390/s25154770,Multidisciplinary Digital Publishing Institute,Sensors,journal,True,5,vertical farming; load cell sensor; low-cost sensors; plant growth monitoring; model predictive control; LED lighting control; anomaly detection; temperature drift,DE,unspecified,,,iot_monitoring,low-cost sensors hydroponics accuracy calibration,AC_iot_monitoring_1718,openalex,data/raw/academic/academic_20261007T192501Z/openalex_iot_monitoring_low-cost_sensors_hydroponics_accuracy_ca.json.gz,2026-10-07T19:25:21Z,32.555355,iot_monitoring,,,E5
W1511709327,book-chapter,Hydroponic Production of Fruit Tree Seedlings in Brazil,Ricardo Monteiro; Sheila Isabel do Carmo Pinto; rika Soares; Vanessa Andaló,2012,https://doi.org/10.5772/38594,https://doi.org/10.5772/38594,,InTech eBooks,ebook platform,False,4,hydroponics; fruit tree seedlings; seedling production; Hanging Gardens of Babylon,BR,unspecified,,,growing_media_bagasse,bagasse substrate hydroponic,AC_growing_media_bagasse_9233,openalex,data/raw/academic/academic_20261007T192501Z/openalex_growing_media_bagasse_bagasse_substrate_hydroponic.json.gz,2026-10-07T19:25:29Z,32.52424,growing_media_bagasse,,,E4
W4412185022,article,Overcoming barriers to aquaponics adoption in schools: a practical implementation guide,Ana Paula Oliveira; Isabel Baltazar; João Pedro Santos,2025,https://doi.org/10.3389/fsufs.2025.1553335,https://doi.org/10.3389/fsufs.2025.1553335,Frontiers Media,Frontiers in Sustainable Food Systems,journal,True,3,aquaponics; aquaculture; hydroponics; STEM education; problem-based learning; climate change education; sustainable food production,PT,systematic_review|review,,,adoption_barriers,hydroponic adoption barriers,AC_adoption_barriers_3991,openalex,data/raw/academic/academic_20261007T192501Z/openalex_adoption_barriers_hydroponic_adoption_barriers.json.gz,2026-10-07T19:25:03Z,32.470863,adoption_barriers,,,E5
W2270380024,article,Hydroponic Farming: An Opportunity for South Bronx Communities,Adam Keally,2015,,https://fordham.bepress.com/environ_2015/16,Fordham University,Fordham Research Commons (Fordham University),repository,False,0,hydroponics; aquaponics; food deserts; South Bronx; urban agriculture; community food access; obesity; diet-related diseases,,unspecified,,,adoption_barriers,hydroponic adoption barriers,AC_adoption_barriers_3991,openalex,data/raw/academic/academic_20261007T192501Z/openalex_adoption_barriers_hydroponic_adoption_barriers.json.gz,2026-10-07T19:25:03Z,32.468098,adoption_barriers,,,E3
W4391879113,article,A STUDY ON HYDROPHONIC FARMING,Vineela Yerukola; DR.K Narendra,2024,https://doi.org/10.55041/ijsrem28665,https://doi.org/10.55041/ijsrem28665,,INTERANTIONAL JOURNAL OF SCIENTIFIC RESEARCH IN ENGINEERING AND MANAGEMENT,journal,True,1,hydroponics; soilless cultivation; nutrient film technique; nutrient solution; hydroponic system; leafy vegetable production; crop productivity; sustainable food production,,unspecified,,,beginner_knowledge,hydroponic farming knowledge training beginners,AC_beginner_knowledge_9796,openalex,data/raw/academic/academic_20261007T192501Z/openalex_beginner_knowledge_hydroponic_farming_knowledge_training_be.json.gz,2026-10-07T19:25:08Z,32.44931,beginner_knowledge,,,E5
W4200553769,article,Can soilless farming feed urban East Africa? An assessment of the benefits and challenges of hydroponics in Uganda and Tanzania,Margaret S. Gumisiriza; Jolly Mary Kabirizi; Micheal Mugerwa; Patrick A. Ndakidemi; Ernest Rashid Mbega,2021,https://doi.org/10.1016/j.envc.2021.100413,https://doi.org/10.1016/j.envc.2021.100413,Elsevier BV,Environmental Challenges,journal,True,48,hydroponics; soilless cultivation; urban agriculture; peri-urban agriculture; vegetable production; climate-smart agriculture; food security; investment costs,TZ,survey|case_study,n = 13,,adoption_barriers,home hydroponics consumer adoption,AC_adoption_barriers_1957,openalex,data/raw/academic/academic_20261007T192501Z/openalex_adoption_barriers_home_hydroponics_consumer_adoption.json.gz,2026-10-07T19:25:04Z,32.442154,adoption_barriers,,,E5
W4379283665,article,Indoor Hydroponic Farming System via ThingsSpeak IoT,Prof. Sabitha M G,2023,https://doi.org/10.22214/ijraset.2023.53517,https://doi.org/10.22214/ijraset.2023.53517,International Journal for Research in Applied Science and Engineering Technology (IJRASET),International Journal for Research in Applied Science and Engineering Technology,journal,True,1,indoor hydroponics; hydroponics; Internet of Things; ThingSpeak; automated monitoring system; cloud-based monitoring; temperature and humidity monitoring; water level monitoring,,unspecified,,,beginner_knowledge,hydroponic system failure causes,AC_beginner_knowledge_4550,openalex,data/raw/academic/academic_20261007T192501Z/openalex_beginner_knowledge_hydroponic_system_failure_causes.json.gz,2026-10-07T19:25:10Z,32.421635,beginner_knowledge,,,E5
W4309915902,article,ECONOMIC ANALYSIS OF A PHOTOVOLTAIC ENERGY SYSTEM IN THE ACTIVATION OF HYDROPONIC SYSTEMS,Milena de Souza Morais Reis; Vanderson Rabelo de Paula; Carlos Eduardo Silva Volpato; Ronald Leite Barbosa; Luís Léssi dos Reis,2022,https://doi.org/10.31422/taae.v6i1.41,https://doi.org/10.31422/taae.v6i1.41,,Theoretical and Applied Engineering,journal,True,1,photovoltaic systems; hydroponics; economic feasibility; electricity cost reduction; sustainable food production; cost analysis,BR,survey|system_development,,,beginner_knowledge,hydroponic system failure causes,AC_beginner_knowledge_4550,openalex,data/raw/academic/academic_20261007T192501Z/openalex_beginner_knowledge_hydroponic_system_failure_causes.json.gz,2026-10-07T19:25:10Z,32.41777,adoption_barriers|beginner_knowledge,,,E5
W4409668184,article,Application of a Hybrid Model for Data Analysis in Hydroponic Systems,Kuanysh Bakirov; Jamalbek Tussupov; Akhmet Tussupov; Ibraheem Abdullah Mohammed Shayea; Aruzhan Shoman,2025,https://doi.org/10.3390/technologies13050166,https://doi.org/10.3390/technologies13050166,Multidisciplinary Digital Publishing Institute,Technologies,journal,True,7,hydroponics; microgreens; beetroot; tarragon; microclimate control; environmental monitoring; XGBoost; principal component analysis,KZ; TR,experiment|system_development|modelling,,,beginner_knowledge,hydroponic system failure causes,AC_beginner_knowledge_4550,openalex,data/raw/academic/academic_20261007T192501Z/openalex_beginner_knowledge_hydroponic_system_failure_causes.json.gz,2026-10-07T19:25:10Z,32.355007,ai_prediction|beginner_knowledge,,,E5
W3116373906,article,Digital twin of an urban-integrated hydroponic farm,Melanie Jans-Singh; Kathryn Leeming; Ruchi Choudhary; Mark Girolami,2020,https://doi.org/10.1017/dce.2020.21,https://doi.org/10.1017/dce.2020.21,Cambridge University Press,Data-Centric Engineering,journal,True,75,digital twin; hydroponics; controlled environment agriculture; wireless sensor networks; temperature prediction; dynamic linear models; ventilation; crop growth monitoring,GB,unspecified,,,beginner_knowledge,hydroponic system failure causes,AC_beginner_knowledge_4550,openalex,data/raw/academic/academic_20261007T192501Z/openalex_beginner_knowledge_hydroponic_system_failure_causes.json.gz,2026-10-07T19:25:10Z,32.34605,beginner_knowledge,,,E5
W2900656732,article,Pertumbuhan dan Hasil Kubis Bunga pada Sistem Hidroponik Substrat dengan Media Bagase,Ade Imam Mustofa; Djoko Purnomo; Amalia Tetrani Sakya,2018,https://doi.org/10.20961/agrotechresj.v2i1.17342,https://doi.org/10.20961/agrotechresj.v2i1.17342,Sebelas Maret University,Agrotechnology Research Journal/Journal of Agronomy Research,journal,True,4,cauliflower; hydroponics; sugarcane bagasse; hydroponic substrate; potassium reduction; gravel; plant growth; flower yield,ID,experiment,,,growing_media_bagasse,bagasse substrate hydroponic,AC_growing_media_bagasse_9233,openalex,data/raw/academic/academic_20261007T192501Z/openalex_growing_media_bagasse_bagasse_substrate_hydroponic.json.gz,2026-10-07T19:25:29Z,32.270073,growing_media_bagasse,,,E5
W3200383669,article,Automated Hydroponic System using Wireless Sensor Networks,Mahdi Musa; Audu Musa Mabu; Falmata Modu; Adam Adam; Farouq Muhammad Aliyu,2022,https://doi.org/10.25046/aj070201,https://doi.org/10.25046/aj070201,"Advances in Science, Technology and Engineering Systems Journal (ASTESJ)",Advances in Science Technology and Engineering Systems Journal,journal,True,5,wireless sensor networks; cluster-based networks; multi-hop wireless networks; network latency; energy overhead; OMNeT++; resource-efficient agriculture; crop monitoring,NG; SA,modelling,,,beginner_knowledge,hydroponic system failure causes,AC_beginner_knowledge_4550,openalex,data/raw/academic/academic_20261007T192501Z/openalex_beginner_knowledge_hydroponic_system_failure_causes.json.gz,2026-10-07T19:25:10Z,32.183765,beginner_knowledge,,,E5
W4407432946,article,Automated Seeding in Hydroponic Greenhouse With a Dual-Arm Robotic System,Daniel Rodríguez-Nieto; Eduardo Navas; Roemí Fernández,2025,https://doi.org/10.1109/access.2025.3541954,https://doi.org/10.1109/access.2025.3541954,Institute of Electrical and Electronics Engineers,IEEE Access,journal,True,8,hydroponic greenhouse; Agriculture 4.0; seed placement; mobile robots; plant cultivation automation,ES,experiment,,,beginner_knowledge,hydroponic system failure causes,AC_beginner_knowledge_4550,openalex,data/raw/academic/academic_20261007T192501Z/openalex_beginner_knowledge_hydroponic_system_failure_causes.json.gz,2026-10-07T19:25:10Z,32.103653,beginner_knowledge,,,E5
W7169773626,article,Implementation and Evaluation of an IoT-Based Nutrient Monitoring and Pump Control System for Pakcoy Hydroponics,DODIK ARIYANTO; Dily Monica; Refael Tresia Sibarani; Andhika Satriatama; Bintang Hamizan Elka; Yehezkiel Junifer Reyno Oppier; Muhammad Rifqi Annaufal; MUHAMMAD DZAKY AZ-ZSHAHIR,2026,https://doi.org/10.52435/complete.v6i1.11305,https://doi.org/10.52435/complete.v6i1.11305,Institut Teknologi Telkom Surabaya,Journal of Computer Electronic and Telecommunication,journal,True,0,Internet of Things; hydroponics; pakcoy; nutrient monitoring; total dissolved solids; pH monitoring; ESP32 microcontroller; hysteresis control,ID,system_development,,,iot_monitoring,low-cost sensors hydroponics accuracy calibration,AC_iot_monitoring_1718,openalex,data/raw/academic/academic_20261007T192501Z/openalex_iot_monitoring_low-cost_sensors_hydroponics_accuracy_ca.json.gz,2026-10-07T19:25:21Z,32.006073,iot_monitoring,,,E5
W4400173829,article,Optimizing hydroponic systems for high-density urban agriculture,AS Ghosh; Monika Mondal,2022,https://doi.org/10.33545/26646064.2022.v4.i1b.169,https://doi.org/10.33545/26646064.2022.v4.i1b.169,,International Journal of Agriculture and Nutrition,journal,True,2,hydroponics; urban agriculture; nutrient film technique; deep water culture; aeroponics; plant yield; water use efficiency; energy consumption,,unspecified,,,adoption_barriers,hydroponic adoption barriers,AC_adoption_barriers_3991,openalex,data/raw/academic/academic_20261007T192501Z/openalex_adoption_barriers_hydroponic_adoption_barriers.json.gz,2026-10-07T19:25:03Z,31.888016,adoption_barriers,,,E5
W4394017200,article,Smart solar hydroponic system simulation,Cristopher Ponce- González,2023,https://doi.org/10.35429/jsi.2023.21.7.7.17,http://doi.org/10.35429/jsi.2023.21.7.7.17,ECORFAN,Journal of Technology and Innovation,journal,True,1,system simulation; food production; mechatronics; project planning; risk management; stakeholder communication,,review|system_development|modelling,,,beginner_knowledge,hydroponic farming knowledge training beginners,AC_beginner_knowledge_9796,openalex,data/raw/academic/academic_20261007T192501Z/openalex_beginner_knowledge_hydroponic_farming_knowledge_training_be.json.gz,2026-10-07T19:25:08Z,31.816751,beginner_knowledge,,,E5
W1974122625,article,Substrates and time intervals of renewal of wastewater in production and post-harvest of the ornamental sunflower,José Amilton Santos Júnior; Hans Raj Gheyi; Aldrin Martin Pérez-Marin; Nildo da Silva Dias; Doroteu Honório Guedes Filho,2014,https://doi.org/10.1590/s1806-66902014000300006,https://doi.org/10.1590/s1806-66902014000300006,Universidade Federal do Ceará,Ciência Agronômica/Revista ciência agronômica,journal,True,2,ornamental sunflower; water reuse; growth substrate; coconut fiber; sand; sugarcane bagasse; semi-hydroponic cultivation; postharvest quality,BR,experiment,,,growing_media_bagasse,bagasse substrate hydroponic,AC_growing_media_bagasse_9233,openalex,data/raw/academic/academic_20261007T192501Z/openalex_growing_media_bagasse_bagasse_substrate_hydroponic.json.gz,2026-10-07T19:25:29Z,31.748444,growing_media_bagasse,,,E5
W7171701070,article,Transforming Saffron Cultivation With Smart Hydroponics: An Artificial Intelligence of Things Approach to Crops and Nutrients Management,Vivek Raj; Gregory Allen; Ananth Prabhu G.; Melwin DSouza,2026,https://doi.org/10.3844/jcssp.2026.2334.2349,https://doi.org/10.3844/jcssp.2026.2334.2349,Science Publications,Journal of Computer Science,journal,True,0,saffron cultivation; hydroponics; Internet of Things; artificial intelligence; crop recommendation; nutrient management; environmental monitoring; random forest,IN,unspecified,,,ai_prediction,artificial intelligence hydroponic anomaly detection,AC_ai_prediction_4917,openalex,data/raw/academic/academic_20261007T192501Z/openalex_ai_prediction_artificial_intelligence_hydroponic_anoma.json.gz,2026-10-07T19:25:24Z,31.743765,ai_prediction,,,E5
W7165654219,article,Performance modeling and optimization of a smart sensor-based Hydroponic system using PSO and Genetic algorithms,Amit Kumar; Sujata Jadhav,2026,https://doi.org/10.1038/s41598-026-59105-6,https://doi.org/10.1038/s41598-026-59105-6,Nature Portfolio,Scientific Reports,journal,True,0,hydroponic system; smart agriculture; system reliability; system availability; continuous-time Markov chains; Chapman-Kolmogorov equation; particle swarm optimization; genetic algorithm,IN,modelling,,,beginner_knowledge,hydroponic system failure causes,AC_beginner_knowledge_4550,openalex,data/raw/academic/academic_20261007T192501Z/openalex_beginner_knowledge_hydroponic_system_failure_causes.json.gz,2026-10-07T19:25:10Z,31.74107,beginner_knowledge,,,E5
W2467355692,article,"EFFECTS OF FERTIGATION MANAGEMENT ON WATER RELATIONS OF TOMATO PLANTS GROWN IN PEAT, ROCKWOOL, AND NFT",Hui-lian Xu; Laurent Gauthier; André Gosselin,1994,https://doi.org/10.21273/hortsci.29.4.252f,https://doi.org/10.21273/hortsci.29.4.252f,American Society for Horticultural Science,HortScience,journal,True,3,tomato; fertigation; nutrient solution electrical conductivity; plant water relations; leaf water potential; relative water content; turgor pressure; osmotic adjustment,CA,experiment,,,sustainability,rockwool waste environmental impact,AC_sustainability_3284,openalex,data/raw/academic/academic_20261007T192501Z/openalex_sustainability_rockwool_waste_environmental_impact.json.gz,2026-10-07T19:25:35Z,31.728119,sustainability,,,E5
W4400493846,article,Digital Management Methodology for Building Production Optimization through Digital Twin and Artificial Intelligence Integration,Giuseppe Piras; Francesco Muzi; Virginia Adele Tiburcio,2024,https://doi.org/10.3390/buildings14072110,https://doi.org/10.3390/buildings14072110,Multidisciplinary Digital Publishing Institute,Buildings,journal,True,80,digital twin; construction delays; building information modeling; Internet of Things; artificial intelligence; lean construction; construction project management; resource waste reduction,IT,modelling,,,ai_prediction,artificial intelligence hydroponic anomaly detection,AC_ai_prediction_4917,openalex,data/raw/academic/academic_20261007T192501Z/openalex_ai_prediction_artificial_intelligence_hydroponic_anoma.json.gz,2026-10-07T19:25:24Z,31.70092,ai_prediction,,,E5
W4415716721,article,HYDROPONIC CULTIVATION EXPERIMENT MONITORED BY AN INTERNET OF THINGS SYSTEM,Cristal Yoselin Moreno-Aguilera; José Enrique Botello-Álvarez; Juan José Martínez Nolasco; Jose Alfredo Padilla-Medina; Coral Martínez-Nolasco; Raul Omar Herrera-Arroyo,2025,https://doi.org/10.47163/agrociencia.v59i7.3430,https://doi.org/10.47163/agrociencia.v59i7.3430,,Agrociencia,journal,True,0,hydroponics; lettuce; nutrient solution concentration; Steiner nutrient solution; Internet of Things; real-time monitoring; chlorophyll content; biomass,MX,experiment,,,beginner_knowledge,hydroponic system failure causes,AC_beginner_knowledge_4550,openalex,data/raw/academic/academic_20261007T192501Z/openalex_beginner_knowledge_hydroponic_system_failure_causes.json.gz,2026-10-07T19:25:10Z,31.588184,adoption_barriers|beginner_knowledge,,,E5
W4401224431,article,The APPLICATION OF GDSS USING AHP AND BORDA METHODS IN HYDROPONIC PLANT QUALITY DETERMINATION,Nurul Ilmy Husain; St. Hajrah Mansyur; Erick Irawadi Alwi,2024,https://doi.org/10.33480/jitk.v10i1.5016,http://dx.doi.org/10.33480/jitk.v10i1.5016,Universitas Nusa Mandiri,JITK (Jurnal Ilmu Pengetahuan dan Teknologi Komputer),journal,True,0,group decision support systems; hydroponics; analytic hierarchy process; Borda count; spinach; lettuce; Brassica chinensis; kale,ID,unspecified,,,beginner_knowledge,hydroponic system failure causes,AC_beginner_knowledge_4550,openalex,data/raw/academic/academic_20261007T192501Z/openalex_beginner_knowledge_hydroponic_system_failure_causes.json.gz,2026-10-07T19:25:10Z,31.360603,beginner_knowledge,,,E5
W4411801152,article,Nitrogen Fixation by Diazotrophs: A Sustainable Alternative to Synthetic Fertilizers in Hydroponic Cultivation,Prabhaharan Renganathan; Marcia Astorga‐Eló; Lira A. Gaysina; Edgar Omar Rueda Puente; Juan Carlos Saínz-Hernández,2025,https://doi.org/10.3390/su17135922,https://doi.org/10.3390/su17135922,Multidisciplinary Digital Publishing Institute,Sustainability,journal,True,20,nitrogen fixation; nitrogen-fixing bacteria; hydroponics; chemical fertilizer substitution; nitrogenase; root-microbe interactions; microbial consortia; genome editing,CL; MX; RU,review,,,adoption_barriers,hydroponic adoption barriers,AC_adoption_barriers_3991,openalex,data/raw/academic/academic_20261007T192501Z/openalex_adoption_barriers_hydroponic_adoption_barriers.json.gz,2026-10-07T19:25:03Z,31.336758,adoption_barriers,,,E5
W7164484704,article,Cloud-Integrated Automated Dosing System for pH and Nutrient Control in NFT Hydroponics Using ThingSpeak,Rejina Bista; Abhinav Bista; Binita Bhattarai; S B Ghimire,2026,https://doi.org/10.3126/injet-indev.v2i2.95731,https://doi.org/10.3126/injet-indev.v2i2.95731,,International  Journal on Engineering Technology and Infrastructure Development.,journal,True,0,pH control; nutrient control; nutrient film technique; hydroponics; ThingSpeak; Internet of Things; ESP32 microcontroller; total dissolved solids,NP,experiment|system_development|modelling,,,iot_monitoring,low-cost sensors hydroponics accuracy calibration,AC_iot_monitoring_1718,openalex,data/raw/academic/academic_20261007T192501Z/openalex_iot_monitoring_low-cost_sensors_hydroponics_accuracy_ca.json.gz,2026-10-07T19:25:21Z,31.30063,iot_monitoring,,,E5
W4387454446,article,Is Rockwool Potentially Harmful to the Soil Environment as a Nursery Substrate? Taking Eisenia fetida as an Example for Toxicological Analysis,Shengyang Zheng; Chenzhe Wang; Jing Ju; Qigen Dai; Haitao Zhao; Ping Liu; Xin Wang,2023,https://doi.org/10.3390/agriculture13101964,https://doi.org/10.3390/agriculture13101964,Multidisciplinary Digital Publishing Institute,Agriculture,journal,True,2,rockwool; nursery substrate; Eisenia fetida; earthworm toxicity; soil physicochemical properties; soil porosity; exchangeable calcium and magnesium,CN,unspecified,,,sustainability,rockwool waste environmental impact,AC_sustainability_3284,openalex,data/raw/academic/academic_20261007T192501Z/openalex_sustainability_rockwool_waste_environmental_impact.json.gz,2026-10-07T19:25:35Z,31.266594,sustainability,,,E5
W4383093970,article,Education and assistance in hydroponic plant cultivation for strengthening the self-reliant economy,Septi Budi Sartika; Chandrika Rahmania Cahyani,2023,https://doi.org/10.26905/abdimas.v8i2.9588,http://dx.doi.org/10.26905/abdimas.v8i2.9588,Universitas Merdeka Malang,Abdimas Jurnal Pengabdian Masyarakat Universitas Merdeka Malang,journal,True,0,"hydroponics; economic self-reliance; community empowerment; youth organizations; Karang Taruna; micro, small and medium enterprises; greenhouse cultivation; agricultural extension",ID,experiment,,,beginner_knowledge,hydroponic farming knowledge training beginners,AC_beginner_knowledge_9796,openalex,data/raw/academic/academic_20261007T192501Z/openalex_beginner_knowledge_hydroponic_farming_knowledge_training_be.json.gz,2026-10-07T19:25:08Z,31.09364,beginner_knowledge,,,E5
W4410215513,review,Artificial Intelligence in Aquatic Biodiversity Research: A PRISMA-Based Systematic Review,Tymoteusz I. Miller; Grzegorz Michoński; Irmina Durlik; Polina Kozlovska; Paweł Biczak,2025,https://doi.org/10.3390/biology14050520,https://doi.org/10.3390/biology14050520,Multidisciplinary Digital Publishing Institute,Biology,journal,True,23,artificial intelligence; aquatic biodiversity; freshwater ecosystems; species identification; habitat modeling; conservation planning; environmental risk assessment; biodiversity monitoring,PL,systematic_review|review|modelling,,,ai_prediction,artificial intelligence hydroponic anomaly detection,AC_ai_prediction_4917,openalex,data/raw/academic/academic_20261007T192501Z/openalex_ai_prediction_artificial_intelligence_hydroponic_anoma.json.gz,2026-10-07T19:25:24Z,31.068474,ai_prediction,,,E5
W7117905689,article,Evaluation of LED Systems for controlled spectral lighting in indoor hydroponic cultivation,Mario A. Juarez; América Abigail Daniel-Eufracio; Gustavo Rafael Araiz-Aguilar; Marcos Jesús Villaseñor-Aguilar,2025,https://doi.org/10.35429/jti.2025.12.30.7.1.15,https://doi.org/10.35429/jti.2025.12.30.7.1.15,ECORFAN,Journal of Technology and Innovation,journal,True,0,LED lighting; spectral control; indoor hydroponics; lettuce; artificial intelligence; Internet of Things; deep neural network; fuzzy logic,MX,modelling,,,ai_prediction,artificial intelligence hydroponic anomaly detection,AC_ai_prediction_4917,openalex,data/raw/academic/academic_20261007T192501Z/openalex_ai_prediction_artificial_intelligence_hydroponic_anoma.json.gz,2026-10-07T19:25:24Z,31.062775,ai_prediction,,,E5
W2888105708,book-chapter,Hydroponic Production Systems: Impact on Nutritional Status and Bioactive Compounds of Fresh Vegetables,Alfredo Aires,2018,https://doi.org/10.5772/intechopen.73011,https://doi.org/10.5772/intechopen.73011,,InTech eBooks,ebook platform,False,37,hydroponics; fresh vegetables; nutritional status; bioactive compounds; vegetable composition; vegetable quality; consumer trends,PT,unspecified,,,beginner_knowledge,hydroponic system failure causes,AC_beginner_knowledge_4550,openalex,data/raw/academic/academic_20261007T192501Z/openalex_beginner_knowledge_hydroponic_system_failure_causes.json.gz,2026-10-07T19:25:10Z,31.059155,beginner_knowledge,,,E4
W4410432304,review,Artificial intelligence and IoT for water saving in agriculture: A systematic review,Lucio Colizzi; Giovanni Dimauro; Emanuela Guerriero; Nunzia Lomonte,2025,https://doi.org/10.1016/j.atech.2025.101008,https://doi.org/10.1016/j.atech.2025.101008,Elsevier BV,Smart Agricultural Technology,journal,True,16,smart irrigation; fertigation; water conservation; Internet of Things; artificial intelligence; agricultural sensors; IoT architecture; remote sensing,,systematic_review|review,,,ai_prediction,artificial intelligence hydroponic anomaly detection,AC_ai_prediction_4917,openalex,data/raw/academic/academic_20261007T192501Z/openalex_ai_prediction_artificial_intelligence_hydroponic_anoma.json.gz,2026-10-07T19:25:24Z,30.908468,ai_prediction,,,E5
W4386420546,article,MARKETING STRATEGY OF HYDROPONIC VEGETABLES: A CASE STUDY OF BANJARBARU HYDROPONIC GARDEN,A. Wulandari; H. Fajeri; Hamdani Hamdani,2023,https://doi.org/10.18551/rjoas.2023-08.11,http://doi.org/10.18551/rjoas.2023-08.11,Russian Journal of Agricultural and Socio-Economic Sciences,Russian Journal of Agricultural and Socio-Economic Sciences,journal,True,0,hydroponic vegetables; marketing strategy; SWOT analysis; hydroponic garden; vegetable supply; vegetable demand; price competition; consumer trust,ID,case_study,,,beginner_knowledge,hydroponic system failure causes,AC_beginner_knowledge_4550,openalex,data/raw/academic/academic_20261007T192501Z/openalex_beginner_knowledge_hydroponic_system_failure_causes.json.gz,2026-10-07T19:25:10Z,30.869019,beginner_knowledge,,,E5
W2346158808,article,Hydroponic Greenhouse Production of Fresh-market Basil in Colorado,C. Elizabeth Succop; Steven E. Newman,1997,https://doi.org/10.21273/hortsci.32.3.519b,https://doi.org/10.21273/hortsci.32.3.519b,American Society for Horticultural Science,HortScience,journal,True,3,hydroponics; greenhouse cultivation; organic fertilizer; nutrient solution; fish emulsion; kelp; plant productivity; Colorado,,experiment,,,adoption_barriers,hydroponic adoption barriers,AC_adoption_barriers_3991,openalex,data/raw/academic/academic_20261007T192501Z/openalex_adoption_barriers_hydroponic_adoption_barriers.json.gz,2026-10-07T19:25:03Z,30.799047,adoption_barriers,,,E5
W4405281161,article,"Next-Generation Nitrate, Ammonium, Phosphate, and Potassium Ion Monitoring System in Closed Hydroponics: Review on State-of-the-Art Sensors and Their Applications",Yeonggeeol Hong; Jooyoung Lee; Sangbae Park; Jangho Kim; Kyoung‐Je Jang,2024,https://doi.org/10.3390/agriengineering6040274,https://doi.org/10.3390/agriengineering6040274,Multidisciplinary Digital Publishing Institute,AgriEngineering,journal,True,12,nutrient solution monitoring; nitrate; ammonium; phosphate; potassium; ion-selective sensors; electrochemical sensor; optical sensors,KR,unspecified,,,iot_monitoring,low-cost sensors hydroponics accuracy calibration,AC_iot_monitoring_1718,openalex,data/raw/academic/academic_20261007T192501Z/openalex_iot_monitoring_low-cost_sensors_hydroponics_accuracy_ca.json.gz,2026-10-07T19:25:21Z,30.773706,iot_monitoring,,,E5
W7214937269,article,Emerging Technologies and Artificial Intelligence in Agriculture,Dijana Fedyunina; Larisa N. Jovanović,2026,https://doi.org/10.18485/ecologica.2026.33.123.3,https://doi.org/10.18485/ecologica.2026.33.123.3,,Ecologica,journal,True,0,artificial intelligence in agriculture; precision agriculture; Internet of Things; remote sensing; hyperautomation; variable rate irrigation; fertigation; crop monitoring,,modelling,,,ai_prediction,artificial intelligence hydroponic anomaly detection,AC_ai_prediction_4917,openalex,data/raw/academic/academic_20261007T192501Z/openalex_ai_prediction_artificial_intelligence_hydroponic_anoma.json.gz,2026-10-07T19:25:24Z,30.755238,ai_prediction,,,E5
W7128708597,article,HYDROPONICS AND SOILLESS CULTIVATION IN HORTICULTURAL CROPS: CURRENT TRENDS AND FUTURE PERSPECTIVES,"Sukpal Sukpal; Rajneesh Kumar Singh; Yogendra Pratap Singh; Krishi Vigyan Kendra, Katiya, Sitapur, U.P.-261145, India; Lalramchhana Lalramchhana; Kokab Askari; Ramesh Chand; Ravi Pratap Singh",2025,https://doi.org/10.51470/plantarchives.2026.v26.supplement-1.212,https://doi.org/10.51470/plantarchives.2026.v26.supplement-1.212,Dr. R.S. Yadav,PLANT ARCHIVES,journal,True,0,hydroponics; soilless cultivation; horticultural crops; nutrient film technique; deep water culture; aeroponics; controlled environment agriculture; artificial lighting,IN,unspecified,,,adoption_barriers,home hydroponics consumer adoption,AC_adoption_barriers_1957,openalex,data/raw/academic/academic_20261007T192501Z/openalex_adoption_barriers_home_hydroponics_consumer_adoption.json.gz,2026-10-07T19:25:04Z,30.72517,adoption_barriers,,,E5
W7212238470,article,Design and Development of an Android-Based Application for Hydroponic Introduction and Learning Media,Nur Qodariyah Fitriyah; Ulya Anisatur Rosyidah; Hardian Oktavianto,2025,https://doi.org/10.34012/jutikomp.v8i1.6668,https://doi.org/10.34012/jutikomp.v8i1.6668,Universitas Prima Indonesia,Jurnal Teknologi dan Ilmu Komputer Prima (JUTIKOMP),journal,True,0,hydroponics; Android application; instructional media; vegetable production; decision support; mobile learning; agricultural education; plant selection,ID,unspecified,,,beginner_knowledge,hydroponic farming knowledge training beginners,AC_beginner_knowledge_9796,openalex,data/raw/academic/academic_20261007T192501Z/openalex_beginner_knowledge_hydroponic_farming_knowledge_training_be.json.gz,2026-10-07T19:25:08Z,30.689066,beginner_knowledge,,,E5
W4302304989,article,Анализ использования принципов циркулярной экономики в индустрии теплоизоляционных материалов (на примере компании Rockwool),Irina Vladimirovna Somina; Максим Викторович Кондаков,2022,https://doi.org/10.52575/2687-0932-2022-49-3-529-535,https://doi.org/10.52575/2687-0932-2022-49-3-529-535,Belgorod National Research University,Экономика Информатика,journal,True,2,circular economy; rockwool; waste recycling in construction; lean manufacturing; closed-loop economy; sustainable production; energy efficiency; construction waste,RU,unspecified,,,sustainability,rockwool waste environmental impact,AC_sustainability_3284,openalex,data/raw/academic/academic_20261007T192501Z/openalex_sustainability_rockwool_waste_environmental_impact.json.gz,2026-10-07T19:25:35Z,30.68259,sustainability,,,E5
W4414260543,article,"A Comparison of Conventional Farming with Hydroponics: Sustainability, Productivity, and Future Prospects in India.",,2025,https://doi.org/10.56726/irjmets81312,https://doi.org/10.56726/irjmets81312,,International Research Journal of Modernization in Engineering Technology and Science,journal,True,0,hydroponics; conventional farming; soilless cultivation; crop productivity; water conservation; pesticide reduction; nutrient leaching; environmental impact,,review,,,adoption_barriers,home hydroponics consumer adoption,AC_adoption_barriers_1957,openalex,data/raw/academic/academic_20261007T192501Z/openalex_adoption_barriers_home_hydroponics_consumer_adoption.json.gz,2026-10-07T19:25:04Z,30.66643,adoption_barriers,,,E5
W4413040666,article,Research Progress and Applications of Artificial Intelligence in Agricultural Equipment,Yong Zhu; Shida Zhang; Shengnan Tang; Qiang Gao,2025,https://doi.org/10.3390/agriculture15151703,https://doi.org/10.3390/agriculture15151703,Multidisciplinary Digital Publishing Institute,Agriculture,journal,True,48,artificial intelligence in agriculture; precision agriculture; autonomous agricultural robots; deep reinforcement learning; object detection and recognition; vibration signal classification; digital twin; edge computing,CN,modelling,,,ai_prediction,artificial intelligence hydroponic anomaly detection,AC_ai_prediction_4917,openalex,data/raw/academic/academic_20261007T192501Z/openalex_ai_prediction_artificial_intelligence_hydroponic_anoma.json.gz,2026-10-07T19:25:24Z,30.656727,ai_prediction,,,E5
W4389482952,article,Web-Based Anomaly Detection for Smart Urban Living: Drone Photography and Videography,Davy Ronald Hermanus; Suhono Harso Supangkat; Fadhil Hidayat,2023,https://doi.org/10.37396/jsc.v6i2.330,https://doi.org/10.37396/jsc.v6i2.330,,Jurnal Sistem Cerdas,journal,True,3,anomaly detection; smart cities; UAV imagery; citizen needs; structural integrity assessment; medical image analysis; fruit quality assessment; hydroponic plants,ID,experiment|system_development|modelling,,,ai_prediction,artificial intelligence hydroponic anomaly detection,AC_ai_prediction_4917,openalex,data/raw/academic/academic_20261007T192501Z/openalex_ai_prediction_artificial_intelligence_hydroponic_anoma.json.gz,2026-10-07T19:25:24Z,30.605034,ai_prediction,,,E5
W4410937268,article,Hydro-smart: User-Configurable IoT Platform for Hydroponic Agriculture,Wafaa Radi,2025,https://doi.org/10.21608/jcsit.2025.383510.1017,https://doi.org/10.21608/jcsit.2025.383510.1017,,Journal of Communication Sciences and Information Technology,journal,True,1,hydroponics; Internet of Things; modular hardware; urban agriculture; agricultural automation; citizen science; agricultural experiments; open-source hardware,EG,experiment,,,adoption_barriers,hydroponic adoption barriers,AC_adoption_barriers_3991,openalex,data/raw/academic/academic_20261007T192501Z/openalex_adoption_barriers_hydroponic_adoption_barriers.json.gz,2026-10-07T19:25:03Z,30.583866,adoption_barriers,,,E5
W4406161754,article,Eco-farming policies and sustainable food security in Qatar: The role of hydroponics,Ahmed Badran,2025,https://doi.org/10.54517/ama3039,https://doi.org/10.54517/ama3039,,Advances in Modern Agriculture,journal,True,2,hydroponics; sustainable agriculture; food security; agricultural policy; Qatar; water scarcity; arable land shortage; food import dependence,QA,unspecified,,,adoption_barriers,home hydroponics consumer adoption,AC_adoption_barriers_1957,openalex,data/raw/academic/academic_20261007T192501Z/openalex_adoption_barriers_home_hydroponics_consumer_adoption.json.gz,2026-10-07T19:25:04Z,30.583725,adoption_barriers,,,E5
W4382894163,article,"COMPARATIVE STUDIES OF ROCKWOOL AND COTTON WOOL FOR TOMATOES PRODUCTION: NUTRIENT BALANCE, PLANT GROWTH AND FRUIT QUALITY",,2023,https://doi.org/10.56726/irjmets42804,http://doi.org/10.56726/irjmets42804,,International Research Journal of Modernization in Engineering Technology and Science,journal,True,2,rockwool; cotton wool; growing media; tomato cultivation; nutrient balance; plant growth; fruit quality; seedling germination,,unspecified,,,sustainability,rockwool waste environmental impact,AC_sustainability_3284,openalex,data/raw/academic/academic_20261007T192501Z/openalex_sustainability_rockwool_waste_environmental_impact.json.gz,2026-10-07T19:25:35Z,30.548496,sustainability,,,E5
W7154321691,article,Hydroponic Farming System Using for Sustainable Indoor Agriculture Solutions,Prashanth Chittireddy; Kyatham Krishna Chaithanya; Thallapally Shivashankar; Medi Vishnuvardhan; Thuthuru Kranthi,2026,https://doi.org/10.64751/ijdim.2026.v5.v2(1).pp363-369,https://doi.org/10.64751/ijdim.2026.v5.v2(1).pp363-369,,International Journal of Data Science and IoT Management System,journal,True,1,hydroponics; indoor cultivation; urban agriculture; IoT monitoring; ESP32 microcontroller; solar energy; irrigation automation; nutrient delivery,IN,system_development,,,ai_prediction,artificial intelligence hydroponic anomaly detection,AC_ai_prediction_4917,openalex,data/raw/academic/academic_20261007T192501Z/openalex_ai_prediction_artificial_intelligence_hydroponic_anoma.json.gz,2026-10-07T19:25:24Z,30.42238,ai_prediction,,,E5
W7165515890,article,Enhancing Biotechnology Learning Through PRA-Driven Hydroponic Technology,Saidah Oktariyati; Yulia Safitri; Kardina Engelina Siregar,2026,https://doi.org/10.61987/jemr.v5i3.1183,https://doi.org/10.61987/jemr.v5i3.1183,,Journal of Educational Management Research,journal,True,0,hydroponics; biotechnology education; participatory rural appraisal; student-centered learning; hands-on learning; peer collaboration; problem-solving skills; experiential learning,ID,review,,,adoption_barriers,hydroponic adoption barriers,AC_adoption_barriers_3991,openalex,data/raw/academic/academic_20261007T192501Z/openalex_adoption_barriers_hydroponic_adoption_barriers.json.gz,2026-10-07T19:25:03Z,30.37966,adoption_barriers,,,E5
W4405236344,article,Development of Limestone Calcined Clay Cement-Based Lightweight Bricks Incorporating Waste Rockwool: A Step into Leading the Way in Low-Carbon Bricks,Hussam Alghamdi; Hamada Shoukry; Hamdy A. Abdel‐Gawwad; Md. Uzzal Hossain; Aref A. Abadel; Khaled A. Eltawil; Ahmed S. Youssef,2024,https://doi.org/10.3390/buildings14123937,https://doi.org/10.3390/buildings14123937,Multidisciplinary Digital Publishing Institute,Buildings,journal,True,8,limestone calcined clay cement; lightweight bricks; expanded clay aggregate; waste reuse; fire resistance; thermal conductivity; thermal diffusivity; compressive strength,EG; SA; US,unspecified,,,sustainability,rockwool waste environmental impact,AC_sustainability_3284,openalex,data/raw/academic/academic_20261007T192501Z/openalex_sustainability_rockwool_waste_environmental_impact.json.gz,2026-10-07T19:25:35Z,30.353481,sustainability,,,E5
W4388312569,article,Environmental and socio-economic effects of construction and demolition waste recycling in the European Union,Dario Caro; Concetta Lodato; Anders Damgaard; Jorge Cristóbal; Gillian Foster; Florian Flachenecker; Davide Tonini,2023,https://doi.org/10.1016/j.scitotenv.2023.168295,https://doi.org/10.1016/j.scitotenv.2023.168295,Elsevier BV,The Science of The Total Environment,journal,True,185,construction and demolition waste; waste recycling; circular economy; life cycle assessment; environmental impact; recycling costs; concrete recycling; brick recycling,BE; DK; ES; GB; IT; NL,experiment,,,sustainability,rockwool waste environmental impact,AC_sustainability_3284,openalex,data/raw/academic/academic_20261007T192501Z/openalex_sustainability_rockwool_waste_environmental_impact.json.gz,2026-10-07T19:25:35Z,30.329445,sustainability,,,E5
W7131290510,article,"Modular, On-Site Solutions with Lightweight Anomaly Detection for Sustainable Nutrient Management in Agriculture",Abigail R. Cohen; Yuming Sun; Zhihao Qin; Harsh Muriki; Zihao Xiao; Yeonju Lee; Matthew Joseph Housley; Andrew Sharkey,2026,https://doi.org/10.1021/acsestengg.5c00635,https://doi.org/10.1021/acsestengg.5c00635,American Chemical Society,ACS ES&T Engineering,journal,True,0,nutrient management; anomaly detection; multispectral imaging; autoencoder; vision transformer; random forest; vegetation indices; nitrogen fertilizer reduction,US,experiment|system_development|modelling,,,ai_prediction,artificial intelligence hydroponic anomaly detection,AC_ai_prediction_4917,openalex,data/raw/academic/academic_20261007T192501Z/openalex_ai_prediction_artificial_intelligence_hydroponic_anoma.json.gz,2026-10-07T19:25:24Z,30.159166,ai_prediction,,,E5
W4412138479,book-chapter,"FUTURISTIC INNOVATIONS AND PARADIGMS IN ARID AGRICULTURE: VERTICAL FARMING, HYDROPONICS, AND BEYOND",Lopamudra Jena; Meikam Ichancha; Swayan Sikha Priyadasini; Swadhin Priyadarsinee; Prakriti Debnath; Bikramjeet Ghose,2025,https://doi.org/10.58532/nbennuracepsw5,https://doi.org/10.58532/nbennuracepsw5,,Iterative International Publishers eBooks,ebook platform,False,0,rainfed agriculture; dry land farming; vertical farming; hydroponics; soilless cultivation; water scarcity; water use efficiency; precision agriculture,IN,experiment,,,adoption_barriers,home hydroponics consumer adoption,AC_adoption_barriers_1957,openalex,data/raw/academic/academic_20261007T192501Z/openalex_adoption_barriers_home_hydroponics_consumer_adoption.json.gz,2026-10-07T19:25:04Z,30.154907,adoption_barriers|iot_monitoring,,,E4
W7127056034,article,Utilization of Cigarette Butt Filter Waste as an Alternative Growing Medium in Hydroponic Systems,Nara Abdullah Sufi Al Amin Sabilillah; Raffael Rayya Rabbani; Dini Nurrahmawati,2026,https://doi.org/10.55927/ijar.v5i1.16115,https://doi.org/10.55927/ijar.v5i1.16115,,Indonesian Journal of Advanced Research,journal,True,0,growing medium; hydroponics; water spinach; rockwool; waste utilization; cellulose acetate; plant growth; waste recycling,ID,experiment,,,growing_media_bagasse,biodegradable growing media rockwool alternative,AC_growing_media_bagasse_3627,openalex,data/raw/academic/academic_20261007T192501Z/openalex_growing_media_bagasse_biodegradable_growing_media_rockwool_alt.json.gz,2026-10-07T19:25:30Z,30.132994,growing_media_bagasse,,,E5
W4401648895,article,Automated Hydroponic Farming System Using Nutrient Film Technique,Engr. Lyndel Jean L. Pagaduan; Engr. Mark Bryan C. Tenebroso; Engr. Riza Jean Acanto; Engr. Ernesto C. Allado; Engr. Francis Carlo Santos; Engr. Ivy Gail Dela Cruz; Engr. Carl Steven Baylon; Engr. Patrick Ferenal,2024,https://doi.org/10.5121/acii.2024.11301,http://doi.org/10.5121/acii.2024.11301,,Advanced Computational Intelligence An International Journal (ACII),journal,True,1,hydroponics; nutrient film technique; Internet of Things; lettuce cultivation; environmental monitoring; pH monitoring; temperature and humidity control; total dissolved solids,PH,unspecified,,,adoption_barriers,hydroponic adoption barriers,AC_adoption_barriers_3991,openalex,data/raw/academic/academic_20261007T192501Z/openalex_adoption_barriers_hydroponic_adoption_barriers.json.gz,2026-10-07T19:25:03Z,30.121845,adoption_barriers,,,E5
W7215715437,article,Hydroponics fodder production for sustainable livestock husbandry in Arunachal Pradesh: A review,Doni Jini; Joken Bam; Sourabh Deori; Rajesh A Alone; Thejangulie Angami,2022,https://doi.org/10.56678/iahf-2022.35.02.18,https://ijhfonline.org/index.php/ijhf/article/view/71,,Indian Journal of Hill Farming,journal,True,0,hydroponics; forage production; animal husbandry; Arunachal Pradesh; mithun; yak; maize; barley,IN,experiment,,,adoption_barriers,home hydroponics consumer adoption,AC_adoption_barriers_1957,openalex,data/raw/academic/academic_20261007T192501Z/openalex_adoption_barriers_home_hydroponics_consumer_adoption.json.gz,2026-10-07T19:25:04Z,30.1182,adoption_barriers,,,E5
W7198639766,book-chapter,Urban & home-based food production: VitaVista - a home hydroponic kitchen island for bulb vegetables in Malaysia's urban communities,Sazrinee Zainal Abidin; Boo Miow Lun,2025,,http://psasir.upm.edu.my/id/eprint/127618/1/127618.pdf,Universiti Putra Malaysia,Universiti Putra Malaysia Institutional Repository (Universiti Putra Malaysia),repository,False,0,hydroponics; household food production; urban agriculture; food security; self-sufficiency; user needs; sustainable urban food systems; SDG 2 Zero Hunger,,survey|case_study,60 respondents,,adoption_barriers,hydroponic adoption barriers,AC_adoption_barriers_3991,openalex,data/raw/academic/academic_20261007T192501Z/openalex_adoption_barriers_hydroponic_adoption_barriers.json.gz,2026-10-07T19:25:03Z,30.081419,adoption_barriers,,,E4
W2528187854,article,355 Effect of Season on Nitrate Accumulation in Hydroponic Lettuce,Martin P.N. Gent,2000,https://doi.org/10.21273/hortsci.35.3.453d,https://doi.org/10.21273/hortsci.35.3.453d,American Society for Horticultural Science,HortScience,journal,True,0,lettuce; nitrate accumulation; hydroponics; seasonal variation; solar irradiance; nitrate uptake,US,experiment,,,adoption_barriers,hydroponic adoption barriers,AC_adoption_barriers_3991,openalex,data/raw/academic/academic_20261007T192501Z/openalex_adoption_barriers_hydroponic_adoption_barriers.json.gz,2026-10-07T19:25:03Z,29.97627,adoption_barriers,,,E5
W2345787215,article,"304 Effects of Calcium and Magnesium on Growth, Fruit Yield, and Quality of Greenhouse Tomato Grown in Rockwool",Xiuming Hao; Athanasios P. Papadopoulos,2000,https://doi.org/10.21273/hortsci.35.3.444b,https://doi.org/10.21273/hortsci.35.3.444b,American Society for Horticultural Science,HortScience,journal,True,3,tomato; calcium; magnesium; rockwool; greenhouse cultivation; blossom end rot; fruit cracking; fruit quality,CA,experiment,,,sustainability,rockwool waste environmental impact,AC_sustainability_3284,openalex,data/raw/academic/academic_20261007T192501Z/openalex_sustainability_rockwool_waste_environmental_impact.json.gz,2026-10-07T19:25:35Z,29.919605,sustainability,,,E5
W7138950685,book-chapter,Perspective Chapter: The Role of Artificial Intelligence in Transforming the Food Industry,Aysel İçöz,2026,https://doi.org/10.5772/intechopen.1014770,https://doi.org/10.5772/intechopen.1014770,IntechOpen,IntechOpen eBooks,ebook platform,False,0,artificial intelligence; food industry; technological change; food safety; sustainability; moral norms; data quality; multi-stakeholder collaboration,TR,unspecified,,,ai_prediction,artificial intelligence hydroponic anomaly detection,AC_ai_prediction_4917,openalex,data/raw/academic/academic_20261007T192501Z/openalex_ai_prediction_artificial_intelligence_hydroponic_anoma.json.gz,2026-10-07T19:25:24Z,29.836136,ai_prediction,,,E4
W3093420232,article,"Sustainability of Sheep Fleece Utilization in Jordan as an Insulation Material to Decrease Environmental Pollution, Increase Farmers’ Income, and Create New Job Opportunities",Bahieh M. Alma’atah; Taha M. Alkhamis,2020,https://doi.org/10.4236/jep.2020.1110051,https://doi.org/10.4236/jep.2020.1110051,Scientific Research Publishing,Journal of Environmental Protection,journal,True,4,wool; wool waste; building insulation; pollution reduction; farm income; job creation; polystyrene; rockwool,JO,modelling,,,sustainability,rockwool waste environmental impact,AC_sustainability_3284,openalex,data/raw/academic/academic_20261007T192501Z/openalex_sustainability_rockwool_waste_environmental_impact.json.gz,2026-10-07T19:25:35Z,29.810463,sustainability,,,E5
W4415784237,article,Simulation Design of an HMI-Based Monitoring System for Hydroponic Cultivation,"Politeknik Negeri Banjarmasin, Indonesia; Syaiful Rachman; Joniriadi; Politeknik Negeri Banjarmasin, Indonesia; Joniriadi .; Politeknik Negeri Banjarmasin, Indonesia",2025,https://doi.org/10.47191/etj/v10i10.42,https://doi.org/10.47191/etj/v10i10.42,,Engineering and Technology Journal,journal,True,0,hydroponics; human-machine interaction; monitoring system; programmable logic controller; pH monitoring; total dissolved solids; real-time monitoring; actuator control,ID,system_development|modelling,,,ai_prediction,artificial intelligence hydroponic anomaly detection,AC_ai_prediction_4917,openalex,data/raw/academic/academic_20261007T192501Z/openalex_ai_prediction_artificial_intelligence_hydroponic_anoma.json.gz,2026-10-07T19:25:24Z,29.806482,ai_prediction,,,E5
W4415625372,article,Research Status and Development Trends of Artificial Intelligence in Smart Agriculture,Chuang Ge; Guangjian Zhang; Yijie Wang; Dandan Shao; Xiangjin Song; Zhaowei Wang,2025,https://doi.org/10.3390/agriculture15212247,https://doi.org/10.3390/agriculture15212247,Multidisciplinary Digital Publishing Institute,Agriculture,journal,True,39,artificial intelligence in agriculture; smart agriculture; precision agriculture; predictive maintenance; agricultural robotics; Internet of Things in agriculture; transfer learning; lightweight neural networks,CN,review|modelling,,,ai_prediction,artificial intelligence hydroponic anomaly detection,AC_ai_prediction_4917,openalex,data/raw/academic/academic_20261007T192501Z/openalex_ai_prediction_artificial_intelligence_hydroponic_anoma.json.gz,2026-10-07T19:25:24Z,29.68392,ai_prediction,,,E5
W4413926636,article,AI Anomaly-Based Deepfake Detection Using Customized Mahalanobis Distance and Head Pose with Facial Landmarks,Cosmina-Mihaela Roșca; Adrian Stancu,2025,https://doi.org/10.3390/app15179574,https://doi.org/10.3390/app15179574,Multidisciplinary Digital Publishing Institute,Applied Sciences,journal,True,5,deepfake detection; image forgery detection; Mahalanobis distance; facial landmarks; head pose estimation; anomaly detection; face recognition; synthetic face detection,RO,system_development,,,ai_prediction,artificial intelligence hydroponic anomaly detection,AC_ai_prediction_4917,openalex,data/raw/academic/academic_20261007T192501Z/openalex_ai_prediction_artificial_intelligence_hydroponic_anoma.json.gz,2026-10-07T19:25:24Z,29.65921,ai_prediction,,,E5
W4414104409,review,Exploring the Integration of Artificial Intelligence and IoT in Smart Farming: A Systematic Review,Aswin Rosadi; Mokh. Sholihul Hadi,2025,https://doi.org/10.21070/joincs.v8i1.1668,https://doi.org/10.21070/joincs.v8i1.1668,Universitas Muhammadiyah Sidoarjo,JOINCS (Journal of Informatics Network and Computer Science),journal,True,0,artificial intelligence; Internet of Things; smart agriculture; agricultural data; data-driven decision making; agricultural technology adoption; scalability; sustainable agriculture,ID,review,,,ai_prediction,artificial intelligence hydroponic anomaly detection,AC_ai_prediction_4917,openalex,data/raw/academic/academic_20261007T192501Z/openalex_ai_prediction_artificial_intelligence_hydroponic_anoma.json.gz,2026-10-07T19:25:24Z,29.529585,ai_prediction,,,E5
W4413239735,article,Salt Mediated Morpho-Anatomical and Nutrient Responses in Hydroponically Grown Tomato (Solanum lycopersicum L.) Under Different Organic Media,Amna Hassan; Misbah Kalsoom; Rohul Amin; Rabiya Bashir; Mehwish Kanwal; Muhammad Iftikhar; Ammara Ahsan; Fareeha Imran,2025,https://doi.org/10.36347/sajb.2025.v13i08.005,https://doi.org/10.36347/sajb.2025.v13i08.005,,Scholars Academic Journal of Biosciences,journal,True,0,tomato; salt stress; hydroponics; organic growing media; cocopeat; sawdust; sugarcane bagasse; Hoagland solution,CN; PK,experiment,,,growing_media_bagasse,bagasse substrate hydroponic,AC_growing_media_bagasse_9233,openalex,data/raw/academic/academic_20261007T192501Z/openalex_growing_media_bagasse_bagasse_substrate_hydroponic.json.gz,2026-10-07T19:25:29Z,29.467531,growing_media_bagasse,,,E5
W2914680114,article,Optimization of Intracanopy Lighting for Hydroponically Grown Cowpea in Controlled Environments,Jonathan M. Frantz; Cary A. Mitchell,1997,https://doi.org/10.21273/hortsci.32.3.542d,https://doi.org/10.21273/hortsci.32.3.542d,American Society for Horticultural Science,HortScience,journal,True,1,cowpea; hydroponics; controlled environment agriculture; power consumption; photosynthetically active radiation; harvest index; energy conversion efficiency; leaf photosynthetic rate,,experiment,,,adoption_barriers,hydroponic adoption barriers,AC_adoption_barriers_3991,openalex,data/raw/academic/academic_20261007T192501Z/openalex_adoption_barriers_hydroponic_adoption_barriers.json.gz,2026-10-07T19:25:03Z,29.443483,adoption_barriers,,,E5
W4389936677,article,Environmental Impacts of Reinforced Concrete Buildings: Comparing Common and Sustainable Materials: A Case Study,Niyousha Fallah Chamasemani; Massih Kelishadi; Hasan Mostafaei; Mohammad Amin Dehghani Najvani; ‪Mohammadreza Mashayekhi,2023,https://doi.org/10.3390/constrmater4010001,https://doi.org/10.3390/constrmater4010001,,Construction Materials,journal,True,31,reinforced concrete buildings; embodied carbon; carbon footprint; sustainable construction materials; greenhouse gas emissions; construction emissions; clay bricks; cork,AU; IR; IT; US,unspecified,,,sustainability,rockwool waste environmental impact,AC_sustainability_3284,openalex,data/raw/academic/academic_20261007T192501Z/openalex_sustainability_rockwool_waste_environmental_impact.json.gz,2026-10-07T19:25:35Z,29.427967,sustainability,,,E5
W7162543075,article,A DATA-DRIVEN APPROACH TO VERTICAL HARVESTING: ARTIFICIAL INTELLIGENCE AND INTERNET OF THINGS-BASED AUTOMATION IN AGRICULTURE,A. Hemlathadhevi; Lakshmikanth Paleti; Ramesh Kumar Chinnakunnu; Surendran Rajendran,2026,https://doi.org/10.47163/agrociencia.v60i4.3555,https://doi.org/10.47163/agrociencia.v60i4.3555,,Agrociencia,journal,True,0,vertical farming; smallholder farmers; artificial intelligence in agriculture; Internet of Things; precision agriculture; hydroponics; aeroponics; irrigation automation,IN,modelling,,,ai_prediction,artificial intelligence hydroponic anomaly detection,AC_ai_prediction_4917,openalex,data/raw/academic/academic_20261007T192501Z/openalex_ai_prediction_artificial_intelligence_hydroponic_anoma.json.gz,2026-10-07T19:25:24Z,29.420496,ai_prediction,,,E5
W4405916034,article,Economic Viability of Cucumber Farming: Hydroponic Systems VS Traditional Soil Methods,Ahmad Bilal; S. Hassan; Azeem Sardar; Zain Ul Abideen; Muhammad Naeem,2024,https://doi.org/10.62345/jads.2024.13.4.46,https://doi.org/10.62345/jads.2024.13.4.46,,Journal of Asian Development Studies,journal,True,2,hydroponics; greenhouse cultivation; economic feasibility; production costs; return on investment; marginal farmers; off-season vegetable production; soil-borne diseases,PK,unspecified,,,adoption_barriers,hydroponic adoption barriers,AC_adoption_barriers_3991,openalex,data/raw/academic/academic_20261007T192501Z/openalex_adoption_barriers_hydroponic_adoption_barriers.json.gz,2026-10-07T19:25:03Z,29.359272,adoption_barriers,,,E5
W4386963331,article,Secured Framework for Smart Farming in Hydroponics with Intelligent and Precise Management based on IoT with Blockchain Technology,Jayant P. Mehare; Amit Gaikwad,2023,https://doi.org/10.17762/ijritcc.v11i9s.7418,https://doi.org/10.17762/ijritcc.v11i9s.7418,,International Journal on Recent and Innovation Trends in Computing and Communication,journal,True,3,hydroponics; smart agriculture; Internet of Things; blockchain; data security; fog computing; cloud computing; plant monitoring,IN,experiment|modelling,,,adoption_barriers,home hydroponics consumer adoption,AC_adoption_barriers_1957,openalex,data/raw/academic/academic_20261007T192501Z/openalex_adoption_barriers_home_hydroponics_consumer_adoption.json.gz,2026-10-07T19:25:04Z,28.954962,adoption_barriers,,,E5
W2886229154,article,Cultivation of strawberry in substrate: Productivity and fruit quality are affected by the cultivar origin and substrates,Maria Inês Diel; Marcos Vinícius Marques Pinheiro; Leonardo Antônio Thiesen; Bruna Stringari Altíssimo; Ezequiel Holz; Denise Schmidt,2018,https://doi.org/10.1590/1413-70542018423003518,https://doi.org/10.1590/1413-70542018423003518,Federal University of Lavras,Ciência e Agrotecnologia,journal,True,22,strawberry; substrate cultivation; organic substrates; cultivar origin; sugarcane bagasse; rice husk; organic compost; fruit yield,BR,experiment,,,growing_media_bagasse,bagasse substrate hydroponic,AC_growing_media_bagasse_9233,openalex,data/raw/academic/academic_20261007T192501Z/openalex_growing_media_bagasse_bagasse_substrate_hydroponic.json.gz,2026-10-07T19:25:29Z,28.937582,growing_media_bagasse,,,E5
W3182436621,article,Growing Mediums for Medical Cannabis Production in North America,Reza Nemati; Jean-Pierre Fortin; Joseph Craig; Shaye Donald,2021,https://doi.org/10.3390/agronomy11071366,https://doi.org/10.3390/agronomy11071366,Multidisciplinary Digital Publishing Institute,Agronomy,journal,True,23,medical cannabis; growing media; peat-based substrate; rockwool; phenolic foam; living soil; plant growth stages; cannabis cultivation,,review,,,growing_media_bagasse,biodegradable growing media rockwool alternative,AC_growing_media_bagasse_3627,openalex,data/raw/academic/academic_20261007T192501Z/openalex_growing_media_bagasse_biodegradable_growing_media_rockwool_alt.json.gz,2026-10-07T19:25:30Z,28.892504,growing_media_bagasse,,,E5
W7216938596,article,Digitally-Driven Agroinnovation: Youth-Led Empowerment And Sustainable Hydroponics In A Suburban Indonesian Community,Rivo Nugroho; Ach. Rasyad; Umi Dayati; Sri Wahyuni,2025,,https://theaspd.com/index.php/ijes/article/view/490,,International Journal of Environmental Sciences,journal,True,0,hydroponics; digital literacy; digital empowerment; sustainable agriculture; microenterprises; community-based resilience; intergenerational knowledge sharing; agroecology,ID,case_study,,,adoption_barriers,home hydroponics consumer adoption,AC_adoption_barriers_1957,openalex,data/raw/academic/academic_20261007T192501Z/openalex_adoption_barriers_home_hydroponics_consumer_adoption.json.gz,2026-10-07T19:25:04Z,28.745693,adoption_barriers,,,E5
W4392810331,article,Enhancing Chinese Cabbage Production and Quality through IoT-Based Smart Farming in NFT-Hydroponics,Athakorn Promwee; Sukimplee Nijibulat; Hien Huu Nguyen,2024,https://doi.org/10.3390/agronomy14030579,https://doi.org/10.3390/agronomy14030579,Multidisciplinary Digital Publishing Institute,Agronomy,journal,True,10,Chinese cabbage; Brassica pekinensis; Internet of Things; smart agriculture; hydroponics; NFTs; nutrient film technique; plant growth,TH; VN,experiment,,,adoption_barriers,home hydroponics consumer adoption,AC_adoption_barriers_1957,openalex,data/raw/academic/academic_20261007T192501Z/openalex_adoption_barriers_home_hydroponics_consumer_adoption.json.gz,2026-10-07T19:25:04Z,28.597298,adoption_barriers,,,E5
W2149397197,article,257 Characterization of the Physico-chemical Properties of and Plant Response to Ecologically Sound Organic Substrates in Relation to Rockwool,Md. Shahidul Islam; Tadashi Ito,2000,https://doi.org/10.21273/hortsci.35.3.435d,https://doi.org/10.21273/hortsci.35.3.435d,American Society for Horticultural Science,HortScience,journal,True,0,coconut fiber; rockwool; growing media; tomato; water holding capacity; pore space; bulk density; crop growth,JP,experiment,,,sustainability,rockwool waste environmental impact,AC_sustainability_3284,openalex,data/raw/academic/academic_20261007T192501Z/openalex_sustainability_rockwool_waste_environmental_impact.json.gz,2026-10-07T19:25:35Z,28.449028,sustainability,,,E5
W7171679483,article,Effect of Red Sand and Rockwool on the Properties of Cellular Lightweight Concrete Bricks,Winsyahputra Ritonga; Mukti Hamjah Harahap; Moondra Zubir; Putri Faradilla; Dwi Sapri Ramadhan; Lidia Marliana Nasution,2026,https://doi.org/10.28991/cej-2026-012-07-018,https://doi.org/10.28991/cej-2026-012-07-018,Salehan Institute of Higher Education,Civil Engineering Journal,journal,True,0,foam concrete; red sand; river sand substitution; compressive strength; density; water absorption; thermal resistance; porosity,ID,unspecified,,,sustainability,rockwool waste environmental impact,AC_sustainability_3284,openalex,data/raw/academic/academic_20261007T192501Z/openalex_sustainability_rockwool_waste_environmental_impact.json.gz,2026-10-07T19:25:35Z,28.064209,sustainability,,,E5
W3215253979,article,Implementation of Hydroponic Technology (Model) as an Effort to Overcome Food Security for Residents of the Sint Carolus Middle School in Bengkulu City,Rendi Zulni Ekaputri; Dewi Jumiarni; Berto Usman; Erik Perdana Putra,2021,https://doi.org/10.29062/engagement.v5i2.457,https://doi.org/10.29062/engagement.v5i2.457,,Engagement Jurnal Pengabdian Kepada Masyarakat,journal,True,1,hydroponics; food security; COVID-19 pandemic; community training; household food production,ID,unspecified,,,beginner_knowledge,hydroponic farming knowledge training beginners,AC_beginner_knowledge_9796,openalex,data/raw/academic/academic_20261007T192501Z/openalex_beginner_knowledge_hydroponic_farming_knowledge_training_be.json.gz,2026-10-07T19:25:08Z,28.007118,beginner_knowledge,,,E5
W4315628445,article,Effects of Hybrid Rockwool–Wood Fiber on the Performance of Asbestos-Free Brake Friction Composites,Nan Wang; Hao Liu; Fei Huang,2023,https://doi.org/10.3390/lubricants11010027,https://doi.org/10.3390/lubricants11010027,Multidisciplinary Digital Publishing Institute,Lubricants,journal,True,10,wood fibers; hybrid fiber reinforcement; tribological properties; friction coefficient; wear resistance; water absorption; mechanical properties,CN,system_development,,,sustainability,rockwool waste environmental impact,AC_sustainability_3284,openalex,data/raw/academic/academic_20261007T192501Z/openalex_sustainability_rockwool_waste_environmental_impact.json.gz,2026-10-07T19:25:35Z,27.98565,sustainability,,,E5
W3149404381,article,Efecto del sustrato hidropónico sobre los atributos de calidad fisicoquímica y fisiológica de frutos de jitomate (Solanum lycopersicum var. saladette),Oscar Andrés Del Ángel-Coronel; Magdalena Jimenez-Hernández; Salomón Lopez Serrano; Jairo Armando Lopez Rojas,2019,https://doi.org/10.35429/jtd.2019.9.3.1.12,https://doi.org/10.35429/jtd.2019.9.3.1.12,ECORFAN,Revista del Desarrollo Tecnologico,journal,True,0,hydroponic substrate; tomato; fruit quality; physicochemical properties; tezontle; coffee husk; vermicompost; sugarcane bagasse,,experiment,,,growing_media_bagasse,bagasse substrate hydroponic,AC_growing_media_bagasse_9233,openalex,data/raw/academic/academic_20261007T192501Z/openalex_growing_media_bagasse_bagasse_substrate_hydroponic.json.gz,2026-10-07T19:25:29Z,27.966946,growing_media_bagasse,,,E5
W7161925203,article,Factors Affecting Hydroponic Vegetable Purchase Decisions,J. E. (Jan) Papilaya; J. D. Massie; H. N. (Hendra) Tawas,2020,https://doi.org/10.31149/ijot.v4i2.2745,https://journals.researchparks.org/index.php/IJOT/article/view/2745,,International Journal on Orange Technologies,journal,True,0,purchase decision; hydroponic vegetables; price perception; health awareness; brand image; product quality; consumer behavior,ID,survey|modelling,50 respondents,,beginner_knowledge,hydroponic farming knowledge training beginners,AC_beginner_knowledge_9796,openalex,data/raw/academic/academic_20261007T192501Z/openalex_beginner_knowledge_hydroponic_farming_knowledge_training_be.json.gz,2026-10-07T19:25:08Z,27.96366,beginner_knowledge,,,E5
W3126229853,article,Composted Agave Bagasse for Growing Strawberries and Tomatoes,Gil Virgen Calleros; Walter RámirezMeda; José de Jesús Bernal Casillas; Gilberto Íñiguez Covarrubias,2020,https://doi.org/10.15640/jaes.v9n2a9,https://doi.org/10.15640/jaes.v9n2a9,,Journal of Agriculture and Environmental Sciences,journal,True,0,agave bagasse; compost; strawberry cultivation; tomato cultivation; organic fertilization; agro-industrial waste valorization,MX,unspecified,,,growing_media_bagasse,bagasse substrate hydroponic,AC_growing_media_bagasse_9233,openalex,data/raw/academic/academic_20261007T192501Z/openalex_growing_media_bagasse_bagasse_substrate_hydroponic.json.gz,2026-10-07T19:25:29Z,27.861609,growing_media_bagasse,,,E5
W4293085516,article,"Conception and Development of Recycled Raw Materials (Coconut Fiber and Bagasse)-Based Substrates Enriched with Soil Microorganisms (Arbuscular Mycorrhizal Fungi, Trichoderma spp. and Pseudomonas spp.) for the Soilless Cultivation of Tomato (S. lycopersicum)",Sylvie Masquelier; Tommaso Sozzi; Janie Camille Bouvet; Jérôme Bésiers; Jean-Marc Deogratias,2022,https://doi.org/10.3390/agronomy12040767,https://doi.org/10.3390/agronomy12040767,Multidisciplinary Digital Publishing Institute,Agronomy,journal,True,14,soilless cultivation; tomato; coconut fiber; sugarcane bagasse; growing media; arbuscular mycorrhizal fungi; Trichoderma harzianum; Pseudomonas fluorescens,FR,unspecified,,,growing_media_bagasse,bagasse substrate hydroponic,AC_growing_media_bagasse_9233,openalex,data/raw/academic/academic_20261007T192501Z/openalex_growing_media_bagasse_bagasse_substrate_hydroponic.json.gz,2026-10-07T19:25:29Z,27.567932,growing_media_bagasse,,,E5
W4284714503,article,"The Millennial Farmers' Interest in Succeeding the Family Agriculture for Hydroponic Application in Garut District, West Java Indonesia",Lukman Effendy; Nawangwulan Widyaastuti; Hana Lastri,2022,https://doi.org/10.13189/ujar.2022.100308,https://doi.org/10.13189/ujar.2022.100308,Horizon Research Publishing,Universal Journal of Agricultural Research,journal,True,17,millennial farmers; youth interest in agriculture; family farming; hydroponics; Garut Regency,ID,survey|modelling|case_study,54 respondents,,beginner_knowledge,hydroponic farming knowledge training beginners,AC_beginner_knowledge_9796,openalex,data/raw/academic/academic_20261007T192501Z/openalex_beginner_knowledge_hydroponic_farming_knowledge_training_be.json.gz,2026-10-07T19:25:08Z,27.538088,beginner_knowledge,,,E5
W2987002090,article,Mixed Hardwood and Sugarcane Bagasse Biochar as Potting Mix Components for Container Tomato and Basil Seedling Production,Ping Yu; Qiansheng Li; Lan Huang; Genhua Niu; Mengmeng Gu,2019,https://doi.org/10.3390/app9214713,https://doi.org/10.3390/app9214713,Multidisciplinary Digital Publishing Institute,Applied Sciences,journal,True,23,biochar; sugarcane bagasse; hardwood biochar; potting mix; seedling production; tomato; Ocimum basilicum; phytotoxicity,CN; US,experiment,,,growing_media_bagasse,bagasse substrate hydroponic,AC_growing_media_bagasse_9233,openalex,data/raw/academic/academic_20261007T192501Z/openalex_growing_media_bagasse_bagasse_substrate_hydroponic.json.gz,2026-10-07T19:25:29Z,27.304293,growing_media_bagasse,,,E5
W3127883258,article,Quantification of Rockwool Substrate Water Content using a Capacitive Water Sensor,Jeong-Hyeon Baek; Jusung Park; Hojin Lee; Jin-Hee An; Eun-Young Choi,2021,https://doi.org/10.12791/ksbec.2021.30.1.027,https://doi.org/10.12791/ksbec.2021.30.1.027,,Journal of Bio-Environment Control,journal,True,1,rockwool substrate; substrate water content; capacitance measurement; water weights; sensor calibration; hydroponics; nutrient solution; curve fitting,KR,experiment|system_development,,,sustainability,rockwool waste environmental impact,AC_sustainability_3284,openalex,data/raw/academic/academic_20261007T192501Z/openalex_sustainability_rockwool_waste_environmental_impact.json.gz,2026-10-07T19:25:35Z,27.296083,sustainability,,,E5
W4320069131,article,Variation of the Amount of Seeds per Planting Hole to the Response of Lettuce Plant with DFT Hydroponic System,Akhmad Zaki; Akhmad Gazali; Nukhak Nufita Sari,2022,https://doi.org/10.31327/atj.v7i1.1740,http://dx.doi.org/10.31327/atj.v7i1.1740,Universitas Sembilanbelas November Kolaka,AgroTech Journal,journal,True,1,lettuce; seedling density; hydroponics; plant growth; crop yield; plant competition; leafy vegetable production,ID,experiment,,,beginner_knowledge,hydroponic farming knowledge training beginners,AC_beginner_knowledge_9796,openalex,data/raw/academic/academic_20261007T192501Z/openalex_beginner_knowledge_hydroponic_farming_knowledge_training_be.json.gz,2026-10-07T19:25:08Z,27.051563,beginner_knowledge,,,E5
W3092274273,article,Bromatological composition and dry matter production of corn hydroponic fodder,Júlio César Silva Almeida; Jean Kaíque Valentim; Dawson José Guimarães Faria; Cássia Maria Silva Noronha; Jonatan Mikhail Del Solar Velarde; Janaína Palermo Mendes; Rita Therezinha Rolim Pietramale; Henrique Momo Ziemniczak,2020,https://doi.org/10.4025/actascianimsci.v43i1.48800,https://doi.org/10.4025/actascianimsci.v43i1.48800,Editora da Universidade Estadual de Maringá (Eduem),Acta Scientiarum Animal Sciences,journal,True,6,seeding rate; cutting age; dry matter production; dry matter content; crude protein; acid detergent fiber; neutral detergent fiber; crude fat,BR,experiment,,,growing_media_bagasse,bagasse substrate hydroponic,AC_growing_media_bagasse_9233,openalex,data/raw/academic/academic_20261007T192501Z/openalex_growing_media_bagasse_bagasse_substrate_hydroponic.json.gz,2026-10-07T19:25:29Z,26.7775,growing_media_bagasse,,,E5
W3017303052,article,Biochar from Fique Bagasse for Remotion of Caffeine and Diclofenac from Aqueous Solution,Yaned Milena Correa-Navarro; Liliana Giraldo; Juan Carlos Moreno‐Piraján,2020,https://doi.org/10.3390/molecules25081849,https://doi.org/10.3390/molecules25081849,Multidisciplinary Digital Publishing Institute,Molecules,journal,True,55,biochar; caffeine removal; diclofenac removal; adsorption; emerging contaminants; pharmaceutical pollutants; aqueous solutions; pyrolysis,CO,experiment,,,growing_media_bagasse,bagasse substrate hydroponic,AC_growing_media_bagasse_9233,openalex,data/raw/academic/academic_20261007T192501Z/openalex_growing_media_bagasse_bagasse_substrate_hydroponic.json.gz,2026-10-07T19:25:29Z,26.59985,growing_media_bagasse,,,E5
W4413739843,article,FASOLA (farming solution application): Integrating IoT innovation in vertical farming to support food security and economic sustainability,Georgia Krisatya; Nadine Puteri Setiawan; Ilham Fatahhillah,2025,https://doi.org/10.61511/hjtas.v3i1.2025.2059,https://doi.org/10.61511/hjtas.v3i1.2025.2059,,Holistic Journal of Tropical Agriculture Sciences,journal,True,0,vertical farming; Internet of Things; mobile application; food security; urban agriculture; hydroponics; irrigation management; energy management,ID,system_development,,,beginner_knowledge,hydroponic farming knowledge training beginners,AC_beginner_knowledge_9796,openalex,data/raw/academic/academic_20261007T192501Z/openalex_beginner_knowledge_hydroponic_farming_knowledge_training_be.json.gz,2026-10-07T19:25:08Z,26.525171,beginner_knowledge,,,E5
W2894876372,article,Assessment of sustainable and biodegradable agricultural substrates for eminence production of cucumber for kitchen gardening,Mubeen Sarwar; Sumreen Anjum; Muhammad Arslan Khan; Muhammad Saleem Haider; Sajid Ali; M. Kaleem Naseem,2018,https://doi.org/10.1007/s40093-018-0222-x,https://doi.org/10.1007/s40093-018-0222-x,Springer Nature,International Journal Of Recycling of Organic Waste in Agriculture,journal,True,11,cucumber; kitchen gardening; agricultural substrates; leaf compost; perlite; growing media; silt; proline,PK,experiment,,,growing_media_bagasse,biodegradable growing media rockwool alternative,AC_growing_media_bagasse_3627,openalex,data/raw/academic/academic_20261007T192501Z/openalex_growing_media_bagasse_biodegradable_growing_media_rockwool_alt.json.gz,2026-10-07T19:25:30Z,26.301178,growing_media_bagasse,,,E5
W4291414321,article,"The Tripartite of Soilless Systems, Growing Media, and Plants through an Intensive Crop Production Scheme",Nikolaos Tzortzakis; Daniele Massa; Bart Vandecasteele,2022,https://doi.org/10.3390/agronomy12081896,https://doi.org/10.3390/agronomy12081896,Multidisciplinary Digital Publishing Institute,Agronomy,journal,True,9,growing media; intensive crop production; vegetable production; fruit growing,BE; CY; IT,unspecified,,,growing_media_bagasse,biodegradable growing media rockwool alternative,AC_growing_media_bagasse_3627,openalex,data/raw/academic/academic_20261007T192501Z/openalex_growing_media_bagasse_biodegradable_growing_media_rockwool_alt.json.gz,2026-10-07T19:25:30Z,26.225853,growing_media_bagasse,,,E5
W3121297709,article,Evaluation of Sugarcane Agroindustrial Wastes as Substrate in Soilless Cultivation of Tomato (S. lycopersicum Linnaeus): Effect of Substrate Composition on Yield Production,V.N. Orta-Guzmán; Jorge Aurelio Lois-Correa; Miguel Antonio Domínguez-Crespo; Joel Pineda-Pineda; Aidé Minerva Torres-Huerta; Adela Eugenia Rodríguez-Salazar; Ángeles Iveth Licona-Aguilar,2021,https://doi.org/10.3390/agronomy11020206,https://doi.org/10.3390/agronomy11020206,Multidisciplinary Digital Publishing Institute,Agronomy,journal,True,9,soilless cultivation; tomato; sugarcane bagasse; sugarcane bagasse ash; substrate composition; fruit yield; water retention; surface area,MX,unspecified,,,growing_media_bagasse,bagasse substrate hydroponic,AC_growing_media_bagasse_9233,openalex,data/raw/academic/academic_20261007T192501Z/openalex_growing_media_bagasse_bagasse_substrate_hydroponic.json.gz,2026-10-07T19:25:29Z,26.0047,growing_media_bagasse,,,E5
W3202917512,article,Use of Sawdust- Biochar Amended Wood Pulp as A Substrate for Container Cultivation,M Mithuna,2021,https://doi.org/10.22214/ijraset.2021.38195,https://doi.org/10.22214/ijraset.2021.38195,International Journal for Research in Applied Science and Engineering Technology (IJRASET),International Journal for Research in Applied Science and Engineering Technology,journal,True,0,sawdust; biochar; wood pulp; soilless substrate; container cultivation; mungbean; seed germination; seedling growth,,unspecified,,,growing_media_bagasse,bagasse substrate hydroponic,AC_growing_media_bagasse_9233,openalex,data/raw/academic/academic_20261007T192501Z/openalex_growing_media_bagasse_bagasse_substrate_hydroponic.json.gz,2026-10-07T19:25:29Z,25.813372,growing_media_bagasse,,,E5
W4413131226,article,A Review on Sustainable Microgreen Cultivation for Urban Farming with Minimal Resources,Narendra Nath Hansda; Umesh Thapa; Sourav Kundu,2025,https://doi.org/10.9734/jsrr/2025/v31i83405,https://doi.org/10.9734/jsrr/2025/v31i83405,Sciencedomain International,Journal of Scientific Research and Reports,journal,True,0,microgreens; urban agriculture; sustainable cultivation; hydroponics; aeroponics; nutrient film technique; cocopeat; growing substrates,IN,unspecified,,,growing_media_bagasse,bagasse substrate hydroponic,AC_growing_media_bagasse_9233,openalex,data/raw/academic/academic_20261007T192501Z/openalex_growing_media_bagasse_bagasse_substrate_hydroponic.json.gz,2026-10-07T19:25:29Z,25.13979,growing_media_bagasse,,,E5
W3211432054,article,Variedade crioula de milho na produção de forragem hidropônica com uso de diferentes substratos,Fábio Cunha Coelho; Ingrid Trancoso da Silva,2018,,http://cadernos.aba-agroecologia.org.br/cadernos/article/download/1598/1011,,Cadernos de Agroecologia,journal,True,0,hydroponic green fodder; sugarcane bagasse; organic substrates; forage quality; crude protein; dry matter; nutrient content; germination,BR,experiment,,,growing_media_bagasse,bagasse substrate hydroponic,AC_growing_media_bagasse_9233,openalex,data/raw/academic/academic_20261007T192501Z/openalex_growing_media_bagasse_bagasse_substrate_hydroponic.json.gz,2026-10-07T19:25:29Z,25.095554,growing_media_bagasse,,,E5
W2343945570,article,Risks to plant health posed by EU import of soil or growing media,EFSA Panel on Plant Health (PLH Panel),2015,https://doi.org/10.2903/j.efsa.2015.4132,https://doi.org/10.2903/j.efsa.2015.4132,Wiley,EFSA Journal,journal,True,6,plant health risk assessment; soil; growing media; plant imports; phytosanitary measures; soil-borne pests; International Plant Protection Convention; import ban,,unspecified,,,growing_media_bagasse,biodegradable growing media rockwool alternative,AC_growing_media_bagasse_3627,openalex,data/raw/academic/academic_20261007T192501Z/openalex_growing_media_bagasse_biodegradable_growing_media_rockwool_alt.json.gz,2026-10-07T19:25:30Z,24.867775,growing_media_bagasse,,,E5
W4387465724,article,Creole corn seed promotes increase in production and nutritional aspects in hydroponic forage,Emilly Sabrina Cotrim dos Santos; Raniere de Araújo Lima Almeida; Tais Borges da Cruz-Neiva; Julia de Castro Cerqueira; Roberta Carvalho da Silva; Luiz Edmundo Cincurá de Andrade Sobrinho; Cristiane Duarte dos SANTOS; Larissa Pires Barbosa,2023,https://doi.org/10.1590/s1519-994020232021,https://doi.org/10.1590/s1519-994020232021,Universidade Federal da Bahia,Revista Brasileira de Saúde e Produção Animal,journal,True,3,hydroponic forage; forage productivity; forage nutritional composition; dry matter production; fiber content; crude protein,BR,experiment,n=5,,growing_media_bagasse,bagasse substrate hydroponic,AC_growing_media_bagasse_9233,openalex,data/raw/academic/academic_20261007T192501Z/openalex_growing_media_bagasse_bagasse_substrate_hydroponic.json.gz,2026-10-07T19:25:29Z,24.394049,growing_media_bagasse,,,E5
W4411830730,article,"Growth of Tomato, Cucumber and Lettuce Seedlings under Alternative Growing Media Using Wastes of Date Palm Fibers, and Banana Leaves",,2025,https://doi.org/10.30955/gnj.07663,https://doi.org/10.30955/gnj.07663,University of the Aegean,Global NEST Journal,journal,True,0,banana leaf waste; peat substitute; vermiculite; peat moss; tomato seedlings; cucumber seedlings; lettuce seedlings; seed germination,,experiment,,,growing_media_bagasse,biodegradable growing media rockwool alternative,AC_growing_media_bagasse_3627,openalex,data/raw/academic/academic_20261007T192501Z/openalex_growing_media_bagasse_biodegradable_growing_media_rockwool_alt.json.gz,2026-10-07T19:25:30Z,23.147448,growing_media_bagasse,,,E5
W2122918569,article,Successful Beit Alpha Cucumber Production in the Greenhouse Using Pine Bark as an Alternative Soilless Media,Nicole L. Shaw; Daniel J. Cantliffe; Julio Funes; Cecil Shine,2004,https://doi.org/10.21273/horttech.14.2.0289,https://doi.org/10.21273/horttech.14.2.0289,American Society for Horticultural Science,HortTechnology,journal,True,32,cucumber; pine bark; soilless growing media; perlite; hydroponics; greenhouse vegetable production; fruit yield; leachate volume,US,experiment,,,growing_media_bagasse,biodegradable growing media rockwool alternative,AC_growing_media_bagasse_3627,openalex,data/raw/academic/academic_20261007T192501Z/openalex_growing_media_bagasse_biodegradable_growing_media_rockwool_alt.json.gz,2026-10-07T19:25:30Z,23.101742,growing_media_bagasse,,,E5
W7131068484,article,Kenaf Core as an Alternative Soilless Growing Medium: A Review,Conner C. Austin; S. Brooks Parrish; David Clark; Ann C. Wilkie,2026,https://doi.org/10.3390/plants15040666,https://doi.org/10.3390/plants15040666,Multidisciplinary Digital Publishing Institute,Plants,journal,True,1,kenaf core; kenaf; soilless growing media; peat replacement; electrical conductivity; substrate pH; bulk density; porosity,US,review,,,growing_media_bagasse,biodegradable growing media rockwool alternative,AC_growing_media_bagasse_3627,openalex,data/raw/academic/academic_20261007T192501Z/openalex_growing_media_bagasse_biodegradable_growing_media_rockwool_alt.json.gz,2026-10-07T19:25:30Z,22.867233,growing_media_bagasse,,,E5
W4295706132,article,Common Media Used in Hydroponics,Morgan G. Pinkerton; Brianna Whitman; Hannah Wooten; Celina Gómez,2022,https://doi.org/10.32473/edis-ep623-2022,https://doi.org/10.32473/edis-ep623-2022,George A. Smathers Libraries,EDIS,journal,True,3,hydroponics; growing media; media culture; nutrient solution; water culture,US,unspecified,,,growing_media_bagasse,biodegradable growing media rockwool alternative,AC_growing_media_bagasse_3627,openalex,data/raw/academic/academic_20261007T192501Z/openalex_growing_media_bagasse_biodegradable_growing_media_rockwool_alt.json.gz,2026-10-07T19:25:30Z,22.375448,growing_media_bagasse,,,E5
W7220345505,article,Comparison of Conventional Hydroponic Nutrient Film Technique (NFT) and Smart System Based on Internet of Things (IoT) in the cultivation of Bok Choy (Brassica rapa L.) Variety Nauli F1.,Rosihan Husnu Maulana; Lukita Devy; Widar Dwi Gustian; Hanifah Dwiyanti; NURHADIYANTA NURHADIYANTA; Daniel Kresna,2025,,https://jurnal.idu.ac.id/index.php/munisi/article/view/20062,Indonesia Defense University,MUNISI: Military Mathematics and Natural Sciences,journal,True,0,nutrient film technique; hydroponics; Brassica chinensis; Brassica rapa; Internet of Things; smart agriculture; pH control; total dissolved solids,ID,unspecified,,,beginner_knowledge,hydroponic farming knowledge training beginners,AC_beginner_knowledge_9796,openalex,data/raw/academic/academic_20261007T192501Z/openalex_beginner_knowledge_hydroponic_farming_knowledge_training_be.json.gz,2026-10-07T19:25:08Z,22.145868,beginner_knowledge,,,E5
W2899908255,article,Application of soilless culture technologies in the modern greenhouse industry – A review,Dimitrios Savvas; Nazim S. Gruda,2018,https://doi.org/10.17660/ejhs.2018/83.5.2,https://doi.org/10.17660/ejhs.2018/83.5.2,Eugen Ulmer Verlag,European Journal of Horticultural Science,journal,True,439,hydroponics; greenhouse horticulture; growing media; rockwool; perlite; coconut fiber; nutrient film technique; aeroponics,DE; GR,experiment,,,growing_media_bagasse,biodegradable growing media rockwool alternative,AC_growing_media_bagasse_3627,openalex,data/raw/academic/academic_20261007T192501Z/openalex_growing_media_bagasse_biodegradable_growing_media_rockwool_alt.json.gz,2026-10-07T19:25:30Z,22.088396,growing_media_bagasse,,,E5
W4415234681,article,Polyurethane foam as a soilless growing media: demonstrating the importance of physical property optimisation,Harry Charles Wright; Samuel W. Wilkinson; Caleb W. Morgan; Stephen A. Rolfe; Duncan Drummond Cameron; Anthony J. Ryan,2025,https://doi.org/10.3389/fhort.2025.1646783,https://doi.org/10.3389/fhort.2025.1646783,Frontiers Media,Frontiers in Horticulture,journal,True,2,polyurethane foam; soilless growing media; hydroponics; cell size; water absorption; mineral wool; nutrient film technique; drip irrigation,GB,unspecified,,,growing_media_bagasse,biodegradable growing media rockwool alternative,AC_growing_media_bagasse_3627,openalex,data/raw/academic/academic_20261007T192501Z/openalex_growing_media_bagasse_biodegradable_growing_media_rockwool_alt.json.gz,2026-10-07T19:25:30Z,21.582817,growing_media_bagasse,,,E5
W4405083956,review,Fuzzy Methods in Smart Farming: A Systematic Review,Irawan Widi Widayat; Andi Arniaty Arsyad; Aprinaldi Jasa Mantau; Yudhi Adhitya; Mario Köppen,2024,https://doi.org/10.15388/24-infor579,https://doi.org/10.15388/24-infor579,IOS Press,Informatica,journal,True,10,fuzzy logic; smart agriculture; precision agriculture; imprecise data; agricultural decision support; research gaps,ID; JP,systematic_review|review,,,beginner_knowledge,hydroponic farming knowledge training beginners,AC_beginner_knowledge_9796,openalex,data/raw/academic/academic_20261007T192501Z/openalex_beginner_knowledge_hydroponic_farming_knowledge_training_be.json.gz,2026-10-07T19:25:08Z,20.988695,beginner_knowledge,,,E5
W3085871762,article,Combination of Multivariate Standard Addition Technique and Deep Kernel Learning Model for Determining Multi-Ion in Hydroponic Nutrient Solution,Vu Ngoc Tuan; Abdul Mateen Khattak; Hui Zhu; Wanlin Gao; Minjuan Wang,2020,https://doi.org/10.3390/s20185314,https://doi.org/10.3390/s20185314,Multidisciplinary Digital Publishing Institute,Sensors,journal,True,17,deep kernel learning; ion-selective electrodes; hydroponic nutrient solution; feature enrichment; phosphate determination; magnesium detection; nitrate; ammonium,CN; PK,unspecified,,,beginner_knowledge,hydroponic farming knowledge training beginners,AC_beginner_knowledge_9796,openalex,data/raw/academic/academic_20261007T192501Z/openalex_beginner_knowledge_hydroponic_farming_knowledge_training_be.json.gz,2026-10-07T19:25:08Z,20.953354,beginner_knowledge,,,E5
W4392238744,article,Substrate Comparison for Tomato Propagation under Different Fertigation Protocols,Milon Chowdhury; Alexandra Espinoza-Ayala; Uttara C. Samarakoon; James E. Altland; Teng Yang,2024,https://doi.org/10.3390/agriculture14030382,https://doi.org/10.3390/agriculture14030382,Multidisciplinary Digital Publishing Institute,Agriculture,journal,True,7,growing media; rockwool; pine bark; coconut fiber; peat; fertigation; overhead irrigation; subirrigation,US,experiment,,,growing_media_bagasse,biodegradable growing media rockwool alternative,AC_growing_media_bagasse_3627,openalex,data/raw/academic/academic_20261007T192501Z/openalex_growing_media_bagasse_biodegradable_growing_media_rockwool_alt.json.gz,2026-10-07T19:25:30Z,20.938517,growing_media_bagasse,,,E5
W4409658725,article,Estimation of Hydraulic Properties of Growing Media from Numerical Inversion of Mini Disk Infiltrometer Data,Hadi Hamaaziz Muhammed; Ruediger Anlauf; Diemo Daum,2025,https://doi.org/10.3390/hydrology12050100,https://doi.org/10.3390/hydrology12050100,Multidisciplinary Digital Publishing Institute,Hydrology,journal,True,3,soilless growing media; hydraulic properties; numerical inversion; HYDRUS-2D; van Genuchten model; infiltration; seedling substrate; water management,DE,experiment|modelling,,,growing_media_bagasse,biodegradable growing media rockwool alternative,AC_growing_media_bagasse_3627,openalex,data/raw/academic/academic_20261007T192501Z/openalex_growing_media_bagasse_biodegradable_growing_media_rockwool_alt.json.gz,2026-10-07T19:25:30Z,19.891077,growing_media_bagasse,,,E5
W4386096659,article,Aquaponics for Trinidad and Tobago: Advancing Sustainable Farming for Low-carbon Economy,Don Charles,2023,https://doi.org/10.47852/bonviewglce32021075,https://doi.org/10.47852/bonviewglce32021075,,Green and Low-Carbon Economy,journal,True,2,aquaponics; food imports; food security; greenhouse gas emissions; water conservation; capital cost recovery; agricultural subsidies; low-carbon agriculture,,review|modelling,,,beginner_knowledge,hydroponic farming knowledge training beginners,AC_beginner_knowledge_9796,openalex,data/raw/academic/academic_20261007T192501Z/openalex_beginner_knowledge_hydroponic_farming_knowledge_training_be.json.gz,2026-10-07T19:25:08Z,18.832472,beginner_knowledge,,,E5
W7133123152,article,Cultivating Desire: Malaysian Urban Citizens’ Perspectives on Urban Farming for a Sustainable Future,Hamed Faghiri; Zulkornain Yusop; Zainal Abidin Mohamed,2026,https://doi.org/10.22610/imbr.v18i1(j).4814,https://doi.org/10.22610/imbr.v18i1(j).4814,International Foundation for Research and Development,Information Management and Business Review,journal,True,0,urban agriculture; food security; food imports; sustainable urban development; start-up costs; space limitation; public awareness; government support,MY,case_study,50 participants,,beginner_knowledge,hydroponic farming knowledge training beginners,AC_beginner_knowledge_9796,openalex,data/raw/academic/academic_20261007T192501Z/openalex_beginner_knowledge_hydroponic_farming_knowledge_training_be.json.gz,2026-10-07T19:25:08Z,18.188896,beginner_knowledge,,,E5
W4210259576,article,Recycling Cigarette Filters as Plant Growing Substrate in Soilless System,Lorenzo Mariotti; Thais Huarancca Reyes; Maurizio Curadi; Lorenzo Guglielminetti,2022,https://doi.org/10.3390/horticulturae8020135,https://doi.org/10.3390/horticulturae8020135,Multidisciplinary Digital Publishing Institute,Horticulturae,journal,True,7,cigarette filters; cellulose acetate filters; cigarette butt recycling; rockwool; soilless substrate; ornamental plants; waste recycling; seed germination,IT,experiment,,,growing_media_bagasse,biodegradable growing media rockwool alternative,AC_growing_media_bagasse_3627,openalex,data/raw/academic/academic_20261007T192501Z/openalex_growing_media_bagasse_biodegradable_growing_media_rockwool_alt.json.gz,2026-10-07T19:25:30Z,18.143383,growing_media_bagasse,,,E5
W7216761099,article,Design and Development of IoT Based Smart Farming for Plant Disease Detection,Muhammad Adli Danial Rahmat; Suziyanti Marjudi; Raja Mohd Tariqi Raja Lope Ahmad,2022,,https://periodical.uthm.edu.my/index.php/aitcs/article/view/7462,Penerbit UTHM,Applied Information Technology And Computer Science,journal,True,0,plant disease detection; smart agriculture; Internet of Things; deep learning; plant disease classification; agricultural monitoring,MY,system_development|modelling,,,beginner_knowledge,hydroponic farming knowledge training beginners,AC_beginner_knowledge_9796,openalex,data/raw/academic/academic_20261007T192501Z/openalex_beginner_knowledge_hydroponic_farming_knowledge_training_be.json.gz,2026-10-07T19:25:08Z,18.081568,beginner_knowledge,,,E5
W7219353194,article,BIO-LINGUISTICS: PORTRAYING YOUNG FARMERS’ ACQUISITION ON ORGANIC FARMING TERMINOLOGIES,Ida Bagus Nyoman Mantra; Dewa Ayu Puspawati; Ida Ayu Made Sri Widiastuti; Nengah Dwi Handayani,2021,,https://e-journal.unmas.ac.id/index.php/IJASSD/article/view/1908,Universitas Mahasaraswati Denpasar,International Journal of Applied Science and Sustainable Development.,journal,True,0,organic farming; young farmers; vocabulary acquisition; agricultural terminology; COVID-19 impact on employment,ID,unspecified,,,beginner_knowledge,hydroponic farming knowledge training beginners,AC_beginner_knowledge_9796,openalex,data/raw/academic/academic_20261007T192501Z/openalex_beginner_knowledge_hydroponic_farming_knowledge_training_be.json.gz,2026-10-07T19:25:08Z,17.99388,beginner_knowledge,,,E5
W3160037606,article,"Effect of Re-Used Lignite and Mineral Wool Growing Mats on Plant Growth, Yield and Fruit Quality of Cucumber and Physical Parameters of Substrates in Hydroponic Cultivation",Radosław Łaźny; Małgorzata Mirgos; Jarosław L. Przybył; Jacek Stanisław Nowak; Małgorzata Kunka; Janina Gajc‐Wolska; Katarzyna Kowalczyk,2021,https://doi.org/10.3390/agronomy11050998,https://doi.org/10.3390/agronomy11050998,Multidisciplinary Digital Publishing Institute,Agronomy,journal,True,15,mineral wool; rockwool; hydroponics; cucumber; organic substrates; fruit quality; carotenoids; beta-carotene,PL,experiment,,,growing_media_bagasse,biodegradable growing media rockwool alternative,AC_growing_media_bagasse_3627,openalex,data/raw/academic/academic_20261007T192501Z/openalex_growing_media_bagasse_biodegradable_growing_media_rockwool_alt.json.gz,2026-10-07T19:25:31Z,17.864561,growing_media_bagasse,,,E5
W2593527523,article,"(303) Performance of a New, Low-cost Soil Moisture, Temperature, and Electrical Conductivity Sensor",Colin S. Campbell; Gaylon S. Campbell; Douglas R. Cobos; Brody L. Teare,2006,https://doi.org/10.21273/hortsci.41.4.1024a,https://doi.org/10.21273/hortsci.41.4.1024a,American Society for Horticultural Science,HortScience,journal,True,1,soil moisture sensors; volumetric water content; electrical conductivity; soil temperature; low-cost sensors; sensor calibration; soil salinity; rockwool,,unspecified,,,growing_media_bagasse,biodegradable growing media rockwool alternative,AC_growing_media_bagasse_3627,openalex,data/raw/academic/academic_20261007T192501Z/openalex_growing_media_bagasse_biodegradable_growing_media_rockwool_alt.json.gz,2026-10-07T19:25:31Z,17.4276,growing_media_bagasse,,,E5
W4282914331,article,Green walls with recycled filling media to treat greywater,Ana Fonseca Galvão; David Martins; Andréia Rodrigues; Maria Manso; Joana Ferreira; Cristina Matos Silva,2022,https://doi.org/10.1016/j.scitotenv.2022.156748,https://doi.org/10.1016/j.scitotenv.2022.156748,Elsevier BV,The Science of The Total Environment,journal,True,24,green walls; greywater treatment; textile fibers; coconut fiber; water reuse; circular economy; COD removal; total suspended solids removal,PT,experiment,,,growing_media_bagasse,biodegradable growing media rockwool alternative,AC_growing_media_bagasse_3627,openalex,data/raw/academic/academic_20261007T192501Z/openalex_growing_media_bagasse_biodegradable_growing_media_rockwool_alt.json.gz,2026-10-07T19:25:31Z,15.616546,growing_media_bagasse,,,E5
W4382809044,review,Towards Achieving of Long-Term Agriculture Sustainability: a Systematic Review of Asian Farmers’ Modern Technology Farming Behavioural Intention and Adoption’s Key Indicators,Sharina Shariff; Maheran Katan; Nurul Zamratul Asyikin Ahmad; Harniyati Hussin; Nor Asmat Ismail,2022,https://doi.org/10.26668/businessreview/2022.v7i6.1130,https://doi.org/10.26668/businessreview/2022.v7i6.1130,Tutor Treinamento e Desenvolvimento,International Journal of Professional Business Review,journal,True,15,agricultural technology adoption; technology acceptance; sustainable agriculture; perceived awareness; demographic factors; agricultural policy,MY,review,,,beginner_knowledge,hydroponic farming knowledge training beginners,AC_beginner_knowledge_9796,openalex,data/raw/academic/academic_20261007T192501Z/openalex_beginner_knowledge_hydroponic_farming_knowledge_training_be.json.gz,2026-10-07T19:25:08Z,14.88695,beginner_knowledge,,,E5
